{
    "model__num_leaves": 29,
    "model__max_depth": 6,
    "model__learning_rate": 0.001297519032090222,
    "model__n_estimators": 1238,
    "model__min_split_gain": 0.028419913189759206,
    "model__min_child_samples": 81,
    "model__subsample": 0.8374411341382659,
    "model__subsample_freq": 2,
    "model__colsample_bytree": 0.6694005898836738,
    "model__reg_alpha": 8.19260705101281,
    "model__reg_lambda": 5.146117517523892
}