year,month,address_gu,sub_address,prev_year_구급,prev_year_구조,prev_year_기타,prev_year_화재,prev_year_교통사고,prev_year_구급기타
2020,5,강서구,강동동,0.5227272727272727,0.20833333333333331,0.2159090909090909,0.0,0.5227272727272727,0.0
2020,5,강서구,구랑동,0.5,0.5,0.0,0.0,1.0,0.0
2020,5,강서구,녹산동,0.7083333333333333,0.16666666666666666,0.0,0.0,0.6666666666666666,0.0
2020,5,강서구,눌차동,0.75,0.0,0.25,0.0,0.0,0.5
2020,5,강서구,대저1동,0.5857142857142856,0.37857142857142856,0.09821428571428571,0.0,0.5357142857142857,0.0
2020,5,강서구,대저2동,0.8516483516483516,0.14835164835164835,0.0,0.0,0.6263736263736264,0.0
2020,5,강서구,대항동,1.0,0.0,0.0,0.0,0.0,0.0
2020,5,강서구,동선동,0.5,0.0,0.5,0.0,0.0,0.0
2020,5,강서구,명지동,0.8867033831628639,0.11329661683713611,0.0,0.0,0.45967741935483875,0.03525980911983033
2020,5,강서구,미음동,0.5,0.41666666666666663,0.08333333333333333,0.0,0.5833333333333333,0.0
2020,5,강서구,범방동,0.7333333333333334,0.26666666666666666,0.0,0.0,0.6333333333333333,0.0
2020,5,강서구,봉림동,0.375,0.625,0.0,0.0,0.875,0.0
2020,5,강서구,생곡동,0.8,0.2,0.0,0.0,0.5,0.0
2020,5,강서구,성북동,0.9285714285714286,0.0,0.0,0.0,0.5357142857142857,0.0
2020,5,강서구,송정동,0.6515151515151515,0.13257575757575757,0.23863636363636365,0.0,0.36363636363636365,0.0
2020,5,강서구,식만동,0.6666666666666666,0.3333333333333333,0.0,0.0,0.8333333333333333,0.0
2020,5,강서구,신호동,0.5727272727272728,0.06666666666666667,0.32727272727272727,0.0,0.4,0.03333333333333333
2020,5,강서구,죽동동,0.5,0.5,0.0,0.0,0.875,0.0
2020,5,강서구,죽림동,1.0,0.0,0.0,0.0,0.0,0.0
2020,5,강서구,지사동,0.4888888888888889,0.06458333333333333,0.325,0.0,0.15833333333333333,0.0
2020,5,강서구,천성동,0.5833333333333333,0.41666666666666663,0.0,0.0,0.5,0.0
2020,5,강서구,화전동,1.0,0.0,0.0,0.0,0.0,0.0
2020,5,금정구,구서동,0.7669683257918551,0.08912655971479501,0.12549019607843137,0.0,0.37344028520499106,0.08912655971479501
2020,5,금정구,금사동,0.6666666666666667,0.08333333333333333,0.0,0.0,0.6666666666666667,0.0
2020,5,금정구,금성동,0.3492063492063492,0.325,0.38095238095238093,0.0,0.0,0.0
2020,5,금정구,남산동,0.7261029411764706,0.06696428571428571,0.21323529411764708,0.0,0.16596638655462184,0.03571428571428571
2020,5,금정구,노포동,0.9375,0.0625,0.0,0.0,0.4375,0.0
2020,5,금정구,두구동,0.875,0.0625,0.0,0.0,0.3125,0.0
2020,5,금정구,부곡동,0.7889305816135084,0.03721075672295185,0.1616635397123202,0.0,0.29851537645811244,0.022727272727272728
2020,5,금정구,서동,0.9722222222222222,0.027777777777777776,0.0,0.0,0.2403846153846154,0.03125
2020,5,금정구,선동,0.8,0.2,0.0,0.0,0.16666666666666666,0.0
2020,5,금정구,오륜동,0.5,0.5,0.0,0.0,0.6666666666666666,0.0
2020,5,금정구,장전동,0.8918128654970761,0.04483430799220273,0.06335282651072124,0.0,0.34518518518518515,0.02
2020,5,금정구,청룡동,0.5892857142857143,0.4107142857142857,0.0,0.0,0.07142857142857142,0.0
2020,5,금정구,회동동,0.4318181818181818,0.0,0.4772727272727273,0.0,0.18181818181818182,0.08333333333333333
2020,5,기장군,기장읍,0.7843276515151515,0.14867424242424243,0.06178977272727273,0.0,0.4296875,0.03787878787878788
2020,5,기장군,일광읍,0.7012499999999999,0.22146739130434784,0.051250000000000004,0.02,0.41625,0.0
2020,5,기장군,장안읍,0.4891304347826087,0.3027950310559006,0.12406015037593984,0.0,0.47308488612836436,0.047619047619047616
2020,5,기장군,정관읍,0.6729323308270676,0.07095864661654136,0.21142183288409705,0.01985062893081761,0.3348214285714286,0.05952380952380952
2020,5,기장군,철마면,0.5227272727272727,0.4147727272727273,0.0,0.0,0.6234817813765182,0.0
2020,5,남구,감만동,0.5817307692307692,0.020833333333333332,0.3735632183908046,0.0,0.11839080459770115,0.03807471264367816
2020,5,남구,대연동,0.7460616438356165,0.10419520547945205,0.13920022139200222,0.0,0.38181818181818183,0.02658450704225352
2020,5,남구,문현동,0.8521505376344086,0.09784946236559139,0.0,0.0,0.39301075268817204,0.043478260869565216
2020,5,남구,용당동,0.3033088235294118,0.08680555555555555,0.47916666666666663,0.0,0.2549019607843137,0.0
2020,5,남구,용호동,0.869327731092437,0.11638655462184874,0.012195121951219513,0.0,0.3040650406504065,0.014705882352941176
2020,5,남구,우암동,0.875,0.125,0.0,0.0,0.3125,0.0
2020,5,동구,범일동,0.6976190476190476,0.03190476190476191,0.2476190476190476,0.0,0.23095238095238096,0.047619047619047616
2020,5,동구,수정동,0.640625,0.09099264705882354,0.21875,0.0,0.32097186700767266,0.03736413043478261
2020,5,동구,좌천동,0.75,0.09090909090909091,0.1590909090909091,0.0,0.25,0.06818181818181818
2020,5,동구,초량동,0.8184257602862254,0.05274725274725275,0.09660107334525939,0.0,0.2689326177698271,0.03246124031007752
2020,5,동래구,낙민동,0.9642857142857143,0.03571428571428571,0.0,0.0,0.26785714285714285,0.05555555555555555
2020,5,동래구,명륜동,0.956439393939394,0.020833333333333332,0.0,0.0,0.30614973262032086,0.0
2020,5,동래구,명장동,0.6091269841269842,0.07919254658385093,0.29960317460317465,0.0,0.2971014492753623,0.018518518518518517
2020,5,동래구,복천동,1.0,0.0,0.0,0.0,0.375,0.0
2020,5,동래구,사직동,0.7703703703703704,0.02857142857142857,0.15407407407407409,0.0,0.23544973544973544,0.0328042328042328
2020,5,동래구,수안동,0.6151960784313726,0.0,0.38480392156862747,0.0,0.3069053708439898,0.0
2020,5,동래구,안락동,0.9265873015873016,0.0,0.036375661375661374,0.0,0.4222222222222222,0.017857142857142856
2020,5,동래구,온천동,0.7668308702791462,0.11590038314176246,0.10090702947845805,0.0,0.30981703026038,0.052236652236652234
2020,5,동래구,칠산동,1.0,0.0,0.0,0.0,0.0,0.0
2020,5,부산진구,가야동,0.735966735966736,0.05197505197505198,0.21205821205821207,0.0,0.2292099792099792,0.0
2020,5,부산진구,개금동,0.9558823529411764,0.029411764705882353,0.0,0.0,0.3559577677224736,0.04487179487179487
2020,5,부산진구,당감동,0.7735042735042735,0.07179487179487179,0.16025641025641024,0.0,0.35,0.03611111111111111
2020,5,부산진구,범전동,1.0,0.0,0.0,0.0,0.5,0.0
2020,5,부산진구,범천동,0.8867521367521367,0.06691729323308271,0.054887218045112776,0.0,0.300682261208577,0.0
2020,5,부산진구,부암동,0.6194444444444445,0.09,0.27903225806451615,0.0,0.32903225806451614,0.02
2020,5,부산진구,부전동,0.9445970695970696,0.016215106732348113,0.030677655677655676,0.0,0.3153183023872679,0.020066889632107024
2020,5,부산진구,양정동,0.7154411764705882,0.04191176470588236,0.2426470588235294,0.0,0.3646551724137931,0.014705882352941176
2020,5,부산진구,연지동,1.0,0.0,0.0,0.0,0.4642857142857143,0.0
2020,5,부산진구,전포동,0.8580562659846547,0.04173290937996821,0.09191176470588236,0.0,0.5441176470588236,0.0
2020,5,부산진구,초읍동,0.8866666666666667,0.09333333333333332,0.0,0.0,0.18,0.0
2020,5,북구,구포동,0.8571428571428571,0.14285714285714285,0.0,0.0,0.28594771241830064,0.02981192476990796
2020,5,북구,금곡동,0.798582995951417,0.0826923076923077,0.12692307692307692,0.0,0.2153846153846154,0.0840080971659919
2020,5,북구,덕천동,0.6787878787878787,0.10166666666666666,0.22606060606060607,0.0,0.26616161616161615,0.01909090909090909
2020,5,북구,만덕동,0.6944444444444444,0.13555555555555554,0.2222222222222222,0.0,0.3527777777777778,0.07026143790849673
2020,5,북구,화명동,0.7861111111111111,0.054642166344294,0.14444444444444443,0.0,0.3222222222222222,0.011111111111111112
2020,5,사상구,감전동,0.7470967741935484,0.1494057724957555,0.17332123411978223,0.0,0.4568421052631579,0.0
2020,5,사상구,괘법동,0.9188311688311688,0.033482142857142856,0.022727272727272728,0.0,0.3816964285714286,0.03869047619047619
2020,5,사상구,덕포동,0.8918269230769231,0.06066176470588235,0.038461538461538464,0.0,0.3033088235294118,0.0
2020,5,사상구,모라동,0.756578947368421,0.08096590909090909,0.1846590909090909,0.0,0.2590460526315789,0.02631578947368421
2020,5,사상구,삼락동,0.6564986737400531,0.10406403940886699,0.27884615384615385,0.0,0.3994708994708994,0.017857142857142856
2020,5,사상구,엄궁동,0.8375,0.12440191387559808,0.03125,0.0,0.443859649122807,0.03125
2020,5,사상구,주례동,0.7272727272727273,0.09090909090909091,0.15151515151515152,0.0,0.4028520499108734,0.015151515151515152
2020,5,사상구,학장동,0.8020833333333333,0.13392857142857142,0.08928571428571427,0.0,0.4973544973544973,0.0
2020,5,사하구,감천동,0.6955128205128205,0.06666666666666667,0.24358974358974358,0.0,0.25520833333333337,0.0
2020,5,사하구,괴정동,0.7466830466830467,0.04078624078624078,0.18181818181818182,0.0,0.3045977011494253,0.03542319749216301
2020,5,사하구,구평동,0.7321428571428572,0.13392857142857142,0.05555555555555555,0.0,0.4365079365079365,0.0
2020,5,사하구,다대동,0.8108042635658914,0.06651162790697675,0.12220149253731344,0.0,0.21610696517412936,0.03083333333333333
2020,5,사하구,당리동,0.803030303030303,0.19696969696969696,0.022727272727272728,0.0,0.38181818181818183,0.08333333333333333
2020,5,사하구,신평동,0.5796269727403156,0.07259001161440186,0.32578397212543553,0.0,0.25290360046457605,0.05952380952380952
2020,5,사하구,장림동,0.8775388291517323,0.08838709677419354,0.021739130434782608,0.0,0.3070489844683393,0.06929510155316607
2020,5,사하구,하단동,0.745,0.10081632653061223,0.1303448275862069,0.0,0.3538775510204082,0.021120689655172414
2020,5,서구,남부민동,0.6571428571428571,0.04,0.2776470588235294,0.0,0.26285714285714284,0.09571428571428571
2020,5,서구,동대신동,0.95,0.05,0.0,0.0,0.30625,0.10263157894736842
2020,5,서구,부민동,0.25757575757575757,0.0,0.7424242424242424,0.0,0.0,0.0
2020,5,서구,부용동,1.0,0.0,0.0,0.0,0.25,0.0
2020,5,서구,서대신동,0.7875939849624061,0.13450292397660818,0.0,0.0,0.38095238095238093,0.02631578947368421
2020,5,서구,아미동,0.9545454545454546,0.0,0.0,0.0,0.1984126984126984,0.045454545454545456
2020,5,서구,암남동,0.8461538461538461,0.08846153846153847,0.06787330316742082,0.0,0.13574660633484165,0.07692307692307693
2020,5,서구,초장동,1.0,0.0,0.0,0.0,0.16666666666666666,0.0
2020,5,서구,충무동,0.9583333333333333,0.041666666666666664,0.0,0.0,0.375,0.0
2020,5,서구,토성동,0.9375,0.0,0.0625,0.0,0.32727272727272727,0.0
2020,5,수영구,광안동,0.804249547920434,0.055831826401446655,0.11482720178372352,0.0,0.320970695970696,0.053800366300366304
2020,5,수영구,남천동,0.7996794871794872,0.13942307692307693,0.04096989966555184,0.0,0.39583333333333337,0.020833333333333332
2020,5,수영구,망미동,0.7471590909090908,0.03125,0.18506493506493504,0.0,0.24573863636363635,0.034482758620689655
2020,5,수영구,민락동,0.8199074074074073,0.16759259259259257,0.0125,0.0,0.3416666666666667,0.0
2020,5,수영구,수영동,0.9615384615384616,0.0,0.0,0.0,0.23214285714285715,0.0
2020,5,연제구,거제동,0.9087213599408721,0.04878048780487805,0.04249815225424981,0.0,0.43163340724316335,0.06363636363636363
2020,5,연제구,연산동,0.6412715950180796,0.028254188559532073,0.3270138609883487,0.0051813471502590676,0.1894224196855776,0.061847127360385695
2020,5,영도구,남항동,0.9166666666666667,0.0,0.0,0.0,0.41666666666666663,0.0625
2020,5,영도구,대교동,0.8125,0.1875,0.0,0.0,0.3875,0.0
2020,5,영도구,대평동,0.875,0.125,0.0,0.0,0.125,0.0
2020,5,영도구,동삼동,0.7318181818181818,0.0919661733615222,0.1414141414141414,0.0,0.16515151515151516,0.05710594315245478
2020,5,영도구,봉래동,0.8571428571428571,0.14285714285714285,0.0,0.0,0.35714285714285715,0.10989010989010989
2020,5,영도구,신선동,0.8055555555555556,0.0,0.0,0.0,0.3055555555555555,0.05555555555555555
2020,5,영도구,영선동,0.717948717948718,0.07179487179487179,0.19230769230769232,0.0,0.28717948717948716,0.038461538461538464
2020,5,영도구,청학동,0.5634615384615385,0.07417582417582418,0.32307692307692304,0.0,0.19615384615384618,0.0
2020,5,중구,광복동,1.0,0.0,0.0,0.0,0.16666666666666666,0.0
2020,5,중구,남포동,0.9444444444444444,0.0,0.05555555555555555,0.0,0.3431372549019608,0.0
2020,5,중구,대창동,1.0,0.0,0.0,0.0,0.5,0.0
2020,5,중구,대청동,1.0,0.0,0.0,0.0,0.225,0.0
2020,5,중구,동광동,1.0,0.0,0.0,0.0,0.375,0.0
2020,5,중구,보수동,0.9444444444444444,0.0,0.0,0.0,0.41666666666666663,0.11805555555555555
2020,5,중구,부평동,0.7515151515151515,0.0,0.203030303030303,0.0,0.25757575757575757,0.0
2020,5,중구,신창동,1.0,0.0,0.0,0.0,1.0,0.0
2020,5,중구,영주동,0.95,0.0,0.0,0.0,0.4,0.0
2020,5,중구,중앙동,0.6696428571428572,0.10942760942760943,0.23737373737373738,0.0,0.35064935064935066,0.07142857142857142
2020,5,중구,창선동,1.0,0.0,0.0,0.0,0.25,0.0
2020,5,해운대구,반송동,0.8082251082251082,0.04458874458874459,0.1471861471861472,0.0,0.16950757575757575,0.03125
2020,5,해운대구,반여동,0.7285177228786252,0.1471291866028708,0.12653562653562656,0.0,0.3474395448079659,0.06713211600429644
2020,5,해운대구,석대동,0.6333333333333333,0.16666666666666666,0.0,0.0,0.7166666666666667,0.0
2020,5,해운대구,송정동,0.6,0.12894736842105264,0.3,0.0,0.20394736842105263,0.025
2020,5,해운대구,우동,0.73253367003367,0.11903759820426488,0.14842873176206509,0.0,0.2978395061728395,0.018506493506493506
2020,5,해운대구,재송동,0.8975694444444444,0.06828703703703703,0.015625,0.0,0.46153846153846156,0.018518518518518517
2020,5,해운대구,좌동,0.7590639419907712,0.07245543415756181,0.13941990771259066,0.0,0.2985365853658537,0.010638297872340425
2020,5,해운대구,중동,0.7533783783783784,0.12697072072072074,0.1647897897897898,0.0,0.2743055555555556,0.023148148148148147
2020,6,강서구,강동동,0.4102941176470588,0.1338235294117647,0.4201680672268907,0.0,0.31932773109243695,0.1
2020,6,강서구,구랑동,0.5,0.35,0.0,0.0,1.0,0.0
2020,6,강서구,녹산동,0.6333333333333333,0.2111111111111111,0.0,0.0,0.4722222222222222,0.0
2020,6,강서구,눌차동,0.0,1.0,0.0,0.0,1.0,0.0
2020,6,강서구,대저1동,0.7072368421052632,0.1530214424951267,0.06696428571428571,0.0,0.47744360902255634,0.05756578947368421
2020,6,강서구,대저2동,0.7032967032967032,0.2967032967032967,0.0,0.0,0.6556776556776557,0.0
2020,6,강서구,대항동,0.0,1.0,0.0,0.0,0.0,0.0
2020,6,강서구,동선동,0.0,0.75,0.0,0.0,0.25,0.0
2020,6,강서구,명지동,0.8396739130434783,0.13695652173913042,0.023369565217391305,0.0,0.4391304347826087,0.02557544757033248
2020,6,강서구,미음동,0.8,0.0,0.2,0.0,0.0,0.0
2020,6,강서구,범방동,0.41666666666666663,0.5833333333333333,0.0,0.0,1.0,0.0
2020,6,강서구,봉림동,0.7,0.30000000000000004,0.0,0.0,0.8125,0.0
2020,6,강서구,생곡동,0.2,0.45,0.35,0.0,0.45,0.0
2020,6,강서구,성북동,0.4642857142857143,0.4642857142857143,0.07142857142857142,0.0,0.6904761904761905,0.07142857142857142
2020,6,강서구,송정동,0.45054945054945056,0.21062271062271062,0.3382352941176471,0.0,0.4597069597069597,0.0
2020,6,강서구,식만동,1.0,0.0,0.0,0.0,0.5,0.0
2020,6,강서구,신호동,0.5888888888888888,0.08888888888888888,0.3222222222222222,0.0,0.22619047619047616,0.07142857142857142
2020,6,강서구,죽동동,1.0,0.0,0.0,0.0,1.0,0.0
2020,6,강서구,죽림동,0.16666666666666666,0.6666666666666666,0.16666666666666666,0.0,0.6666666666666666,0.0
2020,6,강서구,지사동,0.26515151515151514,0.08712121212121213,0.6477272727272727,0.0,0.17424242424242425,0.0
2020,6,강서구,천성동,0.3333333333333333,0.6666666666666666,0.0,0.0,0.6666666666666666,0.0
2020,6,강서구,화전동,0.75,0.0,0.0,0.0,0.0,0.0
2020,6,금정구,구서동,0.7840909090909092,0.10984848484848483,0.10606060606060605,0.0,0.3503787878787879,0.14962121212121213
2020,6,금정구,금사동,0.75,0.0,0.25,0.0,0.375,0.0
2020,6,금정구,금성동,0.41666666666666663,0.09375,0.3666666666666667,0.0,0.0,0.03333333333333333
2020,6,금정구,남산동,0.772875816993464,0.029411764705882353,0.17592592592592593,0.0,0.28703703703703703,0.029411764705882353
2020,6,금정구,노포동,0.725,0.275,0.0,0.0,0.5625,0.0
2020,6,금정구,두구동,1.0,0.0,0.0,0.0,0.25,0.0
2020,6,금정구,부곡동,0.7980066445182725,0.04285714285714286,0.11528239202657807,0.0,0.2538205980066445,0.04285714285714286
2020,6,금정구,서동,0.9590301003344481,0.019230769230769232,0.021739130434782608,0.0,0.3033088235294118,0.03125
2020,6,금정구,선동,1.0,0.0,0.0,0.0,0.5,0.0
2020,6,금정구,오륜동,0.4,0.55,0.0,0.0,0.65,0.0
2020,6,금정구,장전동,0.9419913419913419,0.029437229437229435,0.02857142857142857,0.0,0.3666666666666667,0.0707070707070707
2020,6,금정구,청룡동,0.7071428571428571,0.24285714285714285,0.05,0.0,0.0625,0.07142857142857142
2020,6,금정구,회동동,0.44999999999999996,0.23333333333333334,0.2,0.0,0.3153846153846154,0.0
2020,6,기장군,기장읍,0.7924390243902439,0.14183673469387756,0.09081632653061225,0.01819672131147541,0.4042383046781287,0.03260328521652563
2020,6,기장군,일광읍,0.6923076923076923,0.2175925925925926,0.07208994708994709,0.0,0.4807692307692308,0.0
2020,6,기장군,장안읍,0.54,0.24583333333333335,0.18,0.0,0.303030303030303,0.03333333333333333
2020,6,기장군,정관읍,0.7627551020408163,0.05103359173126615,0.17222222222222222,0.0,0.2591362126245847,0.1298185941043084
2020,6,기장군,철마면,0.6818181818181819,0.29292929292929293,0.0,0.0,0.4772727272727273,0.041666666666666664
2020,6,남구,감만동,0.6275862068965516,0.041666666666666664,0.3474137931034483,0.0,0.1439655172413793,0.03333333333333333
2020,6,남구,대연동,0.7854587273191924,0.07894311570782159,0.14757181942544462,0.0,0.3673651929465883,0.05022783761391881
2020,6,남구,문현동,0.8674242424242424,0.093841642228739,0.045454545454545456,0.0,0.3446969696969697,0.04740957966764418
2020,6,남구,용당동,0.5272727272727272,0.0787878787878788,0.3939393939393939,0.0,0.25757575757575757,0.0
2020,6,남구,용호동,0.8947368421052632,0.07456140350877193,0.03070175438596491,0.0,0.21077694235588973,0.07142857142857142
2020,6,남구,우암동,0.9285714285714286,0.07142857142857142,0.0,0.0,0.16025641025641024,0.07142857142857142
2020,6,동구,범일동,0.6310307017543859,0.04714912280701754,0.32182017543859653,0.0,0.21022727272727273,0.03125
2020,6,동구,수정동,0.60625,0.0,0.39375,0.0,0.178125,0.05
2020,6,동구,좌천동,0.6836363636363636,0.16233766233766234,0.12545454545454546,0.0,0.21904761904761905,0.08777777777777777
2020,6,동구,초량동,0.8017510944340213,0.034559643255295425,0.11225766103814884,0.0,0.33285479901558657,0.0621260929590428
2020,6,동래구,낙민동,0.8944444444444444,0.05,0.0,0.0,0.2777777777777778,0.05555555555555555
2020,6,동래구,명륜동,0.9251336898395721,0.022727272727272728,0.022727272727272728,0.0,0.2540106951871658,0.07272727272727272
2020,6,동래구,명장동,0.6552287581699346,0.05718954248366013,0.2875816993464052,0.0,0.18082788671023964,0.16666666666666666
2020,6,동래구,복천동,1.0,0.0,0.0,0.0,0.2833333333333333,0.1
2020,6,동래구,사직동,0.7970588235294118,0.03286637931034483,0.15924369747899159,0.0,0.28348214285714285,0.06411637931034483
2020,6,동래구,수안동,0.5390199637023594,0.0,0.4609800362976406,0.0,0.15894736842105261,0.02631578947368421
2020,6,동래구,안락동,0.9268092105263157,0.07319078947368421,0.0,0.0,0.382032667876588,0.08823529411764706
2020,6,동래구,온천동,0.8077469793887704,0.038261075574508405,0.1526984126984127,0.0,0.26771074206432627,0.03651741293532338
2020,6,동래구,칠산동,1.0,0.0,0.0,0.0,0.16666666666666666,0.0
2020,6,부산진구,가야동,0.7083333333333333,0.016666666666666666,0.2570754716981132,0.0,0.275,0.027291105121293797
2020,6,부산진구,개금동,0.8984962406015038,0.07417582417582418,0.013513513513513514,0.0,0.3317669172932331,0.05631868131868132
2020,6,부산진구,당감동,0.7236363636363636,0.0919661733615222,0.17230443974630022,0.0,0.26465116279069767,0.08
2020,6,부산진구,범전동,1.0,0.0,0.0,0.0,0.45,0.0
2020,6,부산진구,범천동,0.8313492063492063,0.06578947368421052,0.09210526315789473,0.0,0.32894736842105265,0.04172932330827067
2020,6,부산진구,부암동,0.6833333333333333,0.07037037037037036,0.23333333333333334,0.0,0.30332056194125157,0.035759897828863345
2020,6,부산진구,부전동,0.9575280898876404,0.021235955056179777,0.021235955056179777,0.0,0.38230769230769235,0.01460697772173182
2020,6,부산진구,양정동,0.6516544117647058,0.044763513513513514,0.27297794117647056,0.0,0.3501838235294118,0.0718954248366013
2020,6,부산진구,연지동,0.9666666666666667,0.03333333333333333,0.0,0.0,0.4222222222222222,0.03125
2020,6,부산진구,전포동,0.7481343283582089,0.04027777777777777,0.20205223880597015,0.0,0.396085609687412,0.05966981132075472
2020,6,부산진구,초읍동,0.7840909090909092,0.17045454545454547,0.0,0.0,0.20460358056265984,0.045454545454545456
2020,6,북구,구포동,0.849444958371878,0.08948194662480377,0.04125054277029961,0.0,0.3369309262166405,0.09065934065934066
2020,6,북구,금곡동,0.8019323671497585,0.034559643255295425,0.12077294685990338,0.0,0.22799575821845175,0.06911928651059085
2020,6,북구,덕천동,0.8027777777777778,0.05,0.14722222222222223,0.0,0.3094017094017094,0.03311965811965812
2020,6,북구,만덕동,0.8352898019075568,0.06639765223771094,0.0983125458547322,0.0,0.33096590909090906,0.12984913793103448
2020,6,북구,화명동,0.7795138888888888,0.08072916666666666,0.11631944444444445,0.0,0.290625,0.013888888888888888
2020,6,사상구,감전동,0.7203703703703703,0.0967741935483871,0.2078853046594982,0.0,0.48467741935483877,0.018518518518518517
2020,6,사상구,괘법동,0.9544513457556936,0.023809523809523808,0.033367037411526794,0.0,0.2353266888150609,0.03488372093023256
2020,6,사상구,덕포동,0.9083333333333333,0.03333333333333333,0.05,0.0,0.4642857142857143,0.03571428571428571
2020,6,사상구,모라동,0.7417582417582418,0.07417582417582418,0.158004158004158,0.0,0.2967032967032967,0.1387733887733888
2020,6,사상구,삼락동,0.4913793103448276,0.16954022988505746,0.3509852216748769,0.0,0.446360153256705,0.05357142857142857
2020,6,사상구,엄궁동,0.8759590792838874,0.11209239130434782,0.0,0.0,0.31709558823529416,0.029411764705882353
2020,6,사상구,주례동,0.7884436160298229,0.07463144963144963,0.11302211302211303,0.0,0.2767940354147251,0.11182266009852217
2020,6,사상구,학장동,0.6388888888888888,0.06335282651072124,0.21534391534391534,0.0,0.32456140350877194,0.07115009746588694
2020,6,사하구,감천동,0.7196209587513935,0.06346153846153846,0.24191750278706803,0.0,0.17459239130434784,0.2112771739130435
2020,6,사하구,괴정동,0.7476718403547672,0.056818181818181816,0.19545454545454544,0.0,0.21818181818181817,0.09340354767184035
2020,6,사하구,구평동,0.8776223776223776,0.08391608391608392,0.0,0.0,0.4010989010989011,0.07142857142857142
2020,6,사하구,다대동,0.7967194570135747,0.08101472995090017,0.09639934533551556,0.0,0.20995475113122172,0.09866220735785954
2020,6,사하구,당리동,0.9181286549707601,0.02631578947368421,0.020833333333333332,0.0,0.36602870813397126,0.24880382775119617
2020,6,사하구,신평동,0.6863636363636363,0.048484848484848485,0.27121212121212124,0.0,0.30645933014354065,0.03588516746411483
2020,6,사하구,장림동,0.8993939393939394,0.07846153846153847,0.015151515151515152,0.0,0.3787878787878788,0.08545454545454545
2020,6,사하구,하단동,0.7817460317460317,0.12573099415204678,0.09126984126984126,0.0,0.36900584795321634,0.008771929824561403
2020,6,서구,남부민동,0.6475155279503106,0.09109730848861283,0.27329192546583847,0.0,0.08333333333333333,0.1391941391941392
2020,6,서구,동대신동,0.8833333333333333,0.06666666666666667,0.0,0.0,0.2571428571428571,0.16458333333333333
2020,6,서구,부민동,0.38095238095238093,0.0,0.6190476190476191,0.0,0.0,0.0
2020,6,서구,부용동,1.0,0.0,0.0,0.0,0.0,0.0
2020,6,서구,서대신동,0.8745098039215686,0.09215686274509804,0.05714285714285714,0.0,0.2761904761904762,0.09226190476190475
2020,6,서구,아미동,0.9,0.0,0.05,0.0,0.26785714285714285,0.05
2020,6,서구,암남동,0.791304347826087,0.16387959866220736,0.021739130434782608,0.0,0.37884615384615383,0.0
2020,6,서구,초장동,1.0,0.0,0.0,0.0,0.08333333333333333,0.0
2020,6,서구,충무동,0.9,0.07142857142857142,0.0,0.0,0.17142857142857143,0.0
2020,6,서구,토성동,0.875,0.0,0.0,0.0,0.29166666666666663,0.125
2020,6,수영구,광안동,0.7601438109912686,0.06132756132756133,0.1859270672829995,0.0,0.27358329053244307,0.03361344537815126
2020,6,수영구,남천동,0.8517156862745098,0.06904761904761905,0.05024509803921569,0.0,0.37857142857142856,0.020833333333333332
2020,6,수영구,망미동,0.7506720430107527,0.09005376344086022,0.16319444444444445,0.0,0.3118279569892473,0.07862903225806452
2020,6,수영구,민락동,0.9219600725952812,0.0,0.02631578947368421,0.0,0.23026315789473684,0.02631578947368421
2020,6,수영구,수영동,0.9444444444444444,0.0,0.0,0.0,0.2777777777777778,0.027777777777777776
2020,6,연제구,거제동,0.9186813186813187,0.027106227106227107,0.04079254079254079,0.0,0.33847913093196114,0.155011655011655
2020,6,연제구,연산동,0.604933110367893,0.0173421926910299,0.35200668896321075,0.0,0.1971978021978022,0.030560524746571255
2020,6,영도구,남항동,0.95,0.05,0.0,0.0,0.30952380952380953,0.0625
2020,6,영도구,대교동,1.0,0.0,0.0,0.0,0.16666666666666666,0.125
2020,6,영도구,대평동,1.0,0.0,0.0,0.0,0.5,0.0
2020,6,영도구,동삼동,0.7942942942942943,0.11805555555555555,0.07638888888888888,0.0,0.2048611111111111,0.0921921921921922
2020,6,영도구,봉래동,0.9545454545454546,0.0,0.045454545454545456,0.0,0.2863636363636364,0.08712121212121213
2020,6,영도구,신선동,0.8990384615384616,0.0,0.10096153846153846,0.0,0.0,0.11538461538461539
2020,6,영도구,영선동,0.7283653846153846,0.03125,0.20192307692307693,0.0,0.3245192307692308,0.0625
2020,6,영도구,청학동,0.7171052631578947,0.07115009746588694,0.23026315789473684,0.0,0.275,0.0
2020,6,중구,광복동,1.0,0.0,0.0,0.0,0.0,0.0
2020,6,중구,남포동,0.8948717948717949,0.10512820512820513,0.0,0.0,0.4423076923076923,0.0
2020,6,중구,대창동,1.0,0.0,0.0,0.0,0.3333333333333333,0.0
2020,6,중구,대청동,0.7708333333333333,0.0,0.14583333333333331,0.0,0.5,0.0
2020,6,중구,동광동,0.9,0.0,0.0,0.0,0.1,0.0
2020,6,중구,보수동,0.8571428571428572,0.0,0.0,0.0,0.125,0.0
2020,6,중구,부평동,0.7403846153846154,0.022727272727272728,0.20738636363636365,0.0,0.10984848484848483,0.0
2020,6,중구,신창동,1.0,0.0,0.0,0.0,0.0,0.0
2020,6,중구,영주동,0.95,0.05,0.0,0.0,0.35,0.2
2020,6,중구,중앙동,0.6092436974789917,0.08823529411764705,0.29411764705882354,0.0,0.29411764705882354,0.0
2020,6,중구,창선동,1.0,0.0,0.0,0.0,0.0,0.0
2020,6,해운대구,반송동,0.7573529411764706,0.02922077922077922,0.1525974025974026,0.0,0.1408668730650155,0.12151702786377708
2020,6,해운대구,반여동,0.7765957446808511,0.07446808510638298,0.15665986592830078,0.0,0.2504835589941973,0.07736943907156674
2020,6,해운대구,석대동,0.5357142857142857,0.39285714285714285,0.05,0.0,0.95,0.0
2020,6,해운대구,송정동,0.5167464114832536,0.16818181818181818,0.23421052631578948,0.0,0.21889952153110048,0.0
2020,6,해운대구,우동,0.6996086105675147,0.14677103718199608,0.15362035225048923,0.0,0.2990080302314596,0.048181388757675955
2020,6,해운대구,재송동,0.871875,0.10096153846153846,0.03229166666666666,0.0,0.40512820512820513,0.08258928571428571
2020,6,해운대구,좌동,0.7725146198830409,0.04649122807017544,0.18301435406698563,0.0,0.2590909090909091,0.024269005847953218
2020,6,해운대구,중동,0.6990740740740741,0.1499211977935382,0.21392276422764228,0.0,0.23226950354609927,0.019675925925925923
2020,7,강서구,강동동,0.43167701863354035,0.32298136645962733,0.17142857142857143,0.0,0.41428571428571426,0.03333333333333333
2020,7,강서구,구랑동,0.6857142857142857,0.24285714285714285,0.0,0.0,0.6071428571428572,0.0
2020,7,강서구,녹산동,0.3333333333333333,0.3333333333333333,0.16666666666666666,0.0,0.6666666666666666,0.0
2020,7,강서구,눌차동,0.0,1.0,0.0,0.0,0.0,0.0
2020,7,강서구,대저1동,0.6372997711670481,0.21395881006864986,0.14874141876430205,0.0,0.3753869969040248,0.07289002557544758
2020,7,강서구,대저2동,0.6691176470588236,0.33088235294117646,0.0,0.0,0.7418300653594772,0.0
2020,7,강서구,대항동,0.0,1.0,0.0,0.0,0.0,0.0
2020,7,강서구,동선동,0.5,0.5,0.0,0.0,0.0,0.0
2020,7,강서구,명지동,0.8443675889328064,0.1406030855539972,0.0,0.0,0.542486231313926,0.04711751662971175
2020,7,강서구,미음동,0.75,0.25,0.0,0.0,0.5,0.0
2020,7,강서구,범방동,0.5,0.5,0.0,0.0,0.9375,0.0
2020,7,강서구,봉림동,0.5833333333333333,0.41666666666666663,0.0,0.0,0.5833333333333333,0.0
2020,7,강서구,생곡동,0.5833333333333333,0.16666666666666666,0.0,0.0,0.75,0.0
2020,7,강서구,성북동,0.45,0.4666666666666667,0.0,0.0,0.8333333333333333,0.0
2020,7,강서구,송정동,0.43167701863354035,0.2704347826086957,0.2921739130434783,0.0,0.3739130434782609,0.0
2020,7,강서구,식만동,1.0,0.0,0.0,0.0,0.0,0.0
2020,7,강서구,신호동,0.5198412698412699,0.17914438502673796,0.28968253968253965,0.0,0.26050420168067223,0.0
2020,7,강서구,죽동동,1.0,0.0,0.0,0.0,0.0,0.0
2020,7,강서구,죽림동,0.5,0.5,0.0,0.0,0.0,0.0
2020,7,강서구,지사동,0.3431372549019608,0.058823529411764705,0.4869281045751634,0.0,0.1437908496732026,0.0
2020,7,강서구,천성동,0.5,0.5,0.0,0.0,0.25,0.0
2020,7,강서구,화전동,0.75,0.0,0.0,0.0,0.25,0.0
2020,7,금정구,구서동,0.7551975051975053,0.11818181818181818,0.11174636174636175,0.0,0.3548951048951049,0.12045454545454545
2020,7,금정구,금사동,0.6488095238095238,0.19642857142857142,0.07142857142857142,0.0,0.38095238095238093,0.041666666666666664
2020,7,금정구,금성동,0.35,0.17261904761904762,0.4,0.0,0.0,0.0
2020,7,금정구,남산동,0.7154882154882155,0.09808612440191387,0.18783068783068782,0.0,0.2744360902255639,0.023809523809523808
2020,7,금정구,노포동,0.5,0.5,0.0,0.0,0.8,0.0
2020,7,금정구,두구동,0.6833333333333333,0.21666666666666667,0.0,0.0,0.6857142857142857,0.0
2020,7,금정구,부곡동,0.7330409356725146,0.13100686498855835,0.1366396761133603,0.0,0.3633603238866397,0.05892448512585812
2020,7,금정구,서동,0.8128654970760234,0.11868686868686869,0.054093567251461985,0.0,0.23268398268398266,0.07393483709273183
2020,7,금정구,선동,0.6666666666666666,0.3333333333333333,0.0,0.0,0.5,0.0
2020,7,금정구,오륜동,0.4027777777777778,0.5972222222222222,0.0,0.0,0.5,0.0
2020,7,금정구,장전동,0.8074074074074074,0.1388888888888889,0.0339080459770115,0.0,0.22777777777777777,0.1867816091954023
2020,7,금정구,청룡동,0.5777777777777777,0.3555555555555555,0.06666666666666667,0.0,0.17094017094017094,0.03333333333333333
2020,7,금정구,회동동,0.2738095238095238,0.2833333333333333,0.25,0.0,0.3666666666666667,0.0
2020,7,기장군,기장읍,0.6962121212121213,0.21893939393939393,0.054372842347525895,0.0,0.38181818181818183,0.05454545454545455
2020,7,기장군,일광읍,0.45534665099882493,0.48145780051150894,0.0625,0.0,0.2840653153153153,0.05643879173290938
2020,7,기장군,장안읍,0.47795376712328763,0.4008989726027397,0.18229166666666669,0.00684931506849315,0.38541666666666663,0.0625
2020,7,기장군,정관읍,0.7116745283018868,0.06845238095238095,0.19005503144654087,0.0,0.2570754716981132,0.08482142857142858
2020,7,기장군,철마면,0.6547619047619048,0.26785714285714285,0.03571428571428571,0.0,0.4642857142857143,0.0
2020,7,남구,감만동,0.4801587301587301,0.19047619047619047,0.21825396825396826,0.0,0.23636363636363636,0.016666666666666666
2020,7,남구,대연동,0.6936647955092221,0.14645431521527372,0.13843360029800708,0.0,0.34683239775461105,0.06937977276960328
2020,7,남구,문현동,0.8557611438183348,0.10094850948509485,0.024594320486815417,0.0,0.340201850294365,0.08333333333333333
2020,7,남구,용당동,0.5555555555555556,0.09586056644880174,0.4074074074074074,0.0,0.17320261437908496,0.1388888888888889
2020,7,남구,용호동,0.7848901098901099,0.13873626373626374,0.0532015065913371,0.0,0.23076923076923078,0.0478021978021978
2020,7,남구,우암동,0.7321428571428572,0.22619047619047616,0.041666666666666664,0.0,0.2909090909090909,0.09166666666666667
2020,7,동구,범일동,0.5131670131670132,0.2198340874811463,0.19623915139826423,0.0,0.1987281399046105,0.07044749667700488
2020,7,동구,수정동,0.6239495798319328,0.15062111801242234,0.21583850931677018,0.0,0.1969309462915601,0.017857142857142856
2020,7,동구,좌천동,0.6963824289405685,0.18434343434343436,0.046511627906976744,0.0,0.26495726495726496,0.07323232323232323
2020,7,동구,초량동,0.7881241565452092,0.1214574898785425,0.0904183535762483,0.0,0.2457578372159908,0.08232118758434548
2020,7,동래구,낙민동,0.8333333333333333,0.05555555555555555,0.05555555555555555,0.0,0.2625,0.1625
2020,7,동래구,명륜동,0.849624060150376,0.029411764705882353,0.07142857142857142,0.0,0.32205882352941173,0.16764705882352943
2020,7,동래구,명장동,0.575,0.11846153846153847,0.3138461538461539,0.0,0.235,0.0
2020,7,동래구,복천동,0.75,0.0,0.0,0.0,0.0,0.0
2020,7,동래구,사직동,0.7254641909814323,0.09018567639257294,0.1955535390199637,0.0,0.28978779840848806,0.07894736842105263
2020,7,동래구,수안동,0.575187969924812,0.07393483709273183,0.3508771929824561,0.0,0.2232142857142857,0.023809523809523808
2020,7,동래구,안락동,0.8138888888888889,0.12747631352282515,0.03042328042328042,0.0,0.2796296296296296,0.08703703703703704
2020,7,동래구,온천동,0.791044776119403,0.07970149253731343,0.13432835820895522,0.0,0.27432835820895524,0.09492537313432836
2020,7,동래구,칠산동,1.0,0.0,0.0,0.0,0.125,0.0
2020,7,부산진구,가야동,0.7638888888888888,0.03125,0.16666666666666669,0.0,0.3205128205128205,0.04700854700854701
2020,7,부산진구,개금동,0.8376623376623377,0.13203463203463203,0.055303030303030305,0.0,0.2833333333333333,0.08831168831168831
2020,7,부산진구,당감동,0.7052139037433156,0.09520123839009287,0.19659442724458204,0.0,0.2800802139037433,0.04327731092436975
2020,7,부산진구,범전동,0.9375,0.0,0.0,0.0,0.41666666666666663,0.15476190476190477
2020,7,부산진구,범천동,0.8194614443084456,0.15575275397796817,0.021061869240895127,0.0,0.2846511627906977,0.10067319461444307
2020,7,부산진구,부암동,0.587012987012987,0.14054336468129572,0.2558275058275058,0.0,0.20606060606060606,0.0478021978021978
2020,7,부산진구,부전동,0.9078657865786579,0.06538778877887788,0.023427960927960928,0.0,0.28587748884778585,0.019383394383394384
2020,7,부산진구,양정동,0.6814671814671815,0.09413067552602436,0.25900900900900903,0.0,0.2915057915057915,0.10603543743078626
2020,7,부산진구,연지동,0.916083916083916,0.08391608391608392,0.0,0.0,0.2928571428571428,0.07692307692307693
2020,7,부산진구,전포동,0.7444219066937119,0.0907707910750507,0.1498397435897436,0.0,0.2789046653144016,0.10380747126436782
2020,7,부산진구,초읍동,0.7638888888888888,0.2361111111111111,0.0,0.0,0.1875,0.06458333333333333
2020,7,북구,구포동,0.8352272727272727,0.11914519906323184,0.04159519725557462,0.0,0.3066318926974665,0.06928549334982988
2020,7,북구,금곡동,0.7702439024390244,0.035625000000000004,0.19330565646081993,0.0,0.20705760249091854,0.1497560975609756
2020,7,북구,덕천동,0.6940045248868778,0.10552115583075336,0.22341628959276016,0.0,0.25232198142414863,0.04695562435500516
2020,7,북구,만덕동,0.7003875968992248,0.11821705426356588,0.17663344407530454,0.0,0.2761904761904762,0.09357696566998892
2020,7,북구,화명동,0.7419418238993711,0.12952380952380954,0.12952380952380954,0.0,0.25150943396226416,0.10660377358490566
2020,7,사상구,감전동,0.7376893939393939,0.12701612903225806,0.14638157894736842,0.0,0.30729166666666663,0.04194078947368421
2020,7,사상구,괘법동,0.9180602006688963,0.06477732793522267,0.0,0.0,0.3146453089244851,0.05131578947368421
2020,7,사상구,덕포동,0.9259259259259259,0.05555555555555555,0.018518518518518517,0.0,0.37727272727272726,0.04976851851851852
2020,7,사상구,모라동,0.7604651162790698,0.046511627906976744,0.1877076411960133,0.0,0.2674418604651163,0.04916943521594684
2020,7,사상구,삼락동,0.34271099744245526,0.15362318840579708,0.45268542199488493,0.0,0.2803921568627451,0.021739130434782608
2020,7,사상구,엄궁동,0.7738095238095238,0.19047619047619047,0.03571428571428571,0.0,0.25,0.02631578947368421
2020,7,사상구,주례동,0.7273391812865497,0.12280701754385964,0.10923535253227408,0.0,0.3548218029350105,0.0714995034756703
2020,7,사상구,학장동,0.787828947368421,0.11513157894736842,0.09703947368421052,0.0,0.4111842105263158,0.03588516746411483
2020,7,사하구,감천동,0.7113095238095238,0.15476190476190477,0.13392857142857142,0.0,0.25,0.07616487455197132
2020,7,사하구,괴정동,0.7025862068965517,0.10491562729273661,0.17494089834515364,0.0,0.2456896551724138,0.07168458781362007
2020,7,사하구,구평동,0.5333333333333333,0.41428571428571426,0.0,0.0,0.17619047619047618,0.03333333333333333
2020,7,사하구,다대동,0.7390724057390724,0.19556080903598633,0.057891224557891224,0.0,0.19451011294982926,0.06581581581581582
2020,7,사하구,당리동,0.8535714285714285,0.11521739130434783,0.04772727272727273,0.0,0.3522727272727273,0.11521739130434783
2020,7,사하구,신평동,0.6405529953917051,0.08910629296668429,0.2576036866359447,0.0,0.2800936768149883,0.0304147465437788
2020,7,사하구,장림동,0.7070707070707071,0.19013409961685823,0.06439393939393939,0.0,0.24233716475095785,0.034482758620689655
2020,7,사하구,하단동,0.7422233554309026,0.1534181240063593,0.11601223865374809,0.0,0.387302396736359,0.06350267379679145
2020,7,서구,남부민동,0.6234817813765182,0.15037593984962405,0.20526315789473684,0.0,0.15037593984962405,0.07894736842105263
2020,7,서구,동대신동,0.7706766917293233,0.21428571428571427,0.023809523809523808,0.0,0.15037593984962405,0.12406015037593984
2020,7,서구,부민동,0.3666666666666667,0.0,0.6,0.0,0.075,0.10833333333333334
2020,7,서구,부용동,0.8333333333333334,0.0,0.0,0.0,0.0,0.0
2020,7,서구,서대신동,0.6943734015345269,0.27621483375959077,0.0,0.0,0.1855072463768116,0.05718954248366013
2020,7,서구,아미동,1.0,0.0,0.0,0.0,0.26666666666666666,0.1
2020,7,서구,암남동,0.7285012285012284,0.23525798525798525,0.013513513513513514,0.0,0.22174447174447176,0.01282051282051282
2020,7,서구,초장동,0.875,0.125,0.0,0.0,0.25,0.0
2020,7,서구,충무동,0.7916666666666667,0.20833333333333331,0.0,0.0,0.25757575757575757,0.0
2020,7,서구,토성동,0.9285714285714286,0.0,0.0,0.0,0.14285714285714285,0.0
2020,7,수영구,광안동,0.6100991702084598,0.2855482933914306,0.090559186637618,0.0,0.26285164946367134,0.09259259259259259
2020,7,수영구,남천동,0.7962962962962963,0.18518518518518517,0.0328042328042328,0.0,0.4267676767676768,0.0656084656084656
2020,7,수영구,망미동,0.632538569424965,0.18450390189520624,0.15496098104793757,0.0,0.2812061711079944,0.06911928651059085
2020,7,수영구,민락동,0.835576923076923,0.14519230769230768,0.019230769230769232,0.0,0.25,0.054945054945054944
2020,7,수영구,수영동,0.8380952380952381,0.12857142857142856,0.0,0.0,0.28174603174603174,0.06666666666666667
2020,7,연제구,거제동,0.921875,0.065625,0.024127906976744187,0.0,0.34208776595744683,0.07878989361702127
2020,7,연제구,연산동,0.5733739026336792,0.06412770236299647,0.2811918063314711,0.0,0.18093157618297284,0.10637973137973139
2020,7,영도구,남항동,0.7636363636363637,0.19090909090909092,0.0,0.0,0.26666666666666666,0.0
2020,7,영도구,대교동,0.9444444444444444,0.05555555555555555,0.0,0.0,0.19444444444444442,0.0
2020,7,영도구,대평동,1.0,0.0,0.0,0.0,0.25,0.0
2020,7,영도구,동삼동,0.5304878048780488,0.2767762460233298,0.2028985507246377,0.0,0.10347826086956521,0.04777777777777778
2020,7,영도구,봉래동,0.7386363636363636,0.2159090909090909,0.09090909090909091,0.0,0.36363636363636365,0.0
2020,7,영도구,신선동,0.65,0.35,0.0,0.0,0.18333333333333335,0.08333333333333333
2020,7,영도구,영선동,0.5285087719298246,0.16228070175438597,0.30147058823529416,0.0,0.25,0.05572755417956656
2020,7,영도구,청학동,0.582010582010582,0.1984126984126984,0.11904761904761904,0.0,0.164021164021164,0.014285714285714285
2020,7,중구,광복동,0.25,0.75,0.0,0.0,0.0,0.0
2020,7,중구,남포동,0.8406862745098038,0.15931372549019607,0.0,0.0,0.20833333333333331,0.0
2020,7,중구,대창동,0.75,0.25,0.0,0.0,0.25,0.75
2020,7,중구,대청동,0.8333333333333333,0.0,0.0,0.0,0.16666666666666666,0.16666666666666666
2020,7,중구,동광동,1.0,0.0,0.0,0.0,0.1,0.1
2020,7,중구,보수동,0.6696428571428572,0.13392857142857142,0.11309523809523808,0.0,0.3246753246753247,0.0
2020,7,중구,부평동,0.6287593984962406,0.16491228070175437,0.17894736842105263,0.0,0.17333333333333334,0.02631578947368421
2020,7,중구,신창동,0.5,0.25,0.125,0.0,0.125,0.0
2020,7,중구,영주동,0.8814102564102564,0.11858974358974358,0.0,0.0,0.2264957264957265,0.038461538461538464
2020,7,중구,중앙동,0.6886363636363637,0.11346153846153846,0.2,0.0,0.35384615384615387,0.025
2020,7,중구,창선동,1.0,0.0,0.0,0.0,0.5,0.0
2020,7,해운대구,반송동,0.6152597402597402,0.14805194805194805,0.18419661733615222,0.0,0.11396103896103896,0.1198051948051948
2020,7,해운대구,반여동,0.6938844086021505,0.08904569892473119,0.21054964539007093,0.0,0.17907801418439717,0.06338652482269504
2020,7,해운대구,석대동,0.5892857142857143,0.4107142857142857,0.0,0.0,0.45238095238095233,0.0
2020,7,해운대구,송정동,0.33766233766233766,0.3495670995670996,0.31277056277056275,0.0,0.11904761904761904,0.019736842105263157
2020,7,해운대구,우동,0.5923582995951417,0.22545546558704455,0.1584448160535117,0.0,0.2628205128205128,0.06751672240802675
2020,7,해운대구,재송동,0.7846153846153847,0.21250000000000002,0.0125,0.0,0.36547619047619045,0.10512820512820513
2020,7,해운대구,좌동,0.6830143540669856,0.09190590111642744,0.19751082251082253,0.0,0.30043859649122806,0.07272727272727272
2020,7,해운대구,중동,0.4722222222222222,0.3762626262626263,0.10263157894736841,0.0,0.1797979797979798,0.025757575757575757
2020,8,강서구,강동동,0.43028846153846156,0.2330316742081448,0.2668269230769231,0.0,0.4331550802139037,0.029411764705882353
2020,8,강서구,구랑동,0.25,0.75,0.0,0.0,1.0,0.0
2020,8,강서구,녹산동,0.6000000000000001,0.4,0.0,0.0,0.5333333333333333,0.0
2020,8,강서구,눌차동,0.3333333333333333,0.3333333333333333,0.25,0.0,0.0,0.0
2020,8,강서구,대저1동,0.5566448801742919,0.3170498084291188,0.13657407407407407,0.0,0.4389978213507625,0.04976851851851852
2020,8,강서구,대저2동,0.6853546910755148,0.2665903890160183,0.04805491990846682,0.0,0.4754558204768583,0.016129032258064516
2020,8,강서구,대항동,0.0625,0.375,0.1625,0.0,0.0,0.0
2020,8,강서구,동선동,0.5,0.25,0.0,0.0,0.0,0.0
2020,8,강서구,명지동,0.7681737588652482,0.17907801418439717,0.0440891472868217,0.0,0.36096014492753625,0.13785460992907803
2020,8,강서구,미음동,0.6666666666666666,0.3333333333333333,0.0,0.0,0.6666666666666666,0.0
2020,8,강서구,범방동,0.45,0.5,0.0,0.0,0.7083333333333333,0.0
2020,8,강서구,봉림동,0.5,0.1111111111111111,0.16666666666666666,0.0,0.41666666666666663,0.0
2020,8,강서구,생곡동,0.75,0.25,0.0,0.0,0.5,0.0
2020,8,강서구,성북동,0.45238095238095233,0.47619047619047616,0.07142857142857142,0.0,0.4666666666666667,0.0
2020,8,강서구,송정동,0.3371794871794872,0.29166666666666663,0.36428571428571427,0.0,0.30000000000000004,0.0
2020,8,강서구,식만동,1.0,0.0,0.0,0.0,0.75,0.0
2020,8,강서구,신호동,0.625,0.08888888888888888,0.29404761904761906,0.0,0.26666666666666666,0.10833333333333334
2020,8,강서구,죽동동,1.0,0.0,0.0,0.0,0.5,0.0
2020,8,강서구,죽림동,0.8333333333333333,0.16666666666666666,0.0,0.0,0.8333333333333333,0.0
2020,8,강서구,지사동,0.5357142857142857,0.05555555555555555,0.42857142857142855,0.0,0.05555555555555555,0.027777777777777776
2020,8,강서구,천성동,0.75,0.25,0.0,0.0,0.41666666666666663,0.0
2020,8,강서구,화전동,0.75,0.25,0.0,0.0,0.5,0.0
2020,8,금정구,구서동,0.6592261904761905,0.1498917748917749,0.18614718614718614,0.0,0.23011363636363635,0.17992424242424243
2020,8,금정구,금사동,0.8214285714285714,0.07142857142857142,0.10714285714285714,0.0,0.1984126984126984,0.17857142857142855
2020,8,금정구,금성동,0.1125,0.225,0.6625,0.0,0.0,0.0
2020,8,금정구,남산동,0.7638888888888888,0.08225806451612903,0.14784946236559138,0.0,0.18333333333333335,0.1774193548387097
2020,8,금정구,노포동,0.45,0.55,0.0,0.0,0.7333333333333334,0.0
2020,8,금정구,두구동,0.8166666666666667,0.1,0.0,0.0,0.25,0.08333333333333333
2020,8,금정구,부곡동,0.6096230158730158,0.09970238095238096,0.2603174603174603,0.0,0.2665642076502732,0.050099206349206345
2020,8,금정구,서동,0.7958937198067633,0.10869565217391304,0.06226053639846743,0.0,0.24233716475095785,0.17391304347826086
2020,8,금정구,선동,1.0,0.0,0.0,0.0,0.5,0.0
2020,8,금정구,오륜동,0.41666666666666663,0.5833333333333333,0.0,0.0,0.8571428571428572,0.0
2020,8,금정구,장전동,0.8571428571428571,0.12857142857142856,0.014285714285714285,0.0,0.2733082706766917,0.1075187969924812
2020,8,금정구,청룡동,0.8875,0.1125,0.0,0.0,0.18333333333333335,0.15476190476190477
2020,8,금정구,회동동,0.7692307692307692,0.07692307692307693,0.15384615384615385,0.0,0.5,0.11538461538461539
2020,8,기장군,기장읍,0.7076681180454765,0.15186058700209643,0.139937106918239,0.0,0.32668118045476535,0.17214452214452214
2020,8,기장군,일광읍,0.6499999999999999,0.2738095238095238,0.09358974358974359,0.0,0.3373819163292847,0.07692307692307693
2020,8,기장군,장안읍,0.5632183908045978,0.19940029985007496,0.20402298850574713,0.0,0.23369565217391303,0.05890804597701149
2020,8,기장군,정관읍,0.6627174813587406,0.15518565941101153,0.19172794117647057,0.0,0.2056338028169014,0.13976801988400994
2020,8,기장군,철마면,0.6352941176470588,0.3058823529411765,0.0,0.0,0.4037433155080214,0.12142857142857143
2020,8,남구,감만동,0.5857843137254902,0.19212962962962962,0.26041666666666663,0.0,0.1875,0.037037037037037035
2020,8,남구,대연동,0.7129946262823644,0.11976876730174238,0.16723660641589316,0.0,0.3528604118993135,0.09268349696119682
2020,8,남구,문현동,0.8428571428571429,0.14285714285714285,0.03867595818815331,0.0,0.40940766550522645,0.1800232288037166
2020,8,남구,용당동,0.48333333333333334,0.12916666666666665,0.30000000000000004,0.0,0.175,0.09375
2020,8,남구,용호동,0.8647416413373861,0.12335359675785207,0.020238095238095236,0.0,0.12819148936170213,0.13333333333333333
2020,8,남구,우암동,0.8035714285714286,0.17142857142857143,0.05,0.0,0.20555555555555555,0.03571428571428571
2020,8,동구,범일동,0.6194852941176471,0.07720588235294118,0.2616421568627451,0.0,0.25306372549019607,0.1133578431372549
2020,8,동구,수정동,0.528782894736842,0.09185606060606061,0.34786184210526316,0.0,0.14144736842105263,0.08114035087719298
2020,8,동구,좌천동,0.6826923076923077,0.07197802197802199,0.19444444444444442,0.0,0.2222222222222222,0.16666666666666669
2020,8,동구,초량동,0.7723671947809878,0.16612301957129544,0.07993730407523511,0.0,0.22570532915360503,0.06269592476489028
2020,8,동래구,낙민동,0.8166666666666667,0.08333333333333333,0.0,0.0,0.325,0.08333333333333333
2020,8,동래구,명륜동,0.8958333333333333,0.10416666666666666,0.0,0.0,0.27083333333333337,0.15375
2020,8,동래구,명장동,0.5346774193548387,0.07779886148007589,0.3770706190061029,0.0,0.16888045540796964,0.08225806451612903
2020,8,동래구,복천동,0.6666666666666666,0.16666666666666666,0.0,0.0,0.0,0.0
2020,8,동래구,사직동,0.6316964285714286,0.11607142857142858,0.22366071428571427,0.0,0.20714285714285713,0.12790697674418605
2020,8,동래구,수안동,0.48405797101449277,0.12424242424242424,0.3944444444444445,0.0,0.18695652173913044,0.075
2020,8,동래구,안락동,0.7708600770218228,0.1842818428184282,0.03754813863928113,0.0,0.29107830551989733,0.1932748538011696
2020,8,동래구,온천동,0.7570217276099629,0.1399046104928458,0.10668563300142248,0.0,0.24793741109530584,0.10480480480480481
2020,8,동래구,칠산동,0.875,0.125,0.0,0.0,0.0,0.625
2020,8,부산진구,가야동,0.7298850574712643,0.07993730407523511,0.12452107279693486,0.0,0.3205619412515964,0.0687293339631554
2020,8,부산진구,개금동,0.8817016317016317,0.1182983682983683,0.0,0.0,0.31346153846153846,0.16459276018099547
2020,8,부산진구,당감동,0.6954022988505747,0.06896551724137931,0.2309682187730968,0.0,0.24907612712490762,0.15125391849529782
2020,8,부산진구,범전동,1.0,0.0,0.0,0.0,0.15476190476190477,0.38095238095238093
2020,8,부산진구,범천동,0.8441365660564077,0.0693664795509222,0.11061419200954084,0.0,0.28686720469552457,0.17233154442456766
2020,8,부산진구,부암동,0.5555555555555556,0.1388888888888889,0.3055555555555556,0.0,0.25,0.08796296296296297
2020,8,부산진구,부전동,0.8770032051282051,0.09455128205128205,0.03856077981651376,0.0,0.32102924311926606,0.048236811926605505
2020,8,부산진구,양정동,0.662828947368421,0.060069444444444446,0.28708133971291866,0.0,0.2746710526315789,0.12344497607655502
2020,8,부산진구,연지동,0.7638888888888888,0.125,0.0,0.0,0.19005847953216373,0.19005847953216373
2020,8,부산진구,전포동,0.7090643274853801,0.0813840155945419,0.20200302343159485,0.0,0.334307992202729,0.06944444444444445
2020,8,부산진구,초읍동,0.7361111111111112,0.22875816993464052,0.027777777777777776,0.0,0.148109243697479,0.125
2020,8,북구,구포동,0.7331511839708561,0.1567251461988304,0.05792349726775956,0.0,0.1721311475409836,0.12467644521138913
2020,8,북구,금곡동,0.7458333333333333,0.0975,0.15606060606060607,0.0,0.13560606060606062,0.2067448680351906
2020,8,북구,덕천동,0.5972467109724671,0.19021739130434784,0.16983695652173914,0.0,0.230736301369863,0.1408390410958904
2020,8,북구,만덕동,0.6638795986622074,0.13377926421404684,0.14578005115089515,0.0,0.20428388746803067,0.11608695652173914
2020,8,북구,화명동,0.7741319444444444,0.1546875,0.04907852564102564,0.0,0.25503472222222223,0.10376602564102563
2020,8,사상구,감전동,0.5523215523215523,0.2227997227997228,0.225,0.0,0.26216216216216215,0.025
2020,8,사상구,괘법동,0.8137931034482759,0.11422413793103448,0.07198275862068965,0.0,0.2875,0.10833333333333334
2020,8,사상구,덕포동,0.8273026315789473,0.05756578947368421,0.10526315789473684,0.0,0.287828947368421,0.17708333333333334
2020,8,사상구,모라동,0.7306949806949807,0.06869369369369369,0.2242063492063492,0.0,0.19280888030888033,0.11706349206349206
2020,8,사상구,삼락동,0.39737274220032837,0.16666666666666666,0.3669950738916256,0.0,0.2801724137931034,0.037698412698412696
2020,8,사상구,엄궁동,0.7895652173913044,0.18869565217391304,0.021739130434782608,0.0,0.4307692307692308,0.11555555555555555
2020,8,사상구,주례동,0.7538377192982456,0.14144736842105263,0.08771929824561403,0.0,0.2598684210526316,0.125
2020,8,사상구,학장동,0.7028985507246377,0.0794314381270903,0.17766116941529236,0.0,0.26495726495726496,0.10472541507024266
2020,8,사하구,감천동,0.5309139784946236,0.2748655913978495,0.22981366459627328,0.0,0.16045548654244307,0.06451612903225806
2020,8,사하구,괴정동,0.7152046783625732,0.10818713450292397,0.17660818713450294,0.0,0.22281073446327684,0.12514619883040934
2020,8,사하구,구평동,0.6961538461538461,0.17142857142857143,0.05,0.0,0.358974358974359,0.038461538461538464
2020,8,사하구,다대동,0.630126582278481,0.2586440677966102,0.0779746835443038,0.0,0.12692750287686996,0.08871486805406566
2020,8,사하구,당리동,0.8125,0.15625,0.02,0.0,0.28500000000000003,0.23375
2020,8,사하구,신평동,0.48431174089068824,0.07419354838709677,0.36352901484480427,0.0,0.157557354925776,0.08017543859649122
2020,8,사하구,장림동,0.8382737576285963,0.12118570183086312,0.022222222222222223,0.0,0.328494623655914,0.11612903225806452
2020,8,사하구,하단동,0.7553688141923436,0.12791783380018673,0.08813160987074031,0.0,0.30941655941655943,0.15015015015015015
2020,8,서구,남부민동,0.569377990430622,0.2631578947368421,0.1919191919191919,0.0,0.21531100478468898,0.05263157894736842
2020,8,서구,동대신동,0.7928571428571429,0.10441176470588234,0.08382352941176471,0.0,0.22205882352941175,0.029411764705882353
2020,8,서구,부민동,0.36458333333333337,0.0,0.6354166666666667,0.0,0.11458333333333333,0.10096153846153846
2020,8,서구,부용동,1.0,0.0,0.0,0.0,0.0,0.0
2020,8,서구,서대신동,0.7538699690402477,0.1609907120743034,0.02631578947368421,0.0,0.13777089783281732,0.24789915966386555
2020,8,서구,아미동,0.8285714285714285,0.07142857142857142,0.0,0.0,0.14285714285714285,0.19642857142857142
2020,8,서구,암남동,0.6285714285714286,0.3464285714285714,0.013888888888888888,0.0,0.19642857142857142,0.07857142857142857
2020,8,서구,초장동,0.875,0.125,0.0,0.0,0.1,0.08333333333333333
2020,8,서구,충무동,0.9444444444444444,0.0,0.0,0.0,0.4305555555555556,0.041666666666666664
2020,8,서구,토성동,0.9375,0.0625,0.0,0.0,0.1875,0.0625
2020,8,수영구,광안동,0.7178030303030303,0.14042207792207792,0.10957792207792208,0.0,0.24756493506493504,0.1758008658008658
2020,8,수영구,남천동,0.8367647058823529,0.11911764705882352,0.06334841628959276,0.0,0.29072398190045246,0.12794117647058822
2020,8,수영구,망미동,0.7597402597402598,0.0762987012987013,0.16666666666666666,0.0,0.23863636363636365,0.18993506493506493
2020,8,수영구,민락동,0.7440660474716203,0.19985775248933144,0.07223942208462332,0.0,0.19985775248933144,0.08178534571723427
2020,8,수영구,수영동,0.9157608695652174,0.05745341614906832,0.0,0.0,0.26785714285714285,0.13392857142857142
2020,8,연제구,거제동,0.835123523093448,0.13131041890440387,0.02928692699490662,0.0,0.23535220539828833,0.2231471535982814
2020,8,연제구,연산동,0.6268999646518205,0.07500842601954837,0.30663086447378235,0.0,0.1801857238755874,0.12407723490505654
2020,8,영도구,남항동,0.9,0.0,0.0,0.0,0.17142857142857143,0.0
2020,8,영도구,대교동,0.8990384615384616,0.0625,0.038461538461538464,0.0,0.27884615384615385,0.125
2020,8,영도구,대평동,1.0,0.0,0.0,0.0,0.16666666666666666,0.0
2020,8,영도구,동삼동,0.6125,0.13392857142857142,0.225,0.0,0.07472527472527472,0.08681318681318681
2020,8,영도구,봉래동,0.825,0.1338235294117647,0.0,0.0,0.16764705882352943,0.18907563025210083
2020,8,영도구,신선동,0.8819444444444444,0.11805555555555555,0.0,0.0,0.09401709401709402,0.13392857142857142
2020,8,영도구,영선동,0.5249999999999999,0.12777777777777777,0.375,0.0,0.15,0.03888888888888889
2020,8,영도구,청학동,0.4926108374384236,0.15229885057471265,0.2777355623100304,0.0,0.2801724137931034,0.05319148936170213
2020,8,중구,광복동,0.3333333333333333,0.3333333333333333,0.0,0.0,0.0,0.0
2020,8,중구,남포동,0.8,0.2,0.0,0.0,0.30000000000000004,0.0
2020,8,중구,대창동,0.75,0.0,0.25,0.0,0.0,0.0
2020,8,중구,대청동,0.8452380952380952,0.0,0.07142857142857142,0.0,0.26666666666666666,0.08333333333333333
2020,8,중구,동광동,0.7333333333333334,0.16666666666666666,0.0,0.0,0.1,0.1
2020,8,중구,보수동,0.7142857142857143,0.03571428571428571,0.16964285714285715,0.0,0.3080357142857143,0.14285714285714285
2020,8,중구,부평동,0.7333333333333334,0.15476190476190477,0.18333333333333335,0.0,0.17857142857142855,0.0
2020,8,중구,신창동,0.4,0.0,0.25,0.0,0.0,0.0
2020,8,중구,영주동,0.625,0.3125,0.0,0.0,0.08333333333333333,0.0
2020,8,중구,중앙동,0.5921052631578947,0.25263157894736843,0.15526315789473683,0.0,0.2894736842105263,0.07894736842105263
2020,8,중구,창선동,1.0,0.0,0.0,0.0,0.3333333333333333,0.0
2020,8,해운대구,반송동,0.7521902377972465,0.0760325406758448,0.16911764705882354,0.0,0.13696808510638298,0.07945478723404255
2020,8,해운대구,반여동,0.7848899624261942,0.09286097691894793,0.12224906065485774,0.0,0.2340933191940615,0.13137412775093935
2020,8,해운대구,석대동,0.25,0.75,0.0,0.0,0.6,0.0
2020,8,해운대구,송정동,0.4537037037037037,0.2875816993464052,0.17879256965944273,0.0,0.1931174089068826,0.02621082621082621
2020,8,해운대구,우동,0.7075499520754995,0.13275086632750865,0.14413364413364416,0.0,0.2731157731157731,0.12879614475359155
2020,8,해운대구,재송동,0.8747826086956522,0.1068840579710145,0.023484848484848483,0.0,0.31833333333333336,0.1709090909090909
2020,8,해운대구,좌동,0.7795833333333333,0.10541666666666667,0.1288888888888889,0.0,0.2554166666666666,0.19
2020,8,해운대구,중동,0.591378263509411,0.25258044930176077,0.15604128718882815,0.0,0.18381906496660594,0.0468936678614098
2020,9,강서구,강동동,0.47017543859649125,0.2222222222222222,0.3114035087719298,0.0,0.29678362573099415,0.013157894736842105
2020,9,강서구,구랑동,0.35,0.65,0.0,0.0,0.5333333333333333,0.0
2020,9,강서구,녹산동,0.275,0.625,0.0,0.0,0.3666666666666667,0.0
2020,9,강서구,눌차동,0.0,1.0,0.0,0.0,0.0,0.0
2020,9,강서구,대저1동,0.4188660801564027,0.3460410557184751,0.14379645511720984,0.0,0.3064516129032258,0.034019439679817035
2020,9,강서구,대저2동,0.7418300653594772,0.25816993464052285,0.0,0.0,0.5339366515837104,0.0
2020,9,강서구,대항동,0.75,0.0,0.25,0.0,0.0,0.0
2020,9,강서구,동선동,0.5142857142857142,0.41428571428571426,0.0,0.0,0.24285714285714285,0.0
2020,9,강서구,명지동,0.7672872340425532,0.13446808510638297,0.0125,0.0,0.32893617021276594,0.02127659574468085
2020,9,강서구,미음동,0.25,0.75,0.0,0.0,0.4375,0.0
2020,9,강서구,범방동,0.45,0.55,0.0,0.0,0.5,0.0
2020,9,강서구,봉림동,0.25,0.75,0.0,0.0,1.0,0.0
2020,9,강서구,생곡동,0.5,0.5,0.0,0.0,0.25,0.0
2020,9,강서구,성북동,0.7857142857142857,0.21428571428571427,0.0,0.0,0.4642857142857143,0.0
2020,9,강서구,송정동,0.4612903225806452,0.1380952380952381,0.31290322580645163,0.0,0.24516129032258066,0.016129032258064516
2020,9,강서구,식만동,0.0,1.0,0.0,0.0,0.0,0.0
2020,9,강서구,신호동,0.41594202898550725,0.23695652173913043,0.2554347826086957,0.0,0.19166666666666665,0.03840579710144927
2020,9,강서구,죽동동,0.75,0.25,0.0,0.0,0.41666666666666663,0.0
2020,9,강서구,죽림동,0.75,0.25,0.0,0.0,0.0,0.0
2020,9,강서구,지사동,0.4933333333333333,0.05333333333333333,0.28717948717948716,0.0,0.14,0.03333333333333333
2020,9,강서구,천성동,0.75,0.25,0.0,0.0,0.5,0.0
2020,9,강서구,화전동,0.8,0.1,0.0,0.0,0.15555555555555556,0.0
2020,9,금정구,구서동,0.690779014308426,0.18402225755166932,0.10225718194254446,0.0,0.2180232558139535,0.05643879173290938
2020,9,금정구,금사동,0.775,0.225,0.0,0.0,0.45,0.0
2020,9,금정구,금성동,0.23809523809523808,0.3392857142857143,0.33333333333333337,0.0,0.041666666666666664,0.041666666666666664
2020,9,금정구,남산동,0.7013888888888888,0.08333333333333333,0.16666666666666666,0.0,0.12152777777777779,0.041666666666666664
2020,9,금정구,노포동,0.6349206349206349,0.30952380952380953,0.0,0.0,0.7857142857142857,0.0
2020,9,금정구,두구동,0.5416666666666666,0.29166666666666663,0.0,0.0,0.1875,0.175
2020,9,금정구,부곡동,0.582421340629275,0.16020671834625322,0.17320261437908496,0.0,0.2106703146374829,0.07780437756497949
2020,9,금정구,서동,0.7781609195402299,0.17011494252873563,0.043859649122807015,0.0,0.1996370235934664,0.008771929824561403
2020,9,금정구,선동,0.6333333333333333,0.3666666666666667,0.0,0.0,0.3333333333333333,0.0
2020,9,금정구,오륜동,0.2,0.65,0.125,0.0,0.35,0.0
2020,9,금정구,장전동,0.6684027777777778,0.2945601851851852,0.0,0.0,0.1883445945945946,0.027777777777777776
2020,9,금정구,청룡동,0.4485294117647059,0.5220588235294118,0.029411764705882353,0.0,0.058823529411764705,0.0
2020,9,금정구,회동동,0.3666666666666667,0.3939393939393939,0.2,0.0,0.25757575757575757,0.0
2020,9,기장군,기장읍,0.7016666666666667,0.1825,0.06518518518518518,0.006666666666666667,0.25027777777777777,0.0555952380952381
2020,9,기장군,일광읍,0.5095693779904306,0.34754990925589835,0.12250453720508167,0.0,0.30877742946708464,0.05661881977671451
2020,9,기장군,장안읍,0.5016722408026756,0.326644370122631,0.11490683229813664,0.0,0.30434782608695654,0.043478260869565216
2020,9,기장군,정관읍,0.6197822141560798,0.22988505747126436,0.11344238975817923,0.0,0.21354907539118068,0.054748941318814276
2020,9,기장군,철마면,0.5255681818181819,0.4744318181818182,0.0,0.0,0.3380681818181818,0.0
2020,9,남구,감만동,0.5629629629629629,0.1962962962962963,0.19907407407407407,0.0,0.1901535682023487,0.1037037037037037
2020,9,남구,대연동,0.7591609589041096,0.08544520547945206,0.14936313386205238,0.0,0.3028508771929824,0.051417427701674276
2020,9,남구,문현동,0.7965909090909091,0.17575757575757578,0.0125,0.0,0.3041666666666667,0.075
2020,9,남구,용당동,0.41148325358851673,0.14646464646464646,0.3762626262626263,0.0,0.16985645933014354,0.0
2020,9,남구,용호동,0.8407986111111111,0.10694444444444445,0.043210730088495575,0.0,0.17777423469387754,0.04348727876106195
2020,9,남구,우암동,0.6102941176470589,0.29166666666666663,0.0,0.0,0.33088235294117646,0.029411764705882353
2020,9,동구,범일동,0.49286678234046655,0.13304093567251463,0.3435672514619883,0.0,0.17704517704517703,0.02266081871345029
2020,9,동구,수정동,0.6168478260869565,0.08695652173913043,0.26778656126482214,0.0,0.15707236842105263,0.06960227272727273
2020,9,동구,좌천동,0.4641025641025641,0.3487179487179487,0.16124031007751938,0.0,0.16923076923076924,0.046153846153846156
2020,9,동구,초량동,0.7238461538461538,0.16166666666666665,0.10166666666666666,0.0,0.22833333333333333,0.041235955056179774
2020,9,동래구,낙민동,0.9444444444444444,0.05555555555555555,0.0,0.0,0.16993464052287582,0.16666666666666666
2020,9,동래구,명륜동,0.8666666666666667,0.13333333333333333,0.015151515151515152,0.0,0.28606060606060607,0.035151515151515156
2020,9,동래구,명장동,0.628412537917088,0.043478260869565216,0.30434782608695654,0.0,0.13043478260869565,0.06521739130434782
2020,9,동래구,복천동,0.5,0.5,0.0,0.0,0.15476190476190477,0.0
2020,9,동래구,사직동,0.7746591820368884,0.08448275862068966,0.13498738435660218,0.0,0.3063352044907779,0.08390804597701149
2020,9,동래구,수안동,0.4888888888888889,0.050505050505050504,0.43787878787878787,0.0,0.19111111111111112,0.0
2020,9,동래구,안락동,0.7738095238095238,0.19047619047619047,0.04561688311688311,0.0,0.2571428571428571,0.0771103896103896
2020,9,동래구,온천동,0.7764747690120823,0.12668798862828712,0.0912442396313364,0.0,0.26972281449893387,0.0640547263681592
2020,9,동래구,칠산동,0.3333333333333333,0.5,0.0,0.0,0.16666666666666666,0.08333333333333333
2020,9,부산진구,가야동,0.5987358326068003,0.15495495495495495,0.14303482587064675,0.0,0.2200484066155708,0.03972075108329321
2020,9,부산진구,개금동,0.8376623376623377,0.1329004329004329,0.020458553791887123,0.0,0.3062015503875969,0.07575757575757576
2020,9,부산진구,당감동,0.6349241748438894,0.11639676113360324,0.1544434857635893,0.0,0.15796054459572104,0.05128205128205128
2020,9,부산진구,범전동,0.7333333333333334,0.2,0.0,0.0,0.25,0.0
2020,9,부산진구,범천동,0.8131868131868132,0.1054945054945055,0.054334554334554336,0.0,0.33492063492063495,0.038461538461538464
2020,9,부산진구,부암동,0.4660931174089069,0.1739766081871345,0.25,0.0,0.15941295546558704,0.04807692307692308
2020,9,부산진구,부전동,0.8654961340206185,0.10341494845360824,0.031088917525773196,0.0,0.2671552835051546,0.005154639175257732
2020,9,부산진구,양정동,0.6905901116427433,0.08359133126934984,0.17724458204334365,0.0,0.30367647058823527,0.028309409888357256
2020,9,부산진구,연지동,0.8333333333333334,0.12222222222222222,0.029411764705882353,0.0,0.23333333333333334,0.03333333333333333
2020,9,부산진구,전포동,0.580275656546843,0.08909169926119079,0.15297696653628856,0.0,0.1958568738229755,0.0418348130212537
2020,9,부산진구,초읍동,0.76625,0.21875,0.0,0.0,0.1875,0.060833333333333336
2020,9,북구,구포동,0.799380704041721,0.1486310299869622,0.009615384615384616,0.0,0.29221594475831764,0.07455406911928651
2020,9,북구,금곡동,0.787176724137931,0.13308189655172414,0.07883275261324041,0.0,0.13977832512315272,0.09581881533101044
2020,9,북구,덕천동,0.6570175438596491,0.15438596491228068,0.16794871794871796,0.0,0.22280701754385965,0.033771929824561404
2020,9,북구,만덕동,0.774928774928775,0.14066951566951566,0.08652482269503546,0.0,0.18794871794871795,0.10907801418439717
2020,9,북구,화명동,0.7750552689756817,0.15235814296241712,0.07258658806190126,0.0,0.2474721941354904,0.07627118644067797
2020,9,사상구,감전동,0.565625,0.209375,0.18,0.0,0.325,0.014285714285714285
2020,9,사상구,괘법동,0.8316481294236603,0.12335692618806876,0.021739130434782608,0.0,0.25709982788296043,0.0641636312692631
2020,9,사상구,덕포동,0.8505434782608696,0.1068840579710145,0.017857142857142856,0.0,0.34148550724637683,0.08333333333333333
2020,9,사상구,모라동,0.7084398976982097,0.1534526854219949,0.12275149900066622,0.0,0.22025171624713957,0.038937809576224544
2020,9,사상구,삼락동,0.41774891774891776,0.20995670995670995,0.3484848484848485,0.0,0.2845117845117845,0.014705882352941176
2020,9,사상구,엄궁동,0.8940217391304348,0.10597826086956522,0.0,0.0,0.43143812709030105,0.06521739130434782
2020,9,사상구,주례동,0.666156670746634,0.11842105263157894,0.12943696450428396,0.0,0.21144430844553241,0.05263157894736842
2020,9,사상구,학장동,0.6293706293706294,0.19615384615384618,0.10818181818181818,0.0,0.229020979020979,0.038461538461538464
2020,9,사하구,감천동,0.5285714285714286,0.18571428571428572,0.2,0.0,0.1857142857142857,0.06438923395445134
2020,9,사하구,괴정동,0.7126572327044025,0.120926243567753,0.1220722186076773,0.0,0.24665880503144655,0.07196969696969696
2020,9,사하구,구평동,0.78125,0.1875,0.03125,0.0,0.27840909090909094,0.0625
2020,9,사하구,다대동,0.7697253068381064,0.1626647834274953,0.0853302162478083,0.0,0.1538573933372297,0.04536689333198011
2020,9,사하구,당리동,0.6875,0.21875,0.03125,0.0,0.21195652173913043,0.0800438596491228
2020,9,사하구,신평동,0.5850267379679144,0.20641711229946524,0.20855614973262032,0.0,0.23143939393939394,0.05314685314685315
2020,9,사하구,장림동,0.7603174603174603,0.23968253968253966,0.0,0.0,0.23968253968253966,0.02631578947368421
2020,9,사하구,하단동,0.6702898550724637,0.14749587231700606,0.1428711320015668,0.0,0.25247660979636766,0.04880830197285894
2020,9,서구,남부민동,0.5421052631578948,0.12631578947368421,0.256578947368421,0.0,0.15384615384615385,0.0
2020,9,서구,동대신동,0.8460526315789474,0.10263157894736842,0.05131578947368421,0.0,0.18695652173913044,0.11847826086956521
2020,9,서구,부민동,0.3125,0.03125,0.6378676470588236,0.0,0.15625,0.03125
2020,9,서구,부용동,0.5,0.5,0.0,0.0,0.08333333333333333,0.0
2020,9,서구,서대신동,0.6944444444444444,0.25,0.0,0.0,0.16666666666666669,0.09259259259259259
2020,9,서구,아미동,0.875,0.125,0.0,0.0,0.16666666666666666,0.18840579710144928
2020,9,서구,암남동,0.6277777777777778,0.34444444444444444,0.011111111111111112,0.0,0.19444444444444445,0.06068376068376069
2020,9,서구,초장동,1.0,0.0,0.0,0.0,0.0,0.25
2020,9,서구,충무동,0.6944444444444444,0.18055555555555555,0.038461538461538464,0.0,0.14957264957264957,0.038461538461538464
2020,9,서구,토성동,1.0,0.0,0.0,0.0,0.325,0.0
2020,9,수영구,광안동,0.6564102564102564,0.21688770999115828,0.11941816702268335,0.0,0.20268734269708533,0.04940419698407677
2020,9,수영구,남천동,0.6636904761904763,0.33630952380952384,0.0,0.0,0.24404761904761904,0.047619047619047616
2020,9,수영구,망미동,0.6789375582479031,0.09837728194726167,0.16227180527383367,0.0,0.2071078431372549,0.1455518018018018
2020,9,수영구,민락동,0.728937728937729,0.25677655677655675,0.025155279503105588,0.0,0.2841614906832298,0.01282051282051282
2020,9,수영구,수영동,0.805921052631579,0.14144736842105263,0.0,0.0,0.3270676691729323,0.0
2020,9,연제구,거제동,0.8276955602536998,0.17230443974630022,0.0,0.0,0.36687233032747985,0.05003523608174771
2020,9,연제구,연산동,0.5162841191066998,0.07262495568947182,0.34373366905791247,0.0,0.15668466699394534,0.04744837002901519
2020,9,영도구,남항동,0.788888888888889,0.2111111111111111,0.0,0.0,0.2125,0.1
2020,9,영도구,대교동,0.65625,0.26041666666666663,0.0,0.0,0.23958333333333331,0.0625
2020,9,영도구,대평동,0.7142857142857143,0.2857142857142857,0.0,0.0,0.0,0.0
2020,9,영도구,동삼동,0.6303448275862069,0.13586206896551725,0.10132231404958678,0.008620689655172414,0.10310344827586207,0.05826446280991736
2020,9,영도구,봉래동,0.6461538461538461,0.3153846153846154,0.03333333333333333,0.0,0.24871794871794872,0.03333333333333333
2020,9,영도구,신선동,0.9166666666666667,0.08333333333333333,0.0,0.0,0.0,0.16666666666666666
2020,9,영도구,영선동,0.4224137931034483,0.18448275862068964,0.20526315789473684,0.0,0.16896551724137931,0.0
2020,9,영도구,청학동,0.405570652173913,0.13457556935817805,0.33035714285714285,0.0,0.09388354700854701,0.023809523809523808
2020,9,중구,광복동,0.625,0.25,0.0,0.0,0.5,0.0
2020,9,중구,남포동,0.8177083333333333,0.1371527777777778,0.03125,0.0,0.2638888888888889,0.0
2020,9,중구,대창동,0.75,0.25,0.0,0.0,0.0,0.125
2020,9,중구,대청동,0.5,0.16666666666666666,0.16666666666666666,0.0,0.08333333333333333,0.0
2020,9,중구,동광동,0.4416666666666667,0.4583333333333333,0.0,0.0,0.08333333333333333,0.0
2020,9,중구,보수동,0.5833333333333333,0.14285714285714285,0.24285714285714285,0.0,0.15476190476190477,0.0
2020,9,중구,부평동,0.770979020979021,0.0625,0.15067340067340068,0.0,0.31009615384615385,0.0
2020,9,중구,신창동,0.16666666666666666,0.16666666666666666,0.16666666666666666,0.0,0.0,0.0
2020,9,중구,영주동,0.7916666666666667,0.14583333333333331,0.0625,0.0,0.32291666666666663,0.03125
2020,9,중구,중앙동,0.6201923076923077,0.2403846153846154,0.13942307692307693,0.0,0.23026315789473684,0.03125
2020,9,중구,창선동,0.0,0.0,0.3333333333333333,0.0,0.0,0.0
2020,9,해운대구,반송동,0.7721036585365854,0.06097560975609756,0.1652759948652118,0.0,0.17269736842105263,0.060568086883876354
2020,9,해운대구,반여동,0.7514084507042254,0.15762910798122065,0.10698808234019502,0.0,0.22371794871794873,0.04294871794871795
2020,9,해운대구,석대동,0.6,0.4,0.0,0.0,0.675,0.0
2020,9,해운대구,송정동,0.4110105580693816,0.3065610859728507,0.23257080610021785,0.0,0.18891402714932126,0.01282051282051282
2020,9,해운대구,우동,0.5796296296296296,0.27978395061728395,0.17288591849995358,0.0,0.2147498375568551,0.03530927835051546
2020,9,해운대구,재송동,0.7658119658119658,0.17692307692307693,0.05726495726495727,0.0,0.2714285714285714,0.12564102564102564
2020,9,해운대구,좌동,0.6944444444444444,0.16626409017713367,0.1392914653784219,0.0,0.2692495126705653,0.039105447276361824
2020,9,해운대구,중동,0.5628358825961142,0.34601074824307565,0.1452717158750535,0.0,0.13707998810585786,0.0288483863478059
2020,10,강서구,강동동,0.4852941176470588,0.17320261437908496,0.20261437908496732,0.0,0.41470588235294115,0.0
2020,10,강서구,구랑동,0.3333333333333333,0.6666666666666666,0.0,0.0,1.0,0.0
2020,10,강서구,녹산동,1.0,0.0,0.0,0.0,0.875,0.0
2020,10,강서구,눌차동,0.0,0.0,0.0,0.0,0.0,0.0
2020,10,강서구,대저1동,0.7916666666666667,0.08333333333333333,0.06971153846153846,0.0,0.46875,0.0
2020,10,강서구,대저2동,0.7980769230769231,0.20192307692307693,0.0,0.0,0.6547619047619048,0.0
2020,10,강서구,대항동,0.0,1.0,0.0,0.0,0.0,0.0
2020,10,강서구,동선동,0.5,0.0,0.5,0.0,0.0,0.0
2020,10,강서구,명지동,0.8773640661938534,0.09722222222222221,0.013888888888888888,0.0,0.49444444444444446,0.027777777777777776
2020,10,강서구,미음동,0.875,0.125,0.0,0.0,0.41666666666666663,0.0
2020,10,강서구,범방동,0.6571428571428571,0.34285714285714286,0.0,0.0,1.0,0.0
2020,10,강서구,봉림동,0.7857142857142857,0.21428571428571427,0.0,0.0,0.8333333333333333,0.0
2020,10,강서구,생곡동,0.5833333333333333,0.16666666666666666,0.0,0.0,0.25,0.0
2020,10,강서구,성북동,0.775,0.1,0.0,0.0,0.25,0.0
2020,10,강서구,송정동,0.4864253393665159,0.18681318681318682,0.3393665158371041,0.0,0.5339366515837104,0.0
2020,10,강서구,식만동,1.0,0.0,0.0,0.0,1.0,0.0
2020,10,강서구,신호동,0.7279411764705883,0.03125,0.21875,0.0,0.4305555555555556,0.0
2020,10,강서구,죽동동,0.3333333333333333,0.6666666666666666,0.0,0.0,0.6666666666666666,0.0
2020,10,강서구,죽림동,1.0,0.0,0.0,0.0,1.0,0.0
2020,10,강서구,지사동,0.59375,0.10267857142857142,0.3035714285714286,0.0,0.1380952380952381,0.0
2020,10,강서구,천성동,0.8333333333333333,0.16666666666666666,0.0,0.0,0.43333333333333335,0.0
2020,10,강서구,화전동,1.0,0.0,0.0,0.0,0.30000000000000004,0.1
2020,10,금정구,구서동,0.765625,0.05208333333333333,0.153125,0.0,0.3666666666666667,0.05064102564102564
2020,10,금정구,금사동,0.8194444444444444,0.05555555555555555,0.05555555555555555,0.0,0.25,0.0
2020,10,금정구,금성동,0.3222222222222222,0.26111111111111107,0.36428571428571427,0.0,0.07500000000000001,0.0
2020,10,금정구,남산동,0.8040293040293041,0.03333333333333333,0.14835164835164835,0.0,0.2708333333333333,0.05416666666666667
2020,10,금정구,노포동,0.6666666666666666,0.3333333333333333,0.0,0.0,0.6904761904761905,0.0
2020,10,금정구,두구동,0.775,0.1,0.0,0.0,0.325,0.0
2020,10,금정구,부곡동,0.7108013937282229,0.10062111801242235,0.17394957983193277,0.0,0.4139751552795031,0.028991596638655463
2020,10,금정구,서동,0.9722222222222222,0.027777777777777776,0.0,0.0,0.2671957671957672,0.023809523809523808
2020,10,금정구,선동,0.6666666666666666,0.29166666666666663,0.0,0.0,0.3333333333333333,0.0
2020,10,금정구,오륜동,0.41666666666666663,0.5833333333333333,0.0,0.0,0.41666666666666663,0.0
2020,10,금정구,장전동,0.9541871921182266,0.02857142857142857,0.03152709359605911,0.0,0.2936259143155695,0.07142857142857142
2020,10,금정구,청룡동,0.6428571428571428,0.3571428571428571,0.0,0.0,0.15476190476190477,0.0
2020,10,금정구,회동동,0.5,0.18333333333333335,0.2916666666666667,0.0,0.25,0.0
2020,10,기장군,기장읍,0.7666666666666666,0.18257575757575756,0.04682675814751286,0.0,0.34591194968553457,0.05220125786163522
2020,10,기장군,일광읍,0.7275,0.17083333333333334,0.025,0.0,0.2788888888888889,0.02
2020,10,기장군,장안읍,0.6029411764705883,0.18438914027149322,0.15257352941176472,0.0,0.3495475113122172,0.029411764705882353
2020,10,기장군,정관읍,0.7786796536796536,0.09545454545454546,0.15205627705627706,0.0,0.2895021645021645,0.05909090909090909
2020,10,기장군,철마면,0.6442307692307692,0.3307692307692308,0.0,0.0,0.5116666666666667,0.041666666666666664
2020,10,남구,감만동,0.6696832579185521,0.06787330316742082,0.2720588235294118,0.0,0.2692307692307693,0.054411764705882354
2020,10,남구,대연동,0.8087210922262469,0.04645385666376847,0.16490963855421686,0.0,0.30662650602409636,0.038513513513513516
2020,10,남구,문현동,0.9871794871794872,0.01282051282051282,0.0,0.0,0.4305555555555556,0.013888888888888888
2020,10,남구,용당동,0.6830065359477124,0.07941176470588235,0.23202614379084968,0.0,0.37222222222222223,0.027777777777777776
2020,10,남구,용호동,0.8698597000483793,0.11618589743589744,0.03215579710144927,0.0,0.32385730211817165,0.03170289855072464
2020,10,남구,우암동,0.8875,0.05,0.0,0.0,0.45,0.0
2020,10,동구,범일동,0.7744360902255639,0.03101503759398496,0.19454887218045114,0.0,0.3486842105263158,0.020833333333333332
2020,10,동구,수정동,0.6334033613445378,0.06512605042016806,0.30147058823529416,0.0,0.1715686274509804,0.041666666666666664
2020,10,동구,좌천동,0.6764705882352942,0.07495256166982922,0.20588235294117646,0.0,0.35294117647058826,0.058823529411764705
2020,10,동구,초량동,0.8954248366013071,0.04664570230607966,0.05607966457023061,0.0,0.2850897376898297,0.009433962264150943
2020,10,동래구,낙민동,1.0,0.0,0.0,0.0,0.35,0.0
2020,10,동래구,명륜동,0.9377289377289377,0.023809523809523808,0.029411764705882353,0.0,0.3081232492997199,0.06787330316742082
2020,10,동래구,명장동,0.6046195652173914,0.0,0.37364130434782605,0.0,0.2391304347826087,0.043478260869565216
2020,10,동래구,복천동,1.0,0.0,0.0,0.0,0.16666666666666666,0.0
2020,10,동래구,사직동,0.8512931034482758,0.03624078624078624,0.09698275862068965,0.0,0.2714987714987715,0.06960227272727273
2020,10,동래구,수안동,0.59375,0.02631578947368421,0.375,0.0,0.21875,0.05756578947368421
2020,10,동래구,안락동,0.9642857142857143,0.03571428571428571,0.0,0.0,0.40940766550522645,0.0779616724738676
2020,10,동래구,온천동,0.8085365853658537,0.078397212543554,0.10615753698520591,0.0,0.3203718512594962,0.024390243902439025
2020,10,동래구,칠산동,0.5,0.0,0.5,0.0,0.0,0.0
2020,10,부산진구,가야동,0.7107023411371238,0.032377428307123035,0.20345596432552954,0.0,0.27890841813135986,0.0
2020,10,부산진구,개금동,0.8839869281045751,0.10212418300653595,0.013888888888888888,0.0,0.40478424015009384,0.019230769230769232
2020,10,부산진구,당감동,0.6775862068965517,0.04583333333333334,0.2456896551724138,0.0,0.27586206896551724,0.017241379310344827
2020,10,부산진구,범전동,1.0,0.0,0.0,0.0,0.41666666666666663,0.0
2020,10,부산진구,범천동,0.8425925925925926,0.08249158249158249,0.0537037037037037,0.0,0.32916666666666666,0.018518518518518517
2020,10,부산진구,부암동,0.7049689440993789,0.06459627329192547,0.20869565217391306,0.0,0.26583850931677017,0.04876615746180964
2020,10,부산진구,부전동,0.9522708158116064,0.019306752873563218,0.011844687412391365,0.0,0.33043014575186636,0.006097560975609756
2020,10,부산진구,양정동,0.7912280701754386,0.023361976369495163,0.1956140350877193,0.0,0.3181818181818182,0.016666666666666666
2020,10,부산진구,연지동,1.0,0.0,0.0,0.0,0.31666666666666665,0.0
2020,10,부산진구,전포동,0.811034877072613,0.05708874458874459,0.120926243567753,0.0,0.3836477987421384,0.03621967654986523
2020,10,부산진구,초읍동,0.8893280632411067,0.11067193675889328,0.0,0.0,0.16590389016018306,0.0
2020,10,북구,구포동,0.8691796008869179,0.05788497217068646,0.01818181818181818,0.0,0.32578849721706865,0.02727272727272727
2020,10,북구,금곡동,0.8108225108225109,0.07204968944099378,0.14632034632034632,0.0,0.11942959001782531,0.043697478991596636
2020,10,북구,덕천동,0.7639130434782608,0.07681159420289854,0.14166666666666666,0.0,0.3566666666666667,0.011111111111111112
2020,10,북구,만덕동,0.7596153846153846,0.11126373626373626,0.11538461538461539,0.0,0.25,0.13461538461538464
2020,10,북구,화명동,0.7667797888386123,0.08193979933110368,0.13873626373626374,0.0,0.30242966751918154,0.029411764705882353
2020,10,사상구,감전동,0.6931818181818181,0.06521739130434782,0.23863636363636365,0.0,0.3054347826086956,0.07681159420289854
2020,10,사상구,괘법동,0.9611191860465116,0.027252906976744186,0.011627906976744186,0.0,0.38341346153846156,0.0
2020,10,사상구,덕포동,1.0,0.0,0.0,0.0,0.3514705882352941,0.058823529411764705
2020,10,사상구,모라동,0.8285714285714285,0.05714285714285714,0.11428571428571428,0.0,0.28861788617886175,0.02857142857142857
2020,10,사상구,삼락동,0.6175213675213675,0.06573275862068965,0.3162393162393162,0.0,0.3653846153846154,0.0
2020,10,사상구,엄궁동,0.9479166666666667,0.05208333333333333,0.0,0.0,0.46875,0.0
2020,10,사상구,주례동,0.8830369357045144,0.05988372093023256,0.06847826086956521,0.0,0.3686730506155951,0.029411764705882353
2020,10,사상구,학장동,0.670344827586207,0.10229885057471264,0.2606896551724138,0.0,0.4402298850574713,0.017241379310344827
2020,10,사하구,감천동,0.7060185185185186,0.07870370370370369,0.2361111111111111,0.0,0.27248677248677244,0.023809523809523808
2020,10,사하구,괴정동,0.7950310559006211,0.05844155844155844,0.16233766233766234,0.0,0.2673160173160173,0.026021080368906456
2020,10,사하구,구평동,0.9444444444444444,0.05555555555555555,0.0,0.0,0.3557692307692308,0.0
2020,10,사하구,다대동,0.8079545454545455,0.10714285714285715,0.08630952380952381,0.0,0.19067460317460316,0.04107142857142857
2020,10,사하구,당리동,0.8805147058823529,0.11948529411764706,0.0,0.0,0.3658088235294118,0.03333333333333333
2020,10,사하구,신평동,0.6666666666666667,0.06902356902356901,0.25,0.0,0.2234848484848485,0.018518518518518517
2020,10,사하구,장림동,0.8936678614097968,0.039351851851851846,0.016129032258064516,0.0,0.35416666666666663,0.018518518518518517
2020,10,사하구,하단동,0.799074074074074,0.10333333333333333,0.11481481481481481,0.0,0.39868421052631575,0.023157894736842106
2020,10,서구,남부민동,0.6388888888888888,0.09583333333333333,0.26041666666666663,0.0,0.2583333333333333,0.03333333333333333
2020,10,서구,동대신동,0.9150326797385621,0.06512605042016806,0.0,0.0,0.41666666666666663,0.0
2020,10,서구,부민동,0.39610389610389607,0.0,0.6038961038961039,0.0,0.13636363636363635,0.0
2020,10,서구,부용동,1.0,0.0,0.0,0.0,0.6333333333333333,0.0
2020,10,서구,서대신동,0.8964285714285714,0.053571428571428575,0.06349206349206349,0.0,0.38928571428571423,0.0
2020,10,서구,아미동,0.9166666666666667,0.0,0.0,0.0,0.41666666666666663,0.0
2020,10,서구,암남동,0.7528409090909092,0.2159090909090909,0.0,0.0,0.3125,0.0
2020,10,서구,초장동,1.0,0.0,0.0,0.0,0.3333333333333333,0.0
2020,10,서구,충무동,1.0,0.0,0.0,0.0,0.2582417582417582,0.0
2020,10,서구,토성동,1.0,0.0,0.0,0.0,0.3875,0.0
2020,10,수영구,광안동,0.8333700198106977,0.07163415414134953,0.0957586717080388,0.0,0.33938845964162423,0.02734250079948833
2020,10,수영구,남천동,0.91005291005291,0.07208994708994709,0.0,0.0,0.4074074074074074,0.0
2020,10,수영구,망미동,0.7268518518518519,0.08854166666666666,0.15740740740740738,0.0,0.32291666666666663,0.06828703703703703
2020,10,수영구,민락동,0.8964285714285715,0.10357142857142856,0.0,0.0,0.37857142857142856,0.0
2020,10,수영구,수영동,0.975,0.025,0.0,0.0,0.25384615384615383,0.05
2020,10,연제구,거제동,0.9279907084785133,0.03629500580720093,0.03629500580720093,0.0,0.4146341463414634,0.10975609756097561
2020,10,연제구,연산동,0.6652730855855856,0.028782894736842105,0.31369650900900903,0.0,0.19605855855855858,0.0390625
2020,10,영도구,남항동,0.9615384615384616,0.038461538461538464,0.0,0.0,0.4017857142857143,0.041666666666666664
2020,10,영도구,대교동,0.8888888888888888,0.1111111111111111,0.0,0.0,0.05555555555555555,0.05555555555555555
2020,10,영도구,대평동,1.0,0.0,0.0,0.0,0.1,0.0
2020,10,영도구,동삼동,0.711111111111111,0.08147058823529411,0.17478991596638654,0.0,0.18333333333333335,0.07166666666666666
2020,10,영도구,봉래동,0.75,0.25,0.0,0.0,0.3333333333333333,0.0
2020,10,영도구,신선동,1.0,0.0,0.0,0.0,0.2,0.0
2020,10,영도구,영선동,0.6779411764705883,0.05024509803921569,0.29264705882352937,0.0,0.22916666666666669,0.0
2020,10,영도구,청학동,0.5716666666666668,0.08333333333333333,0.32666666666666666,0.0,0.3125,0.0
2020,10,중구,광복동,1.0,0.0,0.0,0.0,0.0,0.0
2020,10,중구,남포동,0.9666666666666667,0.0,0.03333333333333333,0.0,0.3416666666666667,0.0
2020,10,중구,대창동,0.0,0.0,1.0,0.0,0.0,0.0
2020,10,중구,대청동,1.0,0.0,0.0,0.0,0.0,0.0
2020,10,중구,동광동,1.0,0.0,0.0,0.0,0.0,0.125
2020,10,중구,보수동,0.8636363636363636,0.0,0.13636363636363635,0.0,0.24747474747474746,0.0
2020,10,중구,부평동,0.8636363636363636,0.0,0.13636363636363635,0.0,0.2954545454545454,0.0
2020,10,중구,신창동,1.0,0.0,0.0,0.0,0.5,0.0
2020,10,중구,영주동,1.0,0.0,0.0,0.0,0.3833333333333333,0.08333333333333333
2020,10,중구,중앙동,0.8368700265251989,0.034482758620689655,0.13247863247863248,0.0,0.32539682539682535,0.13247863247863248
2020,10,중구,창선동,0.5,0.0,0.5,0.0,0.0,0.0
2020,10,해운대구,반송동,0.8038302277432712,0.06728778467908902,0.13744588744588743,0.0,0.23809523809523808,0.050865800865800864
2020,10,해운대구,반여동,0.7388434946574481,0.07353865493400377,0.18604651162790697,0.0,0.2849691797060218,0.0
2020,10,해운대구,석대동,0.6607142857142857,0.26785714285714285,0.0,0.0,0.875,0.0
2020,10,해운대구,송정동,0.5714285714285714,0.07738095238095238,0.34523809523809523,0.0,0.21428571428571427,0.0
2020,10,해운대구,우동,0.7436507936507937,0.13412698412698412,0.1397003745318352,0.0,0.2842850546406034,0.030187265917603
2020,10,해운대구,재송동,0.8597262952101662,0.07869012707722385,0.05061179087875417,0.0,0.3509454949944383,0.0
2020,10,해운대구,좌동,0.7865296803652968,0.09313725490196079,0.11845286059629331,0.0,0.25,0.0392156862745098
2020,10,해운대구,중동,0.7321428571428572,0.12896825396825395,0.13700051894135962,0.0,0.2387706855791962,0.013888888888888888
2021,5,강서구,강동동,0.8333333333333334,0.16666666666666666,0.0,0.0,0.5,0.0
2021,5,강서구,구랑동,0.5,0.5,0.0,0.0,0.5,0.0
2021,5,강서구,녹산동,1.0,0.0,0.0,0.0,1.0,0.0
2021,5,강서구,눌차동,0.75,0.0,0.25,0.0,0.0,0.5
2021,5,강서구,대저1동,0.5714285714285714,0.35714285714285715,0.07142857142857142,0.0,0.5714285714285714,0.0
2021,5,강서구,대저2동,0.8571428571428571,0.14285714285714285,0.0,0.0,0.7142857142857143,0.0
2021,5,강서구,대항동,1.0,0.0,0.0,0.0,0.0,0.0
2021,5,강서구,동선동,1.0,0.0,0.0,0.0,0.0,0.0
2021,5,강서구,명지동,0.7894736842105263,0.21052631578947367,0.0,0.0,0.5,0.0
2021,5,강서구,미음동,0.5,0.3333333333333333,0.16666666666666666,0.0,0.6666666666666666,0.0
2021,5,강서구,범방동,0.6666666666666666,0.3333333333333333,0.0,0.0,0.6666666666666666,0.0
2021,5,강서구,봉림동,0.2,0.8,0.0,0.0,1.0,0.0
2021,5,강서구,생곡동,0.8,0.2,0.0,0.0,0.8,0.0
2021,5,강서구,성북동,0.8571428571428571,0.14285714285714285,0.0,0.0,0.5714285714285714,0.0
2021,5,강서구,송정동,0.6363636363636364,0.0,0.36363636363636365,0.0,0.45454545454545453,0.0
2021,5,강서구,식만동,0.0,1.0,0.0,0.0,1.0,0.0
2021,5,강서구,신호동,0.6,0.2,0.2,0.0,0.4,0.1
2021,5,강서구,죽동동,0.5,0.5,0.0,0.0,0.875,0.0
2021,5,강서구,죽림동,0.0,1.0,0.0,0.0,1.0,0.0
2021,5,강서구,지사동,0.75,0.0,0.25,0.0,0.25,0.0
2021,5,강서구,천성동,0.3333333333333333,0.6666666666666666,0.0,0.0,0.6666666666666666,0.0
2021,5,강서구,화전동,1.0,0.0,0.0,0.0,0.0,0.0
2021,5,금정구,구서동,0.6666666666666666,0.2,0.13333333333333333,0.0,0.6,0.0
2021,5,금정구,금사동,0.5,0.0,0.5,0.0,0.25,0.0
2021,5,금정구,금성동,0.14285714285714285,0.42857142857142855,0.42857142857142855,0.0,0.14285714285714285,0.0
2021,5,금정구,남산동,0.65,0.1,0.25,0.0,0.25,0.0
2021,5,금정구,노포동,1.0,0.0,0.0,0.0,0.0,0.0
2021,5,금정구,두구동,0.75,0.125,0.0,0.125,0.375,0.0
2021,5,금정구,부곡동,0.9130434782608695,0.0,0.08695652173913043,0.0,0.30434782608695654,0.0
2021,5,금정구,서동,1.0,0.0,0.0,0.0,0.25,0.0625
2021,5,금정구,선동,0.25,0.75,0.0,0.0,1.0,0.0
2021,5,금정구,오륜동,0.6666666666666666,0.3333333333333333,0.0,0.0,0.6666666666666666,0.0
2021,5,금정구,장전동,0.8947368421052632,0.05263157894736842,0.05263157894736842,0.0,0.2631578947368421,0.0
2021,5,금정구,청룡동,0.75,0.25,0.0,0.0,0.0,0.0
2021,5,금정구,회동동,0.5,0.0,0.5,0.0,0.5,0.0
2021,5,기장군,기장읍,0.765625,0.15625,0.078125,0.0,0.421875,0.0
2021,5,기장군,일광읍,0.5625,0.3125,0.0625,0.0625,0.3125,0.0
2021,5,기장군,장안읍,0.4782608695652174,0.391304347826087,0.08695652173913043,0.043478260869565216,0.5652173913043478,0.0
2021,5,기장군,정관읍,0.631578947368421,0.05263157894736842,0.2894736842105263,0.02631578947368421,0.23684210526315788,0.0
2021,5,기장군,철마면,0.5454545454545454,0.45454545454545453,0.0,0.0,0.7272727272727273,0.0
2021,5,남구,감만동,0.625,0.041666666666666664,0.3333333333333333,0.0,0.3333333333333333,0.041666666666666664
2021,5,남구,대연동,0.9154929577464789,0.07042253521126761,0.014084507042253521,0.0,0.4507042253521127,0.028169014084507043
2021,5,남구,문현동,0.8333333333333334,0.06666666666666667,0.1,0.0,0.36666666666666664,0.0
2021,5,남구,용당동,0.25,0.625,0.125,0.0,0.625,0.0
2021,5,남구,용호동,0.926829268292683,0.04878048780487805,0.024390243902439025,0.0,0.34146341463414637,0.0
2021,5,남구,우암동,1.0,0.0,0.0,0.0,0.2,0.0
2021,5,동구,범일동,0.8,0.04,0.16,0.0,0.36,0.0
2021,5,동구,수정동,0.625,0.1875,0.1875,0.0,0.375,0.0
2021,5,동구,좌천동,0.8181818181818182,0.09090909090909091,0.09090909090909091,0.0,0.45454545454545453,0.0
2021,5,동구,초량동,0.8461538461538461,0.07692307692307693,0.07692307692307693,0.0,0.28205128205128205,0.0
2021,5,동래구,낙민동,1.0,0.0,0.0,0.0,0.25,0.125
2021,5,동래구,명륜동,1.0,0.0,0.0,0.0,0.2,0.0
2021,5,동래구,명장동,0.5652173913043478,0.08695652173913043,0.34782608695652173,0.0,0.2608695652173913,0.0
2021,5,동래구,복천동,0.75,0.125,0.125,0.0,0.375,0.0
2021,5,동래구,사직동,0.7037037037037037,0.0,0.2962962962962963,0.0,0.18518518518518517,0.037037037037037035
2021,5,동래구,수안동,0.7058823529411765,0.11764705882352941,0.17647058823529413,0.0,0.47058823529411764,0.0
2021,5,동래구,안락동,0.8888888888888888,0.0,0.1111111111111111,0.0,0.4444444444444444,0.05555555555555555
2021,5,동래구,온천동,0.7241379310344828,0.1206896551724138,0.15517241379310345,0.0,0.29310344827586204,0.0
2021,5,동래구,칠산동,0.6666666666666666,0.0,0.3333333333333333,0.0,0.0,0.3333333333333333
2021,5,부산진구,가야동,0.7027027027027027,0.02702702702702703,0.2702702702702703,0.0,0.1891891891891892,0.0
2021,5,부산진구,개금동,0.9705882352941176,0.029411764705882353,0.0,0.0,0.5588235294117647,0.029411764705882353
2021,5,부산진구,당감동,0.7692307692307693,0.07692307692307693,0.15384615384615385,0.0,0.5,0.0
2021,5,부산진구,범전동,1.0,0.0,0.0,0.0,0.5,0.0
2021,5,부산진구,범천동,0.8888888888888888,0.0,0.1111111111111111,0.0,0.25925925925925924,0.0
2021,5,부산진구,부암동,0.6,0.1,0.3,0.0,0.4,0.0
2021,5,부산진구,부전동,0.9130434782608695,0.0,0.08695652173913043,0.0,0.43478260869565216,0.014492753623188406
2021,5,부산진구,양정동,0.7931034482758621,0.06896551724137931,0.13793103448275862,0.0,0.3793103448275862,0.0
2021,5,부산진구,연지동,1.0,0.0,0.0,0.0,0.42857142857142855,0.0
2021,5,부산진구,전포동,0.9117647058823529,0.029411764705882353,0.058823529411764705,0.0,0.5882352941176471,0.0
2021,5,부산진구,초읍동,1.0,0.0,0.0,0.0,0.2,0.0
2021,5,북구,구포동,0.8571428571428571,0.14285714285714285,0.0,0.0,0.4489795918367347,0.02040816326530612
2021,5,북구,금곡동,0.85,0.05,0.1,0.0,0.2,0.0
2021,5,북구,덕천동,0.6666666666666666,0.12121212121212122,0.21212121212121213,0.0,0.42424242424242425,0.0
2021,5,북구,만덕동,0.6,0.16,0.24,0.0,0.4,0.0
2021,5,북구,화명동,0.75,0.045454545454545456,0.20454545454545456,0.0,0.45454545454545453,0.0
2021,5,사상구,감전동,0.7894736842105263,0.10526315789473684,0.10526315789473684,0.0,0.47368421052631576,0.05263157894736842
2021,5,사상구,괘법동,0.90625,0.03125,0.0625,0.0,0.40625,0.03125
2021,5,사상구,덕포동,0.7647058823529411,0.058823529411764705,0.17647058823529413,0.0,0.29411764705882354,0.0
2021,5,사상구,모라동,0.75,0.06818181818181818,0.18181818181818182,0.0,0.38636363636363635,0.0
2021,5,사상구,삼락동,0.6206896551724138,0.1724137931034483,0.20689655172413793,0.0,0.4827586206896552,0.0
2021,5,사상구,엄궁동,0.9090909090909091,0.09090909090909091,0.0,0.0,0.5454545454545454,0.0
2021,5,사상구,주례동,0.6363636363636364,0.09090909090909091,0.2727272727272727,0.0,0.42424242424242425,0.0
2021,5,사상구,학장동,0.8148148148148148,0.14814814814814814,0.037037037037037035,0.0,0.5185185185185185,0.0
2021,5,사하구,감천동,0.85,0.05,0.1,0.0,0.3,0.0
2021,5,사하구,괴정동,0.8275862068965517,0.0,0.1724137931034483,0.0,0.27586206896551724,0.034482758620689655
2021,5,사하구,구평동,1.0,0.0,0.0,0.0,0.4,0.0
2021,5,사하구,다대동,0.7674418604651163,0.09302325581395349,0.13953488372093023,0.0,0.23255813953488372,0.0
2021,5,사하구,당리동,0.8666666666666667,0.0,0.13333333333333333,0.0,0.4,0.0
2021,5,사하구,신평동,0.4482758620689655,0.034482758620689655,0.5172413793103449,0.0,0.13793103448275862,0.0
2021,5,사하구,장림동,0.8260869565217391,0.13043478260869565,0.043478260869565216,0.0,0.4782608695652174,0.08695652173913043
2021,5,사하구,하단동,0.75,0.2,0.05,0.0,0.25,0.025
2021,5,서구,남부민동,0.7647058823529411,0.0,0.23529411764705882,0.0,0.4117647058823529,0.0
2021,5,서구,동대신동,0.9,0.1,0.0,0.0,0.3,0.1
2021,5,서구,부민동,0.3333333333333333,0.0,0.6666666666666666,0.0,0.0,0.0
2021,5,서구,부용동,1.0,0.0,0.0,0.0,0.25,0.0
2021,5,서구,서대신동,0.7777777777777778,0.1111111111111111,0.1111111111111111,0.0,0.3333333333333333,0.0
2021,5,서구,아미동,1.0,0.0,0.0,0.0,0.2857142857142857,0.0
2021,5,서구,암남동,0.8461538461538461,0.0,0.15384615384615385,0.0,0.15384615384615385,0.07692307692307693
2021,5,서구,초장동,1.0,0.0,0.0,0.0,0.0,0.0
2021,5,서구,충무동,1.0,0.0,0.0,0.0,0.2,0.0
2021,5,서구,토성동,1.0,0.0,0.0,0.0,0.16666666666666666,0.0
2021,5,수영구,광안동,0.7857142857142857,0.03571428571428571,0.17857142857142858,0.0,0.32142857142857145,0.017857142857142856
2021,5,수영구,남천동,0.7916666666666666,0.041666666666666664,0.16666666666666666,0.0,0.4166666666666667,0.041666666666666664
2021,5,수영구,망미동,0.8571428571428571,0.0,0.14285714285714285,0.0,0.47619047619047616,0.0
2021,5,수영구,민락동,0.875,0.125,0.0,0.0,0.4166666666666667,0.0
2021,5,수영구,수영동,0.875,0.125,0.0,0.0,0.25,0.0
2021,5,연제구,거제동,0.9393939393939394,0.0,0.06060606060606061,0.0,0.42424242424242425,0.06060606060606061
2021,5,연제구,연산동,0.6641221374045801,0.030534351145038167,0.3053435114503817,0.0,0.2595419847328244,0.03816793893129771
2021,5,영도구,남항동,0.8333333333333334,0.0,0.16666666666666666,0.0,0.3333333333333333,0.0
2021,5,영도구,대교동,1.0,0.0,0.0,0.0,0.3333333333333333,0.16666666666666666
2021,5,영도구,대평동,0.0,1.0,0.0,0.0,0.0,0.0
2021,5,영도구,동삼동,0.8444444444444444,0.0,0.15555555555555556,0.0,0.2,0.044444444444444446
2021,5,영도구,봉래동,0.5,0.5,0.0,0.0,0.625,0.25
2021,5,영도구,신선동,0.5,0.0,0.0,0.5,0.5,0.0
2021,5,영도구,영선동,0.6666666666666666,0.06666666666666667,0.26666666666666666,0.0,0.26666666666666666,0.0
2021,5,영도구,청학동,0.7727272727272727,0.045454545454545456,0.18181818181818182,0.0,0.36363636363636365,0.0
2021,5,중구,광복동,1.0,0.0,0.0,0.0,0.3333333333333333,0.0
2021,5,중구,남포동,0.8888888888888888,0.0,0.1111111111111111,0.0,0.3333333333333333,0.05555555555555555
2021,5,중구,대창동,1.0,0.0,0.0,0.0,0.5,0.0
2021,5,중구,대청동,1.0,0.0,0.0,0.0,0.3333333333333333,0.0
2021,5,중구,동광동,1.0,0.0,0.0,0.0,0.25,0.0
2021,5,중구,보수동,1.0,0.0,0.0,0.0,0.0,0.0
2021,5,중구,부평동,0.9375,0.0,0.0625,0.0,0.375,0.0625
2021,5,중구,신창동,1.0,0.0,0.0,0.0,1.0,0.0
2021,5,중구,영주동,0.8,0.2,0.0,0.0,0.6,0.0
2021,5,중구,중앙동,0.45454545454545453,0.18181818181818182,0.36363636363636365,0.0,0.2727272727272727,0.0
2021,5,중구,창선동,1.0,0.0,0.0,0.0,0.25,0.0
2021,5,해운대구,반송동,0.7878787878787878,0.06060606060606061,0.15151515151515152,0.0,0.15151515151515152,0.0
2021,5,해운대구,반여동,0.6486486486486487,0.16216216216216217,0.16216216216216217,0.02702702702702703,0.40540540540540543,0.0
2021,5,해운대구,석대동,0.6666666666666666,0.3333333333333333,0.0,0.0,0.8333333333333334,0.0
2021,5,해운대구,송정동,0.47368421052631576,0.15789473684210525,0.3684210526315789,0.0,0.15789473684210525,0.0
2021,5,해운대구,우동,0.7037037037037037,0.13580246913580246,0.16049382716049382,0.0,0.345679012345679,0.012345679012345678
2021,5,해운대구,재송동,0.875,0.125,0.0,0.0,0.53125,0.0
2021,5,해운대구,좌동,0.8108108108108109,0.08108108108108109,0.10810810810810811,0.0,0.43243243243243246,0.0
2021,5,해운대구,중동,0.75,0.05555555555555555,0.19444444444444445,0.0,0.2777777777777778,0.027777777777777776
2021,6,강서구,강동동,0.875,0.0,0.125,0.0,0.375,0.375
2021,6,강서구,구랑동,0.5,0.0,0.5,0.0,0.25,0.0
2021,6,강서구,녹산동,1.0,0.0,0.0,0.0,0.5,0.0
2021,6,강서구,눌차동,0.0,1.0,0.0,0.0,1.0,0.0
2021,6,강서구,대저1동,0.7894736842105263,0.15789473684210525,0.05263157894736842,0.0,0.5263157894736842,0.05263157894736842
2021,6,강서구,대저2동,0.7142857142857143,0.2857142857142857,0.0,0.0,0.5714285714285714,0.07142857142857142
2021,6,강서구,대항동,0.0,1.0,0.0,0.0,0.0,0.0
2021,6,강서구,동선동,0.0,1.0,0.0,0.0,0.0,0.0
2021,6,강서구,명지동,0.7058823529411765,0.20588235294117646,0.08823529411764706,0.0,0.38235294117647056,0.029411764705882353
2021,6,강서구,미음동,1.0,0.0,0.0,0.0,0.0,0.0
2021,6,강서구,범방동,0.5555555555555556,0.3333333333333333,0.1111111111111111,0.0,0.8888888888888888,0.0
2021,6,강서구,봉림동,0.6,0.4,0.0,0.0,0.6,0.0
2021,6,강서구,생곡동,0.2,0.45,0.35,0.0,0.45,0.0
2021,6,강서구,성북동,0.42857142857142855,0.42857142857142855,0.14285714285714285,0.0,0.7142857142857143,0.14285714285714285
2021,6,강서구,송정동,0.6153846153846154,0.23076923076923078,0.15384615384615385,0.0,0.5384615384615384,0.0
2021,6,강서구,식만동,1.0,0.0,0.0,0.0,0.5,0.0
2021,6,강서구,신호동,0.8571428571428571,0.0,0.14285714285714285,0.0,0.2857142857142857,0.14285714285714285
2021,6,강서구,죽동동,1.0,0.0,0.0,0.0,1.0,0.0
2021,6,강서구,죽림동,0.3333333333333333,0.3333333333333333,0.3333333333333333,0.0,0.3333333333333333,0.0
2021,6,강서구,지사동,0.16666666666666666,0.0,0.8333333333333334,0.0,0.0,0.0
2021,6,강서구,천성동,0.3333333333333333,0.6666666666666666,0.0,0.0,0.6666666666666666,0.0
2021,6,강서구,화전동,0.5,0.5,0.0,0.0,0.5,0.0
2021,6,금정구,구서동,0.75,0.08333333333333333,0.16666666666666666,0.0,0.2916666666666667,0.20833333333333334
2021,6,금정구,금사동,0.75,0.0,0.25,0.0,0.375,0.0
2021,6,금정구,금성동,0.14285714285714285,0.0,0.7142857142857143,0.14285714285714285,0.0,0.0
2021,6,금정구,남산동,0.7222222222222222,0.0,0.2777777777777778,0.0,0.3888888888888889,0.0
2021,6,금정구,노포동,1.0,0.0,0.0,0.0,0.5,0.0
2021,6,금정구,두구동,1.0,0.0,0.0,0.0,0.3333333333333333,0.0
2021,6,금정구,부곡동,0.9142857142857143,0.02857142857142857,0.05714285714285714,0.0,0.42857142857142855,0.08571428571428572
2021,6,금정구,서동,1.0,0.0,0.0,0.0,0.29411764705882354,0.0
2021,6,금정구,선동,0.0,1.0,0.0,0.0,0.0,0.0
2021,6,금정구,오륜동,0.4,0.6,0.0,0.0,0.8,0.0
2021,6,금정구,장전동,0.8055555555555556,0.1111111111111111,0.08333333333333333,0.0,0.3055555555555556,0.1111111111111111
2021,6,금정구,청룡동,0.5714285714285714,0.2857142857142857,0.14285714285714285,0.0,0.2857142857142857,0.0
2021,6,금정구,회동동,0.6,0.4,0.0,0.0,0.6,0.0
2021,6,기장군,기장읍,0.7142857142857143,0.1836734693877551,0.08163265306122448,0.02040816326530612,0.46938775510204084,0.04081632653061224
2021,6,기장군,일광읍,0.6923076923076923,0.3076923076923077,0.0,0.0,0.6153846153846154,0.0
2021,6,기장군,장안읍,0.6,0.2,0.2,0.0,0.2,0.06666666666666667
2021,6,기장군,정관읍,0.7755102040816326,0.10204081632653061,0.10204081632653061,0.02040816326530612,0.2857142857142857,0.20408163265306123
2021,6,기장군,철마면,0.5,0.4166666666666667,0.0,0.08333333333333333,0.5,0.08333333333333333
2021,6,남구,감만동,0.55,0.1,0.35,0.0,0.15,0.0
2021,6,남구,대연동,0.8309859154929577,0.11267605633802817,0.056338028169014086,0.0,0.5492957746478874,0.056338028169014086
2021,6,남구,문현동,0.8064516129032258,0.0967741935483871,0.0967741935483871,0.0,0.5806451612903226,0.06451612903225806
2021,6,남구,용당동,0.7777777777777778,0.1111111111111111,0.1111111111111111,0.0,0.3333333333333333,0.0
2021,6,남구,용호동,0.8,0.14285714285714285,0.05714285714285714,0.0,0.22857142857142856,0.08571428571428572
2021,6,남구,우암동,0.8571428571428571,0.14285714285714285,0.0,0.0,0.2857142857142857,0.14285714285714285
2021,6,동구,범일동,0.75,0.08333333333333333,0.16666666666666666,0.0,0.375,0.041666666666666664
2021,6,동구,수정동,0.65,0.0,0.35,0.0,0.2,0.1
2021,6,동구,좌천동,0.7272727272727273,0.18181818181818182,0.09090909090909091,0.0,0.5454545454545454,0.0
2021,6,동구,초량동,0.7317073170731707,0.14634146341463414,0.12195121951219512,0.0,0.36585365853658536,0.04878048780487805
2021,6,동래구,낙민동,0.8888888888888888,0.1111111111111111,0.0,0.0,0.3333333333333333,0.1111111111111111
2021,6,동래구,명륜동,0.9090909090909091,0.045454545454545456,0.045454545454545456,0.0,0.2727272727272727,0.045454545454545456
2021,6,동래구,명장동,0.7222222222222222,0.05555555555555555,0.2222222222222222,0.0,0.16666666666666666,0.3333333333333333
2021,6,동래구,복천동,1.0,0.0,0.0,0.0,0.6,0.0
2021,6,동래구,사직동,0.75,0.03125,0.21875,0.0,0.28125,0.09375
2021,6,동래구,수안동,0.6923076923076923,0.0,0.3076923076923077,0.0,0.46153846153846156,0.0
2021,6,동래구,안락동,0.8235294117647058,0.17647058823529413,0.0,0.0,0.5294117647058824,0.17647058823529413
2021,6,동래구,온천동,0.8059701492537313,0.04477611940298507,0.13432835820895522,0.014925373134328358,0.2537313432835821,0.05970149253731343
2021,6,동래구,칠산동,1.0,0.0,0.0,0.0,0.3333333333333333,0.0
2021,6,부산진구,가야동,0.660377358490566,0.07547169811320754,0.2641509433962264,0.0,0.3018867924528302,0.018867924528301886
2021,6,부산진구,개금동,0.8461538461538461,0.07692307692307693,0.07692307692307693,0.0,0.20512820512820512,0.07692307692307693
2021,6,부산진구,당감동,0.72,0.16,0.12,0.0,0.32,0.16
2021,6,부산진구,범전동,1.0,0.0,0.0,0.0,0.5,0.0
2021,6,부산진구,범천동,0.8055555555555556,0.1388888888888889,0.05555555555555555,0.0,0.3888888888888889,0.0
2021,6,부산진구,부암동,0.5862068965517241,0.034482758620689655,0.3793103448275862,0.0,0.3103448275862069,0.034482758620689655
2021,6,부산진구,부전동,0.8524590163934426,0.09836065573770492,0.04918032786885246,0.0,0.47540983606557374,0.01639344262295082
2021,6,부산진구,양정동,0.6470588235294118,0.08823529411764706,0.2647058823529412,0.0,0.29411764705882354,0.08823529411764706
2021,6,부산진구,연지동,0.9,0.1,0.0,0.0,0.4,0.0
2021,6,부산진구,전포동,0.746268656716418,0.07462686567164178,0.1791044776119403,0.0,0.3582089552238806,0.14925373134328357
2021,6,부산진구,초읍동,0.8181818181818182,0.09090909090909091,0.09090909090909091,0.0,0.2727272727272727,0.09090909090909091
2021,6,북구,구포동,0.8367346938775511,0.10204081632653061,0.061224489795918366,0.0,0.3469387755102041,0.14285714285714285
2021,6,북구,금곡동,0.6410256410256411,0.02564102564102564,0.28205128205128205,0.05128205128205128,0.1282051282051282,0.05128205128205128
2021,6,북구,덕천동,0.8055555555555556,0.05555555555555555,0.1388888888888889,0.0,0.2222222222222222,0.027777777777777776
2021,6,북구,만덕동,0.7727272727272727,0.09090909090909091,0.13636363636363635,0.0,0.3181818181818182,0.09090909090909091
2021,6,북구,화명동,0.78125,0.125,0.09375,0.0,0.28125,0.0
2021,6,사상구,감전동,0.7407407407407407,0.037037037037037035,0.2222222222222222,0.0,0.5555555555555556,0.037037037037037035
2021,6,사상구,괘법동,0.8571428571428571,0.09523809523809523,0.047619047619047616,0.0,0.2857142857142857,0.0
2021,6,사상구,덕포동,0.8,0.06666666666666667,0.13333333333333333,0.0,0.26666666666666666,0.4
2021,6,사상구,모라동,0.6486486486486487,0.1891891891891892,0.16216216216216217,0.0,0.35135135135135137,0.16216216216216217
2021,6,사상구,삼락동,0.5,0.16666666666666666,0.3333333333333333,0.0,0.4444444444444444,0.1111111111111111
2021,6,사상구,엄궁동,0.8823529411764706,0.058823529411764705,0.058823529411764705,0.0,0.35294117647058826,0.058823529411764705
2021,6,사상구,주례동,0.7931034482758621,0.1724137931034483,0.034482758620689655,0.0,0.3103448275862069,0.13793103448275862
2021,6,사상구,학장동,0.6111111111111112,0.3333333333333333,0.05555555555555555,0.0,0.6111111111111112,0.0
2021,6,사하구,감천동,0.7435897435897436,0.07692307692307693,0.1794871794871795,0.0,0.07692307692307693,0.41025641025641024
2021,6,사하구,괴정동,0.8181818181818182,0.045454545454545456,0.13636363636363635,0.0,0.18181818181818182,0.11363636363636363
2021,6,사하구,구평동,0.8461538461538461,0.07692307692307693,0.07692307692307693,0.0,0.23076923076923078,0.3076923076923077
2021,6,사하구,다대동,0.7846153846153846,0.07692307692307693,0.1076923076923077,0.03076923076923077,0.18461538461538463,0.15384615384615385
2021,6,사하구,당리동,0.8333333333333334,0.125,0.041666666666666664,0.0,0.20833333333333334,0.3333333333333333
2021,6,사하구,신평동,0.3181818181818182,0.030303030303030304,0.6515151515151515,0.0,0.15151515151515152,0.045454545454545456
2021,6,사하구,장림동,0.8787878787878788,0.09090909090909091,0.030303030303030304,0.0,0.3939393939393939,0.09090909090909091
2021,6,사하구,하단동,0.7777777777777778,0.1111111111111111,0.1111111111111111,0.0,0.4222222222222222,0.0
2021,6,서구,남부민동,0.7692307692307693,0.15384615384615385,0.07692307692307693,0.0,0.38461538461538464,0.23076923076923078
2021,6,서구,동대신동,0.8666666666666667,0.13333333333333333,0.0,0.0,0.2,0.26666666666666666
2021,6,서구,부민동,0.42857142857142855,0.0,0.5714285714285714,0.0,0.14285714285714285,0.0
2021,6,서구,부용동,1.0,0.0,0.0,0.0,0.0,0.0
2021,6,서구,서대신동,0.9047619047619048,0.047619047619047616,0.047619047619047616,0.0,0.2857142857142857,0.14285714285714285
2021,6,서구,아미동,1.0,0.0,0.0,0.0,0.25,0.125
2021,6,서구,암남동,0.8461538461538461,0.15384615384615385,0.0,0.0,0.6153846153846154,0.0
2021,6,서구,초장동,1.0,0.0,0.0,0.0,0.6666666666666666,0.0
2021,6,서구,충무동,1.0,0.0,0.0,0.0,0.0,0.0
2021,6,서구,토성동,0.75,0.0,0.25,0.0,0.25,0.0
2021,6,수영구,광안동,0.7843137254901961,0.11764705882352941,0.09803921568627451,0.0,0.23529411764705882,0.0196078431372549
2021,6,수영구,남천동,0.7857142857142857,0.07142857142857142,0.14285714285714285,0.0,0.35714285714285715,0.0
2021,6,수영구,망미동,0.7916666666666666,0.08333333333333333,0.125,0.0,0.3333333333333333,0.125
2021,6,수영구,민락동,0.9473684210526315,0.0,0.05263157894736842,0.0,0.21052631578947367,0.05263157894736842
2021,6,수영구,수영동,1.0,0.0,0.0,0.0,0.125,0.0
2021,6,연제구,거제동,0.7878787878787878,0.18181818181818182,0.030303030303030304,0.0,0.3939393939393939,0.18181818181818182
2021,6,연제구,연산동,0.6521739130434783,0.07971014492753623,0.26811594202898553,0.0,0.34782608695652173,0.028985507246376812
2021,6,영도구,남항동,1.0,0.0,0.0,0.0,0.3333333333333333,0.0
2021,6,영도구,대교동,1.0,0.0,0.0,0.0,0.0,0.3333333333333333
2021,6,영도구,대평동,1.0,0.0,0.0,0.0,1.0,0.0
2021,6,영도구,동삼동,0.8108108108108109,0.16216216216216217,0.02702702702702703,0.0,0.16216216216216217,0.16216216216216217
2021,6,영도구,봉래동,0.6,0.3,0.1,0.0,0.3,0.0
2021,6,영도구,신선동,0.9230769230769231,0.0,0.07692307692307693,0.0,0.15384615384615385,0.23076923076923078
2021,6,영도구,영선동,0.9230769230769231,0.0,0.07692307692307693,0.0,0.46153846153846156,0.0
2021,6,영도구,청학동,0.75,0.0,0.25,0.0,0.25,0.0
2021,6,중구,광복동,0.5,0.0,0.5,0.0,0.25,0.0
2021,6,중구,남포동,0.8666666666666667,0.13333333333333333,0.0,0.0,0.26666666666666666,0.0
2021,6,중구,대창동,1.0,0.0,0.0,0.0,0.3333333333333333,0.0
2021,6,중구,대청동,0.6666666666666666,0.0,0.3333333333333333,0.0,0.6666666666666666,0.0
2021,6,중구,동광동,1.0,0.0,0.0,0.0,0.0,0.0
2021,6,중구,보수동,0.5,0.5,0.0,0.0,0.0,0.0
2021,6,중구,부평동,0.8125,0.0,0.1875,0.0,0.0625,0.0
2021,6,중구,신창동,1.0,0.0,0.0,0.0,0.0,0.0
2021,6,중구,영주동,0.6,0.4,0.0,0.0,0.4,0.0
2021,6,중구,중앙동,0.5714285714285714,0.0,0.42857142857142855,0.0,0.2857142857142857,0.0
2021,6,중구,창선동,1.0,0.0,0.0,0.0,0.0,0.0
2021,6,해운대구,반송동,0.6578947368421053,0.2631578947368421,0.07894736842105263,0.0,0.10526315789473684,0.18421052631578946
2021,6,해운대구,반여동,0.6666666666666666,0.09090909090909091,0.24242424242424243,0.0,0.18181818181818182,0.09090909090909091
2021,6,해운대구,석대동,0.5714285714285714,0.2857142857142857,0.14285714285714285,0.0,0.7142857142857143,0.0
2021,6,해운대구,송정동,0.7,0.2,0.1,0.0,0.25,0.0
2021,6,해운대구,우동,0.6206896551724138,0.13793103448275862,0.2413793103448276,0.0,0.3103448275862069,0.06896551724137931
2021,6,해운대구,재송동,0.84375,0.125,0.03125,0.0,0.5,0.09375
2021,6,해운대구,좌동,0.7555555555555555,0.06666666666666667,0.17777777777777778,0.0,0.2,0.022222222222222223
2021,6,해운대구,중동,0.5365853658536586,0.24390243902439024,0.21951219512195122,0.0,0.34146341463414637,0.0
2021,7,강서구,강동동,0.42857142857142855,0.42857142857142855,0.14285714285714285,0.0,0.42857142857142855,0.0
2021,7,강서구,구랑동,0.8,0.2,0.0,0.0,0.8,0.0
2021,7,강서구,녹산동,0.3333333333333333,0.3333333333333333,0.3333333333333333,0.0,0.6666666666666666,0.0
2021,7,강서구,눌차동,0.0,1.0,0.0,0.0,0.0,0.0
2021,7,강서구,대저1동,0.5,0.2647058823529412,0.23529411764705882,0.0,0.38235294117647056,0.058823529411764705
2021,7,강서구,대저2동,0.5555555555555556,0.4444444444444444,0.0,0.0,0.7777777777777778,0.0
2021,7,강서구,대항동,0.0,1.0,0.0,0.0,0.0,0.0
2021,7,강서구,동선동,0.5,0.5,0.0,0.0,0.0,0.0
2021,7,강서구,명지동,0.8387096774193549,0.12903225806451613,0.03225806451612903,0.0,0.5483870967741935,0.03225806451612903
2021,7,강서구,미음동,0.5,0.5,0.0,0.0,0.5,0.0
2021,7,강서구,범방동,0.3333333333333333,0.5,0.16666666666666666,0.0,0.6666666666666666,0.0
2021,7,강서구,봉림동,0.6666666666666666,0.3333333333333333,0.0,0.0,0.6666666666666666,0.0
2021,7,강서구,생곡동,0.0,1.0,0.0,0.0,1.0,0.0
2021,7,강서구,성북동,0.5,0.3333333333333333,0.16666666666666666,0.0,0.6666666666666666,0.0
2021,7,강서구,송정동,0.3,0.5,0.2,0.0,0.4,0.0
2021,7,강서구,식만동,1.0,0.0,0.0,0.0,0.0,0.0
2021,7,강서구,신호동,0.8181818181818182,0.18181818181818182,0.0,0.0,0.18181818181818182,0.0
2021,7,강서구,죽동동,1.0,0.0,0.0,0.0,0.5,0.0
2021,7,강서구,죽림동,0.5,0.5,0.0,0.0,0.0,0.0
2021,7,강서구,지사동,1.0,0.0,0.0,0.0,0.6,0.0
2021,7,강서구,천성동,0.0,1.0,0.0,0.0,0.0,0.0
2021,7,강서구,화전동,0.75,0.25,0.0,0.0,0.25,0.0
2021,7,금정구,구서동,0.7027027027027027,0.1891891891891892,0.10810810810810811,0.0,0.3783783783783784,0.08108108108108109
2021,7,금정구,금사동,0.375,0.625,0.0,0.0,0.25,0.0
2021,7,금정구,금성동,0.6,0.0,0.4,0.0,0.2,0.0
2021,7,금정구,남산동,0.7037037037037037,0.1111111111111111,0.18518518518518517,0.0,0.25925925925925924,0.0
2021,7,금정구,노포동,0.2,0.8,0.0,0.0,1.0,0.0
2021,7,금정구,두구동,0.6666666666666666,0.3333333333333333,0.0,0.0,1.0,0.0
2021,7,금정구,부곡동,0.7555555555555555,0.13333333333333333,0.1111111111111111,0.0,0.4444444444444444,0.022222222222222223
2021,7,금정구,서동,0.6818181818181818,0.18181818181818182,0.13636363636363635,0.0,0.22727272727272727,0.045454545454545456
2021,7,금정구,선동,1.0,0.0,0.0,0.0,0.8,0.0
2021,7,금정구,오륜동,0.5555555555555556,0.4444444444444444,0.0,0.0,0.8888888888888888,0.0
2021,7,금정구,장전동,0.8148148148148148,0.1111111111111111,0.07407407407407407,0.0,0.2222222222222222,0.07407407407407407
2021,7,금정구,청룡동,0.3333333333333333,0.5,0.16666666666666666,0.0,0.0,0.0
2021,7,금정구,회동동,0.2,0.8,0.0,0.0,0.4,0.0
2021,7,기장군,기장읍,0.43037974683544306,0.5063291139240507,0.06329113924050633,0.0,0.20253164556962025,0.0
2021,7,기장군,일광읍,0.4782608695652174,0.5217391304347826,0.0,0.0,0.5652173913043478,0.0
2021,7,기장군,장안읍,0.2,0.55,0.25,0.0,0.5,0.0
2021,7,기장군,정관읍,0.6875,0.08333333333333333,0.22916666666666666,0.0,0.375,0.0625
2021,7,기장군,철마면,0.6666666666666666,0.25,0.08333333333333333,0.0,0.4166666666666667,0.0
2021,7,남구,감만동,0.3888888888888889,0.3888888888888889,0.2222222222222222,0.0,0.16666666666666666,0.0
2021,7,남구,대연동,0.6976744186046512,0.27906976744186046,0.023255813953488372,0.0,0.3488372093023256,0.03488372093023256
2021,7,남구,문현동,0.39705882352941174,0.5882352941176471,0.014705882352941176,0.0,0.19117647058823528,0.0
2021,7,남구,용당동,0.6666666666666666,0.2222222222222222,0.1111111111111111,0.0,0.3333333333333333,0.1111111111111111
2021,7,남구,용호동,0.6440677966101694,0.3050847457627119,0.05084745762711865,0.0,0.2711864406779661,0.01694915254237288
2021,7,남구,우암동,0.5454545454545454,0.45454545454545453,0.0,0.0,0.18181818181818182,0.0
2021,7,동구,범일동,0.2786885245901639,0.6229508196721312,0.09836065573770492,0.0,0.09836065573770492,0.03278688524590164
2021,7,동구,수정동,0.39473684210526316,0.39473684210526316,0.21052631578947367,0.0,0.15789473684210525,0.0
2021,7,동구,좌천동,0.46153846153846156,0.5384615384615384,0.0,0.0,0.3076923076923077,0.0
2021,7,동구,초량동,0.4647887323943662,0.5070422535211268,0.028169014084507043,0.0,0.23943661971830985,0.0
2021,7,동래구,낙민동,0.8888888888888888,0.1111111111111111,0.0,0.0,0.5555555555555556,0.1111111111111111
2021,7,동래구,명륜동,0.8421052631578947,0.15789473684210525,0.0,0.0,0.3684210526315789,0.0
2021,7,동래구,명장동,0.6,0.3,0.1,0.0,0.35,0.0
2021,7,동래구,복천동,0.5,0.5,0.0,0.0,0.0,0.0
2021,7,동래구,사직동,0.7586206896551724,0.1724137931034483,0.06896551724137931,0.0,0.41379310344827586,0.0
2021,7,동래구,수안동,0.5714285714285714,0.09523809523809523,0.3333333333333333,0.0,0.23809523809523808,0.047619047619047616
2021,7,동래구,안락동,0.6904761904761905,0.2857142857142857,0.023809523809523808,0.0,0.21428571428571427,0.0
2021,7,동래구,온천동,0.684931506849315,0.1780821917808219,0.136986301369863,0.0,0.3698630136986301,0.0
2021,7,동래구,칠산동,0.5,0.5,0.0,0.0,0.0,0.0
2021,7,부산진구,가야동,0.5416666666666666,0.3125,0.14583333333333334,0.0,0.375,0.020833333333333332
2021,7,부산진구,개금동,0.675,0.275,0.05,0.0,0.225,0.0
2021,7,부산진구,당감동,0.7045454545454546,0.18181818181818182,0.11363636363636363,0.0,0.29545454545454547,0.11363636363636363
2021,7,부산진구,범전동,1.0,0.0,0.0,0.0,0.5,0.0
2021,7,부산진구,범천동,0.37735849056603776,0.6037735849056604,0.018867924528301886,0.0,0.1320754716981132,0.0
2021,7,부산진구,부암동,0.5454545454545454,0.21212121212121213,0.24242424242424243,0.0,0.21212121212121213,0.030303030303030304
2021,7,부산진구,부전동,0.7764705882352941,0.2235294117647059,0.0,0.0,0.24705882352941178,0.0
2021,7,부산진구,양정동,0.7142857142857143,0.14285714285714285,0.14285714285714285,0.0,0.2857142857142857,0.05714285714285714
2021,7,부산진구,연지동,0.6,0.4,0.0,0.0,0.3,0.0
2021,7,부산진구,전포동,0.5833333333333334,0.2708333333333333,0.14583333333333334,0.0,0.22916666666666666,0.10416666666666667
2021,7,부산진구,초읍동,0.7777777777777778,0.2222222222222222,0.0,0.0,0.05555555555555555,0.0
2021,7,북구,구포동,0.7954545454545454,0.1590909090909091,0.045454545454545456,0.0,0.3181818181818182,0.022727272727272728
2021,7,북구,금곡동,0.6595744680851063,0.14893617021276595,0.19148936170212766,0.0,0.1702127659574468,0.02127659574468085
2021,7,북구,덕천동,0.5526315789473685,0.18421052631578946,0.2631578947368421,0.0,0.21052631578947367,0.0
2021,7,북구,만덕동,0.6190476190476191,0.19047619047619047,0.19047619047619047,0.0,0.2857142857142857,0.047619047619047616
2021,7,북구,화명동,0.7291666666666666,0.20833333333333334,0.0625,0.0,0.3333333333333333,0.0
2021,7,사상구,감전동,0.7878787878787878,0.15151515151515152,0.06060606060606061,0.0,0.3333333333333333,0.0
2021,7,사상구,괘법동,0.9130434782608695,0.043478260869565216,0.043478260869565216,0.0,0.2608695652173913,0.0
2021,7,사상구,덕포동,1.0,0.0,0.0,0.0,0.45454545454545453,0.0
2021,7,사상구,모라동,0.7209302325581395,0.046511627906976744,0.23255813953488372,0.0,0.27906976744186046,0.023255813953488372
2021,7,사상구,삼락동,0.29411764705882354,0.23529411764705882,0.47058823529411764,0.0,0.29411764705882354,0.0
2021,7,사상구,엄궁동,0.8421052631578947,0.05263157894736842,0.10526315789473684,0.0,0.21052631578947367,0.05263157894736842
2021,7,사상구,주례동,0.6388888888888888,0.16666666666666666,0.19444444444444445,0.0,0.3888888888888889,0.0
2021,7,사상구,학장동,0.85,0.1,0.05,0.0,0.5,0.0
2021,7,사하구,감천동,0.5161290322580645,0.41935483870967744,0.06451612903225806,0.0,0.0967741935483871,0.0967741935483871
2021,7,사하구,괴정동,0.5967741935483871,0.3225806451612903,0.08064516129032258,0.0,0.27419354838709675,0.03225806451612903
2021,7,사하구,구평동,0.4666666666666667,0.5333333333333333,0.0,0.0,0.06666666666666667,0.06666666666666667
2021,7,사하구,다대동,0.6756756756756757,0.2702702702702703,0.05405405405405406,0.0,0.17567567567567569,0.0945945945945946
2021,7,사하구,당리동,0.7727272727272727,0.18181818181818182,0.045454545454545456,0.0,0.45454545454545453,0.0
2021,7,사하구,신평동,0.4838709677419355,0.12903225806451613,0.3870967741935484,0.0,0.22580645161290322,0.016129032258064516
2021,7,사하구,장림동,0.6363636363636364,0.3181818181818182,0.045454545454545456,0.0,0.4090909090909091,0.0
2021,7,사하구,하단동,0.7297297297297297,0.1891891891891892,0.08108108108108109,0.0,0.3783783783783784,0.0
2021,7,서구,남부민동,0.8,0.0,0.2,0.0,0.35,0.2
2021,7,서구,동대신동,0.6666666666666666,0.2857142857142857,0.047619047619047616,0.0,0.14285714285714285,0.047619047619047616
2021,7,서구,부민동,0.3333333333333333,0.4444444444444444,0.2222222222222222,0.0,0.3333333333333333,0.0
2021,7,서구,부용동,0.8333333333333334,0.16666666666666666,0.0,0.0,0.16666666666666666,0.0
2021,7,서구,서대신동,0.5555555555555556,0.4444444444444444,0.0,0.0,0.05555555555555555,0.05555555555555555
2021,7,서구,아미동,1.0,0.0,0.0,0.0,0.2,0.0
2021,7,서구,암남동,0.8461538461538461,0.15384615384615385,0.0,0.0,0.38461538461538464,0.07692307692307693
2021,7,서구,초장동,0.5,0.5,0.0,0.0,0.0,0.0
2021,7,서구,충무동,0.7272727272727273,0.2727272727272727,0.0,0.0,0.18181818181818182,0.0
2021,7,서구,토성동,1.0,0.0,0.0,0.0,0.0,0.0
2021,7,수영구,광안동,0.4823529411764706,0.43529411764705883,0.08235294117647059,0.0,0.21176470588235294,0.011764705882352941
2021,7,수영구,남천동,0.6818181818181818,0.2727272727272727,0.045454545454545456,0.0,0.4090909090909091,0.0
2021,7,수영구,망미동,0.6129032258064516,0.3225806451612903,0.06451612903225806,0.0,0.25806451612903225,0.03225806451612903
2021,7,수영구,민락동,0.6538461538461539,0.3076923076923077,0.038461538461538464,0.0,0.4230769230769231,0.0
2021,7,수영구,수영동,0.5,0.5,0.0,0.0,0.2777777777777778,0.0
2021,7,연제구,거제동,0.8297872340425532,0.1276595744680851,0.0425531914893617,0.0,0.3404255319148936,0.06382978723404255
2021,7,연제구,연산동,0.4860335195530726,0.2849162011173184,0.22905027932960895,0.0,0.2122905027932961,0.027932960893854747
2021,7,영도구,남항동,0.8,0.2,0.0,0.0,0.2,0.0
2021,7,영도구,대교동,1.0,0.0,0.0,0.0,0.16666666666666666,0.0
2021,7,영도구,대평동,1.0,0.0,0.0,0.0,1.0,0.0
2021,7,영도구,동삼동,0.5609756097560976,0.2926829268292683,0.14634146341463414,0.0,0.21951219512195122,0.0
2021,7,영도구,봉래동,0.5,0.3333333333333333,0.16666666666666666,0.0,0.16666666666666666,0.0
2021,7,영도구,신선동,0.5,0.5,0.0,0.0,0.16666666666666666,0.16666666666666666
2021,7,영도구,영선동,0.375,0.375,0.25,0.0,0.25,0.0
2021,7,영도구,청학동,0.45454545454545453,0.45454545454545453,0.09090909090909091,0.0,0.09090909090909091,0.0
2021,7,중구,광복동,0.0,1.0,0.0,0.0,0.0,0.0
2021,7,중구,남포동,0.6666666666666666,0.3333333333333333,0.0,0.0,0.16666666666666666,0.0
2021,7,중구,대창동,0.75,0.25,0.0,0.0,0.25,0.75
2021,7,중구,대청동,0.5,0.5,0.0,0.0,0.5,0.0
2021,7,중구,동광동,0.25,0.375,0.375,0.0,0.0,0.0
2021,7,중구,보수동,0.5833333333333334,0.3333333333333333,0.08333333333333333,0.0,0.08333333333333333,0.0
2021,7,중구,부평동,0.52,0.28,0.2,0.0,0.08,0.0
2021,7,중구,신창동,0.0,1.0,0.0,0.0,0.0,0.0
2021,7,중구,영주동,0.8333333333333334,0.16666666666666666,0.0,0.0,0.6666666666666666,0.0
2021,7,중구,중앙동,0.4,0.4,0.2,0.0,0.4,0.0
2021,7,중구,창선동,1.0,0.0,0.0,0.0,0.5,0.0
2021,7,해운대구,반송동,0.37209302325581395,0.4186046511627907,0.20930232558139536,0.0,0.023255813953488372,0.023255813953488372
2021,7,해운대구,반여동,0.45454545454545453,0.4393939393939394,0.10606060606060606,0.0,0.16666666666666666,0.015151515151515152
2021,7,해운대구,석대동,0.3333333333333333,0.6666666666666666,0.0,0.0,0.3333333333333333,0.0
2021,7,해운대구,송정동,0.3181818181818182,0.48484848484848486,0.19696969696969696,0.0,0.16666666666666666,0.0
2021,7,해운대구,우동,0.5042735042735043,0.36752136752136755,0.1282051282051282,0.0,0.2564102564102564,0.03418803418803419
2021,7,해운대구,재송동,0.7692307692307693,0.23076923076923078,0.0,0.0,0.38461538461538464,0.07692307692307693
2021,7,해운대구,좌동,0.6666666666666666,0.14285714285714285,0.19047619047619047,0.0,0.38095238095238093,0.023809523809523808
2021,7,해운대구,중동,0.2736842105263158,0.6526315789473685,0.07368421052631578,0.0,0.09473684210526316,0.0
2021,8,강서구,강동동,0.4375,0.375,0.1875,0.0,0.5625,0.0
2021,8,강서구,구랑동,0.25,0.75,0.0,0.0,1.0,0.0
2021,8,강서구,녹산동,0.3333333333333333,0.6666666666666666,0.0,0.0,0.6666666666666666,0.0
2021,8,강서구,눌차동,0.3333333333333333,0.3333333333333333,0.25,0.0,0.0,0.0
2021,8,강서구,대저1동,0.7058823529411765,0.11764705882352941,0.17647058823529413,0.0,0.47058823529411764,0.0
2021,8,강서구,대저2동,0.8,0.2,0.0,0.0,0.7,0.0
2021,8,강서구,대항동,0.0,0.0,1.0,0.0,0.0,0.0
2021,8,강서구,동선동,1.0,0.0,0.0,0.0,0.0,0.0
2021,8,강서구,명지동,0.7441860465116279,0.20930232558139536,0.046511627906976744,0.0,0.4883720930232558,0.023255813953488372
2021,8,강서구,미음동,0.6666666666666666,0.3333333333333333,0.0,0.0,0.6666666666666666,0.0
2021,8,강서구,범방동,0.4,0.5,0.1,0.0,0.8,0.0
2021,8,강서구,봉림동,0.5,0.5,0.0,0.0,0.75,0.0
2021,8,강서구,생곡동,0.0,1.0,0.0,0.0,0.5,0.0
2021,8,강서구,성북동,0.16666666666666666,0.6666666666666666,0.16666666666666666,0.0,0.3333333333333333,0.0
2021,8,강서구,송정동,0.3076923076923077,0.46153846153846156,0.23076923076923078,0.0,0.5384615384615384,0.0
2021,8,강서구,식만동,1.0,0.0,0.0,0.0,0.0,0.0
2021,8,강서구,신호동,0.5833333333333334,0.25,0.16666666666666666,0.0,0.3333333333333333,0.08333333333333333
2021,8,강서구,죽동동,1.0,0.0,0.0,0.0,0.5,0.0
2021,8,강서구,죽림동,1.0,0.0,0.0,0.0,1.0,0.0
2021,8,강서구,지사동,0.5714285714285714,0.0,0.42857142857142855,0.0,0.0,0.0
2021,8,강서구,천성동,1.0,0.0,0.0,0.0,1.0,0.0
2021,8,강서구,화전동,0.25,0.5,0.25,0.0,0.5,0.0
2021,8,금정구,구서동,0.7142857142857143,0.09523809523809523,0.19047619047619047,0.0,0.3333333333333333,0.047619047619047616
2021,8,금정구,금사동,0.8571428571428571,0.0,0.14285714285714285,0.0,0.2857142857142857,0.14285714285714285
2021,8,금정구,금성동,0.1,0.2,0.7,0.0,0.0,0.0
2021,8,금정구,남산동,0.7,0.1,0.2,0.0,0.2,0.0
2021,8,금정구,노포동,0.5,0.5,0.0,0.0,0.6666666666666666,0.0
2021,8,금정구,두구동,0.8,0.2,0.0,0.0,0.4,0.0
2021,8,금정구,부곡동,0.5142857142857142,0.17142857142857143,0.3142857142857143,0.0,0.2,0.0
2021,8,금정구,서동,0.7222222222222222,0.2222222222222222,0.05555555555555555,0.0,0.2777777777777778,0.05555555555555555
2021,8,금정구,선동,1.0,0.0,0.0,0.0,0.5,0.0
2021,8,금정구,오륜동,0.0,1.0,0.0,0.0,0.7142857142857143,0.0
2021,8,금정구,장전동,0.8571428571428571,0.14285714285714285,0.0,0.0,0.42857142857142855,0.03571428571428571
2021,8,금정구,청룡동,0.875,0.125,0.0,0.0,0.375,0.0
2021,8,금정구,회동동,1.0,0.0,0.0,0.0,0.6,0.0
2021,8,기장군,기장읍,0.7358490566037735,0.1509433962264151,0.11320754716981132,0.0,0.3584905660377358,0.07547169811320754
2021,8,기장군,일광읍,0.6333333333333333,0.3333333333333333,0.03333333333333333,0.0,0.5666666666666667,0.0
2021,8,기장군,장안읍,0.6206896551724138,0.13793103448275862,0.2413793103448276,0.0,0.4482758620689655,0.034482758620689655
2021,8,기장군,정관읍,0.6181818181818182,0.12727272727272726,0.2545454545454545,0.0,0.2909090909090909,0.01818181818181818
2021,8,기장군,철마면,0.8,0.2,0.0,0.0,0.5,0.1
2021,8,남구,감만동,0.5882352941176471,0.35294117647058826,0.058823529411764705,0.0,0.29411764705882354,0.0
2021,8,남구,대연동,0.7303370786516854,0.12359550561797752,0.14606741573033707,0.0,0.42696629213483145,0.011235955056179775
2021,8,남구,문현동,0.8571428571428571,0.07142857142857142,0.07142857142857142,0.0,0.5,0.0
2021,8,남구,용당동,0.5,0.3,0.2,0.0,0.1,0.0
2021,8,남구,용호동,0.8571428571428571,0.11904761904761904,0.023809523809523808,0.0,0.23809523809523808,0.0
2021,8,남구,우암동,0.7,0.2,0.1,0.0,0.3,0.0
2021,8,동구,범일동,0.75,0.125,0.125,0.0,0.375,0.0
2021,8,동구,수정동,0.5263157894736842,0.18421052631578946,0.2894736842105263,0.0,0.15789473684210525,0.07894736842105263
2021,8,동구,좌천동,0.75,0.1,0.15,0.0,0.4,0.05
2021,8,동구,초량동,0.8378378378378378,0.10810810810810811,0.05405405405405406,0.0,0.1891891891891892,0.02702702702702703
2021,8,동래구,낙민동,0.8,0.0,0.2,0.0,0.4,0.0
2021,8,동래구,명륜동,0.625,0.375,0.0,0.0,0.5625,0.0
2021,8,동래구,명장동,0.65,0.15,0.2,0.0,0.35,0.1
2021,8,동래구,복천동,0.0,1.0,0.0,0.0,0.0,0.0
2021,8,동래구,사직동,0.6071428571428571,0.10714285714285714,0.2857142857142857,0.0,0.21428571428571427,0.0
2021,8,동래구,수안동,0.5454545454545454,0.18181818181818182,0.2727272727272727,0.0,0.36363636363636365,0.09090909090909091
2021,8,동래구,안락동,0.7111111111111111,0.2222222222222222,0.06666666666666667,0.0,0.35555555555555557,0.044444444444444446
2021,8,동래구,온천동,0.7843137254901961,0.11764705882352941,0.09803921568627451,0.0,0.4117647058823529,0.0392156862745098
2021,8,동래구,칠산동,0.3333333333333333,0.6666666666666666,0.0,0.0,0.3333333333333333,0.0
2021,8,부산진구,가야동,0.7931034482758621,0.06896551724137931,0.13793103448275862,0.0,0.3448275862068966,0.06896551724137931
2021,8,부산진구,개금동,0.8787878787878788,0.12121212121212122,0.0,0.0,0.5454545454545454,0.0
2021,8,부산진구,당감동,0.7241379310344828,0.06896551724137931,0.20689655172413793,0.0,0.4827586206896552,0.034482758620689655
2021,8,부산진구,범전동,1.0,0.0,0.0,0.0,0.5,0.5
2021,8,부산진구,범천동,0.7931034482758621,0.06896551724137931,0.13793103448275862,0.0,0.27586206896551724,0.034482758620689655
2021,8,부산진구,부암동,0.5555555555555556,0.1388888888888889,0.3055555555555556,0.0,0.25,0.027777777777777776
2021,8,부산진구,부전동,0.9102564102564102,0.0641025641025641,0.02564102564102564,0.0,0.5,0.01282051282051282
2021,8,부산진구,양정동,0.5625,0.03125,0.40625,0.0,0.3125,0.03125
2021,8,부산진구,연지동,0.75,0.25,0.0,0.0,0.25,0.0
2021,8,부산진구,전포동,0.8163265306122449,0.02040816326530612,0.16326530612244897,0.0,0.40816326530612246,0.02040816326530612
2021,8,부산진구,초읍동,0.6470588235294118,0.23529411764705882,0.11764705882352941,0.0,0.11764705882352941,0.0
2021,8,북구,구포동,0.7777777777777778,0.15555555555555556,0.06666666666666667,0.0,0.35555555555555557,0.022222222222222223
2021,8,북구,금곡동,0.6,0.12,0.28,0.0,0.32,0.0
2021,8,북구,덕천동,0.717391304347826,0.13043478260869565,0.15217391304347827,0.0,0.41304347826086957,0.043478260869565216
2021,8,북구,만덕동,0.6538461538461539,0.11538461538461539,0.23076923076923078,0.0,0.38461538461538464,0.0
2021,8,북구,화명동,0.8974358974358975,0.05128205128205128,0.05128205128205128,0.0,0.3333333333333333,0.05128205128205128
2021,8,사상구,감전동,0.5641025641025641,0.2564102564102564,0.1794871794871795,0.0,0.38461538461538464,0.0
2021,8,사상구,괘법동,0.8275862068965517,0.10344827586206896,0.06896551724137931,0.0,0.3103448275862069,0.034482758620689655
2021,8,사상구,덕포동,0.7368421052631579,0.15789473684210525,0.10526315789473684,0.0,0.5263157894736842,0.0
2021,8,사상구,모라동,0.6756756756756757,0.05405405405405406,0.2702702702702703,0.0,0.1891891891891892,0.02702702702702703
2021,8,사상구,삼락동,0.38095238095238093,0.3333333333333333,0.2857142857142857,0.0,0.38095238095238093,0.047619047619047616
2021,8,사상구,엄궁동,0.7391304347826086,0.21739130434782608,0.043478260869565216,0.0,0.5652173913043478,0.0
2021,8,사상구,주례동,0.7368421052631579,0.15789473684210525,0.10526315789473684,0.0,0.3684210526315789,0.0
2021,8,사상구,학장동,0.7391304347826086,0.043478260869565216,0.21739130434782608,0.0,0.43478260869565216,0.0
2021,8,사하구,감천동,0.38095238095238093,0.3333333333333333,0.2857142857142857,0.0,0.19047619047619047,0.0
2021,8,사하구,괴정동,0.7111111111111111,0.1111111111111111,0.17777777777777778,0.0,0.28888888888888886,0.022222222222222223
2021,8,사하구,구평동,0.7,0.2,0.1,0.0,0.4,0.0
2021,8,사하구,다대동,0.64,0.28,0.08,0.0,0.26,0.0
2021,8,사하구,당리동,0.8,0.2,0.0,0.0,0.4,0.0
2021,8,사하구,신평동,0.28,0.1,0.62,0.0,0.12,0.02
2021,8,사하구,장림동,0.8378378378378378,0.08108108108108109,0.08108108108108109,0.0,0.40540540540540543,0.0
2021,8,사하구,하단동,0.7647058823529411,0.17647058823529413,0.058823529411764705,0.0,0.47058823529411764,0.0
2021,8,서구,남부민동,0.45454545454545453,0.2727272727272727,0.2727272727272727,0.0,0.2727272727272727,0.0
2021,8,서구,동대신동,0.7857142857142857,0.0,0.21428571428571427,0.0,0.14285714285714285,0.0
2021,8,서구,부민동,0.42857142857142855,0.0,0.5714285714285714,0.0,0.42857142857142855,0.0
2021,8,서구,부용동,1.0,0.0,0.0,0.0,0.375,0.125
2021,8,서구,서대신동,0.6842105263157895,0.2631578947368421,0.05263157894736842,0.0,0.15789473684210525,0.05263157894736842
2021,8,서구,아미동,0.8,0.0,0.2,0.0,0.4,0.0
2021,8,서구,암남동,0.65,0.3,0.05,0.0,0.3,0.05
2021,8,서구,초장동,0.6666666666666666,0.3333333333333333,0.0,0.0,0.0,0.3333333333333333
2021,8,서구,충무동,1.0,0.0,0.0,0.0,0.5,0.0
2021,8,서구,토성동,1.0,0.0,0.0,0.0,0.25,0.0
2021,8,수영구,광안동,0.7083333333333334,0.125,0.16666666666666666,0.0,0.4166666666666667,0.020833333333333332
2021,8,수영구,남천동,0.85,0.15,0.0,0.0,0.45,0.05
2021,8,수영구,망미동,0.6785714285714286,0.10714285714285714,0.21428571428571427,0.0,0.35714285714285715,0.10714285714285714
2021,8,수영구,민락동,0.6842105263157895,0.21052631578947367,0.10526315789473684,0.0,0.21052631578947367,0.0
2021,8,수영구,수영동,1.0,0.0,0.0,0.0,0.15384615384615385,0.0
2021,8,연제구,거제동,0.7096774193548387,0.25806451612903225,0.03225806451612903,0.0,0.22580645161290322,0.06451612903225806
2021,8,연제구,연산동,0.6521739130434783,0.09420289855072464,0.2536231884057971,0.0,0.2608695652173913,0.014492753623188406
2021,8,영도구,남항동,0.8,0.0,0.2,0.0,0.2,0.0
2021,8,영도구,대교동,1.0,0.0,0.0,0.0,0.5,0.0
2021,8,영도구,대평동,1.0,0.0,0.0,0.0,0.3333333333333333,0.0
2021,8,영도구,동삼동,0.6,0.14285714285714285,0.2571428571428571,0.0,0.05714285714285714,0.0
2021,8,영도구,봉래동,0.8,0.1,0.1,0.0,0.4,0.1
2021,8,영도구,신선동,0.8888888888888888,0.1111111111111111,0.0,0.0,0.1111111111111111,0.1111111111111111
2021,8,영도구,영선동,0.7333333333333333,0.2,0.06666666666666667,0.0,0.3333333333333333,0.0
2021,8,영도구,청학동,0.7777777777777778,0.16666666666666666,0.05555555555555555,0.0,0.5,0.0
2021,8,중구,광복동,0.0,0.0,1.0,0.0,0.0,0.0
2021,8,중구,남포동,0.9473684210526315,0.05263157894736842,0.0,0.0,0.5263157894736842,0.0
2021,8,중구,대창동,1.0,0.0,0.0,0.0,1.0,0.0
2021,8,중구,대청동,0.8333333333333334,0.16666666666666666,0.0,0.0,0.3333333333333333,0.0
2021,8,중구,동광동,0.8,0.0,0.2,0.0,0.2,0.0
2021,8,중구,보수동,0.7142857142857143,0.07142857142857142,0.21428571428571427,0.0,0.42857142857142855,0.0
2021,8,중구,부평동,0.8571428571428571,0.14285714285714285,0.0,0.0,0.21428571428571427,0.0
2021,8,중구,신창동,0.0,0.0,1.0,0.0,0.0,0.0
2021,8,중구,영주동,0.75,0.125,0.125,0.0,0.5,0.0
2021,8,중구,중앙동,0.5,0.4,0.1,0.0,0.4,0.0
2021,8,중구,창선동,1.0,0.0,0.0,0.0,1.0,0.0
2021,8,해운대구,반송동,0.8235294117647058,0.08823529411764706,0.08823529411764706,0.0,0.29411764705882354,0.029411764705882353
2021,8,해운대구,반여동,0.5957446808510638,0.19148936170212766,0.19148936170212766,0.02127659574468085,0.3617021276595745,0.0
2021,8,해운대구,석대동,0.25,0.75,0.0,0.0,0.0,0.0
2021,8,해운대구,송정동,0.5,0.35294117647058826,0.14705882352941177,0.0,0.3235294117647059,0.0
2021,8,해운대구,우동,0.7070707070707071,0.1414141414141414,0.15151515151515152,0.0,0.2727272727272727,0.030303030303030304
2021,8,해운대구,재송동,0.8695652173913043,0.13043478260869565,0.0,0.0,0.391304347826087,0.0
2021,8,해운대구,좌동,0.6595744680851063,0.14893617021276595,0.19148936170212766,0.0,0.2978723404255319,0.02127659574468085
2021,8,해운대구,중동,0.5901639344262295,0.2459016393442623,0.16393442622950818,0.0,0.16393442622950818,0.0
2021,9,강서구,강동동,0.2631578947368421,0.4473684210526316,0.2894736842105263,0.0,0.15789473684210525,0.02631578947368421
2021,9,강서구,구랑동,0.0,1.0,0.0,0.0,0.0,0.0
2021,9,강서구,녹산동,0.3,0.5,0.2,0.0,0.4,0.0
2021,9,강서구,눌차동,0.0,1.0,0.0,0.0,0.0,0.0
2021,9,강서구,대저1동,0.32075471698113206,0.6037735849056604,0.07547169811320754,0.0,0.22641509433962265,0.03773584905660377
2021,9,강서구,대저2동,0.15789473684210525,0.8157894736842105,0.02631578947368421,0.0,0.13157894736842105,0.0
2021,9,강서구,대항동,0.5,0.0,0.5,0.0,0.0,0.0
2021,9,강서구,동선동,0.6,0.4,0.0,0.0,0.2,0.0
2021,9,강서구,명지동,0.40625,0.59375,0.0,0.0,0.203125,0.0
2021,9,강서구,미음동,0.5,0.375,0.125,0.0,0.375,0.0
2021,9,강서구,범방동,0.4,0.6,0.0,0.0,0.5,0.0
2021,9,강서구,봉림동,0.25,0.75,0.0,0.0,1.0,0.0
2021,9,강서구,생곡동,0.3333333333333333,0.6666666666666666,0.0,0.0,0.16666666666666666,0.0
2021,9,강서구,성북동,0.3888888888888889,0.6111111111111112,0.0,0.0,0.3888888888888889,0.0
2021,9,강서구,송정동,0.3225806451612903,0.45161290322580644,0.22580645161290322,0.0,0.2903225806451613,0.03225806451612903
2021,9,강서구,식만동,0.0,1.0,0.0,0.0,0.0,0.0
2021,9,강서구,신호동,0.26666666666666666,0.7,0.03333333333333333,0.0,0.13333333333333333,0.03333333333333333
2021,9,강서구,죽동동,0.0,1.0,0.0,0.0,0.3333333333333333,0.0
2021,9,강서구,죽림동,0.0,1.0,0.0,0.0,0.0,0.0
2021,9,강서구,지사동,0.26666666666666666,0.6666666666666666,0.06666666666666667,0.0,0.2,0.06666666666666667
2021,9,강서구,천성동,0.5,0.5,0.0,0.0,0.0,0.0
2021,9,강서구,화전동,0.3333333333333333,0.6666666666666666,0.0,0.0,0.1111111111111111,0.0
2021,9,금정구,구서동,0.5277777777777778,0.4444444444444444,0.027777777777777776,0.0,0.25,0.027777777777777776
2021,9,금정구,금사동,0.5,0.3888888888888889,0.1111111111111111,0.0,0.3333333333333333,0.0
2021,9,금정구,금성동,0.0,0.75,0.25,0.0,0.0,0.0
2021,9,금정구,남산동,0.2708333333333333,0.6875,0.041666666666666664,0.0,0.10416666666666667,0.0
2021,9,금정구,노포동,0.7142857142857143,0.2857142857142857,0.0,0.0,0.5714285714285714,0.14285714285714285
2021,9,금정구,두구동,0.3,0.7,0.0,0.0,0.0,0.1
2021,9,금정구,부곡동,0.31666666666666665,0.5833333333333334,0.1,0.0,0.1,0.016666666666666666
2021,9,금정구,서동,0.42105263157894735,0.49122807017543857,0.08771929824561403,0.0,0.10526315789473684,0.017543859649122806
2021,9,금정구,선동,0.6,0.4,0.0,0.0,0.0,0.0
2021,9,금정구,오륜동,0.0,0.0,1.0,0.0,0.0,0.0
2021,9,금정구,장전동,0.46296296296296297,0.5370370370370371,0.0,0.0,0.14814814814814814,0.018518518518518517
2021,9,금정구,청룡동,0.1111111111111111,0.8888888888888888,0.0,0.0,0.0,0.0
2021,9,금정구,회동동,0.3333333333333333,0.6666666666666666,0.0,0.0,0.6666666666666666,0.0
2021,9,기장군,기장읍,0.2962962962962963,0.6666666666666666,0.037037037037037035,0.0,0.12962962962962962,0.009259259259259259
2021,9,기장군,일광읍,0.4722222222222222,0.5,0.027777777777777776,0.0,0.2222222222222222,0.0
2021,9,기장군,장안읍,0.30434782608695654,0.6086956521739131,0.08695652173913043,0.0,0.2608695652173913,0.0
2021,9,기장군,정관읍,0.3684210526315789,0.5394736842105263,0.09210526315789473,0.0,0.19736842105263158,0.013157894736842105
2021,9,기장군,철마면,0.36363636363636365,0.6363636363636364,0.0,0.0,0.36363636363636365,0.0
2021,9,남구,감만동,0.2682926829268293,0.5853658536585366,0.14634146341463414,0.0,0.1951219512195122,0.0
2021,9,남구,대연동,0.4791666666666667,0.4375,0.08333333333333333,0.0,0.24305555555555555,0.006944444444444444
2021,9,남구,문현동,0.5238095238095238,0.47619047619047616,0.0,0.0,0.25396825396825395,0.0
2021,9,남구,용당동,0.15789473684210525,0.5789473684210527,0.2631578947368421,0.0,0.15789473684210525,0.0
2021,9,남구,용호동,0.3274336283185841,0.6017699115044248,0.07079646017699115,0.0,0.12389380530973451,0.008849557522123894
2021,9,남구,우암동,0.47058823529411764,0.5294117647058824,0.0,0.0,0.4117647058823529,0.058823529411764705
2021,9,동구,범일동,0.29545454545454547,0.6363636363636364,0.06818181818181818,0.0,0.06818181818181818,0.0
2021,9,동구,수정동,0.42105263157894735,0.39473684210526316,0.18421052631578946,0.0,0.15789473684210525,0.0
2021,9,동구,좌천동,0.38461538461538464,0.5897435897435898,0.02564102564102564,0.0,0.20512820512820512,0.02564102564102564
2021,9,동구,초량동,0.3595505617977528,0.5730337078651685,0.06741573033707865,0.0,0.0898876404494382,0.02247191011235955
2021,9,동래구,낙민동,0.47058823529411764,0.5294117647058824,0.0,0.0,0.11764705882352941,0.0
2021,9,동래구,명륜동,0.45454545454545453,0.5151515151515151,0.030303030303030304,0.0,0.21212121212121213,0.030303030303030304
2021,9,동래구,명장동,0.12698412698412698,0.746031746031746,0.12698412698412698,0.0,0.031746031746031744,0.0
2021,9,동래구,복천동,0.14285714285714285,0.8571428571428571,0.0,0.0,0.14285714285714285,0.0
2021,9,동래구,사직동,0.5365853658536586,0.36585365853658536,0.0975609756097561,0.0,0.17073170731707318,0.024390243902439025
2021,9,동래구,수안동,0.16,0.72,0.12,0.0,0.16,0.0
2021,9,동래구,안락동,0.3522727272727273,0.6136363636363636,0.03409090909090909,0.0,0.22727272727272727,0.011363636363636364
2021,9,동래구,온천동,0.37142857142857144,0.5428571428571428,0.08571428571428572,0.0,0.21904761904761905,0.0
2021,9,동래구,칠산동,0.0,1.0,0.0,0.0,0.0,0.0
2021,9,부산진구,가야동,0.44776119402985076,0.43283582089552236,0.11940298507462686,0.0,0.22388059701492538,0.014925373134328358
2021,9,부산진구,개금동,0.5185185185185185,0.4691358024691358,0.012345679012345678,0.0,0.19753086419753085,0.0
2021,9,부산진구,당감동,0.39344262295081966,0.5081967213114754,0.09836065573770492,0.0,0.18032786885245902,0.0
2021,9,부산진구,범전동,0.4666666666666667,0.5333333333333333,0.0,0.0,0.26666666666666666,0.0
2021,9,부산진구,범천동,0.4603174603174603,0.5079365079365079,0.031746031746031744,0.0,0.2698412698412698,0.0
2021,9,부산진구,부암동,0.26666666666666666,0.5111111111111111,0.2222222222222222,0.0,0.13333333333333333,0.0
2021,9,부산진구,부전동,0.423728813559322,0.5254237288135594,0.05084745762711865,0.0,0.2033898305084746,0.0
2021,9,부산진구,양정동,0.525,0.425,0.05,0.0,0.225,0.025
2021,9,부산진구,연지동,0.29411764705882354,0.6470588235294118,0.058823529411764705,0.0,0.11764705882352941,0.0
2021,9,부산진구,전포동,0.4444444444444444,0.47619047619047616,0.07936507936507936,0.0,0.2222222222222222,0.015873015873015872
2021,9,부산진구,초읍동,0.625,0.25,0.125,0.0,0.25,0.041666666666666664
2021,9,북구,구포동,0.37681159420289856,0.6231884057971014,0.0,0.0,0.13768115942028986,0.014492753623188406
2021,9,북구,금곡동,0.5609756097560976,0.3170731707317073,0.12195121951219512,0.0,0.0975609756097561,0.04878048780487805
2021,9,북구,덕천동,0.42028985507246375,0.4927536231884058,0.08695652173913043,0.0,0.17391304347826086,0.014492753623188406
2021,9,북구,만덕동,0.3333333333333333,0.6,0.06666666666666667,0.0,0.10666666666666667,0.02666666666666667
2021,9,북구,화명동,0.4794520547945205,0.4794520547945205,0.0410958904109589,0.0,0.2328767123287671,0.0
2021,9,사상구,감전동,0.3220338983050847,0.6610169491525424,0.01694915254237288,0.0,0.23728813559322035,0.0
2021,9,사상구,괘법동,0.43373493975903615,0.5662650602409639,0.0,0.0,0.1927710843373494,0.012048192771084338
2021,9,사상구,덕포동,0.32142857142857145,0.6428571428571429,0.03571428571428571,0.0,0.10714285714285714,0.0
2021,9,사상구,모라동,0.24050632911392406,0.6455696202531646,0.11392405063291139,0.0,0.08860759493670886,0.012658227848101266
2021,9,사상구,삼락동,0.17647058823529413,0.7352941176470589,0.08823529411764706,0.0,0.0,0.029411764705882353
2021,9,사상구,엄궁동,0.6521739130434783,0.34782608695652173,0.0,0.0,0.4782608695652174,0.0
2021,9,사상구,주례동,0.25,0.7291666666666666,0.020833333333333332,0.0,0.11458333333333333,0.0
2021,9,사상구,학장동,0.2962962962962963,0.6851851851851852,0.018518518518518517,0.0,0.2037037037037037,0.0
2021,9,사하구,감천동,0.18840579710144928,0.7101449275362319,0.10144927536231885,0.0,0.08695652173913043,0.014492753623188406
2021,9,사하구,괴정동,0.25862068965517243,0.6293103448275862,0.11206896551724138,0.0,0.09482758620689655,0.017241379310344827
2021,9,사하구,구평동,0.2,0.4,0.4,0.0,0.03333333333333333,0.0
2021,9,사하구,다대동,0.23952095808383234,0.6107784431137725,0.1497005988023952,0.0,0.07784431137724551,0.005988023952095809
2021,9,사하구,당리동,0.3508771929824561,0.6491228070175439,0.0,0.0,0.14035087719298245,0.03508771929824561
2021,9,사하구,신평동,0.3230769230769231,0.24615384615384617,0.4307692307692308,0.0,0.12307692307692308,0.015384615384615385
2021,9,사하구,장림동,0.5555555555555556,0.28888888888888886,0.15555555555555556,0.0,0.2222222222222222,0.0
2021,9,사하구,하단동,0.34234234234234234,0.5675675675675675,0.09009009009009009,0.0,0.14414414414414414,0.009009009009009009
2021,9,서구,남부민동,0.15384615384615385,0.7307692307692307,0.11538461538461539,0.0,0.057692307692307696,0.0
2021,9,서구,동대신동,0.4782608695652174,0.5217391304347826,0.0,0.0,0.17391304347826086,0.08695652173913043
2021,9,서구,부민동,0.25,0.0625,0.6875,0.0,0.25,0.0
2021,9,서구,부용동,0.5,0.5,0.0,0.0,0.16666666666666666,0.0
2021,9,서구,서대신동,0.40625,0.59375,0.0,0.0,0.125,0.0
2021,9,서구,아미동,0.34782608695652173,0.6086956521739131,0.043478260869565216,0.0,0.0,0.043478260869565216
2021,9,서구,암남동,0.15254237288135594,0.847457627118644,0.0,0.0,0.0847457627118644,0.03389830508474576
2021,9,서구,초장동,0.14285714285714285,0.8571428571428571,0.0,0.0,0.0,0.0
2021,9,서구,충무동,0.46153846153846156,0.46153846153846156,0.07692307692307693,0.0,0.07692307692307693,0.07692307692307693
2021,9,서구,토성동,0.21428571428571427,0.7857142857142857,0.0,0.0,0.14285714285714285,0.0
2021,9,수영구,광안동,0.3944954128440367,0.5137614678899083,0.08256880733944955,0.009174311926605505,0.2018348623853211,0.01834862385321101
2021,9,수영구,남천동,0.32608695652173914,0.5869565217391305,0.08695652173913043,0.0,0.13043478260869565,0.0
2021,9,수영구,망미동,0.5,0.4791666666666667,0.020833333333333332,0.0,0.20833333333333334,0.020833333333333332
2021,9,수영구,민락동,0.4782608695652174,0.5,0.021739130434782608,0.0,0.2826086956521739,0.0
2021,9,수영구,수영동,0.6666666666666666,0.3333333333333333,0.0,0.0,0.3888888888888889,0.0
2021,9,연제구,거제동,0.4782608695652174,0.5,0.021739130434782608,0.0,0.21739130434782608,0.021739130434782608
2021,9,연제구,연산동,0.41798941798941797,0.5185185185185185,0.06349206349206349,0.0,0.15873015873015872,0.021164021164021163
2021,9,영도구,남항동,0.125,0.8125,0.0625,0.0,0.125,0.0
2021,9,영도구,대교동,0.2222222222222222,0.7777777777777778,0.0,0.0,0.0,0.0
2021,9,영도구,대평동,0.42857142857142855,0.5714285714285714,0.0,0.0,0.0,0.0
2021,9,영도구,동삼동,0.2066115702479339,0.7107438016528925,0.08264462809917356,0.0,0.03305785123966942,0.01652892561983471
2021,9,영도구,봉래동,0.21428571428571427,0.7857142857142857,0.0,0.0,0.10714285714285714,0.0
2021,9,영도구,신선동,0.18181818181818182,0.8181818181818182,0.0,0.0,0.0,0.0
2021,9,영도구,영선동,0.23333333333333334,0.7666666666666667,0.0,0.0,0.03333333333333333,0.0
2021,9,영도구,청학동,0.1452991452991453,0.8290598290598291,0.02564102564102564,0.0,0.09401709401709402,0.0
2021,9,중구,광복동,0.0,1.0,0.0,0.0,0.0,0.0
2021,9,중구,남포동,0.5652173913043478,0.43478260869565216,0.0,0.0,0.08695652173913043,0.0
2021,9,중구,대창동,0.0,0.5,0.5,0.0,0.0,0.0
2021,9,중구,대청동,0.5,0.5,0.0,0.0,0.16666666666666666,0.0
2021,9,중구,동광동,0.08333333333333333,0.9166666666666666,0.0,0.0,0.0,0.0
2021,9,중구,보수동,0.5,0.5,0.0,0.0,0.3125,0.0
2021,9,중구,부평동,0.37037037037037035,0.5555555555555556,0.07407407407407407,0.0,0.07407407407407407,0.0
2021,9,중구,신창동,0.0,1.0,0.0,0.0,0.0,0.0
2021,9,중구,영주동,0.5,0.5,0.0,0.0,0.3125,0.0
2021,9,중구,중앙동,0.5263157894736842,0.3157894736842105,0.15789473684210525,0.0,0.21052631578947367,0.0
2021,9,중구,창선동,0.0,0.6666666666666666,0.3333333333333333,0.0,0.0,0.0
2021,9,해운대구,반송동,0.38095238095238093,0.5396825396825397,0.07936507936507936,0.0,0.09523809523809523,0.015873015873015872
2021,9,해운대구,반여동,0.20915032679738563,0.49019607843137253,0.3006535947712418,0.0,0.0784313725490196,0.0
2021,9,해운대구,석대동,0.5,0.5,0.0,0.0,0.25,0.0
2021,9,해운대구,송정동,0.1935483870967742,0.7741935483870968,0.03225806451612903,0.0,0.06451612903225806,0.0
2021,9,해운대구,우동,0.23711340206185566,0.4793814432989691,0.28350515463917525,0.0,0.14948453608247422,0.020618556701030927
2021,9,해운대구,재송동,0.42857142857142855,0.36507936507936506,0.20634920634920634,0.0,0.25396825396825395,0.031746031746031744
2021,9,해운대구,좌동,0.10919540229885058,0.5344827586206896,0.3563218390804598,0.0,0.034482758620689655,0.005747126436781609
2021,9,해운대구,중동,0.1232876712328767,0.5958904109589042,0.2808219178082192,0.0,0.0684931506849315,0.00684931506849315
2021,10,강서구,강동동,0.5,0.4,0.1,0.0,0.3,0.1
2021,10,강서구,구랑동,0.3333333333333333,0.6666666666666666,0.0,0.0,1.0,0.0
2021,10,강서구,녹산동,1.0,0.0,0.0,0.0,0.75,0.0
2021,10,강서구,눌차동,0.0,0.0,0.0,0.0,0.0,0.0
2021,10,강서구,대저1동,0.5384615384615384,0.38461538461538464,0.07692307692307693,0.0,0.6923076923076923,0.0
2021,10,강서구,대저2동,1.0,0.0,0.0,0.0,0.6428571428571429,0.0
2021,10,강서구,대항동,0.0,1.0,0.0,0.0,0.0,0.0
2021,10,강서구,동선동,1.0,0.0,0.0,0.0,0.0,0.0
2021,10,강서구,명지동,0.8611111111111112,0.1111111111111111,0.027777777777777776,0.0,0.5,0.05555555555555555
2021,10,강서구,미음동,0.75,0.25,0.0,0.0,0.75,0.0
2021,10,강서구,범방동,0.7142857142857143,0.2857142857142857,0.0,0.0,0.7142857142857143,0.0
2021,10,강서구,봉림동,0.5714285714285714,0.42857142857142855,0.0,0.0,1.0,0.0
2021,10,강서구,생곡동,1.0,0.0,0.0,0.0,0.0,0.0
2021,10,강서구,성북동,1.0,0.0,0.0,0.0,0.0,0.0
2021,10,강서구,송정동,0.7142857142857143,0.14285714285714285,0.14285714285714285,0.0,0.7857142857142857,0.0
2021,10,강서구,식만동,1.0,0.0,0.0,0.0,1.0,0.0
2021,10,강서구,신호동,0.8888888888888888,0.0,0.1111111111111111,0.0,0.4444444444444444,0.0
2021,10,강서구,죽동동,0.3333333333333333,0.6666666666666666,0.0,0.0,0.6666666666666666,0.0
2021,10,강서구,죽림동,1.0,0.0,0.0,0.0,1.0,0.0
2021,10,강서구,지사동,0.8571428571428571,0.14285714285714285,0.0,0.0,0.14285714285714285,0.0
2021,10,강서구,천성동,0.6666666666666666,0.3333333333333333,0.0,0.0,0.6666666666666666,0.0
2021,10,강서구,화전동,1.0,0.0,0.0,0.0,1.0,0.0
2021,10,금정구,구서동,0.75,0.1,0.15,0.0,0.4,0.05
2021,10,금정구,금사동,0.8888888888888888,0.0,0.1111111111111111,0.0,0.0,0.0
2021,10,금정구,금성동,0.4444444444444444,0.2222222222222222,0.2222222222222222,0.1111111111111111,0.1111111111111111,0.0
2021,10,금정구,남산동,0.8461538461538461,0.0,0.15384615384615385,0.0,0.5384615384615384,0.0
2021,10,금정구,노포동,0.42857142857142855,0.5714285714285714,0.0,0.0,0.7142857142857143,0.0
2021,10,금정구,두구동,0.6666666666666666,0.3333333333333333,0.0,0.0,0.6666666666666666,0.0
2021,10,금정구,부곡동,0.7058823529411765,0.11764705882352941,0.17647058823529413,0.0,0.6176470588235294,0.029411764705882353
2021,10,금정구,서동,0.9259259259259259,0.07407407407407407,0.0,0.0,0.2962962962962963,0.0
2021,10,금정구,선동,0.75,0.25,0.0,0.0,0.75,0.0
2021,10,금정구,오륜동,0.5,0.5,0.0,0.0,0.25,0.0
2021,10,금정구,장전동,0.9142857142857143,0.02857142857142857,0.05714285714285714,0.0,0.42857142857142855,0.0
2021,10,금정구,청룡동,0.7142857142857143,0.2857142857142857,0.0,0.0,0.2857142857142857,0.14285714285714285
2021,10,금정구,회동동,0.6666666666666666,0.3333333333333333,0.0,0.0,0.3333333333333333,0.0
2021,10,기장군,기장읍,0.7169811320754716,0.18867924528301888,0.07547169811320754,0.018867924528301886,0.3584905660377358,0.03773584905660377
2021,10,기장군,일광읍,0.9285714285714286,0.07142857142857142,0.0,0.0,0.2857142857142857,0.0
2021,10,기장군,장안읍,0.5,0.3125,0.1875,0.0,0.3125,0.0
2021,10,기장군,정관읍,0.8292682926829268,0.12195121951219512,0.04878048780487805,0.0,0.34146341463414637,0.024390243902439025
2021,10,기장군,철마면,0.75,0.16666666666666666,0.0,0.08333333333333333,0.5833333333333334,0.08333333333333333
2021,10,남구,감만동,0.6470588235294118,0.058823529411764705,0.29411764705882354,0.0,0.4117647058823529,0.058823529411764705
2021,10,남구,대연동,0.8648648648648649,0.10810810810810811,0.02702702702702703,0.0,0.44594594594594594,0.02702702702702703
2021,10,남구,문현동,0.88,0.12,0.0,0.0,0.52,0.0
2021,10,남구,용당동,0.8,0.1,0.1,0.0,0.3,0.0
2021,10,남구,용호동,0.8043478260869565,0.15217391304347827,0.043478260869565216,0.0,0.391304347826087,0.021739130434782608
2021,10,남구,우암동,0.9,0.1,0.0,0.0,0.4,0.0
2021,10,동구,범일동,0.875,0.041666666666666664,0.041666666666666664,0.041666666666666664,0.4583333333333333,0.041666666666666664
2021,10,동구,수정동,0.5882352941176471,0.058823529411764705,0.35294117647058826,0.0,0.17647058823529413,0.0
2021,10,동구,좌천동,0.6470588235294118,0.11764705882352941,0.23529411764705882,0.0,0.35294117647058826,0.058823529411764705
2021,10,동구,초량동,0.8888888888888888,0.05555555555555555,0.05555555555555555,0.0,0.3611111111111111,0.0
2021,10,동래구,낙민동,1.0,0.0,0.0,0.0,0.4,0.0
2021,10,동래구,명륜동,0.9230769230769231,0.0,0.07692307692307693,0.0,0.38461538461538464,0.07692307692307693
2021,10,동래구,명장동,0.5217391304347826,0.043478260869565216,0.43478260869565216,0.0,0.21739130434782608,0.0
2021,10,동래구,복천동,1.0,0.0,0.0,0.0,0.0,0.0
2021,10,동래구,사직동,0.8863636363636364,0.045454545454545456,0.06818181818181818,0.0,0.2727272727272727,0.045454545454545456
2021,10,동래구,수안동,0.625,0.0,0.375,0.0,0.25,0.0
2021,10,동래구,안락동,0.9285714285714286,0.03571428571428571,0.03571428571428571,0.0,0.4642857142857143,0.10714285714285714
2021,10,동래구,온천동,0.7540983606557377,0.13114754098360656,0.11475409836065574,0.0,0.3114754098360656,0.0
2021,10,동래구,칠산동,0.5,0.0,0.5,0.0,0.0,0.0
2021,10,부산진구,가야동,0.7692307692307693,0.1282051282051282,0.10256410256410256,0.0,0.38461538461538464,0.0
2021,10,부산진구,개금동,0.7307692307692307,0.19230769230769232,0.07692307692307693,0.0,0.34615384615384615,0.038461538461538464
2021,10,부산진구,당감동,0.6551724137931034,0.10344827586206896,0.2413793103448276,0.0,0.27586206896551724,0.034482758620689655
2021,10,부산진구,범전동,1.0,0.0,0.0,0.0,0.5,0.0
2021,10,부산진구,범천동,0.8333333333333334,0.13333333333333333,0.03333333333333333,0.0,0.3,0.0
2021,10,부산진구,부암동,0.7142857142857143,0.08571428571428572,0.2,0.0,0.3142857142857143,0.08571428571428572
2021,10,부산진구,부전동,0.9390243902439024,0.04878048780487805,0.012195121951219513,0.0,0.4146341463414634,0.012195121951219513
2021,10,부산진구,양정동,0.7272727272727273,0.030303030303030304,0.24242424242424243,0.0,0.30303030303030304,0.0
2021,10,부산진구,연지동,1.0,0.0,0.0,0.0,0.3333333333333333,0.0
2021,10,부산진구,전포동,0.875,0.05357142857142857,0.07142857142857142,0.0,0.44642857142857145,0.05357142857142857
2021,10,부산진구,초읍동,0.8695652173913043,0.13043478260869565,0.0,0.0,0.17391304347826086,0.0
2021,10,북구,구포동,0.8292682926829268,0.17073170731707318,0.0,0.0,0.36585365853658536,0.0
2021,10,북구,금곡동,0.7428571428571429,0.05714285714285714,0.17142857142857143,0.02857142857142857,0.34285714285714286,0.02857142857142857
2021,10,북구,덕천동,0.8478260869565217,0.08695652173913043,0.06521739130434782,0.0,0.43478260869565216,0.0
2021,10,북구,만덕동,0.7692307692307693,0.11538461538461539,0.11538461538461539,0.0,0.2692307692307692,0.15384615384615385
2021,10,북구,화명동,0.7142857142857143,0.14285714285714285,0.14285714285714285,0.0,0.4523809523809524,0.0
2021,10,사상구,감전동,0.6363636363636364,0.13636363636363635,0.22727272727272727,0.0,0.22727272727272727,0.0
2021,10,사상구,괘법동,1.0,0.0,0.0,0.0,0.4230769230769231,0.0
2021,10,사상구,덕포동,1.0,0.0,0.0,0.0,0.29411764705882354,0.11764705882352941
2021,10,사상구,모라동,0.8571428571428571,0.05714285714285714,0.08571428571428572,0.0,0.42857142857142855,0.02857142857142857
2021,10,사상구,삼락동,0.75,0.0625,0.1875,0.0,0.5,0.0
2021,10,사상구,엄궁동,0.9375,0.0625,0.0,0.0,0.5625,0.0
2021,10,사상구,주례동,0.9,0.05,0.05,0.0,0.6,0.0
2021,10,사상구,학장동,0.7931034482758621,0.1724137931034483,0.034482758620689655,0.0,0.5517241379310345,0.0
2021,10,사하구,감천동,0.7037037037037037,0.07407407407407407,0.2222222222222222,0.0,0.25925925925925924,0.0
2021,10,사하구,괴정동,0.7727272727272727,0.045454545454545456,0.18181818181818182,0.0,0.2727272727272727,0.0
2021,10,사하구,구평동,1.0,0.0,0.0,0.0,0.25,0.0
2021,10,사하구,다대동,0.775,0.1,0.125,0.0,0.175,0.025
2021,10,사하구,당리동,0.9375,0.0625,0.0,0.0,0.4375,0.0
2021,10,사하구,신평동,0.6060606060606061,0.12121212121212122,0.2727272727272727,0.0,0.24242424242424243,0.0
2021,10,사하구,장림동,0.8333333333333334,0.16666666666666666,0.0,0.0,0.3333333333333333,0.0
2021,10,사하구,하단동,0.8157894736842105,0.15789473684210525,0.02631578947368421,0.0,0.4473684210526316,0.02631578947368421
2021,10,서구,남부민동,0.6875,0.125,0.1875,0.0,0.25,0.0
2021,10,서구,동대신동,0.8571428571428571,0.07142857142857142,0.07142857142857142,0.0,0.5,0.0
2021,10,서구,부민동,0.42857142857142855,0.0,0.5714285714285714,0.0,0.2857142857142857,0.14285714285714285
2021,10,서구,부용동,1.0,0.0,0.0,0.0,0.6666666666666666,0.0
2021,10,서구,서대신동,0.5,0.42857142857142855,0.07142857142857142,0.0,0.42857142857142855,0.0
2021,10,서구,아미동,1.0,0.0,0.0,0.0,0.2,0.0
2021,10,서구,암남동,0.8181818181818182,0.18181818181818182,0.0,0.0,0.5454545454545454,0.18181818181818182
2021,10,서구,초장동,1.0,0.0,0.0,0.0,0.0,0.0
2021,10,서구,충무동,0.8181818181818182,0.09090909090909091,0.09090909090909091,0.0,0.36363636363636365,0.0
2021,10,서구,토성동,1.0,0.0,0.0,0.0,0.375,0.0
2021,10,수영구,광안동,0.8867924528301887,0.07547169811320754,0.03773584905660377,0.0,0.41509433962264153,0.03773584905660377
2021,10,수영구,남천동,0.8,0.2,0.0,0.0,0.32,0.0
2021,10,수영구,망미동,0.7037037037037037,0.14814814814814814,0.14814814814814814,0.0,0.3333333333333333,0.07407407407407407
2021,10,수영구,민락동,0.9285714285714286,0.07142857142857142,0.0,0.0,0.5,0.0
2021,10,수영구,수영동,1.0,0.0,0.0,0.0,0.3076923076923077,0.0
2021,10,연제구,거제동,0.7804878048780488,0.04878048780487805,0.17073170731707318,0.0,0.4146341463414634,0.12195121951219512
2021,10,연제구,연산동,0.7478260869565218,0.043478260869565216,0.20869565217391303,0.0,0.28695652173913044,0.0
2021,10,영도구,남항동,0.9230769230769231,0.07692307692307693,0.0,0.0,0.46153846153846156,0.0
2021,10,영도구,대교동,1.0,0.0,0.0,0.0,0.0,0.2
2021,10,영도구,대평동,0.75,0.25,0.0,0.0,0.5,0.0
2021,10,영도구,동삼동,0.7222222222222222,0.19444444444444445,0.08333333333333333,0.0,0.16666666666666666,0.08333333333333333
2021,10,영도구,봉래동,0.75,0.25,0.0,0.0,0.5,0.0
2021,10,영도구,신선동,1.0,0.0,0.0,0.0,0.0,0.0
2021,10,영도구,영선동,0.8,0.1,0.1,0.0,0.2,0.1
2021,10,영도구,청학동,0.8333333333333334,0.08333333333333333,0.08333333333333333,0.0,0.3333333333333333,0.0
2021,10,중구,광복동,1.0,0.0,0.0,0.0,0.0,0.0
2021,10,중구,남포동,0.8461538461538461,0.07692307692307693,0.07692307692307693,0.0,0.3076923076923077,0.0
2021,10,중구,대창동,0.0,0.0,1.0,0.0,0.0,0.0
2021,10,중구,대청동,1.0,0.0,0.0,0.0,0.0,0.0
2021,10,중구,동광동,1.0,0.0,0.0,0.0,0.3333333333333333,0.0
2021,10,중구,보수동,1.0,0.0,0.0,0.0,0.5555555555555556,0.1111111111111111
2021,10,중구,부평동,0.6666666666666666,0.0,0.3333333333333333,0.0,0.2,0.0
2021,10,중구,신창동,1.0,0.0,0.0,0.0,0.5,0.0
2021,10,중구,영주동,0.8181818181818182,0.09090909090909091,0.09090909090909091,0.0,0.6363636363636364,0.0
2021,10,중구,중앙동,0.8461538461538461,0.0,0.15384615384615385,0.0,0.6153846153846154,0.15384615384615385
2021,10,중구,창선동,0.5,0.0,0.5,0.0,0.0,0.0
2021,10,해운대구,반송동,0.8695652173913043,0.08695652173913043,0.043478260869565216,0.0,0.391304347826087,0.0
2021,10,해운대구,반여동,0.7209302325581395,0.09302325581395349,0.18604651162790697,0.0,0.4186046511627907,0.0
2021,10,해운대구,석대동,1.0,0.0,0.0,0.0,0.75,0.0
2021,10,해운대구,송정동,0.5714285714285714,0.0,0.42857142857142855,0.0,0.21428571428571427,0.07142857142857142
2021,10,해운대구,우동,0.7333333333333333,0.13333333333333333,0.13333333333333333,0.0,0.36,0.02666666666666667
2021,10,해운대구,재송동,0.8275862068965517,0.10344827586206896,0.06896551724137931,0.0,0.3793103448275862,0.0
2021,10,해운대구,좌동,0.8333333333333334,0.125,0.041666666666666664,0.0,0.3333333333333333,0.0
2021,10,해운대구,중동,0.75,0.1388888888888889,0.1111111111111111,0.0,0.2222222222222222,0.027777777777777776
2022,5,강서구,강동동,0.5454545454545454,0.2727272727272727,0.18181818181818182,0.0,0.5454545454545454,0.0
2022,5,강서구,구랑동,0.5,0.5,0.0,0.0,1.0,0.0
2022,5,강서구,녹산동,0.6666666666666666,0.3333333333333333,0.0,0.0,0.6666666666666666,0.0
2022,5,강서구,눌차동,1.0,0.0,0.0,0.0,0.0,1.0
2022,5,강서구,대저1동,0.6,0.4,0.0,0.0,0.4666666666666667,0.3333333333333333
2022,5,강서구,대저2동,0.625,0.375,0.0,0.0,0.25,0.0
2022,5,강서구,대항동,1.0,0.0,0.0,0.0,0.0,0.0
2022,5,강서구,동선동,0.0,0.5,0.5,0.0,0.0,0.0
2022,5,강서구,명지동,0.8709677419354839,0.12903225806451613,0.0,0.0,0.41935483870967744,0.0967741935483871
2022,5,강서구,미음동,0.75,0.0,0.25,0.0,0.25,0.0
2022,5,강서구,범방동,0.4,0.4,0.2,0.0,0.8,0.0
2022,5,강서구,봉림동,1.0,0.0,0.0,0.0,1.0,0.0
2022,5,강서구,생곡동,0.6666666666666666,0.3333333333333333,0.0,0.0,0.3333333333333333,0.0
2022,5,강서구,성북동,0.5,0.0,0.0,0.5,0.5,0.0
2022,5,강서구,송정동,0.6666666666666666,0.2222222222222222,0.1111111111111111,0.0,0.7222222222222222,0.0
2022,5,강서구,식만동,1.0,0.0,0.0,0.0,0.0,0.0
2022,5,강서구,신호동,0.7333333333333333,0.06666666666666667,0.2,0.0,0.4,0.06666666666666667
2022,5,강서구,죽동동,0.5,0.5,0.0,0.0,1.0,0.0
2022,5,강서구,죽림동,1.0,0.0,0.0,0.0,0.0,1.0
2022,5,강서구,지사동,0.4444444444444444,0.3333333333333333,0.2222222222222222,0.0,0.5555555555555556,0.0
2022,5,강서구,천성동,0.5,0.5,0.0,0.0,0.25,0.0
2022,5,강서구,화전동,1.0,0.0,0.0,0.0,0.0,0.0
2022,5,금정구,구서동,0.7692307692307693,0.02564102564102564,0.20512820512820512,0.0,0.2564102564102564,0.1282051282051282
2022,5,금정구,금사동,0.8333333333333334,0.16666666666666666,0.0,0.0,0.8333333333333334,0.0
2022,5,금정구,금성동,0.5555555555555556,0.1111111111111111,0.3333333333333333,0.0,0.0,0.4444444444444444
2022,5,금정구,남산동,0.6875,0.0625,0.25,0.0,0.0625,0.1875
2022,5,금정구,노포동,0.875,0.125,0.0,0.0,0.375,0.0
2022,5,금정구,두구동,0.75,0.25,0.0,0.0,0.75,0.0
2022,5,금정구,부곡동,0.8461538461538461,0.02564102564102564,0.1282051282051282,0.0,0.38461538461538464,0.10256410256410256
2022,5,금정구,서동,1.0,0.0,0.0,0.0,0.3333333333333333,0.2
2022,5,금정구,선동,1.0,0.0,0.0,0.0,0.0,0.0
2022,5,금정구,오륜동,0.3333333333333333,0.6666666666666666,0.0,0.0,0.6666666666666666,0.0
2022,5,금정구,장전동,0.9583333333333334,0.0,0.041666666666666664,0.0,0.5,0.125
2022,5,금정구,청룡동,0.2857142857142857,0.7142857142857143,0.0,0.0,0.14285714285714285,0.0
2022,5,금정구,회동동,0.75,0.0,0.25,0.0,0.0,0.5
2022,5,기장군,기장읍,0.7083333333333334,0.14583333333333334,0.14583333333333334,0.0,0.3541666666666667,0.08333333333333333
2022,5,기장군,일광읍,0.8695652173913043,0.13043478260869565,0.0,0.0,0.5652173913043478,0.043478260869565216
2022,5,기장군,장안읍,0.5,0.21428571428571427,0.2857142857142857,0.0,0.2857142857142857,0.14285714285714285
2022,5,기장군,정관읍,0.6037735849056604,0.1509433962264151,0.22641509433962265,0.018867924528301886,0.37735849056603776,0.09433962264150944
2022,5,기장군,철마면,0.47368421052631576,0.5263157894736842,0.0,0.0,0.631578947368421,0.0
2022,5,남구,감만동,0.4827586206896552,0.10344827586206896,0.41379310344827586,0.0,0.10344827586206896,0.034482758620689655
2022,5,남구,대연동,0.7671232876712328,0.0958904109589041,0.136986301369863,0.0,0.3013698630136986,0.1232876712328767
2022,5,남구,문현동,0.8709677419354839,0.12903225806451613,0.0,0.0,0.41935483870967744,0.16129032258064516
2022,5,남구,용당동,0.29411764705882354,0.0,0.7058823529411765,0.0,0.17647058823529413,0.0
2022,5,남구,용호동,0.8857142857142857,0.08571428571428572,0.02857142857142857,0.0,0.4,0.05714285714285714
2022,5,남구,우암동,0.8,0.2,0.0,0.0,0.4,0.0
2022,5,동구,범일동,0.625,0.0,0.375,0.0,0.09375,0.125
2022,5,동구,수정동,0.5588235294117647,0.08823529411764706,0.35294117647058826,0.0,0.29411764705882354,0.08823529411764706
2022,5,동구,좌천동,0.8181818181818182,0.09090909090909091,0.09090909090909091,0.0,0.18181818181818182,0.45454545454545453
2022,5,동구,초량동,0.7142857142857143,0.02857142857142857,0.2571428571428571,0.0,0.14285714285714285,0.14285714285714285
2022,5,동래구,낙민동,0.6666666666666666,0.1111111111111111,0.2222222222222222,0.0,0.2222222222222222,0.1111111111111111
2022,5,동래구,명륜동,0.9545454545454546,0.045454545454545456,0.0,0.0,0.3181818181818182,0.13636363636363635
2022,5,동래구,명장동,0.6111111111111112,0.1111111111111111,0.2777777777777778,0.0,0.3333333333333333,0.0
2022,5,동래구,복천동,1.0,0.0,0.0,0.0,0.375,0.0
2022,5,동래구,사직동,0.7407407407407407,0.1111111111111111,0.14814814814814814,0.0,0.3333333333333333,0.07407407407407407
2022,5,동래구,수안동,0.6470588235294118,0.0,0.35294117647058826,0.0,0.35294117647058826,0.058823529411764705
2022,5,동래구,안락동,0.9642857142857143,0.0,0.03571428571428571,0.0,0.5714285714285714,0.03571428571428571
2022,5,동래구,온천동,0.7142857142857143,0.12244897959183673,0.12244897959183673,0.04081632653061224,0.32653061224489793,0.08163265306122448
2022,5,동래구,칠산동,1.0,0.0,0.0,0.0,0.0,0.0
2022,5,부산진구,가야동,0.6875,0.0,0.3125,0.0,0.1875,0.09375
2022,5,부산진구,개금동,0.9411764705882353,0.029411764705882353,0.0,0.029411764705882353,0.35294117647058826,0.11764705882352941
2022,5,부산진구,당감동,0.7777777777777778,0.05555555555555555,0.16666666666666666,0.0,0.2777777777777778,0.08333333333333333
2022,5,부산진구,범전동,0.6666666666666666,0.3333333333333333,0.0,0.0,0.6666666666666666,0.0
2022,5,부산진구,범천동,0.8846153846153846,0.11538461538461539,0.0,0.0,0.5,0.0
2022,5,부산진구,부암동,0.6388888888888888,0.027777777777777776,0.3333333333333333,0.0,0.2222222222222222,0.08333333333333333
2022,5,부산진구,부전동,0.9487179487179487,0.02564102564102564,0.02564102564102564,0.0,0.34615384615384615,0.02564102564102564
2022,5,부산진구,양정동,0.7,0.0,0.26666666666666666,0.03333333333333333,0.26666666666666666,0.03333333333333333
2022,5,부산진구,연지동,1.0,0.0,0.0,0.0,0.5,0.3333333333333333
2022,5,부산진구,전포동,0.8043478260869565,0.021739130434782608,0.17391304347826086,0.0,0.5,0.08695652173913043
2022,5,부산진구,초읍동,0.75,0.25,0.0,0.0,0.2,0.05
2022,5,북구,구포동,0.8571428571428571,0.14285714285714285,0.0,0.0,0.23809523809523808,0.16666666666666666
2022,5,북구,금곡동,0.7307692307692307,0.11538461538461539,0.15384615384615385,0.0,0.23076923076923078,0.11538461538461539
2022,5,북구,덕천동,0.75,0.08333333333333333,0.16666666666666666,0.0,0.2777777777777778,0.1111111111111111
2022,5,북구,만덕동,0.6666666666666666,0.1111111111111111,0.2222222222222222,0.0,0.14814814814814814,0.2222222222222222
2022,5,북구,화명동,0.8222222222222222,0.022222222222222223,0.15555555555555556,0.0,0.3333333333333333,0.022222222222222223
2022,5,사상구,감전동,0.72,0.0,0.28,0.0,0.44,0.0
2022,5,사상구,괘법동,1.0,0.0,0.0,0.0,0.25,0.041666666666666664
2022,5,사상구,덕포동,0.8461538461538461,0.07692307692307693,0.07692307692307693,0.0,0.46153846153846156,0.0
2022,5,사상구,모라동,0.7631578947368421,0.0,0.23684210526315788,0.0,0.23684210526315788,0.05263157894736842
2022,5,사상구,삼락동,0.6923076923076923,0.0,0.3076923076923077,0.0,0.23076923076923078,0.15384615384615385
2022,5,사상구,엄궁동,0.8,0.2,0.0,0.0,0.4666666666666667,0.2
2022,5,사상구,주례동,0.9117647058823529,0.0,0.08823529411764706,0.0,0.4117647058823529,0.058823529411764705
2022,5,사상구,학장동,0.8125,0.0625,0.125,0.0,0.375,0.0625
2022,5,사하구,감천동,0.5833333333333334,0.08333333333333333,0.3333333333333333,0.0,0.2916666666666667,0.041666666666666664
2022,5,사하구,괴정동,0.7297297297297297,0.02702702702702703,0.24324324324324326,0.0,0.2702702702702703,0.05405405405405406
2022,5,사하구,구평동,0.7142857142857143,0.14285714285714285,0.14285714285714285,0.0,0.42857142857142855,0.2857142857142857
2022,5,사하구,다대동,0.7313432835820896,0.14925373134328357,0.11940298507462686,0.0,0.22388059701492538,0.13432835820895522
2022,5,사하구,당리동,0.8333333333333334,0.16666666666666666,0.0,0.0,0.5,0.16666666666666666
2022,5,사하구,신평동,0.5121951219512195,0.0975609756097561,0.36585365853658536,0.024390243902439025,0.24390243902439024,0.2682926829268293
2022,5,사하구,장림동,0.9032258064516129,0.0967741935483871,0.0,0.0,0.3548387096774194,0.06451612903225806
2022,5,사하구,하단동,0.74,0.12,0.14,0.0,0.32,0.06
2022,5,서구,남부민동,0.7142857142857143,0.14285714285714285,0.14285714285714285,0.0,0.2857142857142857,0.14285714285714285
2022,5,서구,동대신동,1.0,0.0,0.0,0.0,0.3684210526315789,0.10526315789473684
2022,5,서구,부민동,0.18181818181818182,0.0,0.8181818181818182,0.0,0.0,0.09090909090909091
2022,5,서구,부용동,1.0,0.0,0.0,0.0,0.25,0.0
2022,5,서구,서대신동,0.7857142857142857,0.21428571428571427,0.0,0.0,0.42857142857142855,0.14285714285714285
2022,5,서구,아미동,0.9090909090909091,0.0,0.09090909090909091,0.0,0.5454545454545454,0.09090909090909091
2022,5,서구,암남동,0.8461538461538461,0.07692307692307693,0.07692307692307693,0.0,0.15384615384615385,0.07692307692307693
2022,5,서구,초장동,1.0,0.0,0.0,0.0,0.3333333333333333,0.0
2022,5,서구,충무동,0.9166666666666666,0.08333333333333333,0.0,0.0,0.5,0.0
2022,5,서구,토성동,1.0,0.0,0.0,0.0,0.45454545454545453,0.18181818181818182
2022,5,수영구,광안동,0.8227848101265823,0.0759493670886076,0.10126582278481013,0.0,0.3670886075949367,0.12658227848101267
2022,5,수영구,남천동,0.875,0.125,0.0,0.0,0.375,0.08333333333333333
2022,5,수영구,망미동,0.6551724137931034,0.0,0.3448275862068966,0.0,0.13793103448275862,0.06896551724137931
2022,5,수영구,민락동,0.8148148148148148,0.18518518518518517,0.0,0.0,0.3333333333333333,0.0
2022,5,수영구,수영동,1.0,0.0,0.0,0.0,0.16666666666666666,0.16666666666666666
2022,5,연제구,거제동,0.7666666666666667,0.13333333333333333,0.1,0.0,0.5,0.06666666666666667
2022,5,연제구,연산동,0.6948051948051948,0.025974025974025976,0.2792207792207792,0.0,0.2077922077922078,0.09090909090909091
2022,5,영도구,남항동,0.7142857142857143,0.2857142857142857,0.0,0.0,0.5714285714285714,0.14285714285714285
2022,5,영도구,대교동,0.5,0.5,0.0,0.0,1.0,0.0
2022,5,영도구,대평동,1.0,0.0,0.0,0.0,1.0,0.0
2022,5,영도구,동삼동,0.7,0.2,0.1,0.0,0.16666666666666666,0.26666666666666666
2022,5,영도구,봉래동,0.8571428571428571,0.14285714285714285,0.0,0.0,0.35714285714285715,0.14285714285714285
2022,5,영도구,신선동,0.7777777777777778,0.2222222222222222,0.0,0.0,0.4444444444444444,0.1111111111111111
2022,5,영도구,영선동,0.46153846153846156,0.3076923076923077,0.23076923076923078,0.0,0.5384615384615384,0.07692307692307693
2022,5,영도구,청학동,0.55,0.15,0.3,0.0,0.2,0.0
2022,5,중구,광복동,0.5,0.5,0.0,0.0,0.0,0.0
2022,5,중구,남포동,1.0,0.0,0.0,0.0,0.7692307692307693,0.0
2022,5,중구,대창동,1.0,0.0,0.0,0.0,0.0,0.8
2022,5,중구,대청동,1.0,0.0,0.0,0.0,0.0,0.0
2022,5,중구,동광동,1.0,0.0,0.0,0.0,0.0,1.0
2022,5,중구,보수동,0.875,0.0,0.125,0.0,0.5,0.125
2022,5,중구,부평동,0.6,0.0,0.4,0.0,0.0,0.0
2022,5,중구,신창동,1.0,0.0,0.0,0.0,0.0,0.5
2022,5,중구,영주동,1.0,0.0,0.0,0.0,0.4,0.0
2022,5,중구,중앙동,0.7142857142857143,0.21428571428571427,0.07142857142857142,0.0,0.42857142857142855,0.14285714285714285
2022,5,중구,창선동,1.0,0.0,0.0,0.0,0.0,0.0
2022,5,해운대구,반송동,0.7631578947368421,0.02631578947368421,0.21052631578947367,0.0,0.13157894736842105,0.07894736842105263
2022,5,해운대구,반여동,0.7727272727272727,0.13636363636363635,0.09090909090909091,0.0,0.13636363636363635,0.1590909090909091
2022,5,해운대구,석대동,0.3333333333333333,0.6666666666666666,0.0,0.0,1.0,0.0
2022,5,해운대구,송정동,0.6,0.1,0.3,0.0,0.25,0.05
2022,5,해운대구,우동,0.5795454545454546,0.13636363636363635,0.2727272727272727,0.011363636363636364,0.25,0.09090909090909091
2022,5,해운대구,재송동,0.9615384615384616,0.038461538461538464,0.0,0.0,0.4230769230769231,0.07692307692307693
2022,5,해운대구,좌동,0.7073170731707317,0.12195121951219512,0.17073170731707318,0.0,0.3170731707317073,0.07317073170731707
2022,5,해운대구,중동,0.7567567567567568,0.10810810810810811,0.13513513513513514,0.0,0.21621621621621623,0.10810810810810811
2022,6,강서구,강동동,0.35,0.15,0.5,0.0,0.2,0.2
2022,6,강서구,구랑동,0.5,0.5,0.0,0.0,1.0,0.0
2022,6,강서구,녹산동,0.5,0.5,0.0,0.0,0.5,0.0
2022,6,강서구,눌차동,1.0,0.0,0.0,0.0,0.0,1.0
2022,6,강서구,대저1동,0.5925925925925926,0.14814814814814814,0.25925925925925924,0.0,0.1111111111111111,0.2962962962962963
2022,6,강서구,대저2동,0.6111111111111112,0.3888888888888889,0.0,0.0,0.7222222222222222,0.0
2022,6,강서구,대항동,0.0,1.0,0.0,0.0,0.0,0.0
2022,6,강서구,동선동,0.0,1.0,0.0,0.0,1.0,0.0
2022,6,강서구,명지동,0.875,0.1,0.025,0.0,0.4,0.25
2022,6,강서구,미음동,0.8,0.0,0.2,0.0,0.0,0.0
2022,6,강서구,범방동,0.5,0.5,0.0,0.0,1.0,0.0
2022,6,강서구,봉림동,0.5,0.5,0.0,0.0,0.625,0.25
2022,6,강서구,생곡동,0.2,0.45,0.35,0.0,0.45,0.0
2022,6,강서구,성북동,0.75,0.25,0.0,0.0,0.5,0.25
2022,6,강서구,송정동,0.21428571428571427,0.2857142857142857,0.5,0.0,0.35714285714285715,0.0
2022,6,강서구,식만동,1.0,0.0,0.0,0.0,1.0,0.0
2022,6,강서구,신호동,0.7333333333333333,0.06666666666666667,0.2,0.0,0.13333333333333333,0.3333333333333333
2022,6,강서구,죽동동,1.0,0.0,0.0,0.0,1.0,0.0
2022,6,강서구,죽림동,0.16666666666666666,0.6666666666666666,0.16666666666666666,0.0,0.6666666666666666,0.0
2022,6,강서구,지사동,0.5555555555555556,0.1111111111111111,0.3333333333333333,0.0,0.3333333333333333,0.0
2022,6,강서구,천성동,0.3333333333333333,0.6666666666666666,0.0,0.0,1.0,0.0
2022,6,강서구,화전동,1.0,0.0,0.0,0.0,0.0,0.4
2022,6,금정구,구서동,0.9090909090909091,0.045454545454545456,0.045454545454545456,0.0,0.1590909090909091,0.3409090909090909
2022,6,금정구,금사동,0.7,0.0,0.3,0.0,0.4,0.2
2022,6,금정구,금성동,0.5,0.1875,0.3125,0.0,0.0,0.375
2022,6,금정구,남산동,0.7037037037037037,0.1111111111111111,0.18518518518518517,0.0,0.18518518518518517,0.2962962962962963
2022,6,금정구,노포동,0.7,0.3,0.0,0.0,0.5,0.1
2022,6,금정구,두구동,1.0,0.0,0.0,0.0,0.16666666666666666,0.16666666666666666
2022,6,금정구,부곡동,0.7674418604651163,0.11627906976744186,0.11627906976744186,0.0,0.27906976744186046,0.3488372093023256
2022,6,금정구,서동,0.9615384615384616,0.038461538461538464,0.0,0.0,0.11538461538461539,0.15384615384615385
2022,6,금정구,선동,1.0,0.0,0.0,0.0,1.0,0.0
2022,6,금정구,오륜동,0.25,0.75,0.0,0.0,1.0,0.0
2022,6,금정구,장전동,0.975,0.025,0.0,0.0,0.4,0.325
2022,6,금정구,청룡동,0.7,0.2,0.1,0.0,0.0,0.4
2022,6,금정구,회동동,0.8333333333333334,0.16666666666666666,0.0,0.0,0.16666666666666666,0.3333333333333333
2022,6,기장군,기장읍,0.78,0.1,0.1,0.02,0.34,0.22
2022,6,기장군,일광읍,0.7777777777777778,0.18518518518518517,0.037037037037037035,0.0,0.2962962962962963,0.25925925925925924
2022,6,기장군,장안읍,0.8181818181818182,0.09090909090909091,0.09090909090909091,0.0,0.2727272727272727,0.36363636363636365
2022,6,기장군,정관읍,0.75,0.016666666666666666,0.23333333333333334,0.0,0.21666666666666667,0.21666666666666667
2022,6,기장군,철마면,0.7777777777777778,0.2222222222222222,0.0,0.0,0.5555555555555556,0.2222222222222222
2022,6,남구,감만동,0.6551724137931034,0.0,0.3448275862068966,0.0,0.13793103448275862,0.2413793103448276
2022,6,남구,대연동,0.7802197802197802,0.054945054945054944,0.16483516483516483,0.0,0.3626373626373626,0.26373626373626374
2022,6,남구,문현동,0.8863636363636364,0.11363636363636363,0.0,0.0,0.38636363636363635,0.25
2022,6,남구,용당동,0.6,0.06666666666666667,0.3333333333333333,0.0,0.4,0.0
2022,6,남구,용호동,0.8947368421052632,0.07017543859649122,0.03508771929824561,0.0,0.19298245614035087,0.24561403508771928
2022,6,남구,우암동,1.0,0.0,0.0,0.0,0.15384615384615385,0.3076923076923077
2022,6,동구,범일동,0.6578947368421053,0.05263157894736842,0.2894736842105263,0.0,0.15789473684210525,0.23684210526315788
2022,6,동구,수정동,0.5,0.0,0.5,0.0,0.05555555555555555,0.16666666666666666
2022,6,동구,좌천동,0.8095238095238095,0.14285714285714285,0.047619047619047616,0.0,0.23809523809523808,0.6666666666666666
2022,6,동구,초량동,0.8717948717948718,0.02564102564102564,0.10256410256410256,0.0,0.20512820512820512,0.1282051282051282
2022,6,동래구,낙민동,1.0,0.0,0.0,0.0,0.2222222222222222,0.3333333333333333
2022,6,동래구,명륜동,0.9411764705882353,0.0,0.058823529411764705,0.0,0.23529411764705882,0.47058823529411764
2022,6,동래구,명장동,0.7407407407407407,0.1111111111111111,0.14814814814814814,0.0,0.18518518518518517,0.3333333333333333
2022,6,동래구,복천동,1.0,0.0,0.0,0.0,0.16666666666666666,0.5
2022,6,동래구,사직동,0.7941176470588235,0.058823529411764705,0.14705882352941177,0.0,0.23529411764705882,0.29411764705882354
2022,6,동래구,수안동,0.5517241379310345,0.0,0.4482758620689655,0.0,0.13793103448275862,0.20689655172413793
2022,6,동래구,안락동,0.90625,0.09375,0.0,0.0,0.21875,0.4375
2022,6,동래구,온천동,0.7605633802816901,0.07042253521126761,0.16901408450704225,0.0,0.28169014084507044,0.2112676056338028
2022,6,동래구,칠산동,1.0,0.0,0.0,0.0,0.0,0.5
2022,6,부산진구,가야동,0.7777777777777778,0.0,0.2222222222222222,0.0,0.25,0.16666666666666666
2022,6,부산진구,개금동,0.868421052631579,0.10526315789473684,0.0,0.02631578947368421,0.34210526315789475,0.23684210526315788
2022,6,부산진구,당감동,0.7441860465116279,0.09302325581395349,0.16279069767441862,0.0,0.20930232558139536,0.18604651162790697
2022,6,부산진구,범전동,1.0,0.0,0.0,0.0,0.5,0.5
2022,6,부산진구,범천동,0.9210526315789473,0.0,0.07894736842105263,0.0,0.2894736842105263,0.15789473684210525
2022,6,부산진구,부암동,0.7,0.1,0.2,0.0,0.26666666666666666,0.23333333333333334
2022,6,부산진구,부전동,0.96,0.02,0.02,0.0,0.38,0.07
2022,6,부산진구,양정동,0.8378378378378378,0.02702702702702703,0.13513513513513514,0.0,0.43243243243243246,0.16216216216216217
2022,6,부산진구,연지동,0.9333333333333333,0.06666666666666667,0.0,0.0,0.4666666666666667,0.13333333333333333
2022,6,부산진구,전포동,0.7358490566037735,0.018867924528301886,0.24528301886792453,0.0,0.4339622641509434,0.09433962264150944
2022,6,부산진구,초읍동,0.9411764705882353,0.058823529411764705,0.0,0.0,0.23529411764705882,0.17647058823529413
2022,6,북구,구포동,0.851063829787234,0.1276595744680851,0.02127659574468085,0.0,0.2553191489361702,0.23404255319148937
2022,6,북구,금곡동,0.9024390243902439,0.0,0.0975609756097561,0.0,0.1951219512195122,0.2926829268292683
2022,6,북구,덕천동,0.8461538461538461,0.038461538461538464,0.11538461538461539,0.0,0.34615384615384615,0.2692307692307692
2022,6,북구,만덕동,0.8085106382978723,0.06382978723404255,0.1276595744680851,0.0,0.2765957446808511,0.23404255319148937
2022,6,북구,화명동,0.828125,0.078125,0.09375,0.0,0.3125,0.25
2022,6,사상구,감전동,0.7419354838709677,0.06451612903225806,0.1935483870967742,0.0,0.41935483870967744,0.22580645161290322
2022,6,사상구,괘법동,0.9523809523809523,0.047619047619047616,0.0,0.0,0.23809523809523808,0.3333333333333333
2022,6,사상구,덕포동,1.0,0.0,0.0,0.0,0.42857142857142855,0.07142857142857142
2022,6,사상구,모라동,0.819672131147541,0.06557377049180328,0.11475409836065574,0.0,0.19672131147540983,0.4262295081967213
2022,6,사상구,삼락동,0.42857142857142855,0.21428571428571427,0.35714285714285715,0.0,0.25,0.10714285714285714
2022,6,사상구,엄궁동,0.90625,0.09375,0.0,0.0,0.28125,0.28125
2022,6,사상구,주례동,0.8409090909090909,0.06818181818181818,0.09090909090909091,0.0,0.22727272727272727,0.3409090909090909
2022,6,사상구,학장동,0.8,0.02857142857142857,0.17142857142857143,0.0,0.3142857142857143,0.2571428571428571
2022,6,사하구,감천동,0.6956521739130435,0.0,0.30434782608695654,0.0,0.13043478260869565,0.391304347826087
2022,6,사하구,괴정동,0.7636363636363637,0.07272727272727272,0.16363636363636364,0.0,0.2545454545454545,0.23636363636363636
2022,6,사하구,구평동,1.0,0.0,0.0,0.0,0.21428571428571427,0.14285714285714285
2022,6,사하구,다대동,0.8088235294117647,0.1323529411764706,0.058823529411764705,0.0,0.23529411764705882,0.2647058823529412
2022,6,사하구,당리동,0.9473684210526315,0.05263157894736842,0.0,0.0,0.3684210526315789,0.3157894736842105
2022,6,사하구,신평동,0.6727272727272727,0.01818181818181818,0.3090909090909091,0.0,0.21818181818181817,0.18181818181818182
2022,6,사하구,장림동,0.9696969696969697,0.030303030303030304,0.0,0.0,0.36363636363636365,0.2727272727272727
2022,6,사하구,하단동,0.7857142857142857,0.14285714285714285,0.07142857142857142,0.0,0.30357142857142855,0.17857142857142858
2022,6,서구,남부민동,0.6521739130434783,0.08695652173913043,0.2608695652173913,0.0,0.043478260869565216,0.391304347826087
2022,6,서구,동대신동,1.0,0.0,0.0,0.0,0.21428571428571427,0.42857142857142855
2022,6,서구,부민동,0.3333333333333333,0.0,0.6666666666666666,0.0,0.0,0.2222222222222222
2022,6,서구,부용동,1.0,0.0,0.0,0.0,0.0,0.0
2022,6,서구,서대신동,0.8823529411764706,0.11764705882352941,0.0,0.0,0.23529411764705882,0.17647058823529413
2022,6,서구,아미동,1.0,0.0,0.0,0.0,0.2857142857142857,0.0
2022,6,서구,암남동,0.7692307692307693,0.23076923076923078,0.0,0.0,0.3076923076923077,0.3076923076923077
2022,6,서구,초장동,1.0,0.0,0.0,0.0,0.0,0.0
2022,6,서구,충무동,1.0,0.0,0.0,0.0,0.2,0.2
2022,6,서구,토성동,1.0,0.0,0.0,0.0,0.3333333333333333,0.3333333333333333
2022,6,수영구,광안동,0.7575757575757576,0.09090909090909091,0.15151515151515152,0.0,0.29292929292929293,0.1717171717171717
2022,6,수영구,남천동,0.9117647058823529,0.029411764705882353,0.058823529411764705,0.0,0.29411764705882354,0.23529411764705882
2022,6,수영구,망미동,0.8055555555555556,0.05555555555555555,0.1388888888888889,0.0,0.2777777777777778,0.25
2022,6,수영구,민락동,1.0,0.0,0.0,0.0,0.25,0.28125
2022,6,수영구,수영동,1.0,0.0,0.0,0.0,0.3333333333333333,0.2
2022,6,연제구,거제동,0.9622641509433962,0.018867924528301886,0.018867924528301886,0.0,0.2830188679245283,0.39622641509433965
2022,6,연제구,연산동,0.7257142857142858,0.011428571428571429,0.26285714285714284,0.0,0.18285714285714286,0.24
2022,6,영도구,남항동,1.0,0.0,0.0,0.0,0.2857142857142857,0.42857142857142855
2022,6,영도구,대교동,0.875,0.125,0.0,0.0,0.0,0.25
2022,6,영도구,대평동,1.0,0.0,0.0,0.0,0.0,0.0
2022,6,영도구,동삼동,0.8333333333333334,0.125,0.041666666666666664,0.0,0.1875,0.25
2022,6,영도구,봉래동,1.0,0.0,0.0,0.0,0.38461538461538464,0.3076923076923077
2022,6,영도구,신선동,0.875,0.0,0.125,0.0,0.0,0.25
2022,6,영도구,영선동,0.6875,0.0625,0.25,0.0,0.1875,0.125
2022,6,영도구,청학동,0.8518518518518519,0.037037037037037035,0.1111111111111111,0.0,0.2222222222222222,0.3333333333333333
2022,6,중구,광복동,1.0,0.0,0.0,0.0,0.0,0.0
2022,6,중구,남포동,1.0,0.0,0.0,0.0,0.5,0.0
2022,6,중구,대창동,0.6666666666666666,0.0,0.3333333333333333,0.0,0.3333333333333333,0.3333333333333333
2022,6,중구,대청동,0.875,0.0,0.125,0.0,0.125,0.25
2022,6,중구,동광동,0.75,0.25,0.0,0.0,0.25,0.25
2022,6,중구,보수동,1.0,0.0,0.0,0.0,0.4166666666666667,0.3333333333333333
2022,6,중구,부평동,0.75,0.08333333333333333,0.16666666666666666,0.0,0.08333333333333333,0.16666666666666666
2022,6,중구,신창동,1.0,0.0,0.0,0.0,0.0,1.0
2022,6,중구,영주동,0.9,0.1,0.0,0.0,0.3,0.6
2022,6,중구,중앙동,0.6470588235294118,0.11764705882352941,0.23529411764705882,0.0,0.29411764705882354,0.0
2022,6,중구,창선동,1.0,0.0,0.0,0.0,0.0,1.0
2022,6,해운대구,반송동,0.8863636363636364,0.022727272727272728,0.09090909090909091,0.0,0.06818181818181818,0.45454545454545453
2022,6,해운대구,반여동,0.8082191780821918,0.0273972602739726,0.1643835616438356,0.0,0.1506849315068493,0.2465753424657534
2022,6,해운대구,석대동,0.9,0.0,0.1,0.0,0.9,0.0
2022,6,해운대구,송정동,0.22580645161290322,0.6935483870967742,0.08064516129032258,0.0,0.11290322580645161,0.06451612903225806
2022,6,해운대구,우동,0.7217391304347827,0.1565217391304348,0.12173913043478261,0.0,0.2,0.21739130434782608
2022,6,해운대구,재송동,0.9230769230769231,0.07692307692307693,0.0,0.0,0.41025641025641024,0.28205128205128205
2022,6,해운대구,좌동,0.8181818181818182,0.0,0.18181818181818182,0.0,0.3181818181818182,0.25
2022,6,해운대구,중동,0.7659574468085106,0.1702127659574468,0.06382978723404255,0.0,0.2978723404255319,0.19148936170212766
2022,7,강서구,강동동,0.43478260869565216,0.21739130434782608,0.34782608695652173,0.0,0.43478260869565216,0.13043478260869565
2022,7,강서구,구랑동,0.5,0.5,0.0,0.0,0.5,0.0
2022,7,강서구,녹산동,0.3333333333333333,0.3333333333333333,0.3333333333333333,0.0,0.6666666666666666,0.0
2022,7,강서구,눌차동,0.0,1.0,0.0,0.0,0.0,0.0
2022,7,강서구,대저1동,0.8055555555555556,0.19444444444444445,0.0,0.0,0.3611111111111111,0.3611111111111111
2022,7,강서구,대저2동,0.5882352941176471,0.4117647058823529,0.0,0.0,0.7058823529411765,0.0
2022,7,강서구,대항동,0.0,1.0,0.0,0.0,0.0,0.0
2022,7,강서구,동선동,0.0,1.0,0.0,0.0,0.0,0.0
2022,7,강서구,명지동,0.8478260869565217,0.15217391304347827,0.0,0.0,0.391304347826087,0.06521739130434782
2022,7,강서구,미음동,1.0,0.0,0.0,0.0,1.0,0.0
2022,7,강서구,범방동,0.5,0.5,0.0,0.0,0.875,0.0
2022,7,강서구,봉림동,0.5,0.5,0.0,0.0,0.5,0.0
2022,7,강서구,생곡동,1.0,0.0,0.0,0.0,0.5,0.0
2022,7,강서구,성북동,0.4,0.6,0.0,0.0,0.0,0.0
2022,7,강서구,송정동,0.43478260869565216,0.2608695652173913,0.30434782608695654,0.0,0.34782608695652173,0.043478260869565216
2022,7,강서구,식만동,1.0,0.0,0.0,0.0,0.0,1.0
2022,7,강서구,신호동,0.42857142857142855,0.21428571428571427,0.35714285714285715,0.0,0.2857142857142857,0.0
2022,7,강서구,죽동동,1.0,0.0,0.0,0.0,0.0,0.0
2022,7,강서구,죽림동,1.0,0.0,0.0,0.0,0.0,0.0
2022,7,강서구,지사동,0.3333333333333333,0.2222222222222222,0.4444444444444444,0.0,0.0,0.0
2022,7,강서구,천성동,0.6666666666666666,0.3333333333333333,0.0,0.0,0.3333333333333333,0.0
2022,7,강서구,화전동,0.75,0.0,0.0,0.0,0.25,0.0
2022,7,금정구,구서동,0.85,0.1,0.05,0.0,0.275,0.15
2022,7,금정구,금사동,0.7142857142857143,0.14285714285714285,0.14285714285714285,0.0,0.42857142857142855,0.14285714285714285
2022,7,금정구,금성동,0.7142857142857143,0.09523809523809523,0.19047619047619047,0.0,0.0,0.6666666666666666
2022,7,금정구,남산동,0.5789473684210527,0.10526315789473684,0.3157894736842105,0.0,0.2631578947368421,0.05263157894736842
2022,7,금정구,노포동,0.6,0.4,0.0,0.0,0.6,0.0
2022,7,금정구,두구동,0.5714285714285714,0.42857142857142855,0.0,0.0,0.5714285714285714,0.0
2022,7,금정구,부곡동,0.7884615384615384,0.09615384615384616,0.11538461538461539,0.0,0.38461538461538464,0.09615384615384616
2022,7,금정구,서동,0.7368421052631579,0.21052631578947367,0.05263157894736842,0.0,0.3684210526315789,0.05263157894736842
2022,7,금정구,선동,0.6666666666666666,0.3333333333333333,0.0,0.0,0.5,0.0
2022,7,금정구,오륜동,0.0,1.0,0.0,0.0,0.3333333333333333,0.0
2022,7,금정구,장전동,0.7931034482758621,0.1724137931034483,0.034482758620689655,0.0,0.13793103448275862,0.20689655172413793
2022,7,금정구,청룡동,0.5555555555555556,0.4444444444444444,0.0,0.0,0.1111111111111111,0.0
2022,7,금정구,회동동,0.6,0.4,0.0,0.0,0.6,0.0
2022,7,기장군,기장읍,0.7424242424242424,0.12121212121212122,0.13636363636363635,0.0,0.4090909090909091,0.07575757575757576
2022,7,기장군,일광읍,0.43243243243243246,0.5675675675675675,0.0,0.0,0.2972972972972973,0.05405405405405406
2022,7,기장군,장안읍,0.4246575342465753,0.5205479452054794,0.0410958904109589,0.0136986301369863,0.1780821917808219,0.2054794520547945
2022,7,기장군,정관읍,0.6785714285714286,0.05357142857142857,0.26785714285714285,0.0,0.25,0.10714285714285714
2022,7,기장군,철마면,0.46153846153846156,0.5384615384615384,0.0,0.0,0.6153846153846154,0.07692307692307693
2022,7,남구,감만동,0.36666666666666664,0.16666666666666666,0.4666666666666667,0.0,0.2,0.03333333333333333
2022,7,남구,대연동,0.6896551724137931,0.11494252873563218,0.19540229885057472,0.0,0.3448275862068966,0.09195402298850575
2022,7,남구,문현동,0.9310344827586207,0.034482758620689655,0.034482758620689655,0.0,0.2413793103448276,0.20689655172413793
2022,7,남구,용당동,0.4444444444444444,0.07407407407407407,0.48148148148148145,0.0,0.1111111111111111,0.18518518518518517
2022,7,남구,용호동,0.8333333333333334,0.1111111111111111,0.05555555555555555,0.0,0.25,0.1111111111111111
2022,7,남구,우암동,0.75,0.16666666666666666,0.08333333333333333,0.0,0.4166666666666667,0.08333333333333333
2022,7,동구,범일동,0.5135135135135135,0.0,0.4864864864864865,0.0,0.16216216216216217,0.10810810810810811
2022,7,동구,수정동,0.6764705882352942,0.058823529411764705,0.2647058823529412,0.0,0.17647058823529413,0.2647058823529412
2022,7,동구,좌천동,0.8372093023255814,0.06976744186046512,0.09302325581395349,0.0,0.18604651162790697,0.5348837209302325
2022,7,동구,초량동,0.819672131147541,0.04918032786885246,0.13114754098360656,0.0,0.2459016393442623,0.11475409836065574
2022,7,동래구,낙민동,1.0,0.0,0.0,0.0,0.4,0.2
2022,7,동래구,명륜동,0.9411764705882353,0.058823529411764705,0.0,0.0,0.29411764705882354,0.23529411764705882
2022,7,동래구,명장동,0.52,0.16,0.32,0.0,0.32,0.12
2022,7,동래구,복천동,0.5,0.0,0.5,0.0,0.0,0.5
2022,7,동래구,사직동,0.7631578947368421,0.05263157894736842,0.18421052631578946,0.0,0.23684210526315788,0.15789473684210525
2022,7,동래구,수안동,0.5789473684210527,0.05263157894736842,0.3684210526315789,0.0,0.3684210526315789,0.0
2022,7,동래구,안락동,0.9069767441860465,0.06976744186046512,0.023255813953488372,0.0,0.37209302325581395,0.13953488372093023
2022,7,동래구,온천동,0.746268656716418,0.11940298507462686,0.13432835820895522,0.0,0.26865671641791045,0.1791044776119403
2022,7,동래구,칠산동,1.0,0.0,0.0,0.0,0.25,0.0
2022,7,부산진구,가야동,0.75,0.0625,0.1875,0.0,0.25,0.1875
2022,7,부산진구,개금동,0.8571428571428571,0.14285714285714285,0.0,0.0,0.34285714285714286,0.08571428571428572
2022,7,부산진구,당감동,0.7105263157894737,0.13157894736842105,0.15789473684210525,0.0,0.42105263157894735,0.02631578947368421
2022,7,부산진구,범전동,0.875,0.125,0.0,0.0,0.5,0.375
2022,7,부산진구,범천동,0.8947368421052632,0.07894736842105263,0.02631578947368421,0.0,0.4473684210526316,0.13157894736842105
2022,7,부산진구,부암동,0.4230769230769231,0.3076923076923077,0.2692307692307692,0.0,0.19230769230769232,0.038461538461538464
2022,7,부산진구,부전동,0.9444444444444444,0.041666666666666664,0.013888888888888888,0.0,0.3472222222222222,0.027777777777777776
2022,7,부산진구,양정동,0.7380952380952381,0.09523809523809523,0.16666666666666666,0.0,0.38095238095238093,0.11904761904761904
2022,7,부산진구,연지동,0.9230769230769231,0.07692307692307693,0.0,0.0,0.3076923076923077,0.15384615384615385
2022,7,부산진구,전포동,0.7241379310344828,0.034482758620689655,0.2413793103448276,0.0,0.29310344827586204,0.10344827586206896
2022,7,부산진구,초읍동,0.75,0.25,0.0,0.0,0.25,0.16666666666666666
2022,7,북구,구포동,0.875,0.10714285714285714,0.017857142857142856,0.0,0.2857142857142857,0.10714285714285714
2022,7,북구,금곡동,0.84375,0.03125,0.125,0.0,0.15625,0.375
2022,7,북구,덕천동,0.7115384615384616,0.07692307692307693,0.21153846153846154,0.0,0.36538461538461536,0.09615384615384616
2022,7,북구,만덕동,0.7674418604651163,0.06976744186046512,0.16279069767441862,0.0,0.3488372093023256,0.13953488372093023
2022,7,북구,화명동,0.7547169811320755,0.09433962264150944,0.1509433962264151,0.0,0.2830188679245283,0.11320754716981132
2022,7,사상구,감전동,0.6875,0.125,0.1875,0.0,0.28125,0.03125
2022,7,사상구,괘법동,0.9473684210526315,0.05263157894736842,0.0,0.0,0.3684210526315789,0.05263157894736842
2022,7,사상구,덕포동,0.75,0.15,0.1,0.0,0.3,0.1
2022,7,사상구,모라동,0.71875,0.0,0.28125,0.0,0.125,0.1875
2022,7,사상구,삼락동,0.391304347826087,0.17391304347826086,0.43478260869565216,0.0,0.391304347826087,0.043478260869565216
2022,7,사상구,엄궁동,0.6666666666666666,0.3333333333333333,0.0,0.0,0.25,0.0
2022,7,사상구,주례동,0.8157894736842105,0.07894736842105263,0.10526315789473684,0.0,0.2894736842105263,0.10526315789473684
2022,7,사상구,학장동,0.7631578947368421,0.10526315789473684,0.13157894736842105,0.0,0.4473684210526316,0.02631578947368421
2022,7,사하구,감천동,0.7142857142857143,0.14285714285714285,0.14285714285714285,0.0,0.42857142857142855,0.14285714285714285
2022,7,사하구,괴정동,0.6551724137931034,0.10344827586206896,0.2413793103448276,0.0,0.2413793103448276,0.13793103448275862
2022,7,사하구,구평동,0.6,0.4,0.0,0.0,0.5,0.0
2022,7,사하구,다대동,0.8024691358024691,0.13580246913580246,0.06172839506172839,0.0,0.19753086419753085,0.09876543209876543
2022,7,사하구,당리동,0.8695652173913043,0.13043478260869565,0.0,0.0,0.5217391304347826,0.13043478260869565
2022,7,사하구,신평동,0.7868852459016393,0.04918032786885246,0.16393442622950818,0.0,0.2459016393442623,0.3114754098360656
2022,7,사하구,장림동,0.7777777777777778,0.1388888888888889,0.08333333333333333,0.0,0.2777777777777778,0.1388888888888889
2022,7,사하구,하단동,0.7727272727272727,0.20454545454545456,0.022727272727272728,0.0,0.5681818181818182,0.06818181818181818
2022,7,서구,남부민동,0.631578947368421,0.15789473684210525,0.21052631578947367,0.0,0.15789473684210525,0.15789473684210525
2022,7,서구,동대신동,0.8571428571428571,0.14285714285714285,0.0,0.0,0.14285714285714285,0.14285714285714285
2022,7,서구,부민동,0.4,0.0,0.6,0.0,0.06666666666666667,0.13333333333333333
2022,7,서구,부용동,1.0,0.0,0.0,0.0,0.0,0.2
2022,7,서구,서대신동,0.8235294117647058,0.11764705882352941,0.058823529411764705,0.0,0.47058823529411764,0.058823529411764705
2022,7,서구,아미동,1.0,0.0,0.0,0.0,0.14285714285714285,0.2857142857142857
2022,7,서구,암남동,0.16666666666666666,0.8333333333333334,0.0,0.0,0.10256410256410256,0.02564102564102564
2022,7,서구,초장동,1.0,0.0,0.0,0.0,0.6666666666666666,0.3333333333333333
2022,7,서구,충무동,0.8333333333333334,0.16666666666666666,0.0,0.0,0.3333333333333333,0.16666666666666666
2022,7,서구,토성동,1.0,0.0,0.0,0.0,0.0,0.25
2022,7,수영구,광안동,0.4918032786885246,0.45901639344262296,0.04918032786885246,0.0,0.2540983606557377,0.16393442622950818
2022,7,수영구,남천동,0.8857142857142857,0.08571428571428572,0.02857142857142857,0.0,0.5142857142857142,0.05714285714285714
2022,7,수영구,망미동,0.6521739130434783,0.043478260869565216,0.30434782608695654,0.0,0.30434782608695654,0.08695652173913043
2022,7,수영구,민락동,0.8928571428571429,0.10714285714285714,0.0,0.0,0.25,0.07142857142857142
2022,7,수영구,수영동,1.0,0.0,0.0,0.0,0.3333333333333333,0.13333333333333333
2022,7,연제구,거제동,0.9767441860465116,0.0,0.023255813953488372,0.0,0.3488372093023256,0.20930232558139536
2022,7,연제구,연산동,0.7647058823529411,0.047058823529411764,0.18823529411764706,0.0,0.21764705882352942,0.18235294117647058
2022,7,영도구,남항동,0.6666666666666666,0.3333333333333333,0.0,0.0,0.16666666666666666,0.16666666666666666
2022,7,영도구,대교동,0.6666666666666666,0.3333333333333333,0.0,0.0,0.16666666666666666,0.16666666666666666
2022,7,영도구,대평동,1.0,0.0,0.0,0.0,0.5,0.0
2022,7,영도구,동삼동,0.5,0.2608695652173913,0.2391304347826087,0.0,0.08695652173913043,0.08695652173913043
2022,7,영도구,봉래동,0.75,0.25,0.0,0.0,0.4166666666666667,0.08333333333333333
2022,7,영도구,신선동,0.8,0.2,0.0,0.0,0.2,0.0
2022,7,영도구,영선동,0.47368421052631576,0.15789473684210525,0.3684210526315789,0.0,0.21052631578947367,0.05263157894736842
2022,7,영도구,청학동,0.8095238095238095,0.09523809523809523,0.09523809523809523,0.0,0.5714285714285714,0.09523809523809523
2022,7,중구,광복동,0.5,0.5,0.0,0.0,0.5,0.0
2022,7,중구,남포동,0.9166666666666666,0.08333333333333333,0.0,0.0,0.25,0.0
2022,7,중구,대창동,0.5,0.5,0.0,0.0,0.5,0.5
2022,7,중구,대청동,0.6666666666666666,0.0,0.3333333333333333,0.0,0.3333333333333333,0.0
2022,7,중구,동광동,1.0,0.0,0.0,0.0,0.0,0.4
2022,7,중구,보수동,0.9090909090909091,0.09090909090909091,0.0,0.0,0.36363636363636365,0.09090909090909091
2022,7,중구,부평동,0.5789473684210527,0.2631578947368421,0.15789473684210525,0.0,0.3157894736842105,0.05263157894736842
2022,7,중구,신창동,0.5,0.0,0.5,0.0,0.0,0.0
2022,7,중구,영주동,0.8461538461538461,0.15384615384615385,0.0,0.0,0.23076923076923078,0.07692307692307693
2022,7,중구,중앙동,0.7272727272727273,0.06060606060606061,0.21212121212121213,0.0,0.18181818181818182,0.3939393939393939
2022,7,중구,창선동,0.5,0.25,0.25,0.0,0.5,0.0
2022,7,해운대구,반송동,0.5714285714285714,0.11428571428571428,0.3142857142857143,0.0,0.11428571428571428,0.17142857142857143
2022,7,해운대구,반여동,0.7659574468085106,0.02127659574468085,0.2127659574468085,0.0,0.19148936170212766,0.0851063829787234
2022,7,해운대구,석대동,1.0,0.0,0.0,0.0,0.0,0.0
2022,7,해운대구,송정동,0.18421052631578946,0.6842105263157895,0.13157894736842105,0.0,0.06578947368421052,0.039473684210526314
2022,7,해운대구,우동,0.5789473684210527,0.21052631578947367,0.21052631578947367,0.0,0.18796992481203006,0.17293233082706766
2022,7,해운대구,재송동,0.8,0.2,0.0,0.0,0.3333333333333333,0.13333333333333333
2022,7,해운대구,좌동,0.6842105263157895,0.07017543859649122,0.24561403508771928,0.0,0.3508771929824561,0.14035087719298245
2022,7,해운대구,중동,0.34444444444444444,0.5888888888888889,0.06666666666666667,0.0,0.17777777777777778,0.03333333333333333
2022,8,강서구,강동동,0.35294117647058826,0.23529411764705882,0.4117647058823529,0.0,0.4117647058823529,0.058823529411764705
2022,8,강서구,구랑동,0.25,0.75,0.0,0.0,0.25,0.25
2022,8,강서구,녹산동,0.4,0.6,0.0,0.0,0.4,0.0
2022,8,강서구,눌차동,0.0,0.75,0.25,0.0,0.75,0.0
2022,8,강서구,대저1동,0.7931034482758621,0.1896551724137931,0.017241379310344827,0.0,0.29310344827586204,0.46551724137931033
2022,8,강서구,대저2동,0.5806451612903226,0.3548387096774194,0.06451612903225806,0.0,0.5161290322580645,0.03225806451612903
2022,8,강서구,대항동,0.125,0.75,0.125,0.0,0.0,0.125
2022,8,강서구,동선동,0.5,0.5,0.0,0.0,0.0,0.5
2022,8,강서구,명지동,0.7446808510638298,0.19148936170212766,0.06382978723404255,0.0,0.23404255319148937,0.23404255319148937
2022,8,강서구,미음동,0.6666666666666666,0.3333333333333333,0.0,0.0,0.6666666666666666,0.0
2022,8,강서구,범방동,0.5,0.5,0.0,0.0,0.75,0.25
2022,8,강서구,봉림동,1.0,0.0,0.0,0.0,0.5,0.0
2022,8,강서구,생곡동,1.0,0.0,0.0,0.0,0.5,0.0
2022,8,강서구,성북동,0.5714285714285714,0.2857142857142857,0.14285714285714285,0.0,0.14285714285714285,0.0
2022,8,강서구,송정동,0.25,0.25,0.5,0.0,0.2,0.0
2022,8,강서구,식만동,1.0,0.0,0.0,0.0,0.5,0.0
2022,8,강서구,신호동,0.6666666666666666,0.06666666666666667,0.26666666666666666,0.0,0.2,0.13333333333333333
2022,8,강서구,죽동동,1.0,0.0,0.0,0.0,0.5,0.0
2022,8,강서구,죽림동,0.8333333333333333,0.16666666666666666,0.0,0.0,0.8333333333333333,0.0
2022,8,강서구,지사동,0.5,0.16666666666666666,0.3333333333333333,0.0,0.3333333333333333,0.0
2022,8,강서구,천성동,0.0,1.0,0.0,0.0,0.5,0.0
2022,8,강서구,화전동,1.0,0.0,0.0,0.0,0.0,0.0
2022,8,금정구,구서동,0.6041666666666666,0.22916666666666666,0.16666666666666666,0.0,0.1875,0.2916666666666667
2022,8,금정구,금사동,0.7857142857142857,0.14285714285714285,0.07142857142857142,0.0,0.07142857142857142,0.21428571428571427
2022,8,금정구,금성동,0.7209302325581395,0.18604651162790697,0.09302325581395349,0.0,0.0,0.6976744186046512
2022,8,금정구,남산동,0.75,0.2,0.05,0.0,0.0,0.5
2022,8,금정구,노포동,0.4,0.6,0.0,0.0,0.6,0.2
2022,8,금정구,두구동,0.5,0.5,0.0,0.0,0.3333333333333333,0.16666666666666666
2022,8,금정구,부곡동,0.6984126984126984,0.09523809523809523,0.20634920634920634,0.0,0.3492063492063492,0.07936507936507936
2022,8,금정구,서동,0.8695652173913043,0.08695652173913043,0.043478260869565216,0.0,0.30434782608695654,0.2608695652173913
2022,8,금정구,선동,0.25,0.75,0.0,0.0,0.5,0.0
2022,8,금정구,오륜동,0.5,0.5,0.0,0.0,1.0,0.0
2022,8,금정구,장전동,0.8421052631578947,0.15789473684210525,0.0,0.0,0.2894736842105263,0.15789473684210525
2022,8,금정구,청룡동,0.5714285714285714,0.35714285714285715,0.07142857142857142,0.0,0.07142857142857142,0.14285714285714285
2022,8,금정구,회동동,1.0,0.0,0.0,0.0,0.5,0.3333333333333333
2022,8,기장군,기장읍,0.6527777777777778,0.1527777777777778,0.19444444444444445,0.0,0.2638888888888889,0.2638888888888889
2022,8,기장군,일광읍,0.75,0.21428571428571427,0.0,0.03571428571428571,0.2857142857142857,0.17857142857142858
2022,8,기장군,장안읍,0.5057471264367817,0.4482758620689655,0.04597701149425287,0.0,0.05747126436781609,0.3333333333333333
2022,8,기장군,정관읍,0.6901408450704225,0.18309859154929578,0.1267605633802817,0.0,0.2112676056338028,0.19718309859154928
2022,8,기장군,철마면,0.42857142857142855,0.5714285714285714,0.0,0.0,0.3333333333333333,0.14285714285714285
2022,8,남구,감만동,0.4074074074074074,0.25925925925925924,0.3333333333333333,0.0,0.1111111111111111,0.07407407407407407
2022,8,남구,대연동,0.6532258064516129,0.1532258064516129,0.1935483870967742,0.0,0.28225806451612906,0.11290322580645161
2022,8,남구,문현동,0.8285714285714286,0.14285714285714285,0.02857142857142857,0.0,0.2,0.3142857142857143
2022,8,남구,용당동,0.4666666666666667,0.13333333333333333,0.4,0.0,0.1,0.3
2022,8,남구,용호동,0.8723404255319149,0.1276595744680851,0.0,0.0,0.10638297872340426,0.3191489361702128
2022,8,남구,우암동,0.8571428571428571,0.14285714285714285,0.0,0.0,0.35714285714285715,0.07142857142857142
2022,8,동구,범일동,0.47959183673469385,0.01020408163265306,0.5102040816326531,0.0,0.08163265306122448,0.30612244897959184
2022,8,동구,수정동,0.45454545454545453,0.12121212121212122,0.42424242424242425,0.0,0.12121212121212122,0.09090909090909091
2022,8,동구,좌천동,0.6153846153846154,0.04395604395604396,0.34065934065934067,0.0,0.03296703296703297,0.5494505494505495
2022,8,동구,초량동,0.6818181818181818,0.22727272727272727,0.09090909090909091,0.0,0.22727272727272727,0.09090909090909091
2022,8,동래구,낙민동,0.8333333333333334,0.16666666666666666,0.0,0.0,0.25,0.25
2022,8,동래구,명륜동,0.875,0.125,0.0,0.0,0.125,0.1875
2022,8,동래구,명장동,0.41935483870967744,0.0967741935483871,0.4838709677419355,0.0,0.16129032258064516,0.06451612903225806
2022,8,동래구,복천동,0.6666666666666666,0.0,0.3333333333333333,0.0,0.0,0.0
2022,8,동래구,사직동,0.65625,0.125,0.21875,0.0,0.1875,0.28125
2022,8,동래구,수안동,0.3333333333333333,0.2777777777777778,0.3888888888888889,0.0,0.05555555555555555,0.08333333333333333
2022,8,동래구,안락동,0.7368421052631579,0.23684210526315788,0.02631578947368421,0.0,0.2894736842105263,0.34210526315789475
2022,8,동래구,온천동,0.6666666666666666,0.18888888888888888,0.14444444444444443,0.0,0.18888888888888888,0.15555555555555556
2022,8,동래구,칠산동,1.0,0.0,0.0,0.0,0.0,1.0
2022,8,부산진구,가야동,0.3972602739726027,0.0684931506849315,0.5342465753424658,0.0,0.0821917808219178,0.0684931506849315
2022,8,부산진구,개금동,0.8846153846153846,0.11538461538461539,0.0,0.0,0.3269230769230769,0.21153846153846154
2022,8,부산진구,당감동,0.46551724137931033,0.06896551724137931,0.46551724137931033,0.0,0.13793103448275862,0.1206896551724138
2022,8,부산진구,범전동,1.0,0.0,0.0,0.0,0.14285714285714285,0.42857142857142855
2022,8,부산진구,범천동,0.851063829787234,0.0851063829787234,0.06382978723404255,0.0,0.2978723404255319,0.23404255319148937
2022,8,부산진구,부암동,0.25925925925925924,0.14814814814814814,0.5925925925925926,0.0,0.05555555555555555,0.14814814814814814
2022,8,부산진구,부전동,0.84375,0.125,0.03125,0.0,0.421875,0.078125
2022,8,부산진구,양정동,0.8666666666666667,0.08888888888888889,0.044444444444444446,0.0,0.35555555555555557,0.2222222222222222
2022,8,부산진구,연지동,0.6842105263157895,0.3157894736842105,0.0,0.0,0.15789473684210525,0.15789473684210525
2022,8,부산진구,전포동,0.4074074074074074,0.09259259259259259,0.5,0.0,0.1574074074074074,0.06481481481481481
2022,8,부산진구,초읍동,0.75,0.25,0.0,0.0,0.17857142857142858,0.25
2022,8,북구,구포동,0.6885245901639344,0.3114754098360656,0.0,0.0,0.14754098360655737,0.19672131147540983
2022,8,북구,금곡동,0.825,0.075,0.1,0.0,0.15,0.4
2022,8,북구,덕천동,0.5643564356435643,0.2871287128712871,0.1485148514851485,0.0,0.09900990099009901,0.297029702970297
2022,8,북구,만덕동,0.6739130434782609,0.15217391304347827,0.17391304347826086,0.0,0.21739130434782608,0.15217391304347827
2022,8,북구,화명동,0.671875,0.28125,0.046875,0.0,0.21875,0.15625
2022,8,사상구,감전동,0.475,0.325,0.2,0.0,0.2,0.05
2022,8,사상구,괘법동,0.7,0.26666666666666666,0.03333333333333333,0.0,0.13333333333333333,0.16666666666666666
2022,8,사상구,덕포동,0.8421052631578947,0.05263157894736842,0.10526315789473684,0.0,0.2631578947368421,0.3684210526315789
2022,8,사상구,모라동,0.5396825396825397,0.19047619047619047,0.2698412698412698,0.0,0.14285714285714285,0.09523809523809523
2022,8,사상구,삼락동,0.3611111111111111,0.16666666666666666,0.4722222222222222,0.0,0.25,0.027777777777777776
2022,8,사상구,엄궁동,0.9230769230769231,0.07692307692307693,0.0,0.0,0.46153846153846156,0.15384615384615385
2022,8,사상구,주례동,0.7708333333333334,0.16666666666666666,0.0625,0.0,0.125,0.25
2022,8,사상구,학장동,0.5517241379310345,0.3103448275862069,0.13793103448275862,0.0,0.10344827586206896,0.1724137931034483
2022,8,사하구,감천동,0.6451612903225806,0.25806451612903225,0.0967741935483871,0.0,0.1935483870967742,0.12903225806451613
2022,8,사하구,괴정동,0.7192982456140351,0.10526315789473684,0.17543859649122806,0.0,0.15789473684210525,0.22807017543859648
2022,8,사하구,구평동,0.6923076923076923,0.3076923076923077,0.0,0.0,0.38461538461538464,0.07692307692307693
2022,8,사하구,다대동,0.620253164556962,0.3037974683544304,0.0759493670886076,0.0,0.12658227848101267,0.12658227848101267
2022,8,사하구,당리동,0.8125,0.1875,0.0,0.0,0.25,0.3125
2022,8,사하구,신평동,0.9354838709677419,0.04838709677419355,0.016129032258064516,0.0,0.20967741935483872,0.532258064516129
2022,8,사하구,장림동,0.8,0.2,0.0,0.0,0.36666666666666664,0.2
2022,8,사하구,하단동,0.6304347826086957,0.2608695652173913,0.10869565217391304,0.0,0.21739130434782608,0.1956521739130435
2022,8,서구,남부민동,0.6842105263157895,0.2631578947368421,0.05263157894736842,0.0,0.3684210526315789,0.0
2022,8,서구,동대신동,0.8235294117647058,0.058823529411764705,0.11764705882352941,0.0,0.29411764705882354,0.058823529411764705
2022,8,서구,부민동,0.4166666666666667,0.0,0.5833333333333334,0.0,0.16666666666666666,0.25
2022,8,서구,부용동,0.6666666666666666,0.3333333333333333,0.0,0.0,0.0,0.0
2022,8,서구,서대신동,0.8235294117647058,0.058823529411764705,0.11764705882352941,0.0,0.11764705882352941,0.35294117647058826
2022,8,서구,아미동,0.5,0.5,0.0,0.0,0.0,0.25
2022,8,서구,암남동,0.6071428571428571,0.39285714285714285,0.0,0.0,0.14285714285714285,0.10714285714285714
2022,8,서구,초장동,0.75,0.25,0.0,0.0,0.25,0.0
2022,8,서구,충무동,1.0,0.0,0.0,0.0,0.4166666666666667,0.08333333333333333
2022,8,서구,토성동,0.75,0.25,0.0,0.0,0.5,0.0
2022,8,수영구,광안동,0.5333333333333333,0.38,0.08666666666666667,0.0,0.11333333333333333,0.2866666666666667
2022,8,수영구,남천동,0.8846153846153846,0.07692307692307693,0.038461538461538464,0.0,0.34615384615384615,0.3076923076923077
2022,8,수영구,망미동,0.6590909090909091,0.11363636363636363,0.22727272727272727,0.0,0.22727272727272727,0.2727272727272727
2022,8,수영구,민락동,0.8108108108108109,0.1891891891891892,0.0,0.0,0.1891891891891892,0.1891891891891892
2022,8,수영구,수영동,0.875,0.125,0.0,0.0,0.25,0.125
2022,8,연제구,거제동,0.7755102040816326,0.1836734693877551,0.04081632653061224,0.0,0.24489795918367346,0.3673469387755102
2022,8,연제구,연산동,0.6016260162601627,0.1016260162601626,0.2967479674796748,0.0,0.15853658536585366,0.2886178861788618
2022,8,영도구,남항동,0.75,0.25,0.0,0.0,0.25,0.0
2022,8,영도구,대교동,0.75,0.16666666666666666,0.08333333333333333,0.0,0.25,0.25
2022,8,영도구,대평동,0.5,0.0,0.5,0.0,0.5,0.0
2022,8,영도구,동삼동,0.625,0.125,0.25,0.0,0.05357142857142857,0.14285714285714285
2022,8,영도구,봉래동,0.8823529411764706,0.11764705882352941,0.0,0.0,0.23529411764705882,0.23529411764705882
2022,8,영도구,신선동,0.875,0.125,0.0,0.0,0.25,0.125
2022,8,영도구,영선동,0.25,0.05555555555555555,0.6944444444444444,0.0,0.1111111111111111,0.027777777777777776
2022,8,영도구,청학동,0.40425531914893614,0.3617021276595745,0.23404255319148937,0.0,0.19148936170212766,0.10638297872340426
2022,8,중구,광복동,0.3333333333333333,0.6666666666666666,0.0,0.0,0.0,0.0
2022,8,중구,남포동,0.8,0.2,0.0,0.0,0.2,0.0
2022,8,중구,대창동,1.0,0.0,0.0,0.0,0.0,1.0
2022,8,중구,대청동,0.8571428571428571,0.0,0.14285714285714285,0.0,0.14285714285714285,0.42857142857142855
2022,8,중구,동광동,0.6666666666666666,0.3333333333333333,0.0,0.0,0.0,0.0
2022,8,중구,보수동,0.7142857142857143,0.2857142857142857,0.0,0.0,0.42857142857142855,0.2857142857142857
2022,8,중구,부평동,0.5714285714285714,0.19047619047619047,0.23809523809523808,0.0,0.19047619047619047,0.0
2022,8,중구,신창동,0.4,0.6,0.0,0.0,0.0,0.0
2022,8,중구,영주동,0.5,0.5,0.0,0.0,0.16666666666666666,0.08333333333333333
2022,8,중구,중앙동,0.9,0.08333333333333333,0.016666666666666666,0.0,0.03333333333333333,0.8
2022,8,중구,창선동,0.3333333333333333,0.6666666666666666,0.0,0.0,0.3333333333333333,0.0
2022,8,해운대구,반송동,0.6808510638297872,0.06382978723404255,0.2553191489361702,0.0,0.14893617021276595,0.1276595744680851
2022,8,해운대구,반여동,0.7654320987654321,0.09876543209876543,0.13580246913580246,0.0,0.16049382716049382,0.19753086419753085
2022,8,해운대구,석대동,0.0,1.0,0.0,0.0,1.0,0.0
2022,8,해운대구,송정동,0.18461538461538463,0.7076923076923077,0.1076923076923077,0.0,0.12307692307692308,0.015384615384615385
2022,8,해운대구,우동,0.708029197080292,0.12408759124087591,0.1678832116788321,0.0,0.17518248175182483,0.31386861313868614
2022,8,해운대구,재송동,0.88,0.04,0.08,0.0,0.32,0.16
2022,8,해운대구,좌동,0.7466666666666667,0.10666666666666667,0.14666666666666667,0.0,0.24,0.21333333333333335
2022,8,해운대구,중동,0.3010752688172043,0.4946236559139785,0.20430107526881722,0.0,0.0967741935483871,0.07526881720430108
2022,9,강서구,강동동,0.47368421052631576,0.10526315789473684,0.42105263157894735,0.0,0.3157894736842105,0.0
2022,9,강서구,구랑동,0.75,0.25,0.0,0.0,0.75,0.0
2022,9,강서구,녹산동,1.0,0.0,0.0,0.0,0.3333333333333333,0.3333333333333333
2022,9,강서구,눌차동,0.0,1.0,0.0,0.0,0.0,0.0
2022,9,강서구,대저1동,0.7419354838709677,0.1935483870967742,0.06451612903225806,0.0,0.2903225806451613,0.41935483870967744
2022,9,강서구,대저2동,0.7777777777777778,0.2222222222222222,0.0,0.0,0.5555555555555556,0.0
2022,9,강서구,대항동,1.0,0.0,0.0,0.0,0.0,0.0
2022,9,강서구,동선동,1.0,0.0,0.0,0.0,0.5,0.0
2022,9,강서구,명지동,0.88,0.12,0.0,0.0,0.36,0.2
2022,9,강서구,미음동,0.0,1.0,0.0,0.0,0.0,0.0
2022,9,강서구,범방동,0.5,0.5,0.0,0.0,1.0,0.0
2022,9,강서구,봉림동,0.0,1.0,0.0,0.0,1.0,0.0
2022,9,강서구,생곡동,0.5,0.5,0.0,0.0,0.25,0.0
2022,9,강서구,성북동,1.0,0.0,0.0,0.0,0.5,0.0
2022,9,강서구,송정동,0.6,0.0,0.4,0.0,0.2,0.13333333333333333
2022,9,강서구,식만동,0.0,1.0,0.0,0.0,0.0,0.0
2022,9,강서구,신호동,0.5833333333333334,0.16666666666666666,0.25,0.0,0.25,0.20833333333333334
2022,9,강서구,죽동동,1.0,0.0,0.0,0.0,0.0,0.0
2022,9,강서구,죽림동,1.0,0.0,0.0,0.0,0.0,0.0
2022,9,강서구,지사동,0.6666666666666666,0.06666666666666667,0.26666666666666666,0.0,0.06666666666666667,0.3333333333333333
2022,9,강서구,천성동,1.0,0.0,0.0,0.0,0.6666666666666666,0.0
2022,9,강서구,화전동,1.0,0.0,0.0,0.0,0.3333333333333333,0.0
2022,9,금정구,구서동,0.7441860465116279,0.13953488372093023,0.11627906976744186,0.0,0.18604651162790697,0.2558139534883721
2022,9,금정구,금사동,1.0,0.0,0.0,0.0,0.5,0.0
2022,9,금정구,금성동,0.6818181818181818,0.18181818181818182,0.13636363636363635,0.0,0.0,0.6363636363636364
2022,9,금정구,남산동,0.7916666666666666,0.041666666666666664,0.16666666666666666,0.0,0.08333333333333333,0.25
2022,9,금정구,노포동,1.0,0.0,0.0,0.0,1.0,0.0
2022,9,금정구,두구동,1.0,0.0,0.0,0.0,0.25,0.25
2022,9,금정구,부곡동,0.7777777777777778,0.1111111111111111,0.1111111111111111,0.0,0.3333333333333333,0.24444444444444444
2022,9,금정구,서동,0.9736842105263158,0.02631578947368421,0.0,0.0,0.15789473684210525,0.23684210526315788
2022,9,금정구,선동,1.0,0.0,0.0,0.0,1.0,0.0
2022,9,금정구,오륜동,0.2,0.8,0.0,0.0,0.8,0.0
2022,9,금정구,장전동,0.8648648648648649,0.13513513513513514,0.0,0.0,0.1891891891891892,0.32432432432432434
2022,9,금정구,청룡동,0.8125,0.125,0.0625,0.0,0.25,0.0
2022,9,금정구,회동동,0.6666666666666666,0.3333333333333333,0.0,0.0,0.0,0.0
2022,9,기장군,기장읍,0.75,0.041666666666666664,0.20833333333333334,0.0,0.18055555555555555,0.3055555555555556
2022,9,기장군,일광읍,0.5862068965517241,0.3793103448275862,0.034482758620689655,0.0,0.3448275862068966,0.13793103448275862
2022,9,기장군,장안읍,0.7428571428571429,0.11428571428571428,0.14285714285714285,0.0,0.2,0.45714285714285713
2022,9,기장군,정관읍,0.7972972972972973,0.08108108108108109,0.12162162162162163,0.0,0.22972972972972974,0.22972972972972974
2022,9,기장군,철마면,0.6875,0.3125,0.0,0.0,0.3125,0.0625
2022,9,남구,감만동,0.75,0.0,0.25,0.0,0.10714285714285714,0.25
2022,9,남구,대연동,0.7894736842105263,0.03508771929824561,0.17543859649122806,0.0,0.2807017543859649,0.18421052631578946
2022,9,남구,문현동,0.8571428571428571,0.14285714285714285,0.0,0.0,0.42857142857142855,0.17142857142857143
2022,9,남구,용당동,0.5,0.1111111111111111,0.3888888888888889,0.0,0.2222222222222222,0.05555555555555555
2022,9,남구,용호동,0.9183673469387755,0.08163265306122448,0.0,0.0,0.1836734693877551,0.24489795918367346
2022,9,남구,우암동,0.8333333333333334,0.16666666666666666,0.0,0.0,0.25,0.16666666666666666
2022,9,동구,범일동,0.4945054945054945,0.03296703296703297,0.4725274725274725,0.0,0.13186813186813187,0.21978021978021978
2022,9,동구,수정동,0.625,0.0,0.375,0.0,0.15625,0.09375
2022,9,동구,좌천동,0.7441860465116279,0.0,0.2558139534883721,0.0,0.09302325581395349,0.4186046511627907
2022,9,동구,초량동,0.8076923076923077,0.019230769230769232,0.17307692307692307,0.0,0.2692307692307692,0.09615384615384616
2022,9,동래구,낙민동,0.8888888888888888,0.1111111111111111,0.0,0.0,0.2222222222222222,0.3333333333333333
2022,9,동래구,명륜동,0.9642857142857143,0.0,0.03571428571428571,0.0,0.39285714285714285,0.21428571428571427
2022,9,동래구,명장동,0.6046511627906976,0.0,0.3953488372093023,0.0,0.13953488372093023,0.18604651162790697
2022,9,동래구,복천동,1.0,0.0,0.0,0.0,0.2,0.0
2022,9,동래구,사직동,0.7906976744186046,0.023255813953488372,0.18604651162790697,0.0,0.3023255813953488,0.2558139534883721
2022,9,동래구,수안동,0.5333333333333333,0.0,0.4666666666666667,0.0,0.1,0.13333333333333333
2022,9,동래구,안락동,0.8571428571428571,0.08571428571428572,0.05714285714285714,0.0,0.22857142857142856,0.34285714285714286
2022,9,동래구,온천동,0.8387096774193549,0.06451612903225806,0.0967741935483871,0.0,0.3225806451612903,0.14516129032258066
2022,9,동래구,칠산동,0.6666666666666666,0.0,0.3333333333333333,0.0,0.3333333333333333,0.3333333333333333
2022,9,부산진구,가야동,0.46774193548387094,0.016129032258064516,0.5161290322580645,0.0,0.1774193548387097,0.06451612903225806
2022,9,부산진구,개금동,0.9302325581395349,0.06976744186046512,0.0,0.0,0.27906976744186046,0.18604651162790697
2022,9,부산진구,당감동,0.559322033898305,0.03389830508474576,0.4067796610169492,0.0,0.13559322033898305,0.15254237288135594
2022,9,부산진구,범전동,1.0,0.0,0.0,0.0,0.25,0.25
2022,9,부산진구,범천동,0.9459459459459459,0.05405405405405406,0.0,0.0,0.4594594594594595,0.16216216216216217
2022,9,부산진구,부암동,0.3269230769230769,0.019230769230769232,0.6538461538461539,0.0,0.1346153846153846,0.09615384615384616
2022,9,부산진구,부전동,0.967391304347826,0.010869565217391304,0.021739130434782608,0.0,0.33695652173913043,0.05434782608695652
2022,9,부산진구,양정동,0.7941176470588235,0.08823529411764706,0.11764705882352941,0.0,0.38235294117647056,0.17647058823529413
2022,9,부산진구,연지동,0.8888888888888888,0.1111111111111111,0.0,0.0,0.3333333333333333,0.2222222222222222
2022,9,부산진구,전포동,0.5164835164835165,0.0,0.4835164835164835,0.0,0.13186813186813187,0.10989010989010989
2022,9,부산진구,초읍동,0.8125,0.1875,0.0,0.0,0.125,0.125
2022,9,북구,구포동,0.9444444444444444,0.05555555555555555,0.0,0.0,0.2962962962962963,0.14814814814814814
2022,9,북구,금곡동,0.78125,0.09375,0.125,0.0,0.21875,0.21875
2022,9,북구,덕천동,0.7538461538461538,0.07692307692307693,0.16923076923076924,0.0,0.2,0.13846153846153847
2022,9,북구,만덕동,0.851063829787234,0.0425531914893617,0.10638297872340426,0.0,0.06382978723404255,0.19148936170212766
2022,9,북구,화명동,0.8372093023255814,0.046511627906976744,0.11627906976744186,0.0,0.2558139534883721,0.23255813953488372
2022,9,사상구,감전동,0.72,0.12,0.16,0.0,0.4,0.24
2022,9,사상구,괘법동,0.9285714285714286,0.07142857142857142,0.0,0.0,0.32142857142857145,0.14285714285714285
2022,9,사상구,덕포동,0.8260869565217391,0.13043478260869565,0.0,0.043478260869565216,0.391304347826087,0.21739130434782608
2022,9,사상구,모라동,0.8157894736842105,0.05263157894736842,0.13157894736842105,0.0,0.15789473684210525,0.23684210526315788
2022,9,사상구,삼락동,0.5925925925925926,0.07407407407407407,0.3333333333333333,0.0,0.2962962962962963,0.1111111111111111
2022,9,사상구,엄궁동,0.9130434782608695,0.08695652173913043,0.0,0.0,0.6521739130434783,0.13043478260869565
2022,9,사상구,주례동,0.6744186046511628,0.09302325581395349,0.23255813953488372,0.0,0.18604651162790697,0.32558139534883723
2022,9,사상구,학장동,0.6818181818181818,0.18181818181818182,0.13636363636363635,0.0,0.22727272727272727,0.13636363636363635
2022,9,사하구,감천동,0.7714285714285715,0.05714285714285714,0.17142857142857143,0.0,0.34285714285714286,0.17142857142857143
2022,9,사하구,괴정동,0.7083333333333334,0.0625,0.22916666666666666,0.0,0.22916666666666666,0.08333333333333333
2022,9,사하구,구평동,0.9090909090909091,0.0,0.0,0.09090909090909091,0.18181818181818182,0.18181818181818182
2022,9,사하구,다대동,0.8275862068965517,0.10344827586206896,0.06896551724137931,0.0,0.15517241379310345,0.25862068965517243
2022,9,사하구,당리동,0.9565217391304348,0.043478260869565216,0.0,0.0,0.17391304347826086,0.391304347826087
2022,9,사하구,신평동,0.7708333333333334,0.10416666666666667,0.125,0.0,0.20833333333333334,0.2708333333333333
2022,9,사하구,장림동,1.0,0.0,0.0,0.0,0.21052631578947367,0.05263157894736842
2022,9,사하구,하단동,0.6666666666666666,0.10416666666666667,0.22916666666666666,0.0,0.2916666666666667,0.14583333333333334
2022,9,서구,남부민동,0.6842105263157895,0.05263157894736842,0.2631578947368421,0.0,0.2631578947368421,0.10526315789473684
2022,9,서구,동대신동,0.8947368421052632,0.05263157894736842,0.05263157894736842,0.0,0.05263157894736842,0.42105263157894735
2022,9,서구,부민동,0.4117647058823529,0.0,0.5882352941176471,0.0,0.29411764705882354,0.11764705882352941
2022,9,서구,부용동,1.0,0.0,0.0,0.0,0.0,1.0
2022,9,서구,서대신동,1.0,0.0,0.0,0.0,0.20833333333333334,0.375
2022,9,서구,아미동,1.0,0.0,0.0,0.0,0.0,0.45454545454545453
2022,9,서구,암남동,0.8333333333333334,0.13333333333333333,0.03333333333333333,0.0,0.23333333333333334,0.13333333333333333
2022,9,서구,초장동,1.0,0.0,0.0,0.0,0.0,0.5
2022,9,서구,충무동,0.8888888888888888,0.1111111111111111,0.0,0.0,0.2222222222222222,0.3333333333333333
2022,9,서구,토성동,1.0,0.0,0.0,0.0,0.4,0.0
2022,9,수영구,광안동,0.7699115044247787,0.10619469026548672,0.12389380530973451,0.0,0.20353982300884957,0.3185840707964602
2022,9,수영구,남천동,0.9411764705882353,0.058823529411764705,0.0,0.0,0.29411764705882354,0.35294117647058826
2022,9,수영구,망미동,0.7027027027027027,0.02702702702702703,0.2702702702702703,0.0,0.21621621621621623,0.2702702702702703
2022,9,수영구,민락동,0.7142857142857143,0.2571428571428571,0.02857142857142857,0.0,0.2857142857142857,0.11428571428571428
2022,9,수영구,수영동,1.0,0.0,0.0,0.0,0.2857142857142857,0.07142857142857142
2022,9,연제구,거제동,0.9591836734693877,0.04081632653061224,0.0,0.0,0.40816326530612246,0.3469387755102041
2022,9,연제구,연산동,0.6030927835051546,0.03608247422680412,0.3556701030927835,0.005154639175257732,0.15463917525773196,0.1958762886597938
2022,9,영도구,남항동,1.0,0.0,0.0,0.0,0.125,0.375
2022,9,영도구,대교동,0.5,0.3333333333333333,0.16666666666666666,0.0,0.16666666666666666,0.16666666666666666
2022,9,영도구,대평동,1.0,0.0,0.0,0.0,0.0,0.6666666666666666
2022,9,영도구,동삼동,0.6206896551724138,0.05172413793103448,0.3103448275862069,0.017241379310344827,0.08620689655172414,0.13793103448275862
2022,9,영도구,봉래동,0.8666666666666667,0.06666666666666667,0.06666666666666667,0.0,0.4666666666666667,0.06666666666666667
2022,9,영도구,신선동,1.0,0.0,0.0,0.0,0.16666666666666666,0.3333333333333333
2022,9,영도구,영선동,0.3448275862068966,0.06896551724137931,0.5862068965517241,0.0,0.13793103448275862,0.0
2022,9,영도구,청학동,0.6190476190476191,0.09523809523809523,0.2857142857142857,0.0,0.23809523809523808,0.047619047619047616
2022,9,중구,광복동,0.5,0.5,0.0,0.0,0.5,0.0
2022,9,중구,남포동,0.9166666666666666,0.0,0.08333333333333333,0.0,0.25,0.0
2022,9,중구,대창동,1.0,0.0,0.0,0.0,0.25,0.25
2022,9,중구,대청동,1.0,0.0,0.0,0.0,0.16666666666666666,0.3333333333333333
2022,9,중구,동광동,0.8,0.0,0.2,0.0,0.4,0.2
2022,9,중구,보수동,0.6666666666666666,0.0,0.3333333333333333,0.0,0.16666666666666666,0.0
2022,9,중구,부평동,0.7692307692307693,0.0,0.23076923076923078,0.0,0.3076923076923077,0.07692307692307693
2022,9,중구,신창동,0.0,0.0,1.0,0.0,0.0,0.0
2022,9,중구,영주동,0.8333333333333334,0.16666666666666666,0.0,0.0,0.3333333333333333,0.16666666666666666
2022,9,중구,중앙동,0.918918918918919,0.0,0.08108108108108109,0.0,0.08108108108108109,0.6756756756756757
2022,9,중구,창선동,0.0,0.0,1.0,0.0,0.0,0.0
2022,9,해운대구,반송동,0.8157894736842105,0.0,0.18421052631578946,0.0,0.15789473684210525,0.10526315789473684
2022,9,해운대구,반여동,0.8028169014084507,0.09859154929577464,0.09859154929577464,0.0,0.2676056338028169,0.29577464788732394
2022,9,해운대구,석대동,0.5,0.5,0.0,0.0,0.75,0.0
2022,9,해운대구,송정동,0.41025641025641024,0.23076923076923078,0.358974358974359,0.0,0.23076923076923078,0.02564102564102564
2022,9,해운대구,우동,0.7443609022556391,0.08270676691729323,0.17293233082706766,0.0,0.15789473684210525,0.3684210526315789
2022,9,해운대구,재송동,1.0,0.0,0.0,0.0,0.13513513513513514,0.2972972972972973
2022,9,해운대구,좌동,0.881578947368421,0.013157894736842105,0.10526315789473684,0.0,0.2236842105263158,0.18421052631578946
2022,9,해운대구,중동,0.6842105263157895,0.12280701754385964,0.19298245614035087,0.0,0.08771929824561403,0.14035087719298245
2022,10,강서구,강동동,0.4375,0.0625,0.5,0.0,0.125,0.0
2022,10,강서구,구랑동,1.0,0.0,0.0,0.0,0.3333333333333333,0.0
2022,10,강서구,녹산동,1.0,0.0,0.0,0.0,1.0,0.0
2022,10,강서구,눌차동,0.0,0.0,0.0,0.0,0.0,0.0
2022,10,강서구,대저1동,0.875,0.0625,0.0625,0.0,0.4375,0.25
2022,10,강서구,대저2동,0.75,0.25,0.0,0.0,0.7,0.0
2022,10,강서구,대항동,0.0,1.0,0.0,0.0,0.0,0.0
2022,10,강서구,동선동,0.5,0.0,0.5,0.0,0.0,0.0
2022,10,강서구,명지동,0.8444444444444444,0.15555555555555556,0.0,0.0,0.4888888888888889,0.2
2022,10,강서구,미음동,1.0,0.0,0.0,0.0,0.3333333333333333,0.0
2022,10,강서구,범방동,1.0,0.0,0.0,0.0,1.0,0.0
2022,10,강서구,봉림동,0.3333333333333333,0.6666666666666666,0.0,0.0,0.6666666666666666,0.0
2022,10,강서구,생곡동,0.0,0.0,1.0,0.0,0.0,0.0
2022,10,강서구,성북동,0.8,0.2,0.0,0.0,0.8,0.0
2022,10,강서구,송정동,0.38461538461538464,0.23076923076923078,0.38461538461538464,0.0,0.5384615384615384,0.0
2022,10,강서구,식만동,1.0,0.0,0.0,0.0,1.0,0.0
2022,10,강서구,신호동,0.7058823529411765,0.0,0.29411764705882354,0.0,0.23529411764705882,0.11764705882352941
2022,10,강서구,죽동동,0.3333333333333333,0.6666666666666666,0.0,0.0,0.6666666666666666,0.0
2022,10,강서구,죽림동,1.0,0.0,0.0,0.0,1.0,0.0
2022,10,강서구,지사동,0.6875,0.0625,0.25,0.0,0.125,0.3125
2022,10,강서구,천성동,1.0,0.0,0.0,0.0,0.0,0.0
2022,10,강서구,화전동,1.0,0.0,0.0,0.0,0.0,0.6666666666666666
2022,10,금정구,구서동,0.78125,0.0625,0.15625,0.0,0.3125,0.09375
2022,10,금정구,금사동,1.0,0.0,0.0,0.0,0.0,0.0
2022,10,금정구,금성동,0.6,0.1,0.3,0.0,0.05,0.55
2022,10,금정구,남산동,0.7619047619047619,0.09523809523809523,0.14285714285714285,0.0,0.3333333333333333,0.14285714285714285
2022,10,금정구,노포동,0.75,0.25,0.0,0.0,0.5,0.25
2022,10,금정구,두구동,0.75,0.0,0.25,0.0,0.25,0.0
2022,10,금정구,부곡동,0.8478260869565217,0.08695652173913043,0.06521739130434782,0.0,0.45652173913043476,0.15217391304347827
2022,10,금정구,서동,1.0,0.0,0.0,0.0,0.23809523809523808,0.14285714285714285
2022,10,금정구,선동,0.6666666666666666,0.3333333333333333,0.0,0.0,0.3333333333333333,0.0
2022,10,금정구,오륜동,0.5,0.5,0.0,0.0,0.5,0.0
2022,10,금정구,장전동,0.9696969696969697,0.030303030303030304,0.0,0.0,0.24242424242424243,0.24242424242424243
2022,10,금정구,청룡동,0.8333333333333334,0.16666666666666666,0.0,0.0,0.16666666666666666,0.0
2022,10,금정구,회동동,0.8,0.2,0.0,0.0,0.6,0.2
2022,10,기장군,기장읍,0.7333333333333333,0.1,0.16666666666666666,0.0,0.26666666666666666,0.1
2022,10,기장군,일광읍,0.68,0.32,0.0,0.0,0.28,0.04
2022,10,기장군,장안읍,0.8780487804878049,0.07317073170731707,0.04878048780487805,0.0,0.3902439024390244,0.3170731707317073
2022,10,기장군,정관읍,0.7619047619047619,0.047619047619047616,0.19047619047619047,0.0,0.23809523809523808,0.20634920634920634
2022,10,기장군,철마면,0.8,0.2,0.0,0.0,0.44,0.12
2022,10,남구,감만동,0.6923076923076923,0.07692307692307693,0.23076923076923078,0.0,0.23076923076923078,0.07692307692307693
2022,10,남구,대연동,0.7525773195876289,0.020618556701030927,0.2268041237113402,0.0,0.25773195876288657,0.14432989690721648
2022,10,남구,문현동,0.9743589743589743,0.02564102564102564,0.0,0.0,0.358974358974359,0.1794871794871795
2022,10,남구,용당동,0.5882352941176471,0.058823529411764705,0.35294117647058826,0.0,0.47058823529411764,0.058823529411764705
2022,10,남구,용호동,0.8679245283018868,0.05660377358490566,0.07547169811320754,0.0,0.18867924528301888,0.07547169811320754
2022,10,남구,우암동,0.75,0.25,0.0,0.0,0.625,0.0
2022,10,동구,범일동,0.4024390243902439,0.012195121951219513,0.5853658536585366,0.0,0.15853658536585366,0.08536585365853659
2022,10,동구,수정동,0.46875,0.09375,0.4375,0.0,0.125,0.125
2022,10,동구,좌천동,0.3870967741935484,0.03225806451612903,0.5806451612903226,0.0,0.06451612903225806,0.2903225806451613
2022,10,동구,초량동,0.9019607843137255,0.0196078431372549,0.058823529411764705,0.0196078431372549,0.19607843137254902,0.0784313725490196
2022,10,동래구,낙민동,1.0,0.0,0.0,0.0,0.0,0.0
2022,10,동래구,명륜동,0.9523809523809523,0.047619047619047616,0.0,0.0,0.38095238095238093,0.19047619047619047
2022,10,동래구,명장동,0.6956521739130435,0.0,0.30434782608695654,0.0,0.2608695652173913,0.08695652173913043
2022,10,동래구,복천동,1.0,0.0,0.0,0.0,0.16666666666666666,0.0
2022,10,동래구,사직동,0.8108108108108109,0.02702702702702703,0.16216216216216217,0.0,0.2702702702702703,0.10810810810810811
2022,10,동래구,수안동,0.47368421052631576,0.05263157894736842,0.47368421052631576,0.0,0.2631578947368421,0.05263157894736842
2022,10,동래구,안락동,0.9642857142857143,0.03571428571428571,0.0,0.0,0.25,0.17857142857142858
2022,10,동래구,온천동,0.8,0.07142857142857142,0.12857142857142856,0.0,0.2714285714285714,0.12857142857142856
2022,10,동래구,칠산동,0.5,0.0,0.5,0.0,0.0,0.0
2022,10,부산진구,가야동,0.48936170212765956,0.02127659574468085,0.48936170212765956,0.0,0.3404255319148936,0.0425531914893617
2022,10,부산진구,개금동,0.8235294117647058,0.17647058823529413,0.0,0.0,0.3235294117647059,0.20588235294117646
2022,10,부산진구,당감동,0.5833333333333334,0.041666666666666664,0.375,0.0,0.25,0.0625
2022,10,부산진구,범전동,1.0,0.0,0.0,0.0,0.5,0.0
2022,10,부산진구,범천동,0.975,0.0,0.025,0.0,0.325,0.15
2022,10,부산진구,부암동,0.4864864864864865,0.02702702702702703,0.4864864864864865,0.0,0.21621621621621623,0.05405405405405406
2022,10,부산진구,부전동,0.979381443298969,0.010309278350515464,0.010309278350515464,0.0,0.35051546391752575,0.041237113402061855
2022,10,부산진구,양정동,0.9183673469387755,0.02040816326530612,0.061224489795918366,0.0,0.16326530612244897,0.20408163265306123
2022,10,부산진구,연지동,1.0,0.0,0.0,0.0,0.36363636363636365,0.0
2022,10,부산진구,전포동,0.5,0.0,0.5,0.0,0.1282051282051282,0.0641025641025641
2022,10,부산진구,초읍동,0.7368421052631579,0.2631578947368421,0.0,0.0,0.15789473684210525,0.0
2022,10,북구,구포동,0.9090909090909091,0.05454545454545454,0.01818181818181818,0.01818181818181818,0.2,0.10909090909090909
2022,10,북구,금곡동,0.8787878787878788,0.0,0.12121212121212122,0.0,0.12121212121212122,0.09090909090909091
2022,10,북구,덕천동,0.8541666666666666,0.0625,0.08333333333333333,0.0,0.3333333333333333,0.20833333333333334
2022,10,북구,만덕동,0.75,0.10714285714285714,0.14285714285714285,0.0,0.17857142857142858,0.17857142857142858
2022,10,북구,화명동,0.7884615384615384,0.07692307692307693,0.1346153846153846,0.0,0.23076923076923078,0.17307692307692307
2022,10,사상구,감전동,0.75,0.0,0.25,0.0,0.35,0.15
2022,10,사상구,괘법동,0.96875,0.03125,0.0,0.0,0.34375,0.1875
2022,10,사상구,덕포동,1.0,0.0,0.0,0.0,0.35294117647058826,0.11764705882352941
2022,10,사상구,모라동,0.7804878048780488,0.07317073170731707,0.14634146341463414,0.0,0.24390243902439024,0.12195121951219512
2022,10,사상구,삼락동,0.5128205128205128,0.07692307692307693,0.41025641025641024,0.0,0.23076923076923078,0.02564102564102564
2022,10,사상구,엄궁동,0.9583333333333334,0.041666666666666664,0.0,0.0,0.375,0.125
2022,10,사상구,주례동,0.8837209302325582,0.06976744186046512,0.046511627906976744,0.0,0.32558139534883723,0.20930232558139536
2022,10,사상구,학장동,0.72,0.0,0.28,0.0,0.36,0.08
2022,10,사하구,감천동,0.6190476190476191,0.09523809523809523,0.2857142857142857,0.0,0.2857142857142857,0.047619047619047616
2022,10,사하구,괴정동,0.7857142857142857,0.07142857142857142,0.14285714285714285,0.0,0.2619047619047619,0.07142857142857142
2022,10,사하구,구평동,1.0,0.0,0.0,0.0,0.25,0.0
2022,10,사하구,다대동,0.9206349206349206,0.031746031746031744,0.047619047619047616,0.0,0.20634920634920634,0.2222222222222222
2022,10,사하구,당리동,0.8235294117647058,0.17647058823529413,0.0,0.0,0.29411764705882354,0.11764705882352941
2022,10,사하구,신평동,0.7272727272727273,0.045454545454545456,0.22727272727272727,0.0,0.20454545454545456,0.25
2022,10,사하구,장림동,0.9583333333333334,0.041666666666666664,0.0,0.0,0.375,0.125
2022,10,사하구,하단동,0.8148148148148148,0.05555555555555555,0.12962962962962962,0.0,0.2037037037037037,0.14814814814814814
2022,10,서구,남부민동,0.6,0.06666666666666667,0.3333333333333333,0.0,0.26666666666666666,0.2
2022,10,서구,동대신동,0.9411764705882353,0.058823529411764705,0.0,0.0,0.23529411764705882,0.17647058823529413
2022,10,서구,부민동,0.0625,0.0,0.9375,0.0,0.0625,0.0
2022,10,서구,부용동,1.0,0.0,0.0,0.0,0.0,0.0
2022,10,서구,서대신동,0.9428571428571428,0.05714285714285714,0.0,0.0,0.42857142857142855,0.14285714285714285
2022,10,서구,아미동,0.6666666666666666,0.3333333333333333,0.0,0.0,0.6666666666666666,0.0
2022,10,서구,암남동,0.6428571428571429,0.2857142857142857,0.07142857142857142,0.0,0.21428571428571427,0.0
2022,10,서구,초장동,0.6666666666666666,0.3333333333333333,0.0,0.0,0.3333333333333333,0.3333333333333333
2022,10,서구,충무동,1.0,0.0,0.0,0.0,0.2857142857142857,0.0
2022,10,서구,토성동,1.0,0.0,0.0,0.0,1.0,0.0
2022,10,수영구,광안동,0.7721518987341772,0.10126582278481013,0.12658227848101267,0.0,0.3670886075949367,0.10126582278481013
2022,10,수영구,남천동,0.9629629629629629,0.037037037037037035,0.0,0.0,0.37037037037037035,0.2222222222222222
2022,10,수영구,망미동,0.8620689655172413,0.0,0.13793103448275862,0.0,0.3103448275862069,0.13793103448275862
2022,10,수영구,민락동,0.8484848484848485,0.15151515151515152,0.0,0.0,0.30303030303030304,0.09090909090909091
2022,10,수영구,수영동,1.0,0.0,0.0,0.0,0.2,0.2
2022,10,연제구,거제동,0.9761904761904762,0.023809523809523808,0.0,0.0,0.2857142857142857,0.14285714285714285
2022,10,연제구,연산동,0.6378378378378379,0.010810810810810811,0.35135135135135137,0.0,0.1837837837837838,0.14594594594594595
2022,10,영도구,남항동,1.0,0.0,0.0,0.0,0.375,0.125
2022,10,영도구,대교동,0.7777777777777778,0.2222222222222222,0.0,0.0,0.1111111111111111,0.1111111111111111
2022,10,영도구,대평동,1.0,0.0,0.0,0.0,0.0,0.0
2022,10,영도구,동삼동,0.6617647058823529,0.10294117647058823,0.23529411764705882,0.0,0.1323529411764706,0.14705882352941177
2022,10,영도구,봉래동,1.0,0.0,0.0,0.0,0.3333333333333333,0.3333333333333333
2022,10,영도구,신선동,1.0,0.0,0.0,0.0,0.3333333333333333,0.1111111111111111
2022,10,영도구,영선동,0.4583333333333333,0.041666666666666664,0.5,0.0,0.20833333333333334,0.0
2022,10,영도구,청학동,0.5416666666666666,0.041666666666666664,0.4166666666666667,0.0,0.2916666666666667,0.0
2022,10,중구,광복동,1.0,0.0,0.0,0.0,0.0,0.0
2022,10,중구,남포동,1.0,0.0,0.0,0.0,0.5,0.0
2022,10,중구,대창동,0.75,0.0,0.25,0.0,0.0,0.25
2022,10,중구,대청동,1.0,0.0,0.0,0.0,0.14285714285714285,0.14285714285714285
2022,10,중구,동광동,0.75,0.0,0.25,0.0,0.0,0.25
2022,10,중구,보수동,0.9090909090909091,0.0,0.09090909090909091,0.0,0.2727272727272727,0.0
2022,10,중구,부평동,0.8666666666666667,0.0,0.13333333333333333,0.0,0.4,0.0
2022,10,중구,신창동,1.0,0.0,0.0,0.0,1.0,0.0
2022,10,중구,영주동,1.0,0.0,0.0,0.0,0.08333333333333333,0.16666666666666666
2022,10,중구,중앙동,0.8275862068965517,0.06896551724137931,0.10344827586206896,0.0,0.13793103448275862,0.4482758620689655
2022,10,중구,창선동,0.5,0.0,0.5,0.0,0.0,0.0
2022,10,해운대구,반송동,0.7380952380952381,0.047619047619047616,0.21428571428571427,0.0,0.2619047619047619,0.09523809523809523
2022,10,해운대구,반여동,0.8421052631578947,0.05263157894736842,0.10526315789473684,0.0,0.24561403508771928,0.14035087719298245
2022,10,해운대구,석대동,0.75,0.25,0.0,0.0,1.0,0.0
2022,10,해운대구,송정동,0.4166666666666667,0.3333333333333333,0.25,0.0,0.25,0.0
2022,10,해운대구,우동,0.753968253968254,0.1349206349206349,0.1111111111111111,0.0,0.1984126984126984,0.29365079365079366
2022,10,해운대구,재송동,0.8484848484848485,0.06060606060606061,0.09090909090909091,0.0,0.15151515151515152,0.15151515151515152
2022,10,해운대구,좌동,0.7397260273972602,0.0821917808219178,0.1780821917808219,0.0,0.2328767123287671,0.136986301369863
2022,10,해운대구,중동,0.7142857142857143,0.11904761904761904,0.16666666666666666,0.0,0.09523809523809523,0.047619047619047616
2023,5,강서구,강동동,0.4444444444444444,0.0,0.5555555555555556,0.0,0.3333333333333333,0.0
2023,5,강서구,구랑동,0.5,0.5,0.0,0.0,1.0,0.0
2023,5,강서구,녹산동,0.3333333333333333,0.6666666666666666,0.0,0.0,0.6666666666666666,0.0
2023,5,강서구,눌차동,0.75,0.0,0.25,0.0,0.0,0.5
2023,5,강서구,대저1동,0.6363636363636364,0.13636363636363635,0.22727272727272727,0.0,0.5,0.0
2023,5,강서구,대저2동,0.8666666666666667,0.13333333333333333,0.0,0.0,0.8,0.0
2023,5,강서구,대항동,1.0,0.0,0.0,0.0,0.0,0.0
2023,5,강서구,동선동,0.5,0.0,0.5,0.0,0.0,0.5
2023,5,강서구,명지동,0.9024390243902439,0.0975609756097561,0.0,0.0,0.34146341463414637,0.04878048780487805
2023,5,강서구,미음동,0.5,0.5,0.0,0.0,0.5,0.0
2023,5,강서구,범방동,1.0,0.0,0.0,0.0,0.6,0.2
2023,5,강서구,봉림동,0.5,0.5,0.0,0.0,0.5,0.0
2023,5,강서구,생곡동,0.8,0.2,0.0,0.0,0.5,0.0
2023,5,강서구,성북동,1.0,0.0,0.0,0.0,0.6666666666666666,0.0
2023,5,강서구,송정동,0.6666666666666666,0.08333333333333333,0.25,0.0,0.25,0.0
2023,5,강서구,식만동,0.3333333333333333,0.6666666666666666,0.0,0.0,0.6666666666666666,0.0
2023,5,강서구,신호동,0.5454545454545454,0.0,0.45454545454545453,0.0,0.09090909090909091,0.0
2023,5,강서구,죽동동,0.5,0.5,0.0,0.0,0.75,0.0
2023,5,강서구,죽림동,1.0,0.0,0.0,0.0,0.0,0.0
2023,5,강서구,지사동,0.5333333333333333,0.06666666666666667,0.4,0.0,0.06666666666666667,0.06666666666666667
2023,5,강서구,천성동,0.6666666666666666,0.3333333333333333,0.0,0.0,0.3333333333333333,0.0
2023,5,강서구,화전동,1.0,0.0,0.0,0.0,0.3333333333333333,0.0
2023,5,금정구,구서동,0.8484848484848485,0.06060606060606061,0.09090909090909091,0.0,0.3939393939393939,0.06060606060606061
2023,5,금정구,금사동,1.0,0.0,0.0,0.0,0.5,0.0
2023,5,금정구,금성동,0.0,0.4,0.6,0.0,0.0,0.0
2023,5,금정구,남산동,0.7857142857142857,0.07142857142857142,0.14285714285714285,0.0,0.21428571428571427,0.07142857142857142
2023,5,금정구,노포동,1.0,0.0,0.0,0.0,0.5,0.0
2023,5,금정구,두구동,1.0,0.0,0.0,0.0,0.0,0.0
2023,5,금정구,부곡동,0.7317073170731707,0.04878048780487805,0.1951219512195122,0.024390243902439025,0.2926829268292683,0.0
2023,5,금정구,서동,0.9444444444444444,0.05555555555555555,0.0,0.0,0.16666666666666666,0.0
2023,5,금정구,선동,0.6,0.4,0.0,0.0,0.0,0.0
2023,5,금정구,오륜동,0.5,0.5,0.0,0.0,0.3333333333333333,0.0
2023,5,금정구,장전동,0.8888888888888888,0.037037037037037035,0.07407407407407407,0.0,0.37037037037037035,0.0
2023,5,금정구,청룡동,0.8,0.2,0.0,0.0,0.2,0.0
2023,5,금정구,회동동,0.3333333333333333,0.0,0.5,0.16666666666666666,0.0,0.16666666666666666
2023,5,기장군,기장읍,0.803030303030303,0.15151515151515152,0.045454545454545456,0.0,0.5,0.07575757575757576
2023,5,기장군,일광읍,0.84,0.08,0.04,0.04,0.52,0.0
2023,5,기장군,장안읍,0.7619047619047619,0.09523809523809523,0.14285714285714285,0.0,0.38095238095238093,0.09523809523809523
2023,5,기장군,정관읍,0.75,0.041666666666666664,0.1875,0.020833333333333332,0.3125,0.08333333333333333
2023,5,기장군,철마면,0.6923076923076923,0.23076923076923078,0.0,0.07692307692307693,0.6153846153846154,0.0
2023,5,남구,감만동,0.5384615384615384,0.0,0.46153846153846156,0.0,0.07692307692307693,0.15384615384615385
2023,5,남구,대연동,0.725,0.1125,0.1625,0.0,0.4,0.025
2023,5,남구,문현동,0.9565217391304348,0.043478260869565216,0.0,0.0,0.43478260869565216,0.08695652173913043
2023,5,남구,용당동,0.5555555555555556,0.1111111111111111,0.3333333333333333,0.0,0.3333333333333333,0.0
2023,5,남구,용호동,0.8444444444444444,0.15555555555555556,0.0,0.0,0.26666666666666666,0.0
2023,5,남구,우암동,0.875,0.125,0.0,0.0,0.375,0.0
2023,5,동구,범일동,0.7380952380952381,0.023809523809523808,0.23809523809523808,0.0,0.11904761904761904,0.09523809523809523
2023,5,동구,수정동,0.782608695652174,0.08695652173913043,0.13043478260869565,0.0,0.34782608695652173,0.043478260869565216
2023,5,동구,좌천동,0.6818181818181818,0.09090909090909091,0.22727272727272727,0.0,0.3181818181818182,0.13636363636363635
2023,5,동구,초량동,0.9166666666666666,0.020833333333333332,0.0625,0.0,0.375,0.041666666666666664
2023,5,동래구,낙민동,1.0,0.0,0.0,0.0,0.375,0.0
2023,5,동래구,명륜동,0.9411764705882353,0.0,0.058823529411764705,0.0,0.29411764705882354,0.0
2023,5,동래구,명장동,0.7407407407407407,0.037037037037037035,0.2222222222222222,0.0,0.37037037037037035,0.037037037037037035
2023,5,동래구,복천동,1.0,0.0,0.0,0.0,0.0,0.0
2023,5,동래구,사직동,0.84,0.0,0.16,0.0,0.16,0.0
2023,5,동래구,수안동,0.5833333333333334,0.0,0.4166666666666667,0.0,0.16666666666666666,0.0
2023,5,동래구,안락동,1.0,0.0,0.0,0.0,0.4,0.0
2023,5,동래구,온천동,0.8095238095238095,0.1111111111111111,0.07936507936507936,0.0,0.38095238095238093,0.031746031746031744
2023,5,동래구,칠산동,1.0,0.0,0.0,0.0,0.0,0.0
2023,5,부산진구,가야동,0.8076923076923077,0.11538461538461539,0.07692307692307693,0.0,0.38461538461538464,0.0
2023,5,부산진구,개금동,0.9743589743589743,0.02564102564102564,0.0,0.0,0.358974358974359,0.05128205128205128
2023,5,부산진구,당감동,0.6388888888888888,0.08333333333333333,0.2777777777777778,0.0,0.2777777777777778,0.027777777777777776
2023,5,부산진구,범전동,1.0,0.0,0.0,0.0,0.3333333333333333,0.0
2023,5,부산진구,범천동,0.9142857142857143,0.02857142857142857,0.05714285714285714,0.0,0.2571428571428571,0.05714285714285714
2023,5,부산진구,부암동,0.72,0.08,0.2,0.0,0.44,0.04
2023,5,부산진구,부전동,0.9913793103448276,0.008620689655172414,0.0,0.0,0.28448275862068967,0.02586206896551724
2023,5,부산진구,양정동,0.7058823529411765,0.058823529411764705,0.23529411764705882,0.0,0.5294117647058824,0.029411764705882353
2023,5,부산진구,연지동,0.9,0.1,0.0,0.0,0.5,0.0
2023,5,부산진구,전포동,0.918918918918919,0.05405405405405406,0.02702702702702703,0.0,0.6756756756756757,0.0
2023,5,부산진구,초읍동,0.9333333333333333,0.06666666666666667,0.0,0.0,0.13333333333333333,0.0
2023,5,북구,구포동,0.9444444444444444,0.05555555555555555,0.0,0.0,0.2777777777777778,0.018518518518518517
2023,5,북구,금곡동,0.8076923076923077,0.038461538461538464,0.15384615384615385,0.0,0.2692307692307692,0.15384615384615385
2023,5,북구,덕천동,0.6909090909090909,0.03636363636363636,0.2727272727272727,0.0,0.2545454545454545,0.01818181818181818
2023,5,북구,만덕동,0.7222222222222222,0.05555555555555555,0.2222222222222222,0.0,0.3055555555555556,0.1111111111111111
2023,5,북구,화명동,0.8297872340425532,0.06382978723404255,0.10638297872340426,0.0,0.2978723404255319,0.0425531914893617
2023,5,사상구,감전동,0.7741935483870968,0.1935483870967742,0.03225806451612903,0.0,0.6129032258064516,0.0
2023,5,사상구,괘법동,0.9285714285714286,0.03571428571428571,0.0,0.03571428571428571,0.35714285714285715,0.03571428571428571
2023,5,사상구,덕포동,1.0,0.0,0.0,0.0,0.21428571428571427,0.0
2023,5,사상구,모라동,0.71875,0.09375,0.1875,0.0,0.28125,0.0
2023,5,사상구,삼락동,0.7142857142857143,0.03571428571428571,0.25,0.0,0.42857142857142855,0.03571428571428571
2023,5,사상구,엄궁동,0.875,0.0625,0.0625,0.0,0.3125,0.0625
2023,5,사상구,주례동,0.8181818181818182,0.09090909090909091,0.09090909090909091,0.0,0.3939393939393939,0.030303030303030304
2023,5,사상구,학장동,0.7916666666666666,0.125,0.08333333333333333,0.0,0.625,0.0
2023,5,사하구,감천동,0.8076923076923077,0.038461538461538464,0.15384615384615385,0.0,0.19230769230769232,0.0
2023,5,사하구,괴정동,0.7636363636363637,0.05454545454545454,0.18181818181818182,0.0,0.34545454545454546,0.03636363636363636
2023,5,사하구,구평동,0.75,0.125,0.0,0.125,0.5,0.0
2023,5,사하구,다대동,0.8541666666666666,0.020833333333333332,0.125,0.0,0.20833333333333334,0.041666666666666664
2023,5,사하구,당리동,0.7727272727272727,0.22727272727272727,0.0,0.0,0.22727272727272727,0.18181818181818182
2023,5,사하구,신평동,0.6666666666666666,0.047619047619047616,0.2857142857142857,0.0,0.2619047619047619,0.11904761904761904
2023,5,사하구,장림동,0.92,0.08,0.0,0.0,0.24,0.04
2023,5,사하구,하단동,0.8103448275862069,0.06896551724137931,0.1206896551724138,0.0,0.43103448275862066,0.017241379310344827
2023,5,서구,남부민동,0.6,0.08,0.32,0.0,0.24,0.12
2023,5,서구,동대신동,1.0,0.0,0.0,0.0,0.2222222222222222,0.1111111111111111
2023,5,서구,부민동,0.375,0.0,0.625,0.0,0.0,0.0
2023,5,서구,부용동,1.0,0.0,0.0,0.0,0.0,0.5
2023,5,서구,서대신동,0.7894736842105263,0.15789473684210525,0.0,0.05263157894736842,0.21052631578947367,0.05263157894736842
2023,5,서구,아미동,0.8888888888888888,0.1111111111111111,0.0,0.0,0.1111111111111111,0.2222222222222222
2023,5,서구,암남동,0.9,0.1,0.0,0.0,0.1,0.1
2023,5,서구,초장동,1.0,0.0,0.0,0.0,0.3333333333333333,0.0
2023,5,서구,충무동,1.0,0.0,0.0,0.0,0.6,0.0
2023,5,서구,토성동,0.875,0.0,0.125,0.0,0.5,0.0
2023,5,수영구,광안동,0.8589743589743589,0.01282051282051282,0.1282051282051282,0.0,0.32051282051282054,0.08974358974358974
2023,5,수영구,남천동,0.8076923076923077,0.15384615384615385,0.038461538461538464,0.0,0.4230769230769231,0.0
2023,5,수영구,망미동,0.8125,0.0625,0.125,0.0,0.21875,0.09375
2023,5,수영구,민락동,0.825,0.15,0.025,0.0,0.35,0.0
2023,5,수영구,수영동,0.9230769230769231,0.0,0.07692307692307693,0.0,0.7692307692307693,0.0
2023,5,연제구,거제동,1.0,0.0,0.0,0.0,0.43902439024390244,0.07317073170731707
2023,5,연제구,연산동,0.618421052631579,0.019736842105263157,0.34868421052631576,0.013157894736842105,0.17105263157894737,0.08552631578947369
2023,5,영도구,남항동,1.0,0.0,0.0,0.0,0.5,0.0
2023,5,영도구,대교동,1.0,0.0,0.0,0.0,0.4,0.0
2023,5,영도구,대평동,0.75,0.25,0.0,0.0,0.25,0.0
2023,5,영도구,동삼동,0.7636363636363637,0.09090909090909091,0.12727272727272726,0.01818181818181818,0.16363636363636364,0.0
2023,5,영도구,봉래동,0.9230769230769231,0.07692307692307693,0.0,0.0,0.23076923076923078,0.07692307692307693
2023,5,영도구,신선동,1.0,0.0,0.0,0.0,0.0,0.25
2023,5,영도구,영선동,0.7692307692307693,0.07692307692307693,0.15384615384615385,0.0,0.3076923076923077,0.0
2023,5,영도구,청학동,0.42857142857142855,0.07142857142857142,0.5,0.0,0.07142857142857142,0.07142857142857142
2023,5,중구,광복동,1.0,0.0,0.0,0.0,0.0,0.0
2023,5,중구,남포동,0.6666666666666666,0.16666666666666666,0.16666666666666666,0.0,0.25,0.0
2023,5,중구,대창동,1.0,0.0,0.0,0.0,0.5,0.0
2023,5,중구,대청동,0.875,0.0,0.125,0.0,0.25,0.0
2023,5,중구,동광동,1.0,0.0,0.0,0.0,0.5,0.0
2023,5,중구,보수동,1.0,0.0,0.0,0.0,0.5,0.25
2023,5,중구,부평동,0.8666666666666667,0.0,0.13333333333333333,0.0,0.3333333333333333,0.0
2023,5,중구,신창동,1.0,0.0,0.0,0.0,1.0,0.0
2023,5,중구,영주동,0.9,0.0,0.1,0.0,0.4,0.2
2023,5,중구,중앙동,0.8518518518518519,0.037037037037037035,0.1111111111111111,0.0,0.5185185185185185,0.14814814814814814
2023,5,중구,창선동,1.0,0.0,0.0,0.0,0.5,0.0
2023,5,해운대구,반송동,0.84375,0.0625,0.09375,0.0,0.1875,0.0625
2023,5,해운대구,반여동,0.6938775510204082,0.12244897959183673,0.1836734693877551,0.0,0.40816326530612246,0.08163265306122448
2023,5,해운대구,석대동,1.0,0.0,0.0,0.0,0.6,0.0
2023,5,해운대구,송정동,0.6,0.1,0.3,0.0,0.15,0.0
2023,5,해운대구,우동,0.7613636363636364,0.10227272727272728,0.13636363636363635,0.0,0.25,0.022727272727272728
2023,5,해운대구,재송동,0.90625,0.0625,0.03125,0.0,0.5,0.0
2023,5,해운대구,좌동,0.574468085106383,0.06382978723404255,0.3617021276595745,0.0,0.2127659574468085,0.02127659574468085
2023,5,해운대구,중동,0.7777777777777778,0.14814814814814814,0.07407407407407407,0.0,0.3148148148148148,0.018518518518518517
2023,6,강서구,강동동,0.2857142857142857,0.2857142857142857,0.42857142857142855,0.0,0.2857142857142857,0.0
2023,6,강서구,구랑동,0.8,0.2,0.0,0.0,1.0,0.0
2023,6,강서구,녹산동,0.6,0.2,0.2,0.0,0.4,0.0
2023,6,강서구,눌차동,0.0,1.0,0.0,0.0,1.0,0.0
2023,6,강서구,대저1동,0.8571428571428571,0.07142857142857142,0.07142857142857142,0.0,0.42857142857142855,0.0
2023,6,강서구,대저2동,0.6923076923076923,0.3076923076923077,0.0,0.0,0.6923076923076923,0.0
2023,6,강서구,대항동,0.0,1.0,0.0,0.0,0.0,0.0
2023,6,강서구,동선동,0.0,0.0,1.0,0.0,0.0,0.0
2023,6,강서구,명지동,0.9142857142857143,0.08571428571428572,0.0,0.0,0.4857142857142857,0.0
2023,6,강서구,미음동,0.8,0.0,0.2,0.0,0.4,0.0
2023,6,강서구,범방동,0.3333333333333333,0.6666666666666666,0.0,0.0,1.0,0.0
2023,6,강서구,봉림동,1.0,0.0,0.0,0.0,1.0,0.0
2023,6,강서구,생곡동,0.0,0.5,0.5,0.0,0.5,0.0
2023,6,강서구,성북동,0.3333333333333333,0.5,0.16666666666666666,0.0,0.6666666666666666,0.0
2023,6,강서구,송정동,0.7058823529411765,0.11764705882352941,0.17647058823529413,0.0,0.5882352941176471,0.0
2023,6,강서구,식만동,1.0,0.0,0.0,0.0,0.5,0.5
2023,6,강서구,신호동,0.4444444444444444,0.1111111111111111,0.4444444444444444,0.0,0.3333333333333333,0.0
2023,6,강서구,죽동동,1.0,0.0,0.0,0.0,1.0,0.0
2023,6,강서구,죽림동,0.16666666666666666,0.6666666666666666,0.16666666666666666,0.0,0.6666666666666666,0.0
2023,6,강서구,지사동,0.36363636363636365,0.09090909090909091,0.5454545454545454,0.0,0.18181818181818182,0.0
2023,6,강서구,천성동,0.0,1.0,0.0,0.0,0.5,0.0
2023,6,강서구,화전동,0.75,0.0,0.25,0.0,0.0,0.0
2023,6,금정구,구서동,0.6071428571428571,0.14285714285714285,0.25,0.0,0.5357142857142857,0.03571428571428571
2023,6,금정구,금사동,0.75,0.0,0.25,0.0,0.375,0.0
2023,6,금정구,금성동,0.3333333333333333,0.26666666666666666,0.4,0.0,0.0,0.06666666666666667
2023,6,금정구,남산동,0.8235294117647058,0.058823529411764705,0.11764705882352941,0.0,0.0,0.058823529411764705
2023,6,금정구,노포동,0.6666666666666666,0.3333333333333333,0.0,0.0,0.6666666666666666,0.0
2023,6,금정구,두구동,1.0,0.0,0.0,0.0,0.16666666666666666,0.0
2023,6,금정구,부곡동,0.8285714285714286,0.05714285714285714,0.11428571428571428,0.0,0.22857142857142856,0.0
2023,6,금정구,서동,0.9565217391304348,0.0,0.043478260869565216,0.0,0.391304347826087,0.0
2023,6,금정구,선동,1.0,0.0,0.0,0.0,0.0,0.0
2023,6,금정구,오륜동,0.5,0.5,0.0,0.0,0.5,0.0
2023,6,금정구,장전동,0.9696969696969697,0.030303030303030304,0.0,0.0,0.3333333333333333,0.030303030303030304
2023,6,금정구,청룡동,0.875,0.125,0.0,0.0,0.125,0.0
2023,6,금정구,회동동,0.3,0.3,0.4,0.0,0.4,0.0
2023,6,기장군,기장읍,0.8048780487804879,0.1951219512195122,0.0,0.0,0.36585365853658536,0.024390243902439025
2023,6,기장군,일광읍,0.6071428571428571,0.25,0.10714285714285714,0.03571428571428571,0.5,0.0
2023,6,기장군,장안읍,0.4583333333333333,0.2916666666666667,0.25,0.0,0.3333333333333333,0.0
2023,6,기장군,정관읍,0.6976744186046512,0.046511627906976744,0.2558139534883721,0.0,0.23255813953488372,0.046511627906976744
2023,6,기장군,철마면,0.6363636363636364,0.36363636363636365,0.0,0.0,0.45454545454545453,0.0
2023,6,남구,감만동,0.6,0.0,0.4,0.0,0.06666666666666667,0.06666666666666667
2023,6,남구,대연동,0.7647058823529411,0.10294117647058823,0.1323529411764706,0.0,0.25,0.04411764705882353
2023,6,남구,문현동,0.8484848484848485,0.09090909090909091,0.06060606060606061,0.0,0.30303030303030304,0.030303030303030304
2023,6,남구,용당동,0.45454545454545453,0.09090909090909091,0.45454545454545453,0.0,0.18181818181818182,0.0
2023,6,남구,용호동,0.8947368421052632,0.07894736842105263,0.02631578947368421,0.0,0.2631578947368421,0.05263157894736842
2023,6,남구,우암동,1.0,0.0,0.0,0.0,0.0,0.0
2023,6,동구,범일동,0.5454545454545454,0.030303030303030304,0.42424242424242425,0.0,0.21212121212121213,0.0
2023,6,동구,수정동,0.75,0.0625,0.1875,0.0,0.25,0.0
2023,6,동구,좌천동,0.64,0.2,0.16,0.0,0.2,0.12
2023,6,동구,초량동,0.717391304347826,0.043478260869565216,0.2391304347826087,0.0,0.32608695652173914,0.021739130434782608
2023,6,동래구,낙민동,0.8,0.0,0.2,0.0,0.0,0.0
2023,6,동래구,명륜동,0.9,0.1,0.0,0.0,0.6,0.1
2023,6,동래구,명장동,0.42105263157894735,0.0,0.5789473684210527,0.0,0.21052631578947367,0.0
2023,6,동래구,복천동,1.0,0.0,0.0,0.0,0.0,0.0
2023,6,동래구,사직동,0.8,0.02857142857142857,0.17142857142857143,0.0,0.2857142857142857,0.02857142857142857
2023,6,동래구,수안동,0.5263157894736842,0.0,0.47368421052631576,0.0,0.15789473684210525,0.05263157894736842
2023,6,동래구,안락동,1.0,0.0,0.0,0.0,0.4482758620689655,0.0
2023,6,동래구,온천동,0.8095238095238095,0.031746031746031744,0.15873015873015872,0.0,0.36507936507936506,0.0
2023,6,동래구,칠산동,1.0,0.0,0.0,0.0,0.16666666666666666,0.0
2023,6,부산진구,가야동,0.75,0.0,0.25,0.0,0.10714285714285714,0.03571428571428571
2023,6,부산진구,개금동,0.9285714285714286,0.07142857142857142,0.0,0.0,0.32142857142857145,0.03571428571428571
2023,6,부산진구,당감동,0.6428571428571429,0.023809523809523808,0.3333333333333333,0.0,0.16666666666666666,0.0
2023,6,부산진구,범전동,1.0,0.0,0.0,0.0,0.2222222222222222,0.0
2023,6,부산진구,범천동,0.7631578947368421,0.13157894736842105,0.10526315789473684,0.0,0.3684210526315789,0.02631578947368421
2023,6,부산진구,부암동,0.7407407407407407,0.07407407407407407,0.18518518518518517,0.0,0.2962962962962963,0.037037037037037035
2023,6,부산진구,부전동,0.9550561797752809,0.02247191011235955,0.02247191011235955,0.0,0.21348314606741572,0.0
2023,6,부산진구,양정동,0.65625,0.0625,0.28125,0.0,0.40625,0.0
2023,6,부산진구,연지동,1.0,0.0,0.0,0.0,0.4444444444444444,0.0
2023,6,부산진구,전포동,0.8888888888888888,0.05555555555555555,0.05555555555555555,0.0,0.4444444444444444,0.0
2023,6,부산진구,초읍동,0.75,0.25,0.0,0.0,0.16666666666666666,0.0
2023,6,북구,구포동,0.9230769230769231,0.07692307692307693,0.0,0.0,0.3269230769230769,0.038461538461538464
2023,6,북구,금곡동,0.7777777777777778,0.1111111111111111,0.1111111111111111,0.0,0.2777777777777778,0.0
2023,6,북구,덕천동,0.8,0.044444444444444446,0.15555555555555556,0.0,0.3111111111111111,0.0
2023,6,북구,만덕동,0.90625,0.0625,0.03125,0.0,0.34375,0.15625
2023,6,북구,화명동,0.7777777777777778,0.08333333333333333,0.1388888888888889,0.0,0.2222222222222222,0.027777777777777776
2023,6,사상구,감전동,0.7,0.15,0.15,0.0,0.55,0.0
2023,6,사상구,괘법동,0.9565217391304348,0.0,0.043478260869565216,0.0,0.13043478260869565,0.0
2023,6,사상구,덕포동,0.9,0.0,0.1,0.0,0.6,0.0
2023,6,사상구,모라동,0.7142857142857143,0.07142857142857142,0.21428571428571427,0.0,0.2857142857142857,0.023809523809523808
2023,6,사상구,삼락동,0.5,0.09090909090909091,0.4090909090909091,0.0,0.45454545454545453,0.0
2023,6,사상구,엄궁동,0.8695652173913043,0.13043478260869565,0.0,0.0,0.2608695652173913,0.0
2023,6,사상구,주례동,0.7837837837837838,0.08108108108108109,0.13513513513513514,0.0,0.24324324324324326,0.02702702702702703
2023,6,사상구,학장동,0.5789473684210527,0.05263157894736842,0.3684210526315789,0.0,0.3157894736842105,0.10526315789473684
2023,6,사하구,감천동,0.8,0.05,0.15,0.0,0.45,0.0
2023,6,사하구,괴정동,0.7045454545454546,0.06818181818181818,0.22727272727272727,0.0,0.3181818181818182,0.045454545454545456
2023,6,사하구,구평동,0.9090909090909091,0.09090909090909091,0.0,0.0,0.6363636363636364,0.0
2023,6,사하구,다대동,0.8297872340425532,0.0851063829787234,0.0851063829787234,0.0,0.44680851063829785,0.02127659574468085
2023,6,사하구,당리동,0.8888888888888888,0.0,0.1111111111111111,0.0,0.4444444444444444,0.0
2023,6,사하구,신평동,0.7,0.06666666666666667,0.23333333333333334,0.0,0.4666666666666667,0.0
2023,6,사하구,장림동,0.8461538461538461,0.07692307692307693,0.07692307692307693,0.0,0.3076923076923077,0.0
2023,6,사하구,하단동,0.7631578947368421,0.10526315789473684,0.13157894736842105,0.0,0.3157894736842105,0.0
2023,6,서구,남부민동,0.6428571428571429,0.07142857142857142,0.2857142857142857,0.0,0.07142857142857142,0.0
2023,6,서구,동대신동,0.75,0.25,0.0,0.0,0.6875,0.0625
2023,6,서구,부민동,0.1111111111111111,0.0,0.8888888888888888,0.0,0.0,0.0
2023,6,서구,부용동,1.0,0.0,0.0,0.0,0.0,0.0
2023,6,서구,서대신동,0.8666666666666667,0.06666666666666667,0.06666666666666667,0.0,0.26666666666666666,0.0
2023,6,서구,아미동,0.8,0.1,0.1,0.0,0.4,0.1
2023,6,서구,암남동,0.8,0.15,0.05,0.0,0.45,0.0
2023,6,서구,초장동,1.0,0.0,0.0,0.0,0.16666666666666666,0.0
2023,6,서구,충무동,0.8,0.2,0.0,0.0,0.2,0.0
2023,6,서구,토성동,1.0,0.0,0.0,0.0,0.6666666666666666,0.0
2023,6,수영구,광안동,0.7301587301587301,0.031746031746031744,0.23809523809523808,0.0,0.30158730158730157,0.047619047619047616
2023,6,수영구,남천동,0.7916666666666666,0.16666666666666666,0.041666666666666664,0.0,0.5416666666666666,0.041666666666666664
2023,6,수영구,망미동,0.6875,0.125,0.1875,0.0,0.375,0.03125
2023,6,수영구,민락동,0.896551724137931,0.0,0.10344827586206896,0.0,0.4827586206896552,0.0
2023,6,수영구,수영동,0.7777777777777778,0.2222222222222222,0.0,0.0,0.2222222222222222,0.0
2023,6,연제구,거제동,0.9142857142857143,0.02857142857142857,0.05714285714285714,0.0,0.4,0.0
2023,6,연제구,연산동,0.5576923076923077,0.00641025641025641,0.4358974358974359,0.0,0.21153846153846154,0.03205128205128205
2023,6,영도구,남항동,0.9,0.1,0.0,0.0,0.4,0.0
2023,6,영도구,대교동,1.0,0.0,0.0,0.0,0.46153846153846156,0.0
2023,6,영도구,대평동,1.0,0.0,0.0,0.0,1.0,0.0
2023,6,영도구,동삼동,0.7777777777777778,0.022222222222222223,0.2,0.0,0.26666666666666666,0.022222222222222223
2023,6,영도구,봉래동,1.0,0.0,0.0,0.0,0.08333333333333333,0.08333333333333333
2023,6,영도구,신선동,0.4,0.4,0.2,0.0,0.0,0.0
2023,6,영도구,영선동,0.7692307692307693,0.07692307692307693,0.15384615384615385,0.0,0.46153846153846156,0.0
2023,6,영도구,청학동,0.4,0.2,0.4,0.0,0.3,0.0
2023,6,중구,광복동,1.0,0.0,0.0,0.0,0.0,0.0
2023,6,중구,남포동,0.9230769230769231,0.07692307692307693,0.0,0.0,0.38461538461538464,0.0
2023,6,중구,대창동,1.0,0.0,0.0,0.0,1.0,0.0
2023,6,중구,대청동,0.6666666666666666,0.16666666666666666,0.16666666666666666,0.0,0.3333333333333333,0.0
2023,6,중구,동광동,1.0,0.0,0.0,0.0,0.0,0.0
2023,6,중구,보수동,0.7142857142857143,0.0,0.2857142857142857,0.0,0.0,0.0
2023,6,중구,부평동,0.7272727272727273,0.045454545454545456,0.22727272727272727,0.0,0.13636363636363635,0.0
2023,6,중구,신창동,1.0,0.0,0.0,0.0,0.0,0.0
2023,6,중구,영주동,1.0,0.0,0.0,0.0,0.2,0.4
2023,6,중구,중앙동,0.5294117647058824,0.11764705882352941,0.35294117647058826,0.0,0.29411764705882354,0.0
2023,6,중구,창선동,1.0,0.0,0.0,0.0,0.0,0.0
2023,6,해운대구,반송동,0.75,0.03571428571428571,0.21428571428571427,0.0,0.17857142857142858,0.03571428571428571
2023,6,해운대구,반여동,0.7659574468085106,0.0851063829787234,0.1276595744680851,0.02127659574468085,0.3191489361702128,0.0425531914893617
2023,6,해운대구,석대동,0.5,0.5,0.0,0.0,1.0,0.0
2023,6,해운대구,송정동,0.45454545454545453,0.13636363636363635,0.4090909090909091,0.0,0.22727272727272727,0.0
2023,6,해운대구,우동,0.7142857142857143,0.14285714285714285,0.14285714285714285,0.0,0.38095238095238093,0.011904761904761904
2023,6,해운대구,재송동,0.9,0.06666666666666667,0.03333333333333333,0.0,0.4,0.0
2023,6,해운대구,좌동,0.6078431372549019,0.11764705882352941,0.27450980392156865,0.0,0.3333333333333333,0.0
2023,6,해운대구,중동,0.75,0.041666666666666664,0.20833333333333334,0.0,0.125,0.020833333333333332
2023,7,강서구,강동동,0.6,0.2,0.2,0.0,0.4,0.06666666666666667
2023,7,강서구,구랑동,1.0,0.0,0.0,0.0,0.0,0.0
2023,7,강서구,녹산동,0.6666666666666666,0.3333333333333333,0.0,0.0,0.3333333333333333,0.0
2023,7,강서구,눌차동,0.0,1.0,0.0,0.0,0.0,0.0
2023,7,강서구,대저1동,0.6956521739130435,0.21739130434782608,0.08695652173913043,0.0,0.6086956521739131,0.08695652173913043
2023,7,강서구,대저2동,0.75,0.25,0.0,0.0,0.4166666666666667,0.08333333333333333
2023,7,강서구,대항동,0.0,1.0,0.0,0.0,0.0,0.0
2023,7,강서구,동선동,0.5,0.5,0.0,0.0,0.0,0.0
2023,7,강서구,명지동,0.9024390243902439,0.0975609756097561,0.0,0.0,0.5365853658536586,0.04878048780487805
2023,7,강서구,미음동,1.0,0.0,0.0,0.0,0.5,0.0
2023,7,강서구,범방동,0.5,0.5,0.0,0.0,1.0,0.0
2023,7,강서구,봉림동,1.0,0.0,0.0,0.0,0.5,0.0
2023,7,강서구,생곡동,0.5,0.0,0.5,0.0,0.0,0.0
2023,7,강서구,성북동,0.0,1.0,0.0,0.0,1.0,0.0
2023,7,강서구,송정동,0.42857142857142855,0.07142857142857142,0.5,0.0,0.2857142857142857,0.0
2023,7,강서구,식만동,1.0,0.0,0.0,0.0,0.0,0.0
2023,7,강서구,신호동,0.4117647058823529,0.17647058823529413,0.4117647058823529,0.0,0.23529411764705882,0.058823529411764705
2023,7,강서구,죽동동,1.0,0.0,0.0,0.0,0.0,0.0
2023,7,강서구,죽림동,0.5,0.5,0.0,0.0,0.0,0.0
2023,7,강서구,지사동,0.2222222222222222,0.0,0.7777777777777778,0.0,0.1111111111111111,0.0
2023,7,강서구,천성동,0.5,0.5,0.0,0.0,0.25,0.0
2023,7,강서구,화전동,1.0,0.0,0.0,0.0,0.4,0.0
2023,7,금정구,구서동,0.8076923076923077,0.07692307692307693,0.11538461538461539,0.0,0.34615384615384615,0.23076923076923078
2023,7,금정구,금사동,0.9,0.1,0.0,0.0,0.6,0.0
2023,7,금정구,금성동,0.0,0.25,0.75,0.0,0.0,0.0
2023,7,금정구,남산동,0.7272727272727273,0.09090909090909091,0.18181818181818182,0.0,0.45454545454545453,0.0
2023,7,금정구,노포동,0.4,0.6,0.0,0.0,1.0,0.0
2023,7,금정구,두구동,0.7,0.1,0.2,0.0,0.3,0.0
2023,7,금정구,부곡동,0.7105263157894737,0.13157894736842105,0.15789473684210525,0.0,0.34210526315789475,0.05263157894736842
2023,7,금정구,서동,0.9047619047619048,0.047619047619047616,0.047619047619047616,0.0,0.23809523809523808,0.09523809523809523
2023,7,금정구,선동,0.6666666666666666,0.3333333333333333,0.0,0.0,0.3333333333333333,0.0
2023,7,금정구,오륜동,0.75,0.25,0.0,0.0,0.5,0.0
2023,7,금정구,장전동,0.9574468085106383,0.0425531914893617,0.0,0.0,0.2765957446808511,0.2978723404255319
2023,7,금정구,청룡동,0.6,0.26666666666666666,0.13333333333333333,0.0,0.3333333333333333,0.06666666666666667
2023,7,금정구,회동동,0.3333333333333333,0.16666666666666666,0.5,0.0,0.3333333333333333,0.0
2023,7,기장군,기장읍,0.8787878787878788,0.07575757575757576,0.045454545454545456,0.0,0.36363636363636365,0.07575757575757576
2023,7,기장군,일광읍,0.6041666666666666,0.22916666666666666,0.125,0.041666666666666664,0.2708333333333333,0.10416666666666667
2023,7,기장군,장안읍,0.6666666666666666,0.125,0.20833333333333334,0.0,0.4583333333333333,0.0
2023,7,기장군,정관읍,0.8529411764705882,0.04411764705882353,0.08823529411764706,0.014705882352941176,0.19117647058823528,0.25
2023,7,기장군,철마면,0.75,0.25,0.0,0.0,0.5,0.0
2023,7,남구,감만동,0.5714285714285714,0.21428571428571427,0.21428571428571427,0.0,0.2857142857142857,0.0
2023,7,남구,대연동,0.8241758241758241,0.07692307692307693,0.0989010989010989,0.0,0.45054945054945056,0.08791208791208792
2023,7,남구,문현동,0.9444444444444444,0.05555555555555555,0.0,0.0,0.4444444444444444,0.16666666666666666
2023,7,남구,용당동,0.6666666666666666,0.0,0.3333333333333333,0.0,0.08333333333333333,0.16666666666666666
2023,7,남구,용호동,0.7428571428571429,0.14285714285714285,0.08571428571428572,0.02857142857142857,0.08571428571428572,0.05714285714285714
2023,7,남구,우암동,0.9,0.0,0.1,0.0,0.4,0.1
2023,7,동구,범일동,0.6764705882352942,0.029411764705882353,0.29411764705882354,0.0,0.23529411764705882,0.14705882352941177
2023,7,동구,수정동,0.6956521739130435,0.08695652173913043,0.21739130434782608,0.0,0.21739130434782608,0.0
2023,7,동구,좌천동,0.9090909090909091,0.09090909090909091,0.0,0.0,0.6363636363636364,0.09090909090909091
2023,7,동구,초량동,0.7692307692307693,0.10256410256410256,0.1282051282051282,0.0,0.4358974358974359,0.07692307692307693
2023,7,동래구,낙민동,0.75,0.0,0.25,0.0,0.125,0.125
2023,7,동래구,명륜동,0.8571428571428571,0.0,0.14285714285714285,0.0,0.2857142857142857,0.23809523809523808
2023,7,동래구,명장동,0.6153846153846154,0.07692307692307693,0.3076923076923077,0.0,0.07692307692307693,0.0
2023,7,동래구,복천동,1.0,0.0,0.0,0.0,0.0,0.0
2023,7,동래구,사직동,0.6896551724137931,0.10344827586206896,0.20689655172413793,0.0,0.3103448275862069,0.1724137931034483
2023,7,동래구,수안동,0.7,0.0,0.3,0.0,0.2,0.1
2023,7,동래구,안락동,0.85,0.05,0.1,0.0,0.3,0.1
2023,7,동래구,온천동,0.88,0.04,0.08,0.0,0.28,0.16
2023,7,동래구,칠산동,1.0,0.0,0.0,0.0,0.3333333333333333,0.0
2023,7,부산진구,가야동,0.7777777777777778,0.0,0.2222222222222222,0.0,0.3333333333333333,0.05555555555555555
2023,7,부산진구,개금동,0.9,0.03333333333333333,0.06666666666666667,0.0,0.23333333333333334,0.16666666666666666
2023,7,부산진구,당감동,0.6285714285714286,0.02857142857142857,0.34285714285714286,0.0,0.2,0.05714285714285714
2023,7,부산진구,범전동,1.0,0.0,0.0,0.0,0.3333333333333333,0.16666666666666666
2023,7,부산진구,범천동,1.0,0.0,0.0,0.0,0.36,0.16
2023,7,부산진구,부암동,0.6896551724137931,0.06896551724137931,0.2413793103448276,0.0,0.2413793103448276,0.06896551724137931
2023,7,부산진구,부전동,0.945054945054945,0.02197802197802198,0.03296703296703297,0.0,0.27472527472527475,0.01098901098901099
2023,7,부산진구,양정동,0.6486486486486487,0.0,0.35135135135135137,0.0,0.2972972972972973,0.13513513513513514
2023,7,부산진구,연지동,1.0,0.0,0.0,0.0,0.2857142857142857,0.2857142857142857
2023,7,부산진구,전포동,0.8205128205128205,0.02564102564102564,0.15384615384615385,0.0,0.38461538461538464,0.1282051282051282
2023,7,부산진구,초읍동,0.9333333333333333,0.06666666666666667,0.0,0.0,0.3333333333333333,0.06666666666666667
2023,7,북구,구포동,0.9245283018867925,0.03773584905660377,0.03773584905660377,0.0,0.39622641509433965,0.05660377358490566
2023,7,북구,금곡동,0.7804878048780488,0.024390243902439025,0.1951219512195122,0.0,0.24390243902439024,0.21951219512195122
2023,7,북구,덕천동,0.6764705882352942,0.08823529411764706,0.23529411764705882,0.0,0.29411764705882354,0.058823529411764705
2023,7,북구,만덕동,0.8444444444444444,0.044444444444444446,0.1111111111111111,0.0,0.17777777777777778,0.24444444444444444
2023,7,북구,화명동,0.7619047619047619,0.11904761904761904,0.11904761904761904,0.0,0.16666666666666666,0.21428571428571427
2023,7,사상구,감전동,0.8947368421052632,0.0,0.10526315789473684,0.0,0.5789473684210527,0.05263157894736842
2023,7,사상구,괘법동,0.9230769230769231,0.07692307692307693,0.0,0.0,0.5,0.07692307692307693
2023,7,사상구,덕포동,1.0,0.0,0.0,0.0,0.25,0.0625
2023,7,사상구,모라동,0.813953488372093,0.046511627906976744,0.13953488372093023,0.0,0.2558139534883721,0.06976744186046512
2023,7,사상구,삼락동,0.5333333333333333,0.13333333333333333,0.3333333333333333,0.0,0.26666666666666666,0.06666666666666667
2023,7,사상구,엄궁동,0.7142857142857143,0.21428571428571427,0.07142857142857142,0.0,0.42857142857142855,0.21428571428571427
2023,7,사상구,주례동,0.918918918918919,0.02702702702702703,0.05405405405405406,0.0,0.40540540540540543,0.16216216216216217
2023,7,사상구,학장동,0.8125,0.125,0.0625,0.0,0.375,0.0625
2023,7,사하구,감천동,0.8333333333333334,0.0,0.16666666666666666,0.0,0.3333333333333333,0.05555555555555555
2023,7,사하구,괴정동,0.75,0.027777777777777776,0.2222222222222222,0.0,0.25,0.1111111111111111
2023,7,사하구,구평동,0.7142857142857143,0.2857142857142857,0.0,0.0,0.2857142857142857,0.14285714285714285
2023,7,사하구,다대동,0.8888888888888888,0.07407407407407407,0.037037037037037035,0.0,0.25925925925925924,0.037037037037037035
2023,7,사하구,당리동,0.8571428571428571,0.07142857142857142,0.07142857142857142,0.0,0.21428571428571427,0.14285714285714285
2023,7,사하구,신평동,0.7096774193548387,0.03225806451612903,0.25806451612903225,0.0,0.3225806451612903,0.03225806451612903
2023,7,사하구,장림동,0.9310344827586207,0.034482758620689655,0.034482758620689655,0.0,0.1724137931034483,0.06896551724137931
2023,7,사하구,하단동,0.7547169811320755,0.09433962264150944,0.1509433962264151,0.0,0.39622641509433965,0.07547169811320754
2023,7,서구,남부민동,0.6153846153846154,0.23076923076923078,0.15384615384615385,0.0,0.0,0.0
2023,7,서구,동대신동,0.9230769230769231,0.0,0.07692307692307693,0.0,0.38461538461538464,0.15384615384615385
2023,7,서구,부민동,0.16666666666666666,0.0,0.8333333333333334,0.0,0.08333333333333333,0.08333333333333333
2023,7,서구,부용동,0.0,0.0,1.0,0.0,0.0,0.0
2023,7,서구,서대신동,1.0,0.0,0.0,0.0,0.06666666666666667,0.06666666666666667
2023,7,서구,아미동,1.0,0.0,0.0,0.0,0.4,0.2
2023,7,서구,암남동,0.7272727272727273,0.22727272727272727,0.045454545454545456,0.0,0.22727272727272727,0.0
2023,7,서구,초장동,1.0,0.0,0.0,0.0,0.0,0.0
2023,7,서구,충무동,1.0,0.0,0.0,0.0,0.375,0.0
2023,7,서구,토성동,0.8571428571428571,0.0,0.14285714285714285,0.0,0.2857142857142857,0.0
2023,7,수영구,광안동,0.7654320987654321,0.13580246913580246,0.09876543209876543,0.0,0.2716049382716049,0.09876543209876543
2023,7,수영구,남천동,0.8148148148148148,0.18518518518518517,0.0,0.0,0.4444444444444444,0.1111111111111111
2023,7,수영구,망미동,0.782608695652174,0.08695652173913043,0.13043478260869565,0.0,0.30434782608695654,0.08695652173913043
2023,7,수영구,민락동,0.825,0.175,0.0,0.0,0.25,0.15
2023,7,수영구,수영동,0.8666666666666667,0.06666666666666667,0.06666666666666667,0.0,0.13333333333333333,0.26666666666666666
2023,7,연제구,거제동,0.96875,0.03125,0.0,0.0,0.34375,0.09375
2023,7,연제구,연산동,0.6607142857142857,0.005952380952380952,0.3333333333333333,0.0,0.1488095238095238,0.17857142857142858
2023,7,영도구,남항동,1.0,0.0,0.0,0.0,0.3333333333333333,0.0
2023,7,영도구,대교동,0.8888888888888888,0.1111111111111111,0.0,0.0,0.2222222222222222,0.0
2023,7,영도구,대평동,1.0,0.0,0.0,0.0,0.0,0.0
2023,7,영도구,동삼동,0.7777777777777778,0.05555555555555555,0.16666666666666666,0.0,0.08333333333333333,0.05555555555555555
2023,7,영도구,봉래동,0.8181818181818182,0.09090909090909091,0.09090909090909091,0.0,0.36363636363636365,0.0
2023,7,영도구,신선동,1.0,0.0,0.0,0.0,0.2,0.2
2023,7,영도구,영선동,0.6470588235294118,0.0,0.35294117647058826,0.0,0.29411764705882354,0.058823529411764705
2023,7,영도구,청학동,0.5925925925925926,0.1111111111111111,0.2962962962962963,0.0,0.18518518518518517,0.0
2023,7,중구,광복동,1.0,0.0,0.0,0.0,0.0,0.0
2023,7,중구,남포동,1.0,0.0,0.0,0.0,0.0,0.0
2023,7,중구,대창동,1.0,0.0,0.0,0.0,0.0,1.0
2023,7,중구,대청동,1.0,0.0,0.0,0.0,0.0,0.5
2023,7,중구,동광동,1.0,0.0,0.0,0.0,0.2,0.2
2023,7,중구,보수동,0.625,0.125,0.25,0.0,0.375,0.0
2023,7,중구,부평동,0.8666666666666667,0.06666666666666667,0.06666666666666667,0.0,0.26666666666666666,0.0
2023,7,중구,신창동,0.75,0.0,0.25,0.0,0.25,0.0
2023,7,중구,영주동,1.0,0.0,0.0,0.0,0.2222222222222222,0.0
2023,7,중구,중앙동,0.7692307692307693,0.07692307692307693,0.15384615384615385,0.0,0.3076923076923077,0.0
2023,7,중구,창선동,1.0,0.0,0.0,0.0,0.5,0.0
2023,7,해운대구,반송동,0.8260869565217391,0.0,0.15217391304347827,0.021739130434782608,0.17391304347826086,0.17391304347826086
2023,7,해운대구,반여동,0.7419354838709677,0.03225806451612903,0.22580645161290322,0.0,0.22580645161290322,0.16129032258064516
2023,7,해운대구,석대동,0.75,0.25,0.0,0.0,0.75,0.0
2023,7,해운대구,송정동,0.4,0.1,0.5,0.0,0.2,0.0
2023,7,해운대구,우동,0.6630434782608695,0.17391304347826086,0.16304347826086957,0.0,0.2717391304347826,0.08695652173913043
2023,7,해운대구,재송동,0.9047619047619048,0.047619047619047616,0.047619047619047616,0.0,0.38095238095238093,0.19047619047619047
2023,7,해운대구,좌동,0.6818181818181818,0.11363636363636363,0.20454545454545456,0.0,0.25,0.09090909090909091
2023,7,해운대구,중동,0.8157894736842105,0.05263157894736842,0.13157894736842105,0.0,0.23684210526315788,0.15789473684210525
2023,8,강서구,강동동,0.6363636363636364,0.18181818181818182,0.18181818181818182,0.0,0.45454545454545453,0.18181818181818182
2023,8,강서구,구랑동,0.0,1.0,0.0,0.0,1.0,0.0
2023,8,강서구,녹산동,0.8,0.2,0.0,0.0,1.0,0.0
2023,8,강서구,눌차동,1.0,0.0,0.0,0.0,0.0,0.0
2023,8,강서구,대저1동,0.3125,0.5625,0.125,0.0,0.5625,0.0625
2023,8,강서구,대저2동,0.7391304347826086,0.21739130434782608,0.043478260869565216,0.0,0.43478260869565216,0.34782608695652173
2023,8,강서구,대항동,0.0,1.0,0.0,0.0,0.0,0.0
2023,8,강서구,동선동,0.0,1.0,0.0,0.0,0.0,0.0
2023,8,강서구,명지동,0.9130434782608695,0.06521739130434782,0.021739130434782608,0.0,0.32608695652173914,0.30434782608695654
2023,8,강서구,미음동,1.0,0.0,0.0,0.0,0.0,0.0
2023,8,강서구,범방동,0.8333333333333334,0.16666666666666666,0.0,0.0,0.6666666666666666,0.0
2023,8,강서구,봉림동,0.5,0.0,0.5,0.0,0.0,0.5
2023,8,강서구,생곡동,1.0,0.0,0.0,0.0,0.5,0.0
2023,8,강서구,성북동,0.8,0.2,0.0,0.0,0.6,0.0
2023,8,강서구,송정동,0.5714285714285714,0.0,0.42857142857142855,0.0,0.07142857142857142,0.21428571428571427
2023,8,강서구,식만동,1.0,0.0,0.0,0.0,1.0,0.0
2023,8,강서구,신호동,0.6785714285714286,0.0,0.32142857142857145,0.0,0.35714285714285715,0.14285714285714285
2023,8,강서구,죽동동,1.0,0.0,0.0,0.0,0.0,0.0
2023,8,강서구,죽림동,0.8333333333333333,0.16666666666666666,0.0,0.0,0.8333333333333333,0.0
2023,8,강서구,지사동,0.5714285714285714,0.0,0.42857142857142855,0.0,0.0,0.14285714285714285
2023,8,강서구,천성동,1.0,0.0,0.0,0.0,0.3333333333333333,0.3333333333333333
2023,8,강서구,화전동,1.0,0.0,0.0,0.0,0.5,0.5
2023,8,금정구,구서동,0.7272727272727273,0.09090909090909091,0.18181818181818182,0.0,0.2727272727272727,0.3181818181818182
2023,8,금정구,금사동,1.0,0.0,0.0,0.0,0.1111111111111111,0.4444444444444444
2023,8,금정구,금성동,0.0,0.25,0.75,0.0,0.0,0.0
2023,8,금정구,남산동,0.8064516129032258,0.06451612903225806,0.12903225806451613,0.0,0.22580645161290322,0.3548387096774194
2023,8,금정구,노포동,0.6666666666666666,0.3333333333333333,0.0,0.0,1.0,0.0
2023,8,금정구,두구동,1.0,0.0,0.0,0.0,0.0,0.0
2023,8,금정구,부곡동,0.8524590163934426,0.0,0.14754098360655737,0.0,0.26229508196721313,0.19672131147540983
2023,8,금정구,서동,0.9310344827586207,0.0,0.06896551724137931,0.0,0.20689655172413793,0.3448275862068966
2023,8,금정구,선동,1.0,0.0,0.0,0.0,1.0,0.0
2023,8,금정구,오륜동,0.5,0.5,0.0,0.0,0.25,0.25
2023,8,금정구,장전동,0.9032258064516129,0.03225806451612903,0.06451612903225806,0.0,0.22580645161290322,0.45161290322580644
2023,8,금정구,청룡동,0.9,0.1,0.0,0.0,0.2,0.2
2023,8,금정구,회동동,0.5384615384615384,0.15384615384615385,0.3076923076923077,0.0,0.15384615384615385,0.23076923076923078
2023,8,기장군,기장읍,0.8727272727272727,0.10909090909090909,0.01818181818181818,0.0,0.38181818181818183,0.2545454545454545
2023,8,기장군,일광읍,0.6666666666666666,0.1794871794871795,0.15384615384615385,0.0,0.358974358974359,0.15384615384615385
2023,8,기장군,장안읍,0.7083333333333334,0.125,0.16666666666666666,0.0,0.25,0.08333333333333333
2023,8,기장군,정관읍,0.703125,0.078125,0.21875,0.0,0.1875,0.296875
2023,8,기장군,철마면,0.9090909090909091,0.09090909090909091,0.0,0.0,0.45454545454545453,0.45454545454545453
2023,8,남구,감만동,0.5833333333333334,0.041666666666666664,0.375,0.0,0.125,0.2916666666666667
2023,8,남구,대연동,0.8842105263157894,0.042105263157894736,0.07368421052631578,0.0,0.35789473684210527,0.29473684210526313
2023,8,남구,문현동,0.8571428571428571,0.14285714285714285,0.0,0.0,0.42857142857142855,0.23809523809523808
2023,8,남구,용당동,0.8125,0.0,0.1875,0.0,0.375,0.1875
2023,8,남구,용호동,0.95,0.03333333333333333,0.016666666666666666,0.0,0.1,0.23333333333333334
2023,8,남구,우암동,0.8888888888888888,0.0,0.1111111111111111,0.0,0.1111111111111111,0.1111111111111111
2023,8,동구,범일동,0.6764705882352942,0.029411764705882353,0.29411764705882354,0.0,0.23529411764705882,0.20588235294117646
2023,8,동구,수정동,0.75,0.041666666666666664,0.20833333333333334,0.0,0.25,0.08333333333333333
2023,8,동구,좌천동,0.8333333333333334,0.0,0.16666666666666666,0.0,0.2222222222222222,0.2777777777777778
2023,8,동구,초량동,0.8627450980392157,0.0196078431372549,0.11764705882352941,0.0,0.23529411764705882,0.21568627450980393
2023,8,동래구,낙민동,1.0,0.0,0.0,0.0,0.0,0.16666666666666666
2023,8,동래구,명륜동,0.9166666666666666,0.08333333333333333,0.0,0.0,0.4166666666666667,0.2916666666666667
2023,8,동래구,명장동,0.7297297297297297,0.0,0.2702702702702703,0.0,0.02702702702702703,0.40540540540540543
2023,8,동래구,복천동,1.0,0.0,0.0,0.0,0.0,0.0
2023,8,동래구,사직동,0.8837209302325582,0.023255813953488372,0.09302325581395349,0.0,0.2558139534883721,0.2558139534883721
2023,8,동래구,수안동,0.5333333333333333,0.06666666666666667,0.4,0.0,0.2,0.06666666666666667
2023,8,동래구,안락동,0.9772727272727273,0.0,0.022727272727272728,0.0,0.13636363636363635,0.38636363636363635
2023,8,동래구,온천동,0.8105263157894737,0.08421052631578947,0.10526315789473684,0.0,0.25263157894736843,0.25263157894736843
2023,8,동래구,칠산동,1.0,0.0,0.0,0.0,0.0,1.0
2023,8,부산진구,가야동,0.8636363636363636,0.09090909090909091,0.045454545454545456,0.0,0.4090909090909091,0.22727272727272727
2023,8,부산진구,개금동,0.95,0.025,0.025,0.0,0.3,0.4
2023,8,부산진구,당감동,0.7560975609756098,0.024390243902439025,0.21951219512195122,0.0,0.1951219512195122,0.24390243902439024
2023,8,부산진구,범전동,1.0,0.0,0.0,0.0,0.16666666666666666,0.3333333333333333
2023,8,부산진구,범천동,0.8717948717948718,0.0,0.1282051282051282,0.0,0.23076923076923078,0.20512820512820512
2023,8,부산진구,부암동,0.7380952380952381,0.11904761904761904,0.14285714285714285,0.0,0.2857142857142857,0.2857142857142857
2023,8,부산진구,부전동,0.9310344827586207,0.0,0.06896551724137931,0.0,0.21839080459770116,0.09195402298850575
2023,8,부산진구,양정동,0.7631578947368421,0.02631578947368421,0.21052631578947367,0.0,0.23684210526315788,0.21052631578947367
2023,8,부산진구,연지동,1.0,0.0,0.0,0.0,0.08333333333333333,0.5833333333333334
2023,8,부산진구,전포동,0.8070175438596491,0.07017543859649122,0.12280701754385964,0.0,0.2982456140350877,0.2807017543859649
2023,8,부산진구,초읍동,0.8260869565217391,0.17391304347826086,0.0,0.0,0.08695652173913043,0.30434782608695654
2023,8,북구,구포동,0.9016393442622951,0.04918032786885246,0.04918032786885246,0.0,0.19672131147540983,0.32786885245901637
2023,8,북구,금곡동,0.9354838709677419,0.03225806451612903,0.03225806451612903,0.0,0.0967741935483871,0.3225806451612903
2023,8,북구,덕천동,0.6301369863013698,0.0958904109589041,0.273972602739726,0.0,0.273972602739726,0.2191780821917808
2023,8,북구,만덕동,0.8088235294117647,0.07352941176470588,0.11764705882352941,0.0,0.19117647058823528,0.4264705882352941
2023,8,북구,화명동,0.859375,0.109375,0.03125,0.0,0.265625,0.34375
2023,8,사상구,감전동,0.6428571428571429,0.10714285714285714,0.25,0.0,0.17857142857142858,0.17857142857142858
2023,8,사상구,괘법동,0.8666666666666667,0.03333333333333333,0.1,0.0,0.3,0.26666666666666666
2023,8,사상구,덕포동,0.9166666666666666,0.041666666666666664,0.041666666666666664,0.0,0.16666666666666666,0.2916666666666667
2023,8,사상구,모라동,0.7857142857142857,0.03571428571428571,0.17857142857142858,0.0,0.19642857142857142,0.4107142857142857
2023,8,사상구,삼락동,0.6666666666666666,0.16666666666666666,0.16666666666666666,0.0,0.25,0.16666666666666666
2023,8,사상구,엄궁동,0.84,0.16,0.0,0.0,0.4,0.12
2023,8,사상구,주례동,0.8947368421052632,0.03508771929824561,0.07017543859649122,0.0,0.22807017543859648,0.2982456140350877
2023,8,사상구,학장동,0.8076923076923077,0.11538461538461539,0.07692307692307693,0.0,0.3076923076923077,0.19230769230769232
2023,8,사하구,감천동,0.782608695652174,0.043478260869565216,0.17391304347826086,0.0,0.13043478260869565,0.391304347826087
2023,8,사하구,괴정동,0.7638888888888888,0.013888888888888888,0.2222222222222222,0.0,0.20833333333333334,0.2638888888888889
2023,8,사하구,구평동,1.0,0.0,0.0,0.0,0.3333333333333333,0.2222222222222222
2023,8,사하구,다대동,0.8909090909090909,0.03636363636363636,0.07272727272727272,0.0,0.12727272727272726,0.2909090909090909
2023,8,사하구,당리동,0.88,0.08,0.04,0.0,0.32,0.28
2023,8,사하구,신평동,0.5263157894736842,0.03508771929824561,0.43859649122807015,0.0,0.12280701754385964,0.14035087719298245
2023,8,사하구,장림동,0.9111111111111111,0.044444444444444446,0.044444444444444446,0.0,0.2222222222222222,0.3111111111111111
2023,8,사하구,하단동,0.8783783783783784,0.05405405405405406,0.06756756756756757,0.0,0.36486486486486486,0.1891891891891892
2023,8,서구,남부민동,0.8333333333333334,0.05555555555555555,0.1111111111111111,0.0,0.05555555555555555,0.4444444444444444
2023,8,서구,동대신동,0.8,0.15,0.05,0.0,0.15,0.45
2023,8,서구,부민동,0.3125,0.0,0.6875,0.0,0.0625,0.125
2023,8,서구,부용동,1.0,0.0,0.0,0.0,0.0,0.0
2023,8,서구,서대신동,1.0,0.0,0.0,0.0,0.1,0.55
2023,8,서구,아미동,0.8571428571428571,0.14285714285714285,0.0,0.0,0.2857142857142857,0.2857142857142857
2023,8,서구,암남동,0.9,0.1,0.0,0.0,0.1,0.2
2023,8,서구,초장동,1.0,0.0,0.0,0.0,0.0,0.16666666666666666
2023,8,서구,충무동,0.8461538461538461,0.0,0.15384615384615385,0.0,0.0,0.15384615384615385
2023,8,서구,토성동,1.0,0.0,0.0,0.0,0.0,0.2
2023,8,수영구,광안동,0.8409090909090909,0.056818181818181816,0.10227272727272728,0.0,0.17045454545454544,0.29545454545454547
2023,8,수영구,남천동,0.8235294117647058,0.08823529411764706,0.08823529411764706,0.0,0.23529411764705882,0.20588235294117646
2023,8,수영구,망미동,0.8571428571428571,0.023809523809523808,0.11904761904761904,0.0,0.21428571428571427,0.38095238095238093
2023,8,수영구,민락동,0.803921568627451,0.1568627450980392,0.0392156862745098,0.0,0.17647058823529413,0.13725490196078433
2023,8,수영구,수영동,0.9565217391304348,0.043478260869565216,0.0,0.0,0.30434782608695654,0.30434782608695654
2023,8,연제구,거제동,0.9661016949152542,0.03389830508474576,0.0,0.0,0.22033898305084745,0.4406779661016949
2023,8,연제구,연산동,0.6559633027522935,0.027522935779816515,0.3165137614678899,0.0,0.2018348623853211,0.21559633027522937
2023,8,영도구,남항동,1.0,0.0,0.0,0.0,0.14285714285714285,0.5714285714285714
2023,8,영도구,대교동,0.9230769230769231,0.0,0.07692307692307693,0.0,0.3076923076923077,0.46153846153846156
2023,8,영도구,대평동,1.0,0.0,0.0,0.0,0.0,1.0
2023,8,영도구,동삼동,0.8235294117647058,0.11764705882352941,0.058823529411764705,0.0,0.13725490196078433,0.23529411764705882
2023,8,영도구,봉래동,0.85,0.15,0.0,0.0,0.1,0.4
2023,8,영도구,신선동,0.9230769230769231,0.07692307692307693,0.0,0.0,0.07692307692307693,0.6153846153846154
2023,8,영도구,영선동,0.7,0.0,0.3,0.0,0.15,0.2
2023,8,영도구,청학동,0.5714285714285714,0.10714285714285714,0.32142857142857145,0.0,0.25,0.17857142857142858
2023,8,중구,광복동,0.3333333333333333,0.3333333333333333,0.0,0.0,0.0,0.0
2023,8,중구,남포동,0.8,0.2,0.0,0.0,0.4,0.0
2023,8,중구,대창동,0.0,0.0,1.0,0.0,0.0,0.0
2023,8,중구,대청동,0.8333333333333334,0.0,0.16666666666666666,0.0,0.3333333333333333,0.16666666666666666
2023,8,중구,동광동,1.0,0.0,0.0,0.0,0.0,0.25
2023,8,중구,보수동,0.875,0.0,0.125,0.0,0.1875,0.3125
2023,8,중구,부평동,0.8,0.0,0.2,0.0,0.1,0.0
2023,8,중구,신창동,0.75,0.0,0.25,0.0,0.25,0.0
2023,8,중구,영주동,1.0,0.0,0.0,0.0,0.0,0.0
2023,8,중구,중앙동,0.6842105263157895,0.10526315789473684,0.21052631578947367,0.0,0.3684210526315789,0.15789473684210525
2023,8,중구,창선동,1.0,0.0,0.0,0.0,0.0,0.0
2023,8,해운대구,반송동,0.9166666666666666,0.0,0.08333333333333333,0.0,0.11666666666666667,0.45
2023,8,해운대구,반여동,0.8658536585365854,0.04878048780487805,0.08536585365853659,0.0,0.2073170731707317,0.4024390243902439
2023,8,해운대구,석대동,0.25,0.75,0.0,0.0,0.6,0.0
2023,8,해운대구,송정동,0.631578947368421,0.15789473684210525,0.21052631578947367,0.0,0.2631578947368421,0.10526315789473684
2023,8,해운대구,우동,0.7872340425531915,0.11702127659574468,0.09574468085106383,0.0,0.3404255319148936,0.22340425531914893
2023,8,해운대구,재송동,0.9,0.08333333333333333,0.016666666666666666,0.0,0.31666666666666665,0.3
2023,8,해운대구,좌동,0.8571428571428571,0.031746031746031744,0.1111111111111111,0.0,0.15873015873015872,0.3333333333333333
2023,8,해운대구,중동,0.7966101694915254,0.06779661016949153,0.13559322033898305,0.0,0.22033898305084745,0.2542372881355932
2023,9,강서구,강동동,0.5555555555555556,0.1111111111111111,0.3333333333333333,0.0,0.2777777777777778,0.16666666666666666
2023,9,강서구,구랑동,0.5,0.5,0.0,0.0,0.6666666666666666,0.0
2023,9,강서구,녹산동,0.0,1.0,0.0,0.0,0.0,0.0
2023,9,강서구,눌차동,0.0,1.0,0.0,0.0,0.0,0.0
2023,9,강서구,대저1동,0.5151515151515151,0.2727272727272727,0.21212121212121213,0.0,0.3333333333333333,0.030303030303030304
2023,9,강서구,대저2동,0.7058823529411765,0.29411764705882354,0.0,0.0,0.5294117647058824,0.0
2023,9,강서구,대항동,0.75,0.0,0.25,0.0,0.0,0.0
2023,9,강서구,동선동,0.42857142857142855,0.42857142857142855,0.14285714285714285,0.0,0.2857142857142857,0.14285714285714285
2023,9,강서구,명지동,0.6595744680851063,0.14893617021276595,0.19148936170212766,0.0,0.2978723404255319,0.0425531914893617
2023,9,강서구,미음동,0.5,0.5,0.0,0.0,0.5,0.0
2023,9,강서구,범방동,0.6,0.2,0.2,0.0,0.4,0.0
2023,9,강서구,봉림동,0.75,0.0,0.25,0.0,0.5,0.0
2023,9,강서구,생곡동,1.0,0.0,0.0,0.0,0.6666666666666666,0.0
2023,9,강서구,성북동,0.5714285714285714,0.42857142857142855,0.0,0.0,0.42857142857142855,0.0
2023,9,강서구,송정동,0.14285714285714285,0.14285714285714285,0.7142857142857143,0.0,0.047619047619047616,0.0
2023,9,강서구,식만동,0.0,1.0,0.0,0.0,0.0,0.0
2023,9,강서구,신호동,0.5652173913043478,0.17391304347826086,0.2608695652173913,0.0,0.043478260869565216,0.043478260869565216
2023,9,강서구,죽동동,0.5,0.5,0.0,0.0,0.5,0.0
2023,9,강서구,죽림동,1.0,0.0,0.0,0.0,0.0,0.0
2023,9,강서구,지사동,0.6923076923076923,0.0,0.3076923076923077,0.0,0.3076923076923077,0.0
2023,9,강서구,천성동,1.0,0.0,0.0,0.0,1.0,0.0
2023,9,강서구,화전동,0.6,0.2,0.2,0.0,0.2,0.0
2023,9,금정구,구서동,0.6756756756756757,0.16216216216216217,0.16216216216216217,0.0,0.13513513513513514,0.05405405405405406
2023,9,금정구,금사동,0.8,0.2,0.0,0.0,0.4,0.0
2023,9,금정구,금성동,0.3333333333333333,0.25,0.4166666666666667,0.0,0.08333333333333333,0.08333333333333333
2023,9,금정구,남산동,0.6944444444444444,0.027777777777777776,0.2777777777777778,0.0,0.1388888888888889,0.08333333333333333
2023,9,금정구,노포동,0.5555555555555556,0.3333333333333333,0.1111111111111111,0.0,0.5555555555555556,0.0
2023,9,금정구,두구동,0.75,0.25,0.0,0.0,0.125,0.25
2023,9,금정구,부곡동,0.6764705882352942,0.08823529411764706,0.23529411764705882,0.0,0.23529411764705882,0.1323529411764706
2023,9,금정구,서동,0.6896551724137931,0.20689655172413793,0.10344827586206896,0.0,0.2413793103448276,0.0
2023,9,금정구,선동,0.0,1.0,0.0,0.0,0.0,0.0
2023,9,금정구,오륜동,0.25,0.5,0.25,0.0,0.5,0.0
2023,9,금정구,장전동,0.5555555555555556,0.37037037037037035,0.07407407407407407,0.0,0.2222222222222222,0.037037037037037035
2023,9,금정구,청룡동,0.6470588235294118,0.29411764705882354,0.058823529411764705,0.0,0.11764705882352941,0.058823529411764705
2023,9,금정구,회동동,0.4,0.2,0.4,0.0,0.3333333333333333,0.0
2023,9,기장군,기장읍,0.6533333333333333,0.24,0.09333333333333334,0.013333333333333334,0.32,0.09333333333333334
2023,9,기장군,일광읍,0.5454545454545454,0.21212121212121213,0.24242424242424243,0.0,0.2727272727272727,0.06060606060606061
2023,9,기장군,장안읍,0.6956521739130435,0.21739130434782608,0.08695652173913043,0.0,0.34782608695652173,0.08695652173913043
2023,9,기장군,정관읍,0.6781609195402298,0.12643678160919541,0.19540229885057472,0.0,0.16091954022988506,0.09195402298850575
2023,9,기장군,철마면,0.16666666666666666,0.6666666666666666,0.16666666666666666,0.0,0.5,0.0
2023,9,남구,감만동,0.5925925925925926,0.25925925925925924,0.14814814814814814,0.0,0.18518518518518517,0.07407407407407407
2023,9,남구,대연동,0.7808219178082192,0.0958904109589041,0.1232876712328767,0.0,0.3287671232876712,0.0958904109589041
2023,9,남구,문현동,0.775,0.2,0.025,0.0,0.275,0.15
2023,9,남구,용당동,0.45454545454545453,0.18181818181818182,0.36363636363636365,0.0,0.18181818181818182,0.0
2023,9,남구,용호동,0.859375,0.125,0.015625,0.0,0.171875,0.078125
2023,9,남구,우암동,0.3333333333333333,0.3333333333333333,0.3333333333333333,0.0,0.0,0.0
2023,9,동구,범일동,0.49122807017543857,0.21052631578947367,0.2982456140350877,0.0,0.24561403508771928,0.017543859649122806
2023,9,동구,수정동,0.6086956521739131,0.17391304347826086,0.21739130434782608,0.0,0.13043478260869565,0.13043478260869565
2023,9,동구,좌천동,0.4666666666666667,0.4666666666666667,0.06666666666666667,0.0,0.13333333333333333,0.06666666666666667
2023,9,동구,초량동,0.64,0.24,0.12,0.0,0.24,0.06
2023,9,동래구,낙민동,1.0,0.0,0.0,0.0,0.3333333333333333,0.3333333333333333
2023,9,동래구,명륜동,0.8,0.2,0.0,0.0,0.36,0.04
2023,9,동래구,명장동,0.6521739130434783,0.08695652173913043,0.2608695652173913,0.0,0.13043478260869565,0.13043478260869565
2023,9,동래구,복천동,0.6666666666666666,0.3333333333333333,0.0,0.0,0.16666666666666666,0.0
2023,9,동래구,사직동,0.8333333333333334,0.1,0.06666666666666667,0.0,0.43333333333333335,0.13333333333333333
2023,9,동래구,수안동,0.5454545454545454,0.045454545454545456,0.4090909090909091,0.0,0.3181818181818182,0.0
2023,9,동래구,안락동,0.7142857142857143,0.21428571428571427,0.07142857142857142,0.0,0.2857142857142857,0.14285714285714285
2023,9,동래구,온천동,0.7619047619047619,0.11904761904761904,0.11904761904761904,0.0,0.2857142857142857,0.08333333333333333
2023,9,동래구,칠산동,1.0,0.0,0.0,0.0,0.3333333333333333,0.16666666666666666
2023,9,부산진구,가야동,0.7297297297297297,0.24324324324324326,0.02702702702702703,0.0,0.21621621621621623,0.08108108108108109
2023,9,부산진구,개금동,0.8181818181818182,0.15151515151515152,0.030303030303030304,0.0,0.3333333333333333,0.15151515151515152
2023,9,부산진구,당감동,0.7692307692307693,0.15384615384615385,0.07692307692307693,0.0,0.1282051282051282,0.10256410256410256
2023,9,부산진구,범전동,0.4,0.4,0.2,0.0,0.2,0.0
2023,9,부산진구,범천동,0.7692307692307693,0.15384615384615385,0.07692307692307693,0.0,0.15384615384615385,0.07692307692307693
2023,9,부산진구,부암동,0.6052631578947368,0.23684210526315788,0.15789473684210525,0.0,0.18421052631578946,0.10526315789473684
2023,9,부산진구,부전동,0.8247422680412371,0.14432989690721648,0.030927835051546393,0.0,0.20618556701030927,0.010309278350515464
2023,9,부산진구,양정동,0.696969696969697,0.06060606060606061,0.24242424242424243,0.0,0.3939393939393939,0.030303030303030304
2023,9,부산진구,연지동,0.8666666666666667,0.13333333333333333,0.0,0.0,0.13333333333333333,0.06666666666666667
2023,9,부산진구,전포동,0.6440677966101694,0.15254237288135594,0.2033898305084746,0.0,0.1694915254237288,0.06779661016949153
2023,9,부산진구,초읍동,0.72,0.28,0.0,0.0,0.12,0.08
2023,9,북구,구포동,0.9038461538461539,0.07692307692307693,0.019230769230769232,0.0,0.3269230769230769,0.1346153846153846
2023,9,북구,금곡동,0.8928571428571429,0.07142857142857142,0.03571428571428571,0.0,0.10714285714285714,0.14285714285714285
2023,9,북구,덕천동,0.7,0.13333333333333333,0.16666666666666666,0.0,0.31666666666666665,0.05
2023,9,북구,만덕동,0.8461538461538461,0.09615384615384616,0.057692307692307696,0.0,0.2692307692307692,0.25
2023,9,북구,화명동,0.7457627118644068,0.15254237288135594,0.1016949152542373,0.0,0.2711864406779661,0.15254237288135594
2023,9,사상구,감전동,0.6,0.2,0.2,0.0,0.45714285714285713,0.02857142857142857
2023,9,사상구,괘법동,0.8372093023255814,0.11627906976744186,0.046511627906976744,0.0,0.18604651162790697,0.11627906976744186
2023,9,사상구,덕포동,0.875,0.08333333333333333,0.041666666666666664,0.0,0.2916666666666667,0.16666666666666666
2023,9,사상구,모라동,0.6521739130434783,0.13043478260869565,0.21739130434782608,0.0,0.2826086956521739,0.06521739130434782
2023,9,사상구,삼락동,0.38095238095238093,0.23809523809523808,0.38095238095238093,0.0,0.3333333333333333,0.0
2023,9,사상구,엄궁동,0.875,0.125,0.0,0.0,0.25,0.1875
2023,9,사상구,주례동,0.8421052631578947,0.13157894736842105,0.02631578947368421,0.0,0.34210526315789475,0.07894736842105263
2023,9,사상구,학장동,0.5769230769230769,0.19230769230769232,0.23076923076923078,0.0,0.23076923076923078,0.07692307692307693
2023,9,사하구,감천동,0.45714285714285713,0.3142857142857143,0.22857142857142856,0.0,0.11428571428571428,0.11428571428571428
2023,9,사하구,괴정동,0.7169811320754716,0.1509433962264151,0.1320754716981132,0.0,0.2641509433962264,0.16981132075471697
2023,9,사하구,구평동,0.6875,0.25,0.0625,0.0,0.375,0.125
2023,9,사하구,다대동,0.711864406779661,0.1864406779661017,0.1016949152542373,0.0,0.15254237288135594,0.0847457627118644
2023,9,사하구,당리동,0.625,0.3125,0.0625,0.0,0.25,0.125
2023,9,사하구,신평동,0.5818181818181818,0.23636363636363636,0.18181818181818182,0.0,0.2545454545454545,0.09090909090909091
2023,9,사하구,장림동,0.7428571428571429,0.2571428571428571,0.0,0.0,0.2571428571428571,0.05714285714285714
2023,9,사하구,하단동,0.7974683544303798,0.16455696202531644,0.0379746835443038,0.0,0.26582278481012656,0.08860759493670886
2023,9,서구,남부민동,0.4,0.2,0.4,0.0,0.05,0.0
2023,9,서구,동대신동,0.85,0.1,0.05,0.0,0.2,0.15
2023,9,서구,부민동,0.375,0.0625,0.5625,0.0,0.0625,0.0625
2023,9,서구,부용동,0.5,0.5,0.0,0.0,0.0,0.0
2023,9,서구,서대신동,0.5555555555555556,0.3333333333333333,0.1111111111111111,0.0,0.1111111111111111,0.18518518518518517
2023,9,서구,아미동,1.0,0.0,0.0,0.0,0.3333333333333333,0.3333333333333333
2023,9,서구,암남동,0.4222222222222222,0.5555555555555556,0.022222222222222223,0.0,0.15555555555555556,0.044444444444444446
2023,9,서구,초장동,1.0,0.0,0.0,0.0,0.0,0.5
2023,9,서구,충무동,0.5,0.25,0.25,0.0,0.25,0.0
2023,9,서구,토성동,1.0,0.0,0.0,0.0,0.5,0.0
2023,9,수영구,광안동,0.6666666666666666,0.21839080459770116,0.11494252873563218,0.0,0.1839080459770115,0.08045977011494253
2023,9,수영구,남천동,0.6190476190476191,0.38095238095238093,0.0,0.0,0.23809523809523808,0.09523809523809523
2023,9,수영구,망미동,0.8235294117647058,0.058823529411764705,0.11764705882352941,0.0,0.20588235294117646,0.29411764705882354
2023,9,수영구,민락동,0.7435897435897436,0.2564102564102564,0.0,0.0,0.4358974358974359,0.02564102564102564
2023,9,수영구,수영동,0.7368421052631579,0.15789473684210525,0.10526315789473684,0.0,0.3684210526315789,0.0
2023,9,연제구,거제동,0.8372093023255814,0.16279069767441862,0.0,0.0,0.32558139534883723,0.06976744186046512
2023,9,연제구,연산동,0.5806451612903226,0.08755760368663594,0.3317972350230415,0.0,0.16129032258064516,0.07373271889400922
2023,9,영도구,남항동,0.8,0.2,0.0,0.0,0.3,0.2
2023,9,영도구,대교동,0.8125,0.1875,0.0,0.0,0.3125,0.125
2023,9,영도구,대평동,0.3333333333333333,0.6666666666666666,0.0,0.0,0.0,0.0
2023,9,영도구,동삼동,0.64,0.22,0.12,0.02,0.12,0.1
2023,9,영도구,봉래동,0.6,0.4,0.0,0.0,0.26666666666666666,0.13333333333333333
2023,9,영도구,신선동,0.8333333333333334,0.16666666666666666,0.0,0.0,0.0,0.3333333333333333
2023,9,영도구,영선동,0.5,0.3,0.2,0.0,0.2,0.0
2023,9,영도구,청학동,0.59375,0.03125,0.375,0.0,0.09375,0.09375
2023,9,중구,광복동,0.75,0.0,0.25,0.0,0.5,0.0
2023,9,중구,남포동,0.71875,0.21875,0.0625,0.0,0.34375,0.03125
2023,9,중구,대창동,0.5,0.5,0.0,0.0,0.0,0.25
2023,9,중구,대청동,0.3333333333333333,0.3333333333333333,0.3333333333333333,0.0,0.0,0.0
2023,9,중구,동광동,0.0,1.0,0.0,0.0,0.0,0.0
2023,9,중구,보수동,0.42857142857142855,0.2857142857142857,0.2857142857142857,0.0,0.14285714285714285,0.0
2023,9,중구,부평동,0.875,0.125,0.0,0.0,0.3125,0.0
2023,9,중구,신창동,0.3333333333333333,0.3333333333333333,0.3333333333333333,0.0,0.0,0.0
2023,9,중구,영주동,0.75,0.125,0.125,0.0,0.4375,0.0625
2023,9,중구,중앙동,0.625,0.25,0.125,0.0,0.25,0.0625
2023,9,중구,창선동,1.0,0.0,0.0,0.0,0.0,0.0
2023,9,해운대구,반송동,0.7317073170731707,0.12195121951219512,0.14634146341463414,0.0,0.1951219512195122,0.14634146341463414
2023,9,해운대구,반여동,0.7,0.21666666666666667,0.08333333333333333,0.0,0.21666666666666667,0.06666666666666667
2023,9,해운대구,석대동,0.7,0.3,0.0,0.0,0.6,0.0
2023,9,해운대구,송정동,0.4117647058823529,0.38235294117647056,0.20588235294117646,0.0,0.14705882352941177,0.0
2023,9,해운대구,우동,0.5666666666666667,0.325,0.10833333333333334,0.0,0.3,0.05
2023,9,해운대구,재송동,0.7111111111111111,0.2,0.08888888888888889,0.0,0.28888888888888886,0.2
2023,9,해운대구,좌동,0.6666666666666666,0.2028985507246377,0.13043478260869565,0.0,0.42028985507246375,0.07246376811594203
2023,9,해운대구,중동,0.4915254237288136,0.423728813559322,0.0847457627118644,0.0,0.1864406779661017,0.05084745762711865
2023,10,강서구,강동동,0.7777777777777778,0.1111111111111111,0.1111111111111111,0.0,0.5555555555555556,0.0
2023,10,강서구,구랑동,0.3333333333333333,0.6666666666666666,0.0,0.0,1.0,0.0
2023,10,강서구,녹산동,1.0,0.0,0.0,0.0,1.0,0.0
2023,10,강서구,눌차동,0.0,0.0,0.0,0.0,0.0,0.0
2023,10,강서구,대저1동,0.9166666666666666,0.08333333333333333,0.0,0.0,0.5,0.0
2023,10,강서구,대저2동,0.6666666666666666,0.25,0.08333333333333333,0.0,0.6666666666666666,0.0
2023,10,강서구,대항동,0.0,1.0,0.0,0.0,0.0,0.0
2023,10,강서구,동선동,0.0,0.0,1.0,0.0,0.0,0.0
2023,10,강서구,명지동,0.8936170212765957,0.02127659574468085,0.0851063829787234,0.0,0.425531914893617,0.0
2023,10,강서구,미음동,1.0,0.0,0.0,0.0,0.0,0.0
2023,10,강서구,범방동,0.6,0.4,0.0,0.0,1.0,0.0
2023,10,강서구,봉림동,1.0,0.0,0.0,0.0,1.0,0.0
2023,10,강서구,생곡동,0.6666666666666666,0.3333333333333333,0.0,0.0,0.6666666666666666,0.0
2023,10,강서구,성북동,0.75,0.25,0.0,0.0,0.5,0.0
2023,10,강서구,송정동,0.5882352941176471,0.11764705882352941,0.29411764705882354,0.0,0.5294117647058824,0.058823529411764705
2023,10,강서구,식만동,1.0,0.0,0.0,0.0,1.0,0.0
2023,10,강서구,신호동,0.75,0.0625,0.1875,0.0,0.5625,0.0
2023,10,강서구,죽동동,0.0,1.0,0.0,0.0,1.0,0.0
2023,10,강서구,죽림동,1.0,0.0,0.0,0.0,1.0,0.0
2023,10,강서구,지사동,0.5,0.14285714285714285,0.35714285714285715,0.0,0.21428571428571427,0.0
2023,10,강서구,천성동,0.4,0.6,0.0,0.0,0.2,0.0
2023,10,강서구,화전동,1.0,0.0,0.0,0.0,0.2,0.0
2023,10,금정구,구서동,0.8717948717948718,0.0,0.1282051282051282,0.0,0.3333333333333333,0.05128205128205128
2023,10,금정구,금사동,0.75,0.25,0.0,0.0,0.5,0.0
2023,10,금정구,금성동,0.2,0.3,0.5,0.0,0.1,0.0
2023,10,금정구,남산동,0.9166666666666666,0.0,0.08333333333333333,0.0,0.20833333333333334,0.041666666666666664
2023,10,금정구,노포동,0.6666666666666666,0.3333333333333333,0.0,0.0,0.6666666666666666,0.0
2023,10,금정구,두구동,0.8,0.2,0.0,0.0,0.4,0.0
2023,10,금정구,부곡동,0.7142857142857143,0.11428571428571428,0.17142857142857143,0.0,0.37142857142857144,0.02857142857142857
2023,10,금정구,서동,1.0,0.0,0.0,0.0,0.14285714285714285,0.047619047619047616
2023,10,금정구,선동,0.6666666666666666,0.0,0.3333333333333333,0.0,0.3333333333333333,0.0
2023,10,금정구,오륜동,0.3333333333333333,0.6666666666666666,0.0,0.0,0.3333333333333333,0.0
2023,10,금정구,장전동,0.9428571428571428,0.02857142857142857,0.02857142857142857,0.0,0.22857142857142856,0.14285714285714285
2023,10,금정구,청룡동,0.5714285714285714,0.42857142857142855,0.0,0.0,0.14285714285714285,0.0
2023,10,금정구,회동동,0.3333333333333333,0.08333333333333333,0.5833333333333334,0.0,0.08333333333333333,0.0
2023,10,기장군,기장읍,0.8,0.18333333333333332,0.016666666666666666,0.0,0.3333333333333333,0.06666666666666667
2023,10,기장군,일광읍,0.775,0.175,0.05,0.0,0.275,0.075
2023,10,기장군,장안읍,0.7058823529411765,0.17647058823529413,0.11764705882352941,0.0,0.35294117647058826,0.058823529411764705
2023,10,기장군,정관읍,0.65,0.1,0.25,0.0,0.225,0.05
2023,10,기장군,철마면,0.2857142857142857,0.5714285714285714,0.14285714285714285,0.0,0.14285714285714285,0.0
2023,10,남구,감만동,0.75,0.0,0.25,0.0,0.05,0.05
2023,10,남구,대연동,0.875,0.0,0.125,0.0,0.3,0.05
2023,10,남구,문현동,1.0,0.0,0.0,0.0,0.4444444444444444,0.027777777777777776
2023,10,남구,용당동,0.7777777777777778,0.1111111111111111,0.1111111111111111,0.0,0.4444444444444444,0.05555555555555555
2023,10,남구,용호동,0.875,0.10416666666666667,0.020833333333333332,0.0,0.4375,0.041666666666666664
2023,10,남구,우암동,1.0,0.0,0.0,0.0,0.4,0.0
2023,10,동구,범일동,0.7631578947368421,0.02631578947368421,0.21052631578947367,0.0,0.4473684210526316,0.0
2023,10,동구,수정동,0.8055555555555556,0.027777777777777776,0.16666666666666666,0.0,0.16666666666666666,0.08333333333333333
2023,10,동구,좌천동,0.8823529411764706,0.0,0.11764705882352941,0.0,0.5294117647058824,0.058823529411764705
2023,10,동구,초량동,0.9056603773584906,0.03773584905660377,0.05660377358490566,0.0,0.3018867924528302,0.018867924528301886
2023,10,동래구,낙민동,1.0,0.0,0.0,0.0,0.3,0.0
2023,10,동래구,명륜동,0.8823529411764706,0.058823529411764705,0.058823529411764705,0.0,0.23529411764705882,0.058823529411764705
2023,10,동래구,명장동,0.6875,0.0,0.3125,0.0,0.28125,0.15625
2023,10,동래구,복천동,0.8333333333333334,0.0,0.16666666666666666,0.0,0.16666666666666666,0.16666666666666666
2023,10,동래구,사직동,0.875,0.0,0.125,0.0,0.25,0.09375
2023,10,동래구,수안동,0.6363636363636364,0.0,0.36363636363636365,0.0,0.18181818181818182,0.09090909090909091
2023,10,동래구,안락동,0.975609756097561,0.024390243902439025,0.0,0.0,0.3902439024390244,0.04878048780487805
2023,10,동래구,온천동,0.8170731707317073,0.08536585365853659,0.0975609756097561,0.0,0.32926829268292684,0.04878048780487805
2023,10,동래구,칠산동,0.0,0.0,1.0,0.0,0.0,0.0
2023,10,부산진구,가야동,0.9259259259259259,0.0,0.07407407407407407,0.0,0.18518518518518517,0.0
2023,10,부산진구,개금동,0.975609756097561,0.024390243902439025,0.0,0.0,0.4634146341463415,0.0
2023,10,부산진구,당감동,0.7,0.05,0.25,0.0,0.4,0.0
2023,10,부산진구,범전동,1.0,0.0,0.0,0.0,0.3333333333333333,0.0
2023,10,부산진구,범천동,0.8518518518518519,0.07407407407407407,0.07407407407407407,0.0,0.4074074074074074,0.037037037037037035
2023,10,부산진구,부암동,0.8260869565217391,0.043478260869565216,0.13043478260869565,0.0,0.43478260869565216,0.043478260869565216
2023,10,부산진구,부전동,0.9655172413793104,0.022988505747126436,0.011494252873563218,0.0,0.3103448275862069,0.0
2023,10,부산진구,양정동,0.7666666666666667,0.0,0.23333333333333334,0.0,0.3333333333333333,0.03333333333333333
2023,10,부산진구,연지동,0.8888888888888888,0.0,0.1111111111111111,0.0,0.2222222222222222,0.1111111111111111
2023,10,부산진구,전포동,0.7735849056603774,0.07547169811320754,0.1509433962264151,0.0,0.4339622641509434,0.018867924528301886
2023,10,부산진구,초읍동,0.9090909090909091,0.09090909090909091,0.0,0.0,0.13636363636363635,0.09090909090909091
2023,10,북구,구포동,0.9636363636363636,0.01818181818181818,0.01818181818181818,0.0,0.34545454545454546,0.05454545454545454
2023,10,북구,금곡동,0.6176470588235294,0.08823529411764706,0.29411764705882354,0.0,0.11764705882352941,0.058823529411764705
2023,10,북구,덕천동,0.6666666666666666,0.06666666666666667,0.26666666666666666,0.0,0.17777777777777778,0.022222222222222223
2023,10,북구,만덕동,0.8461538461538461,0.038461538461538464,0.11538461538461539,0.0,0.23076923076923078,0.11538461538461539
2023,10,북구,화명동,0.7450980392156863,0.058823529411764705,0.19607843137254902,0.0,0.23529411764705882,0.058823529411764705
2023,10,사상구,감전동,0.5217391304347826,0.13043478260869565,0.34782608695652173,0.0,0.2608695652173913,0.08695652173913043
2023,10,사상구,괘법동,0.7619047619047619,0.19047619047619047,0.047619047619047616,0.0,0.47619047619047616,0.0
2023,10,사상구,덕포동,1.0,0.0,0.0,0.0,0.375,0.0
2023,10,사상구,모라동,0.8,0.05714285714285714,0.14285714285714285,0.0,0.22857142857142856,0.02857142857142857
2023,10,사상구,삼락동,0.7222222222222222,0.05555555555555555,0.2222222222222222,0.0,0.5,0.0
2023,10,사상구,엄궁동,1.0,0.0,0.0,0.0,0.6153846153846154,0.0
2023,10,사상구,주례동,0.8823529411764706,0.029411764705882353,0.08823529411764706,0.0,0.4117647058823529,0.058823529411764705
2023,10,사상구,학장동,0.6206896551724138,0.13793103448275862,0.2413793103448276,0.0,0.41379310344827586,0.034482758620689655
2023,10,사하구,감천동,0.875,0.08333333333333333,0.041666666666666664,0.0,0.20833333333333334,0.2916666666666667
2023,10,사하구,괴정동,0.8043478260869565,0.0,0.1956521739130435,0.0,0.2608695652173913,0.021739130434782608
2023,10,사하구,구평동,0.7692307692307693,0.15384615384615385,0.0,0.07692307692307693,0.46153846153846156,0.0
2023,10,사하구,다대동,0.7428571428571429,0.11428571428571428,0.14285714285714285,0.0,0.3142857142857143,0.05714285714285714
2023,10,사하구,당리동,0.7333333333333333,0.2,0.06666666666666667,0.0,0.26666666666666666,0.06666666666666667
2023,10,사하구,신평동,0.5185185185185185,0.09259259259259259,0.3888888888888889,0.0,0.2037037037037037,0.037037037037037035
2023,10,사하구,장림동,0.8518518518518519,0.037037037037037035,0.1111111111111111,0.0,0.3333333333333333,0.037037037037037035
2023,10,사하구,하단동,0.7833333333333333,0.06666666666666667,0.15,0.0,0.35,0.016666666666666666
2023,10,서구,남부민동,0.6666666666666666,0.0,0.3333333333333333,0.0,0.13333333333333333,0.06666666666666667
2023,10,서구,동대신동,0.8888888888888888,0.1111111111111111,0.0,0.0,0.5,0.0
2023,10,서구,부민동,0.45454545454545453,0.0,0.5454545454545454,0.0,0.18181818181818182,0.0
2023,10,서구,부용동,1.0,0.0,0.0,0.0,0.6,0.0
2023,10,서구,서대신동,0.9444444444444444,0.0,0.05555555555555555,0.0,0.2777777777777778,0.0
2023,10,서구,아미동,1.0,0.0,0.0,0.0,0.5,0.0
2023,10,서구,암남동,0.875,0.125,0.0,0.0,0.25,0.0
2023,10,서구,초장동,1.0,0.0,0.0,0.0,0.3333333333333333,0.0
2023,10,서구,충무동,1.0,0.0,0.0,0.0,0.0,0.0
2023,10,서구,토성동,1.0,0.0,0.0,0.0,0.4,0.0
2023,10,수영구,광안동,0.7966101694915254,0.06779661016949153,0.13559322033898305,0.0,0.288135593220339,0.01694915254237288
2023,10,수영구,남천동,0.8571428571428571,0.10714285714285714,0.03571428571428571,0.0,0.5714285714285714,0.0
2023,10,수영구,망미동,0.6875,0.09375,0.21875,0.0,0.3125,0.0625
2023,10,수영구,민락동,0.8928571428571429,0.10714285714285714,0.0,0.0,0.35714285714285715,0.0
2023,10,수영구,수영동,0.95,0.05,0.0,0.0,0.15,0.1
2023,10,연제구,거제동,0.9512195121951219,0.0,0.04878048780487805,0.0,0.4146341463414634,0.0975609756097561
2023,10,연제구,연산동,0.6927083333333334,0.03125,0.2760416666666667,0.0,0.20833333333333334,0.078125
2023,10,영도구,남항동,0.9166666666666666,0.08333333333333333,0.0,0.0,0.25,0.08333333333333333
2023,10,영도구,대교동,0.75,0.25,0.0,0.0,0.25,0.0
2023,10,영도구,대평동,1.0,0.0,0.0,0.0,0.2,0.0
2023,10,영도구,동삼동,0.7,0.06,0.24,0.0,0.2,0.06
2023,10,영도구,봉래동,0.75,0.25,0.0,0.0,0.3333333333333333,0.0
2023,10,영도구,신선동,0.8,0.0,0.2,0.0,0.2,0.0
2023,10,영도구,영선동,0.7058823529411765,0.058823529411764705,0.23529411764705882,0.0,0.47058823529411764,0.0
2023,10,영도구,청학동,0.5833333333333334,0.08333333333333333,0.3333333333333333,0.0,0.16666666666666666,0.0
2023,10,중구,광복동,1.0,0.0,0.0,0.0,0.0,0.0
2023,10,중구,남포동,1.0,0.0,0.0,0.0,0.35,0.0
2023,10,중구,대창동,0.0,0.0,1.0,0.0,0.0,0.0
2023,10,중구,대청동,1.0,0.0,0.0,0.0,0.0,0.0
2023,10,중구,동광동,1.0,0.0,0.0,0.0,0.0,0.5
2023,10,중구,보수동,0.6666666666666666,0.0,0.3333333333333333,0.0,0.2222222222222222,0.0
2023,10,중구,부평동,0.8636363636363636,0.0,0.13636363636363635,0.0,0.2727272727272727,0.045454545454545456
2023,10,중구,신창동,1.0,0.0,0.0,0.0,0.5,0.0
2023,10,중구,영주동,1.0,0.0,0.0,0.0,0.6,0.2
2023,10,중구,중앙동,0.8888888888888888,0.0,0.1111111111111111,0.0,0.2222222222222222,0.1111111111111111
2023,10,중구,창선동,1.0,0.0,0.0,0.0,0.0,0.0
2023,10,해운대구,반송동,0.5714285714285714,0.14285714285714285,0.2857142857142857,0.0,0.21428571428571427,0.07142857142857142
2023,10,해운대구,반여동,0.6976744186046512,0.11627906976744186,0.18604651162790697,0.0,0.23255813953488372,0.0
2023,10,해운대구,석대동,0.3333333333333333,0.6666666666666666,0.0,0.0,1.0,0.0
2023,10,해운대구,송정동,0.5714285714285714,0.07142857142857142,0.35714285714285715,0.0,0.21428571428571427,0.0
2023,10,해운대구,우동,0.7640449438202247,0.0898876404494382,0.14606741573033707,0.0,0.2808988764044944,0.033707865168539325
2023,10,해운대구,재송동,0.9487179487179487,0.02564102564102564,0.0,0.02564102564102564,0.5897435897435898,0.0
2023,10,해운대구,좌동,0.6862745098039216,0.09803921568627451,0.21568627450980393,0.0,0.23529411764705882,0.0784313725490196
2023,10,해운대구,중동,0.851063829787234,0.02127659574468085,0.1276595744680851,0.0,0.2553191489361702,0.0
2024,5,강서구,강동동,0.5,0.25,0.25,0.0,0.5833333333333334,0.0
2024,5,강서구,구랑동,0.25,0.75,0.0,0.0,1.0,0.0
2024,5,강서구,녹산동,0.75,0.0,0.25,0.0,0.25,0.0
2024,5,강서구,눌차동,0.5,0.0,0.5,0.0,0.0,0.0
2024,5,강서구,대저1동,0.4166666666666667,0.4583333333333333,0.125,0.0,0.625,0.0
2024,5,강서구,대저2동,0.8461538461538461,0.15384615384615385,0.0,0.0,0.5384615384615384,0.0
2024,5,강서구,대항동,1.0,0.0,0.0,0.0,0.0,0.0
2024,5,강서구,동선동,0.5,0.0,0.5,0.0,0.0,0.0
2024,5,강서구,명지동,0.9347826086956522,0.06521739130434782,0.0,0.0,0.5,0.021739130434782608
2024,5,강서구,미음동,0.5,0.5,0.0,0.0,1.0,0.0
2024,5,강서구,범방동,0.8,0.2,0.0,0.0,0.6,0.0
2024,5,강서구,봉림동,0.25,0.75,0.0,0.0,0.75,0.0
2024,5,강서구,생곡동,1.0,0.0,0.0,0.0,0.5,0.0
2024,5,강서구,성북동,1.0,0.0,0.0,0.0,0.4,0.0
2024,5,강서구,송정동,0.5909090909090909,0.18181818181818182,0.22727272727272727,0.0,0.2727272727272727,0.045454545454545456
2024,5,강서구,식만동,1.0,0.0,0.0,0.0,1.0,0.0
2024,5,강서구,신호동,0.4,0.06666666666666667,0.5333333333333333,0.0,0.4,0.0
2024,5,강서구,죽동동,0.5,0.5,0.0,0.0,0.875,0.0
2024,5,강서구,죽림동,1.0,0.0,0.0,0.0,0.0,0.0
2024,5,강서구,지사동,0.3125,0.0625,0.625,0.0,0.0625,0.0
2024,5,강서구,천성동,1.0,0.0,0.0,0.0,1.0,0.0
2024,5,강서구,화전동,0.0,0.75,0.25,0.0,0.0,0.0
2024,5,금정구,구서동,0.7647058823529411,0.11764705882352941,0.11764705882352941,0.0,0.35294117647058826,0.11764705882352941
2024,5,금정구,금사동,0.5,0.5,0.0,0.0,1.0,0.0
2024,5,금정구,금성동,0.75,0.25,0.0,0.0,0.0,0.0
2024,5,금정구,남산동,0.7647058823529411,0.058823529411764705,0.17647058823529413,0.0,0.11764705882352941,0.0
2024,5,금정구,노포동,0.6,0.4,0.0,0.0,0.7,0.0
2024,5,금정구,두구동,1.0,0.0,0.0,0.0,0.25,0.0
2024,5,금정구,부곡동,0.6136363636363636,0.1590909090909091,0.22727272727272727,0.0,0.25,0.045454545454545456
2024,5,금정구,서동,0.8846153846153846,0.07692307692307693,0.038461538461538464,0.0,0.23076923076923078,0.0
2024,5,금정구,선동,1.0,0.0,0.0,0.0,0.3333333333333333,0.0
2024,5,금정구,오륜동,0.5,0.5,0.0,0.0,0.6666666666666666,0.0
2024,5,금정구,장전동,0.8,0.12,0.08,0.0,0.32,0.04
2024,5,금정구,청룡동,0.42857142857142855,0.5714285714285714,0.0,0.0,0.0,0.14285714285714285
2024,5,금정구,회동동,0.36363636363636365,0.18181818181818182,0.45454545454545453,0.0,0.36363636363636365,0.0
2024,5,기장군,기장읍,0.9166666666666666,0.08333333333333333,0.0,0.0,0.4375,0.0
2024,5,기장군,일광읍,0.4074074074074074,0.37037037037037035,0.2222222222222222,0.0,0.2962962962962963,0.0
2024,5,기장군,장안읍,0.3157894736842105,0.5789473684210527,0.10526315789473684,0.0,0.631578947368421,0.0
2024,5,기장군,정관읍,0.7142857142857143,0.08928571428571429,0.19642857142857142,0.0,0.35714285714285715,0.03571428571428571
2024,5,기장군,철마면,0.5,0.375,0.125,0.0,0.375,0.0
2024,5,남구,감만동,0.6666666666666666,0.0,0.3333333333333333,0.0,0.13333333333333333,0.0
2024,5,남구,대연동,0.7070707070707071,0.15151515151515152,0.1414141414141414,0.0,0.36363636363636365,0.020202020202020204
2024,5,남구,문현동,0.7272727272727273,0.2727272727272727,0.0,0.0,0.36363636363636365,0.0
2024,5,남구,용당동,0.3125,0.0625,0.625,0.0,0.0625,0.0
2024,5,남구,용호동,0.8529411764705882,0.14705882352941177,0.0,0.0,0.23529411764705882,0.029411764705882353
2024,5,남구,우암동,0.875,0.125,0.0,0.0,0.25,0.0
2024,5,동구,범일동,0.6571428571428571,0.08571428571428572,0.2571428571428571,0.0,0.34285714285714286,0.0
2024,5,동구,수정동,0.65625,0.09375,0.25,0.0,0.125,0.03125
2024,5,동구,좌천동,0.45454545454545453,0.0,0.5454545454545454,0.0,0.09090909090909091,0.0
2024,5,동구,초량동,0.7906976744186046,0.09302325581395349,0.11627906976744186,0.0,0.2558139534883721,0.023255813953488372
2024,5,동래구,낙민동,0.9285714285714286,0.07142857142857142,0.0,0.0,0.2857142857142857,0.0
2024,5,동래구,명륜동,0.9583333333333334,0.041666666666666664,0.0,0.0,0.4166666666666667,0.0
2024,5,동래구,명장동,0.6071428571428571,0.07142857142857142,0.32142857142857145,0.0,0.25,0.07142857142857142
2024,5,동래구,복천동,1.0,0.0,0.0,0.0,1.0,0.0
2024,5,동래구,사직동,0.8,0.05714285714285714,0.11428571428571428,0.02857142857142857,0.2857142857142857,0.02857142857142857
2024,5,동래구,수안동,0.5217391304347826,0.0,0.4782608695652174,0.0,0.2608695652173913,0.0
2024,5,동래구,안락동,0.8148148148148148,0.14814814814814814,0.037037037037037035,0.0,0.25925925925925924,0.0
2024,5,동래구,온천동,0.9090909090909091,0.05454545454545454,0.03636363636363636,0.0,0.21818181818181817,0.07272727272727272
2024,5,동래구,칠산동,1.0,0.0,0.0,0.0,0.0,0.0
2024,5,부산진구,가야동,0.7692307692307693,0.07692307692307693,0.15384615384615385,0.0,0.2692307692307692,0.0
2024,5,부산진구,개금동,0.8846153846153846,0.038461538461538464,0.07692307692307693,0.0,0.34615384615384615,0.038461538461538464
2024,5,부산진구,당감동,0.8222222222222222,0.06666666666666667,0.1111111111111111,0.0,0.4222222222222222,0.044444444444444446
2024,5,부산진구,범전동,1.0,0.0,0.0,0.0,0.5,0.0
2024,5,부산진구,범천동,0.8421052631578947,0.10526315789473684,0.05263157894736842,0.0,0.34210526315789475,0.0
2024,5,부산진구,부암동,0.5806451612903226,0.16129032258064516,0.25806451612903225,0.0,0.25806451612903225,0.0
2024,5,부산진구,부전동,0.9404761904761905,0.023809523809523808,0.03571428571428571,0.0,0.23809523809523808,0.0
2024,5,부산진구,양정동,0.725,0.025,0.25,0.0,0.35,0.0
2024,5,부산진구,연지동,1.0,0.0,0.0,0.0,0.2857142857142857,0.0
2024,5,부산진구,전포동,0.7708333333333334,0.08333333333333333,0.125,0.020833333333333332,0.25,0.0
2024,5,부산진구,초읍동,0.84,0.12,0.04,0.0,0.16,0.0
2024,5,북구,구포동,0.7647058823529411,0.1568627450980392,0.0784313725490196,0.0,0.29411764705882354,0.0392156862745098
2024,5,북구,금곡동,0.7894736842105263,0.15789473684210525,0.05263157894736842,0.0,0.10526315789473684,0.05263157894736842
2024,5,북구,덕천동,0.64,0.12,0.24,0.0,0.2,0.02
2024,5,북구,만덕동,0.7647058823529411,0.17647058823529413,0.029411764705882353,0.029411764705882353,0.4117647058823529,0.029411764705882353
2024,5,북구,화명동,0.6222222222222222,0.24444444444444444,0.13333333333333333,0.0,0.3111111111111111,0.0
2024,5,사상구,감전동,0.4827586206896552,0.27586206896551724,0.2413793103448276,0.0,0.3448275862068966,0.0
2024,5,사상구,괘법동,0.9090909090909091,0.045454545454545456,0.045454545454545456,0.0,0.5,0.045454545454545456
2024,5,사상구,덕포동,0.9375,0.0625,0.0,0.0,0.3125,0.0
2024,5,사상구,모라동,0.7666666666666667,0.13333333333333333,0.1,0.0,0.2,0.06666666666666667
2024,5,사상구,삼락동,0.37037037037037035,0.25925925925925924,0.37037037037037035,0.0,0.37037037037037035,0.0
2024,5,사상구,엄궁동,0.7368421052631579,0.15789473684210525,0.10526315789473684,0.0,0.42105263157894735,0.0
2024,5,사상구,주례동,0.6060606060606061,0.18181818181818182,0.21212121212121213,0.0,0.21212121212121213,0.0
2024,5,사상구,학장동,0.7619047619047619,0.14285714285714285,0.09523809523809523,0.0,0.47619047619047616,0.0
2024,5,사하구,감천동,0.4375,0.15625,0.40625,0.0,0.21875,0.0
2024,5,사하구,괴정동,0.7272727272727273,0.09090909090909091,0.18181818181818182,0.0,0.3333333333333333,0.0
2024,5,사하구,구평동,0.6666666666666666,0.2222222222222222,0.1111111111111111,0.0,0.4444444444444444,0.0
2024,5,사하구,다대동,0.88,0.04,0.08,0.0,0.16,0.02
2024,5,사하구,당리동,0.7272727272727273,0.22727272727272727,0.045454545454545456,0.0,0.36363636363636365,0.0
2024,5,사하구,신평동,0.6470588235294118,0.17647058823529413,0.17647058823529413,0.0,0.4411764705882353,0.0
2024,5,사하구,장림동,0.8518518518518519,0.037037037037037035,0.1111111111111111,0.0,0.25925925925925924,0.07407407407407407
2024,5,사하구,하단동,0.6530612244897959,0.08163265306122448,0.2653061224489796,0.0,0.3877551020408163,0.0
2024,5,서구,남부민동,0.5,0.0,0.5,0.0,0.21428571428571427,0.07142857142857142
2024,5,서구,동대신동,0.8125,0.125,0.0625,0.0,0.3125,0.0
2024,5,서구,부민동,0.1,0.0,0.9,0.0,0.1,0.0
2024,5,서구,부용동,1.0,0.0,0.0,0.0,1.0,0.0
2024,5,서구,서대신동,0.9,0.1,0.0,0.0,0.5,0.0
2024,5,서구,아미동,1.0,0.0,0.0,0.0,0.0,0.0
2024,5,서구,암남동,0.8235294117647058,0.11764705882352941,0.058823529411764705,0.0,0.11764705882352941,0.058823529411764705
2024,5,서구,초장동,1.0,0.0,0.0,0.0,0.0,0.5
2024,5,서구,충무동,0.75,0.125,0.125,0.0,0.25,0.0
2024,5,서구,토성동,0.8,0.0,0.2,0.0,0.2,0.0
2024,5,수영구,광안동,0.6811594202898551,0.21739130434782608,0.10144927536231885,0.0,0.2318840579710145,0.0
2024,5,수영구,남천동,0.7391304347826086,0.21739130434782608,0.043478260869565216,0.0,0.30434782608695654,0.0
2024,5,수영구,망미동,0.6818181818181818,0.09090909090909091,0.22727272727272727,0.0,0.2727272727272727,0.0
2024,5,수영구,민락동,0.7368421052631579,0.23684210526315788,0.02631578947368421,0.0,0.10526315789473684,0.02631578947368421
2024,5,수영구,수영동,1.0,0.0,0.0,0.0,0.21428571428571427,0.0
2024,5,연제구,거제동,0.8780487804878049,0.0975609756097561,0.024390243902439025,0.0,0.24390243902439024,0.04878048780487805
2024,5,연제구,연산동,0.5025906735751295,0.05181347150259067,0.43523316062176165,0.010362694300518135,0.17098445595854922,0.02072538860103627
2024,5,영도구,남항동,1.0,0.0,0.0,0.0,0.25,0.125
2024,5,영도구,대교동,0.625,0.375,0.0,0.0,0.375,0.0
2024,5,영도구,대평동,1.0,0.0,0.0,0.0,0.0,0.0
2024,5,영도구,동삼동,0.627906976744186,0.09302325581395349,0.27906976744186046,0.0,0.09302325581395349,0.06976744186046512
2024,5,영도구,봉래동,0.8571428571428571,0.14285714285714285,0.0,0.0,0.35714285714285715,0.0
2024,5,영도구,신선동,0.8333333333333334,0.0,0.16666666666666666,0.0,0.16666666666666666,0.0
2024,5,영도구,영선동,0.7692307692307693,0.0,0.15384615384615385,0.07692307692307693,0.15384615384615385,0.07692307692307693
2024,5,영도구,청학동,0.5769230769230769,0.07692307692307693,0.34615384615384615,0.0,0.19230769230769232,0.0
2024,5,중구,광복동,1.0,0.0,0.0,0.0,0.5,0.0
2024,5,중구,남포동,1.0,0.0,0.0,0.0,0.35294117647058826,0.0
2024,5,중구,대창동,1.0,0.0,0.0,0.0,1.0,0.0
2024,5,중구,대청동,1.0,0.0,0.0,0.0,0.2,0.0
2024,5,중구,동광동,1.0,0.0,0.0,0.0,0.6666666666666666,0.0
2024,5,중구,보수동,0.8888888888888888,0.1111111111111111,0.0,0.0,0.3333333333333333,0.1111111111111111
2024,5,중구,부평동,0.6363636363636364,0.09090909090909091,0.2727272727272727,0.0,0.18181818181818182,0.0
2024,5,중구,신창동,1.0,0.0,0.0,0.0,1.0,0.0
2024,5,중구,영주동,1.0,0.0,0.0,0.0,0.25,0.0
2024,5,중구,중앙동,0.625,0.0,0.375,0.0,0.25,0.0
2024,5,중구,창선동,1.0,0.0,0.0,0.0,0.25,0.0
2024,5,해운대구,반송동,0.8285714285714286,0.02857142857142857,0.14285714285714285,0.0,0.22857142857142856,0.0
2024,5,해운대구,반여동,0.7631578947368421,0.15789473684210525,0.07894736842105263,0.0,0.2894736842105263,0.05263157894736842
2024,5,해운대구,석대동,0.6,0.0,0.2,0.2,0.4,0.0
2024,5,해운대구,송정동,0.7,0.2,0.1,0.0,0.6,0.1
2024,5,해운대구,우동,0.7857142857142857,0.08571428571428572,0.12857142857142856,0.0,0.4,0.014285714285714285
2024,5,해운대구,재송동,0.8888888888888888,0.07407407407407407,0.037037037037037035,0.0,0.3333333333333333,0.037037037037037035
2024,5,해운대구,좌동,0.84,0.06,0.1,0.0,0.28,0.0
2024,5,해운대구,중동,0.6458333333333334,0.14583333333333334,0.20833333333333334,0.0,0.2708333333333333,0.0
2024,6,강서구,강동동,0.47058823529411764,0.11764705882352941,0.4117647058823529,0.0,0.35294117647058826,0.0
2024,6,강서구,구랑동,0.0,1.0,0.0,0.0,1.0,0.0
2024,6,강서구,녹산동,0.6666666666666666,0.2222222222222222,0.0,0.1111111111111111,0.4444444444444444,0.0
2024,6,강서구,눌차동,0.0,1.0,0.0,0.0,1.0,0.0
2024,6,강서구,대저1동,0.625,0.3125,0.0625,0.0,0.6875,0.0625
2024,6,강서구,대저2동,0.8095238095238095,0.19047619047619047,0.0,0.0,0.6190476190476191,0.0
2024,6,강서구,대항동,0.0,1.0,0.0,0.0,0.0,0.0
2024,6,강서구,동선동,0.5,0.5,0.0,0.0,0.5,0.0
2024,6,강서구,명지동,0.8043478260869565,0.17391304347826086,0.021739130434782608,0.0,0.4782608695652174,0.021739130434782608
2024,6,강서구,미음동,0.0,0.0,1.0,0.0,0.0,0.0
2024,6,강서구,범방동,0.0,1.0,0.0,0.0,1.0,0.0
2024,6,강서구,봉림동,0.8,0.2,0.0,0.0,1.0,0.0
2024,6,강서구,생곡동,0.4,0.4,0.2,0.0,0.4,0.0
2024,6,강서구,성북동,0.5,0.5,0.0,0.0,1.0,0.0
2024,6,강서구,송정동,0.2857142857142857,0.19047619047619047,0.5238095238095238,0.0,0.38095238095238093,0.0
2024,6,강서구,식만동,0.0,1.0,0.0,0.0,0.0,0.0
2024,6,강서구,신호동,0.3333333333333333,0.16666666666666666,0.5,0.0,0.16666666666666666,0.0
2024,6,강서구,죽동동,1.0,0.0,0.0,0.0,1.0,0.0
2024,6,강서구,죽림동,0.0,1.0,0.0,0.0,1.0,0.0
2024,6,강서구,지사동,0.16666666666666666,0.08333333333333333,0.75,0.0,0.16666666666666666,0.0
2024,6,강서구,천성동,0.6666666666666666,0.3333333333333333,0.0,0.0,0.6666666666666666,0.0
2024,6,강서구,화전동,0.75,0.0,0.0,0.0,0.0,0.0
2024,6,금정구,구서동,0.8181818181818182,0.13636363636363635,0.045454545454545456,0.0,0.4090909090909091,0.09090909090909091
2024,6,금정구,금사동,1.0,0.0,0.0,0.0,0.0,0.0
2024,6,금정구,금성동,0.6666666666666666,0.0,0.3333333333333333,0.0,0.3333333333333333,0.0
2024,6,금정구,남산동,0.8333333333333334,0.0,0.16666666666666666,0.0,0.3888888888888889,0.0
2024,6,금정구,노포동,0.75,0.25,0.0,0.0,0.625,0.0
2024,6,금정구,두구동,1.0,0.0,0.0,0.0,0.4,0.0
2024,6,금정구,부곡동,0.6571428571428571,0.02857142857142857,0.3142857142857143,0.0,0.22857142857142856,0.0
2024,6,금정구,서동,0.875,0.0625,0.0625,0.0,0.3125,0.0625
2024,6,금정구,선동,1.0,0.0,0.0,0.0,1.0,0.0
2024,6,금정구,오륜동,0.4,0.4,0.2,0.0,0.2,0.0
2024,6,금정구,장전동,0.9142857142857143,0.02857142857142857,0.05714285714285714,0.0,0.5142857142857142,0.0
2024,6,금정구,청룡동,0.7142857142857143,0.2857142857142857,0.0,0.0,0.0,0.14285714285714285
2024,6,금정구,회동동,0.23076923076923078,0.07692307692307693,0.6923076923076923,0.0,0.23076923076923078,0.0
2024,6,기장군,기장읍,0.819672131147541,0.04918032786885246,0.11475409836065574,0.01639344262295082,0.4426229508196721,0.0
2024,6,기장군,일광읍,0.6923076923076923,0.15384615384615385,0.15384615384615385,0.0,0.46153846153846156,0.0
2024,6,기장군,장안읍,0.48,0.36,0.16,0.0,0.44,0.0
2024,6,기장군,정관읍,0.8333333333333334,0.05555555555555555,0.1111111111111111,0.0,0.4166666666666667,0.05555555555555555
2024,6,기장군,철마면,0.7272727272727273,0.18181818181818182,0.09090909090909091,0.0,0.45454545454545453,0.0
2024,6,남구,감만동,0.75,0.08333333333333333,0.16666666666666666,0.0,0.4166666666666667,0.0
2024,6,남구,대연동,0.7906976744186046,0.046511627906976744,0.16279069767441862,0.0,0.37209302325581395,0.011627906976744186
2024,6,남구,문현동,0.9393939393939394,0.030303030303030304,0.030303030303030304,0.0,0.30303030303030304,0.030303030303030304
2024,6,남구,용당동,0.26666666666666666,0.0,0.7333333333333333,0.0,0.0,0.0
2024,6,남구,용호동,0.9428571428571428,0.05714285714285714,0.0,0.0,0.02857142857142857,0.05714285714285714
2024,6,남구,우암동,0.8333333333333334,0.16666666666666666,0.0,0.0,0.16666666666666666,0.0
2024,6,동구,범일동,0.6041666666666666,0.041666666666666664,0.3541666666666667,0.0,0.20833333333333334,0.020833333333333332
2024,6,동구,수정동,0.5625,0.0,0.4375,0.0,0.15625,0.0
2024,6,동구,좌천동,0.3888888888888889,0.05555555555555555,0.5555555555555556,0.0,0.16666666666666666,0.05555555555555555
2024,6,동구,초량동,0.9245283018867925,0.018867924528301886,0.05660377358490566,0.0,0.33962264150943394,0.07547169811320754
2024,6,동래구,낙민동,0.9,0.1,0.0,0.0,0.6,0.0
2024,6,동래구,명륜동,1.0,0.0,0.0,0.0,0.21428571428571427,0.0
2024,6,동래구,명장동,0.5882352941176471,0.058823529411764705,0.35294117647058826,0.0,0.17647058823529413,0.0
2024,6,동래구,복천동,1.0,0.0,0.0,0.0,0.4,0.2
2024,6,동래구,사직동,0.8275862068965517,0.034482758620689655,0.13793103448275862,0.0,0.3793103448275862,0.034482758620689655
2024,6,동래구,수안동,0.44,0.0,0.56,0.0,0.16,0.0
2024,6,동래구,안락동,0.9473684210526315,0.05263157894736842,0.0,0.0,0.3157894736842105,0.0
2024,6,동래구,온천동,0.8266666666666667,0.02666666666666667,0.14666666666666667,0.0,0.25333333333333335,0.013333333333333334
2024,6,동래구,칠산동,1.0,0.0,0.0,0.0,0.16666666666666666,0.0
2024,6,부산진구,가야동,0.6666666666666666,0.03333333333333333,0.3,0.0,0.3,0.0
2024,6,부산진구,개금동,0.9459459459459459,0.02702702702702703,0.02702702702702703,0.0,0.3783783783783784,0.02702702702702703
2024,6,부산진구,당감동,0.7272727272727273,0.09090909090909091,0.18181818181818182,0.0,0.36363636363636365,0.0
2024,6,부산진구,범전동,0.8,0.0,0.2,0.0,0.4,0.0
2024,6,부산진구,범천동,0.8571428571428571,0.0,0.14285714285714285,0.0,0.2857142857142857,0.05714285714285714
2024,6,부산진구,부암동,0.6666666666666666,0.06666666666666667,0.26666666666666666,0.0,0.3333333333333333,0.03333333333333333
2024,6,부산진구,부전동,0.9871794871794872,0.01282051282051282,0.0,0.0,0.38461538461538464,0.01282051282051282
2024,6,부산진구,양정동,0.5,0.0,0.5,0.0,0.2222222222222222,0.05555555555555555
2024,6,부산진구,연지동,1.0,0.0,0.0,0.0,0.25,0.0625
2024,6,부산진구,전포동,0.75,0.025,0.225,0.0,0.35,0.025
2024,6,부산진구,초읍동,0.7391304347826086,0.2608695652173913,0.0,0.0,0.17391304347826086,0.0
2024,6,북구,구포동,0.8478260869565217,0.043478260869565216,0.10869565217391304,0.0,0.34782608695652173,0.0
2024,6,북구,금곡동,0.8260869565217391,0.043478260869565216,0.13043478260869565,0.0,0.2608695652173913,0.08695652173913043
2024,6,북구,덕천동,0.6923076923076923,0.07692307692307693,0.23076923076923078,0.0,0.3076923076923077,0.038461538461538464
2024,6,북구,만덕동,0.8620689655172413,0.06896551724137931,0.06896551724137931,0.0,0.4827586206896552,0.10344827586206896
2024,6,북구,화명동,0.725,0.075,0.2,0.0,0.3,0.0
2024,6,사상구,감전동,0.6451612903225806,0.12903225806451613,0.22580645161290322,0.0,0.3548387096774194,0.0
2024,6,사상구,괘법동,0.9767441860465116,0.0,0.023255813953488372,0.0,0.23255813953488372,0.06976744186046512
2024,6,사상구,덕포동,0.9166666666666666,0.08333333333333333,0.0,0.0,0.5,0.0
2024,6,사상구,모라동,0.7692307692307693,0.07692307692307693,0.15384615384615385,0.0,0.3076923076923077,0.11538461538461539
2024,6,사상구,삼락동,0.4827586206896552,0.1724137931034483,0.3448275862068966,0.0,0.4482758620689655,0.0
2024,6,사상구,엄궁동,0.6666666666666666,0.3333333333333333,0.0,0.0,0.4444444444444444,0.0
2024,6,사상구,주례동,0.7142857142857143,0.02857142857142857,0.2571428571428571,0.0,0.3142857142857143,0.08571428571428572
2024,6,사상구,학장동,0.6666666666666666,0.07407407407407407,0.25925925925925924,0.0,0.3333333333333333,0.037037037037037035
2024,6,사하구,감천동,0.59375,0.09375,0.3125,0.0,0.21875,0.03125
2024,6,사하구,괴정동,0.7317073170731707,0.0,0.2682926829268293,0.0,0.12195121951219512,0.07317073170731707
2024,6,사하구,구평동,0.5714285714285714,0.42857142857142855,0.0,0.0,0.5714285714285714,0.0
2024,6,사하구,다대동,0.7391304347826086,0.06521739130434782,0.1956521739130435,0.0,0.08695652173913043,0.043478260869565216
2024,6,사하구,당리동,1.0,0.0,0.0,0.0,0.36363636363636365,0.18181818181818182
2024,6,사하구,신평동,0.7105263157894737,0.07894736842105263,0.21052631578947367,0.0,0.39473684210526316,0.02631578947368421
2024,6,사하구,장림동,0.92,0.08,0.0,0.0,0.4,0.08
2024,6,사하구,하단동,0.7894736842105263,0.14035087719298245,0.07017543859649122,0.0,0.5087719298245614,0.017543859649122806
2024,6,서구,남부민동,0.5714285714285714,0.09523809523809523,0.3333333333333333,0.0,0.09523809523809523,0.047619047619047616
2024,6,서구,동대신동,0.9,0.0,0.1,0.0,0.3,0.0
2024,6,서구,부민동,0.4444444444444444,0.0,0.5555555555555556,0.0,0.0,0.0
2024,6,서구,부용동,1.0,0.0,0.0,0.0,1.0,0.0
2024,6,서구,서대신동,0.7083333333333334,0.20833333333333334,0.08333333333333333,0.0,0.5,0.041666666666666664
2024,6,서구,아미동,0.75,0.0,0.25,0.0,0.0,0.0
2024,6,서구,암남동,0.782608695652174,0.17391304347826086,0.043478260869565216,0.0,0.17391304347826086,0.0
2024,6,서구,초장동,1.0,0.0,0.0,0.0,0.0,0.0
2024,6,서구,충무동,0.7142857142857143,0.14285714285714285,0.14285714285714285,0.0,0.14285714285714285,0.0
2024,6,서구,토성동,0.75,0.25,0.0,0.0,0.25,0.25
2024,6,수영구,광안동,0.7627118644067796,0.01694915254237288,0.22033898305084745,0.0,0.2542372881355932,0.01694915254237288
2024,6,수영구,남천동,0.9333333333333333,0.06666666666666667,0.0,0.0,0.4,0.0
2024,6,수영구,망미동,0.7096774193548387,0.0967741935483871,0.1935483870967742,0.0,0.2903225806451613,0.03225806451612903
2024,6,수영구,민락동,0.84,0.16,0.0,0.0,0.12,0.0
2024,6,수영구,수영동,0.8888888888888888,0.0,0.1111111111111111,0.0,0.3333333333333333,0.05555555555555555
2024,6,연제구,거제동,0.9230769230769231,0.02564102564102564,0.05128205128205128,0.0,0.28205128205128205,0.1282051282051282
2024,6,연제구,연산동,0.4941860465116279,0.023255813953488372,0.48255813953488375,0.0,0.14534883720930233,0.029069767441860465
2024,6,영도구,남항동,0.875,0.125,0.0,0.0,0.25,0.125
2024,6,영도구,대교동,1.0,0.0,0.0,0.0,0.3333333333333333,0.0
2024,6,영도구,대평동,1.0,0.0,0.0,0.0,0.0,0.0
2024,6,영도구,동삼동,0.7777777777777778,0.1111111111111111,0.1111111111111111,0.0,0.2222222222222222,0.022222222222222223
2024,6,영도구,봉래동,0.9090909090909091,0.0,0.09090909090909091,0.0,0.2727272727272727,0.09090909090909091
2024,6,영도구,신선동,1.0,0.0,0.0,0.0,0.0,0.0
2024,6,영도구,영선동,0.6666666666666666,0.0,0.3333333333333333,0.0,0.08333333333333333,0.16666666666666666
2024,6,영도구,청학동,0.6842105263157895,0.10526315789473684,0.21052631578947367,0.0,0.3157894736842105,0.0
2024,6,중구,광복동,1.0,0.0,0.0,0.0,0.0,0.0
2024,6,중구,남포동,0.5714285714285714,0.42857142857142855,0.0,0.0,0.5714285714285714,0.0
2024,6,중구,대창동,1.0,0.0,0.0,0.0,0.0,0.0
2024,6,중구,대청동,1.0,0.0,0.0,0.0,0.75,0.0
2024,6,중구,동광동,0.8,0.0,0.2,0.0,0.2,0.0
2024,6,중구,보수동,1.0,0.0,0.0,0.0,0.25,0.0
2024,6,중구,부평동,0.7307692307692307,0.0,0.2692307692307692,0.0,0.23076923076923078,0.0
2024,6,중구,신창동,1.0,0.0,0.0,0.0,1.0,0.0
2024,6,중구,영주동,1.0,0.0,0.0,0.0,0.5,0.0
2024,6,중구,중앙동,0.8823529411764706,0.058823529411764705,0.058823529411764705,0.0,0.47058823529411764,0.0
2024,6,중구,창선동,1.0,0.0,0.0,0.0,0.0,0.0
2024,6,해운대구,반송동,0.7647058823529411,0.0,0.23529411764705882,0.0,0.17647058823529413,0.058823529411764705
2024,6,해운대구,반여동,0.7872340425531915,0.06382978723404255,0.14893617021276595,0.0,0.3617021276595745,0.06382978723404255
2024,6,해운대구,석대동,0.3333333333333333,0.6666666666666666,0.0,0.0,1.0,0.0
2024,6,해운대구,송정동,0.5789473684210527,0.05263157894736842,0.3684210526315789,0.0,0.21052631578947367,0.0
2024,6,해운대구,우동,0.684931506849315,0.1506849315068493,0.1643835616438356,0.0,0.2876712328767123,0.0273972602739726
2024,6,해운대구,재송동,0.8214285714285714,0.14285714285714285,0.03571428571428571,0.0,0.39285714285714285,0.07142857142857142
2024,6,해운대구,좌동,0.7894736842105263,0.02631578947368421,0.18421052631578946,0.0,0.15789473684210525,0.02631578947368421
2024,6,해운대구,중동,0.6481481481481481,0.12962962962962962,0.2222222222222222,0.0,0.16666666666666666,0.018518518518518517
2024,7,강서구,강동동,0.29411764705882354,0.5882352941176471,0.11764705882352941,0.0,0.17647058823529413,0.0
2024,7,강서구,구랑동,0.5714285714285714,0.2857142857142857,0.14285714285714285,0.0,0.7142857142857143,0.0
2024,7,강서구,녹산동,0.25,0.75,0.0,0.0,0.75,0.0
2024,7,강서구,눌차동,0.0,1.0,0.0,0.0,0.0,0.0
2024,7,강서구,대저1동,0.5789473684210527,0.21052631578947367,0.21052631578947367,0.0,0.3684210526315789,0.0
2024,7,강서구,대저2동,0.7619047619047619,0.23809523809523808,0.0,0.0,0.8095238095238095,0.0
2024,7,강서구,대항동,0.5,0.5,0.0,0.0,0.0,0.0
2024,7,강서구,동선동,0.5,0.5,0.0,0.0,0.0,0.5
2024,7,강서구,명지동,0.8409090909090909,0.1590909090909091,0.0,0.0,0.5909090909090909,0.045454545454545456
2024,7,강서구,미음동,0.5,0.5,0.0,0.0,0.5,0.0
2024,7,강서구,범방동,1.0,0.0,0.0,0.0,1.0,0.0
2024,7,강서구,봉림동,0.375,0.625,0.0,0.0,0.75,0.0
2024,7,강서구,생곡동,0.6666666666666666,0.3333333333333333,0.0,0.0,1.0,0.0
2024,7,강서구,성북동,0.6666666666666666,0.3333333333333333,0.0,0.0,1.0,0.0
2024,7,강서구,송정동,0.44,0.28,0.28,0.0,0.56,0.0
2024,7,강서구,식만동,1.0,0.0,0.0,0.0,1.0,0.0
2024,7,강서구,신호동,0.6111111111111112,0.16666666666666666,0.2222222222222222,0.0,0.3333333333333333,0.0
2024,7,강서구,죽동동,0.5,0.0,0.5,0.0,0.0,0.0
2024,7,강서구,죽림동,0.0,1.0,0.0,0.0,0.0,0.0
2024,7,강서구,지사동,0.35294117647058826,0.11764705882352941,0.5294117647058824,0.0,0.17647058823529413,0.058823529411764705
2024,7,강서구,천성동,0.5,0.5,0.0,0.0,0.25,0.0
2024,7,강서구,화전동,0.5,0.0,0.5,0.0,0.0,0.0
2024,7,금정구,구서동,0.5454545454545454,0.13636363636363635,0.3181818181818182,0.0,0.36363636363636365,0.09090909090909091
2024,7,금정구,금사동,0.5833333333333334,0.25,0.16666666666666666,0.0,0.3333333333333333,0.08333333333333333
2024,7,금정구,금성동,0.1,0.5,0.4,0.0,0.0,0.0
2024,7,금정구,남산동,0.8095238095238095,0.0,0.19047619047619047,0.0,0.2857142857142857,0.047619047619047616
2024,7,금정구,노포동,0.6666666666666666,0.16666666666666666,0.0,0.16666666666666666,0.16666666666666666,0.0
2024,7,금정구,두구동,1.0,0.0,0.0,0.0,0.8,0.0
2024,7,금정구,부곡동,0.6739130434782609,0.13043478260869565,0.1956521739130435,0.0,0.30434782608695654,0.06521739130434782
2024,7,금정구,서동,0.8888888888888888,0.05555555555555555,0.05555555555555555,0.0,0.16666666666666666,0.1111111111111111
2024,7,금정구,선동,0.0,1.0,0.0,0.0,0.5,0.0
2024,7,금정구,오륜동,0.25,0.75,0.0,0.0,0.5,0.0
2024,7,금정구,장전동,0.8,0.16666666666666666,0.03333333333333333,0.0,0.23333333333333334,0.16666666666666666
2024,7,금정구,청룡동,0.9230769230769231,0.07692307692307693,0.0,0.0,0.23076923076923078,0.23076923076923078
2024,7,금정구,회동동,0.21428571428571427,0.07142857142857142,0.7142857142857143,0.0,0.07142857142857142,0.0
2024,7,기장군,기장읍,0.65,0.31666666666666665,0.03333333333333333,0.0,0.4,0.03333333333333333
2024,7,기장군,일광읍,0.38235294117647056,0.4411764705882353,0.17647058823529413,0.0,0.20588235294117646,0.058823529411764705
2024,7,기장군,장안읍,0.53125,0.28125,0.15625,0.03125,0.3125,0.125
2024,7,기장군,정관읍,0.7358490566037735,0.11320754716981132,0.1509433962264151,0.0,0.2641509433962264,0.05660377358490566
2024,7,기장군,철마면,0.6428571428571429,0.2857142857142857,0.07142857142857142,0.0,0.42857142857142855,0.0
2024,7,남구,감만동,0.6818181818181818,0.13636363636363635,0.18181818181818182,0.0,0.2727272727272727,0.045454545454545456
2024,7,남구,대연동,0.6440677966101694,0.17796610169491525,0.17796610169491525,0.0,0.3220338983050847,0.05084745762711865
2024,7,남구,문현동,0.7804878048780488,0.14634146341463414,0.07317073170731707,0.0,0.43902439024390244,0.0
2024,7,남구,용당동,0.35294117647058826,0.11764705882352941,0.5294117647058824,0.0,0.23529411764705882,0.0
2024,7,남구,용호동,0.8269230769230769,0.1346153846153846,0.038461538461538464,0.0,0.21153846153846154,0.038461538461538464
2024,7,남구,우암동,0.7142857142857143,0.2857142857142857,0.0,0.0,0.0,0.14285714285714285
2024,7,동구,범일동,0.5128205128205128,0.41025641025641024,0.07692307692307693,0.0,0.2564102564102564,0.02564102564102564
2024,7,동구,수정동,0.5714285714285714,0.21428571428571427,0.21428571428571427,0.0,0.2857142857142857,0.03571428571428571
2024,7,동구,좌천동,0.5555555555555556,0.2777777777777778,0.16666666666666666,0.0,0.2222222222222222,0.05555555555555555
2024,7,동구,초량동,0.8070175438596491,0.14035087719298245,0.05263157894736842,0.0,0.24561403508771928,0.08771929824561403
2024,7,동래구,낙민동,0.7777777777777778,0.1111111111111111,0.1111111111111111,0.0,0.1111111111111111,0.3333333333333333
2024,7,동래구,명륜동,0.8,0.0,0.2,0.0,0.35,0.1
2024,7,동래구,명장동,0.55,0.0,0.45,0.0,0.15,0.0
2024,7,동래구,복천동,1.0,0.0,0.0,0.0,0.0,0.0
2024,7,동래구,사직동,0.6923076923076923,0.07692307692307693,0.23076923076923078,0.0,0.2692307692307692,0.0
2024,7,동래구,수안동,0.4583333333333333,0.125,0.4166666666666667,0.0,0.20833333333333334,0.0
2024,7,동래구,안락동,0.7777777777777778,0.18518518518518517,0.037037037037037035,0.0,0.25925925925925924,0.07407407407407407
2024,7,동래구,온천동,0.835820895522388,0.029850746268656716,0.13432835820895522,0.0,0.2537313432835821,0.029850746268656716
2024,7,동래구,칠산동,1.0,0.0,0.0,0.0,0.0,0.0
2024,7,부산진구,가야동,0.9615384615384616,0.0,0.038461538461538464,0.0,0.3076923076923077,0.038461538461538464
2024,7,부산진구,개금동,0.8181818181818182,0.12121212121212122,0.06060606060606061,0.0,0.3333333333333333,0.09090909090909091
2024,7,부산진구,당감동,0.7058823529411765,0.058823529411764705,0.23529411764705882,0.0,0.2647058823529412,0.029411764705882353
2024,7,부산진구,범전동,0.8571428571428571,0.0,0.14285714285714285,0.0,0.2857142857142857,0.14285714285714285
2024,7,부산진구,범천동,0.7441860465116279,0.23255813953488372,0.023255813953488372,0.0,0.20930232558139536,0.06976744186046512
2024,7,부산진구,부암동,0.6285714285714286,0.02857142857142857,0.34285714285714286,0.0,0.2,0.05714285714285714
2024,7,부산진구,부전동,0.8712871287128713,0.0891089108910891,0.039603960396039604,0.0,0.297029702970297,0.0297029702970297
2024,7,부산진구,양정동,0.4883720930232558,0.09302325581395349,0.4186046511627907,0.0,0.16279069767441862,0.09302325581395349
2024,7,부산진구,연지동,0.9090909090909091,0.09090909090909091,0.0,0.0,0.18181818181818182,0.0
2024,7,부산진구,전포동,0.7647058823529411,0.14705882352941177,0.08823529411764706,0.0,0.2647058823529412,0.029411764705882353
2024,7,부산진구,초읍동,0.5625,0.375,0.0625,0.0,0.125,0.0625
2024,7,북구,구포동,0.7704918032786885,0.13114754098360656,0.08196721311475409,0.01639344262295082,0.29508196721311475,0.08196721311475409
2024,7,북구,금곡동,0.76,0.04,0.2,0.0,0.28,0.08
2024,7,북구,덕천동,0.7192982456140351,0.12280701754385964,0.15789473684210525,0.0,0.21052631578947367,0.03508771929824561
2024,7,북구,만덕동,0.6333333333333333,0.16666666666666666,0.2,0.0,0.26666666666666666,0.03333333333333333
2024,7,북구,화명동,0.72,0.14,0.14,0.0,0.22,0.1
2024,7,사상구,감전동,0.6774193548387096,0.12903225806451613,0.1935483870967742,0.0,0.22580645161290322,0.06451612903225806
2024,7,사상구,괘법동,0.9,0.1,0.0,0.0,0.2,0.05
2024,7,사상구,덕포동,0.8518518518518519,0.1111111111111111,0.037037037037037035,0.0,0.5555555555555556,0.037037037037037035
2024,7,사상구,모라동,0.8,0.05714285714285714,0.14285714285714285,0.0,0.3142857142857143,0.02857142857142857
2024,7,사상구,삼락동,0.2916666666666667,0.0,0.7083333333333334,0.0,0.041666666666666664,0.0
2024,7,사상구,엄궁동,0.8333333333333334,0.16666666666666666,0.0,0.0,0.25,0.0
2024,7,사상구,주례동,0.49056603773584906,0.39622641509433965,0.11320754716981132,0.0,0.32075471698113206,0.03773584905660377
2024,7,사상구,학장동,0.22727272727272727,0.36363636363636365,0.4090909090909091,0.0,0.18181818181818182,0.045454545454545456
2024,7,사하구,감천동,0.7083333333333334,0.16666666666666666,0.125,0.0,0.16666666666666666,0.041666666666666664
2024,7,사하구,괴정동,0.7659574468085106,0.10638297872340426,0.1276595744680851,0.0,0.2127659574468085,0.02127659574468085
2024,7,사하구,구평동,0.14285714285714285,0.42857142857142855,0.42857142857142855,0.0,0.0,0.0
2024,7,사하구,다대동,0.574468085106383,0.2553191489361702,0.1702127659574468,0.0,0.19148936170212766,0.02127659574468085
2024,7,사하구,당리동,0.85,0.1,0.05,0.0,0.25,0.1
2024,7,사하구,신평동,0.5714285714285714,0.17142857142857143,0.2571428571428571,0.0,0.3142857142857143,0.02857142857142857
2024,7,사하구,장림동,0.6206896551724138,0.2413793103448276,0.13793103448275862,0.0,0.20689655172413793,0.0
2024,7,사하구,하단동,0.6470588235294118,0.11764705882352941,0.23529411764705882,0.0,0.2549019607843137,0.058823529411764705
2024,7,서구,남부민동,0.5,0.14285714285714285,0.35714285714285715,0.0,0.14285714285714285,0.0
2024,7,서구,동대신동,0.6842105263157895,0.3157894736842105,0.0,0.0,0.15789473684210525,0.10526315789473684
2024,7,서구,부민동,0.4,0.0,0.6,0.0,0.0,0.2
2024,7,서구,부용동,0.8333333333333334,0.0,0.0,0.0,0.0,0.0
2024,7,서구,서대신동,0.5652173913043478,0.43478260869565216,0.0,0.0,0.30434782608695654,0.043478260869565216
2024,7,서구,아미동,0.6666666666666666,0.3333333333333333,0.0,0.0,0.3333333333333333,0.0
2024,7,서구,암남동,0.7297297297297297,0.24324324324324326,0.02702702702702703,0.0,0.21621621621621623,0.0
2024,7,서구,초장동,0.75,0.25,0.0,0.0,0.5,0.0
2024,7,서구,충무동,0.75,0.25,0.0,0.0,0.125,0.0
2024,7,서구,토성동,0.75,0.25,0.0,0.0,0.375,0.0
2024,7,수영구,광안동,0.7283950617283951,0.12345679012345678,0.14814814814814814,0.0,0.2962962962962963,0.08641975308641975
2024,7,수영구,남천동,0.7777777777777778,0.18518518518518517,0.037037037037037035,0.0,0.25925925925925924,0.07407407407407407
2024,7,수영구,망미동,0.5384615384615384,0.28205128205128205,0.1794871794871795,0.0,0.20512820512820512,0.05128205128205128
2024,7,수영구,민락동,0.8461538461538461,0.11538461538461539,0.038461538461538464,0.0,0.23076923076923078,0.038461538461538464
2024,7,수영구,수영동,0.8095238095238095,0.19047619047619047,0.0,0.0,0.2857142857142857,0.0
2024,7,연제구,거제동,0.875,0.1,0.025,0.0,0.325,0.025
2024,7,연제구,연산동,0.4188034188034188,0.0811965811965812,0.5,0.0,0.14957264957264957,0.03418803418803419
2024,7,영도구,남항동,0.7272727272727273,0.18181818181818182,0.09090909090909091,0.0,0.6363636363636364,0.0
2024,7,영도구,대교동,1.0,0.0,0.0,0.0,0.5,0.0
2024,7,영도구,대평동,1.0,0.0,0.0,0.0,0.0,0.0
2024,7,영도구,동삼동,0.46,0.3,0.24,0.0,0.12,0.04
2024,7,영도구,봉래동,0.7272727272727273,0.18181818181818182,0.09090909090909091,0.0,0.36363636363636365,0.0
2024,7,영도구,신선동,0.0,1.0,0.0,0.0,0.0,0.0
2024,7,영도구,영선동,0.5833333333333334,0.16666666666666666,0.25,0.0,0.25,0.16666666666666666
2024,7,영도구,청학동,0.5714285714285714,0.2857142857142857,0.14285714285714285,0.0,0.14285714285714285,0.02857142857142857
2024,7,중구,광복동,0.0,1.0,0.0,0.0,0.0,0.0
2024,7,중구,남포동,0.7647058823529411,0.23529411764705882,0.0,0.0,0.47058823529411764,0.0
2024,7,중구,대창동,0.75,0.25,0.0,0.0,0.25,0.75
2024,7,중구,대청동,1.0,0.0,0.0,0.0,0.0,0.3333333333333333
2024,7,중구,동광동,1.0,0.0,0.0,0.0,0.2,0.0
2024,7,중구,보수동,0.7142857142857143,0.14285714285714285,0.14285714285714285,0.0,0.2857142857142857,0.0
2024,7,중구,부평동,0.6785714285714286,0.03571428571428571,0.2857142857142857,0.0,0.03571428571428571,0.07142857142857142
2024,7,중구,신창동,0.5,0.5,0.0,0.0,0.5,0.0
2024,7,중구,영주동,0.9166666666666666,0.08333333333333333,0.0,0.0,0.16666666666666666,0.08333333333333333
2024,7,중구,중앙동,0.65,0.15,0.2,0.0,0.4,0.05
2024,7,중구,창선동,1.0,0.0,0.0,0.0,0.0,0.0
2024,7,해운대구,반송동,0.6590909090909091,0.18181818181818182,0.1590909090909091,0.0,0.11363636363636363,0.06818181818181818
2024,7,해운대구,반여동,0.6458333333333334,0.14583333333333334,0.20833333333333334,0.0,0.16666666666666666,0.041666666666666664
2024,7,해운대구,석대동,0.42857142857142855,0.5714285714285714,0.0,0.0,0.5714285714285714,0.0
2024,7,해운대구,송정동,0.35714285714285715,0.21428571428571427,0.42857142857142855,0.0,0.07142857142857142,0.07142857142857142
2024,7,해운대구,우동,0.6057692307692307,0.2403846153846154,0.15384615384615385,0.0,0.2692307692307692,0.04807692307692308
2024,7,해운대구,재송동,0.75,0.225,0.025,0.0,0.35,0.075
2024,7,해운대구,좌동,0.8181818181818182,0.05454545454545454,0.12727272727272726,0.0,0.23636363636363636,0.05454545454545454
2024,7,해운대구,중동,0.6,0.16363636363636364,0.23636363636363636,0.0,0.18181818181818182,0.01818181818181818
2024,8,강서구,강동동,0.4230769230769231,0.23076923076923078,0.34615384615384615,0.0,0.34615384615384615,0.0
2024,8,강서구,구랑동,0.75,0.25,0.0,0.0,1.0,0.0
2024,8,강서구,녹산동,0.8,0.0,0.2,0.0,0.2,0.0
2024,8,강서구,눌차동,0.3333333333333333,0.3333333333333333,0.3333333333333333,0.0,0.0,0.0
2024,8,강서구,대저1동,0.4074074074074074,0.4444444444444444,0.14814814814814814,0.0,0.4074074074074074,0.037037037037037035
2024,8,강서구,대저2동,0.631578947368421,0.3157894736842105,0.05263157894736842,0.0,0.3684210526315789,0.0
2024,8,강서구,대항동,0.8,0.0,0.2,0.0,0.0,0.0
2024,8,강서구,동선동,0.5,0.0,0.5,0.0,0.0,0.0
2024,8,강서구,명지동,0.7916666666666666,0.16666666666666666,0.041666666666666664,0.0,0.3958333333333333,0.041666666666666664
2024,8,강서구,미음동,0.0,1.0,0.0,0.0,1.0,0.0
2024,8,강서구,범방동,0.0,1.0,0.0,0.0,0.3333333333333333,0.0
2024,8,강서구,봉림동,0.4444444444444444,0.2222222222222222,0.3333333333333333,0.0,0.3333333333333333,0.0
2024,8,강서구,생곡동,0.5,0.5,0.0,0.0,0.0,0.0
2024,8,강서구,성북동,0.3333333333333333,0.6666666666666666,0.0,0.0,0.8333333333333334,0.0
2024,8,강서구,송정동,0.36666666666666664,0.3333333333333333,0.3,0.0,0.4,0.0
2024,8,강서구,식만동,0.0,1.0,0.0,0.0,1.0,0.0
2024,8,강서구,신호동,0.5,0.1111111111111111,0.3888888888888889,0.0,0.05555555555555555,0.0
2024,8,강서구,죽동동,1.0,0.0,0.0,0.0,1.0,0.0
2024,8,강서구,죽림동,0.6666666666666666,0.3333333333333333,0.0,0.0,0.6666666666666666,0.0
2024,8,강서구,지사동,0.16666666666666666,0.1111111111111111,0.7222222222222222,0.0,0.1111111111111111,0.05555555555555555
2024,8,강서구,천성동,0.5,0.5,0.0,0.0,0.0,0.0
2024,8,강서구,화전동,0.5,0.5,0.0,0.0,0.5,0.0
2024,8,금정구,구서동,0.4772727272727273,0.20454545454545456,0.3181818181818182,0.0,0.18181818181818182,0.06818181818181818
2024,8,금정구,금사동,0.6923076923076923,0.15384615384615385,0.15384615384615385,0.0,0.38461538461538464,0.0
2024,8,금정구,금성동,0.125,0.25,0.625,0.0,0.0,0.0
2024,8,금정구,남산동,0.7777777777777778,0.05555555555555555,0.16666666666666666,0.0,0.16666666666666666,0.0
2024,8,금정구,노포동,0.4,0.6,0.0,0.0,0.8,0.0
2024,8,금정구,두구동,0.8333333333333334,0.0,0.16666666666666666,0.0,0.16666666666666666,0.16666666666666666
2024,8,금정구,부곡동,0.5208333333333334,0.10416666666666667,0.375,0.0,0.2708333333333333,0.020833333333333332
2024,8,금정구,서동,0.6086956521739131,0.13043478260869565,0.2608695652173913,0.0,0.17391304347826086,0.08695652173913043
2024,8,금정구,선동,1.0,0.0,0.0,0.0,0.0,0.0
2024,8,금정구,오륜동,0.3333333333333333,0.6666666666666666,0.0,0.0,1.0,0.0
2024,8,금정구,장전동,0.8571428571428571,0.11428571428571428,0.02857142857142857,0.0,0.2571428571428571,0.05714285714285714
2024,8,금정구,청룡동,1.0,0.0,0.0,0.0,0.16666666666666666,0.16666666666666666
2024,8,금정구,회동동,0.375,0.25,0.375,0.0,0.5,0.0
2024,8,기장군,기장읍,0.6794871794871795,0.15384615384615385,0.16666666666666666,0.0,0.2948717948717949,0.08974358974358974
2024,8,기장군,일광읍,0.34210526315789475,0.42105263157894735,0.23684210526315788,0.0,0.3157894736842105,0.0
2024,8,기장군,장안읍,0.43478260869565216,0.2608695652173913,0.30434782608695654,0.0,0.21739130434782608,0.0
2024,8,기장군,정관읍,0.6352941176470588,0.2,0.16470588235294117,0.0,0.2,0.08235294117647059
2024,8,기장군,철마면,0.47058823529411764,0.4117647058823529,0.11764705882352941,0.0,0.35294117647058826,0.058823529411764705
2024,8,남구,감만동,0.6875,0.125,0.1875,0.0,0.25,0.0
2024,8,남구,대연동,0.6956521739130435,0.11594202898550725,0.18840579710144928,0.0,0.34782608695652173,0.07246376811594203
2024,8,남구,문현동,0.8048780487804879,0.14634146341463414,0.04878048780487805,0.0,0.3902439024390244,0.12195121951219512
2024,8,남구,용당동,0.375,0.125,0.5,0.0,0.25,0.0
2024,8,남구,용호동,0.7666666666666667,0.18333333333333332,0.05,0.0,0.15,0.03333333333333333
2024,8,남구,우암동,0.75,0.25,0.0,0.0,0.0,0.0
2024,8,동구,범일동,0.5625,0.20833333333333334,0.22916666666666666,0.0,0.2708333333333333,0.020833333333333332
2024,8,동구,수정동,0.53125,0.0625,0.40625,0.0,0.125,0.0625
2024,8,동구,좌천동,0.5,0.2777777777777778,0.2222222222222222,0.0,0.2222222222222222,0.05555555555555555
2024,8,동구,초량동,0.7068965517241379,0.22413793103448276,0.06896551724137931,0.0,0.22413793103448276,0.034482758620689655
2024,8,동래구,낙민동,0.8,0.2,0.0,0.0,0.9,0.0
2024,8,동래구,명륜동,0.92,0.08,0.0,0.0,0.12,0.12
2024,8,동래구,명장동,0.4117647058823529,0.058823529411764705,0.5294117647058824,0.0,0.17647058823529413,0.0
2024,8,동래구,복천동,0.6666666666666666,0.3333333333333333,0.0,0.0,0.0,0.0
2024,8,동래구,사직동,0.6,0.17142857142857143,0.22857142857142856,0.0,0.2,0.0
2024,8,동래구,수안동,0.43478260869565216,0.0,0.5652173913043478,0.0,0.17391304347826086,0.0
2024,8,동래구,안락동,0.8048780487804879,0.14634146341463414,0.04878048780487805,0.0,0.2926829268292683,0.024390243902439025
2024,8,동래구,온천동,0.7297297297297297,0.16216216216216217,0.10810810810810811,0.0,0.24324324324324326,0.05405405405405406
2024,8,동래구,칠산동,0.75,0.25,0.0,0.0,0.0,0.25
2024,8,부산진구,가야동,0.6666666666666666,0.2222222222222222,0.1111111111111111,0.0,0.2962962962962963,0.037037037037037035
2024,8,부산진구,개금동,0.8529411764705882,0.14705882352941177,0.0,0.0,0.23529411764705882,0.11764705882352941
2024,8,부산진구,당감동,0.6666666666666666,0.09090909090909091,0.24242424242424243,0.0,0.30303030303030304,0.18181818181818182
2024,8,부산진구,범전동,1.0,0.0,0.0,0.0,0.0,0.0
2024,8,부산진구,범천동,0.8372093023255814,0.06976744186046512,0.09302325581395349,0.0,0.3488372093023256,0.13953488372093023
2024,8,부산진구,부암동,0.5555555555555556,0.1388888888888889,0.3055555555555556,0.0,0.25,0.027777777777777776
2024,8,부산진구,부전동,0.8073394495412844,0.14678899082568808,0.045871559633027525,0.0,0.22018348623853212,0.01834862385321101
2024,8,부산진구,양정동,0.45454545454545453,0.18181818181818182,0.36363636363636365,0.0,0.14545454545454545,0.03636363636363636
2024,8,부산진구,연지동,0.7777777777777778,0.0,0.2222222222222222,0.0,0.2222222222222222,0.2222222222222222
2024,8,부산진구,전포동,0.6111111111111112,0.14814814814814814,0.24074074074074073,0.0,0.37037037037037035,0.07407407407407407
2024,8,부산진구,초읍동,0.7222222222222222,0.2222222222222222,0.05555555555555555,0.0,0.5,0.0
2024,8,북구,구포동,0.631578947368421,0.15789473684210525,0.21052631578947367,0.0,0.12280701754385964,0.05263157894736842
2024,8,북구,금곡동,0.6666666666666666,0.12121212121212122,0.21212121212121213,0.0,0.12121212121212122,0.09090909090909091
2024,8,북구,덕천동,0.5625,0.25,0.1875,0.0,0.1875,0.0625
2024,8,북구,만덕동,0.52,0.4,0.08,0.0,0.16,0.08
2024,8,북구,화명동,0.6888888888888889,0.2,0.1111111111111111,0.0,0.24444444444444444,0.044444444444444446
2024,8,사상구,감전동,0.5405405405405406,0.1891891891891892,0.2702702702702703,0.0,0.32432432432432434,0.0
2024,8,사상구,괘법동,0.8,0.125,0.075,0.0,0.275,0.05
2024,8,사상구,덕포동,0.8125,0.0625,0.125,0.0,0.3125,0.0625
2024,8,사상구,모라동,0.9166666666666666,0.08333333333333333,0.0,0.0,0.3333333333333333,0.1388888888888889
2024,8,사상구,삼락동,0.41379310344827586,0.13793103448275862,0.4482758620689655,0.0,0.3103448275862069,0.0
2024,8,사상구,엄궁동,0.6666666666666666,0.2222222222222222,0.1111111111111111,0.0,0.16666666666666666,0.1111111111111111
2024,8,사상구,주례동,0.625,0.125,0.25,0.0,0.2916666666666667,0.0
2024,8,사상구,학장동,0.6666666666666666,0.037037037037037035,0.2962962962962963,0.0,0.2222222222222222,0.037037037037037035
2024,8,사하구,감천동,0.4166666666666667,0.2916666666666667,0.2916666666666667,0.0,0.125,0.0
2024,8,사하구,괴정동,0.6610169491525424,0.1864406779661017,0.15254237288135594,0.0,0.23728813559322035,0.01694915254237288
2024,8,사하구,구평동,0.5714285714285714,0.14285714285714285,0.2857142857142857,0.0,0.14285714285714285,0.0
2024,8,사하구,다대동,0.5254237288135594,0.23728813559322035,0.23728813559322035,0.0,0.0847457627118644,0.05084745762711865
2024,8,사하구,당리동,0.8125,0.125,0.0625,0.0,0.125,0.1875
2024,8,사하구,신평동,0.4423076923076923,0.2692307692307692,0.28846153846153844,0.0,0.19230769230769232,0.0
2024,8,사하구,장림동,0.8387096774193549,0.16129032258064516,0.0,0.0,0.2903225806451613,0.03225806451612903
2024,8,사하구,하단동,0.746031746031746,0.07936507936507936,0.1746031746031746,0.0,0.25396825396825395,0.1111111111111111
2024,8,서구,남부민동,0.3684210526315789,0.2631578947368421,0.3684210526315789,0.0,0.15789473684210525,0.10526315789473684
2024,8,서구,동대신동,0.7,0.3,0.0,0.0,0.45,0.0
2024,8,서구,부민동,0.3076923076923077,0.0,0.6923076923076923,0.0,0.0,0.07692307692307693
2024,8,서구,부용동,1.0,0.0,0.0,0.0,0.0,0.0
2024,8,서구,서대신동,0.6666666666666666,0.3333333333333333,0.0,0.0,0.23809523809523808,0.14285714285714285
2024,8,서구,아미동,1.0,0.0,0.0,0.0,0.0,0.14285714285714285
2024,8,서구,암남동,0.4444444444444444,0.5277777777777778,0.027777777777777776,0.0,0.25,0.027777777777777776
2024,8,서구,초장동,1.0,0.0,0.0,0.0,0.2,0.0
2024,8,서구,충무동,0.8888888888888888,0.1111111111111111,0.0,0.0,0.4444444444444444,0.0
2024,8,서구,토성동,0.875,0.125,0.0,0.0,0.125,0.125
2024,8,수영구,광안동,0.7272727272727273,0.15584415584415584,0.11688311688311688,0.0,0.3246753246753247,0.06493506493506493
2024,8,수영구,남천동,0.6153846153846154,0.23076923076923078,0.15384615384615385,0.0,0.23076923076923078,0.0
2024,8,수영구,망미동,0.8409090909090909,0.045454545454545456,0.11363636363636363,0.0,0.25,0.06818181818181818
2024,8,수영구,민락동,0.631578947368421,0.21052631578947367,0.15789473684210525,0.0,0.2894736842105263,0.02631578947368421
2024,8,수영구,수영동,0.8571428571428571,0.07142857142857142,0.07142857142857142,0.0,0.2857142857142857,0.14285714285714285
2024,8,연제구,거제동,0.8947368421052632,0.07894736842105263,0.02631578947368421,0.0,0.2894736842105263,0.07894736842105263
2024,8,연제구,연산동,0.4232558139534884,0.05581395348837209,0.5209302325581395,0.0,0.14418604651162792,0.03255813953488372
2024,8,영도구,남항동,1.0,0.0,0.0,0.0,0.0,0.0
2024,8,영도구,대교동,0.875,0.125,0.0,0.0,0.25,0.0
2024,8,영도구,대평동,1.0,0.0,0.0,0.0,0.0,0.0
2024,8,영도구,동삼동,0.6,0.2,0.2,0.0,0.09230769230769231,0.03076923076923077
2024,8,영도구,봉래동,0.5714285714285714,0.42857142857142855,0.0,0.0,0.07142857142857142,0.14285714285714285
2024,8,영도구,신선동,0.5714285714285714,0.42857142857142855,0.0,0.0,0.0,0.14285714285714285
2024,8,영도구,영선동,0.35,0.2,0.45,0.0,0.15,0.05
2024,8,영도구,청학동,0.41379310344827586,0.13793103448275862,0.4482758620689655,0.0,0.3103448275862069,0.0
2024,8,중구,광복동,0.6666666666666666,0.3333333333333333,0.0,0.0,0.0,0.0
2024,8,중구,남포동,0.7,0.2,0.1,0.0,0.1,0.0
2024,8,중구,대창동,0.5,0.0,0.5,0.0,0.0,0.0
2024,8,중구,대청동,1.0,0.0,0.0,0.0,0.2,0.0
2024,8,중구,동광동,0.6,0.4,0.0,0.0,0.2,0.2
2024,8,중구,보수동,0.5,0.0,0.5,0.0,0.125,0.0
2024,8,중구,부평동,0.6666666666666666,0.16666666666666666,0.16666666666666666,0.0,0.16666666666666666,0.0
2024,8,중구,신창동,0.4,0.0,0.25,0.0,0.0,0.0
2024,8,중구,영주동,0.5,0.5,0.0,0.0,0.0,0.0
2024,8,중구,중앙동,0.3684210526315789,0.42105263157894735,0.21052631578947367,0.0,0.21052631578947367,0.0
2024,8,중구,창선동,1.0,0.0,0.0,0.0,0.3333333333333333,0.0
2024,8,해운대구,반송동,0.625,0.125,0.25,0.0,0.125,0.03125
2024,8,해운대구,반여동,0.8043478260869565,0.08695652173913043,0.10869565217391304,0.0,0.2608695652173913,0.06521739130434782
2024,8,해운대구,석대동,0.8,0.2,0.0,0.0,0.6,0.0
2024,8,해운대구,송정동,0.4074074074074074,0.2222222222222222,0.37037037037037035,0.0,0.037037037037037035,0.037037037037037035
2024,8,해운대구,우동,0.7008547008547008,0.1623931623931624,0.13675213675213677,0.0,0.27350427350427353,0.03418803418803419
2024,8,해운대구,재송동,0.7575757575757576,0.21212121212121213,0.030303030303030304,0.0,0.30303030303030304,0.18181818181818182
2024,8,해운대구,좌동,0.8125,0.10416666666666667,0.08333333333333333,0.0,0.2708333333333333,0.16666666666666666
2024,8,해운대구,중동,0.5925925925925926,0.25925925925925924,0.14814814814814814,0.0,0.2037037037037037,0.018518518518518517
2024,9,강서구,강동동,0.4666666666666667,0.3333333333333333,0.2,0.0,0.5333333333333333,0.0
2024,9,강서구,구랑동,0.2,0.8,0.0,0.0,0.4,0.0
2024,9,강서구,녹산동,0.25,0.75,0.0,0.0,0.5,0.0
2024,9,강서구,눌차동,0.0,1.0,0.0,0.0,0.0,0.0
2024,9,강서구,대저1동,0.3225806451612903,0.41935483870967744,0.25806451612903225,0.0,0.3225806451612903,0.0
2024,9,강서구,대저2동,0.8461538461538461,0.15384615384615385,0.0,0.0,0.5384615384615384,0.0
2024,9,강서구,대항동,0.75,0.0,0.25,0.0,0.0,0.0
2024,9,강서구,동선동,0.0,1.0,0.0,0.0,0.0,0.0
2024,9,강서구,명지동,0.875,0.1,0.025,0.0,0.45,0.0
2024,9,강서구,미음동,0.0,1.0,0.0,0.0,1.0,0.0
2024,9,강서구,범방동,0.25,0.75,0.0,0.0,0.5,0.0
2024,9,강서구,봉림동,0.25,0.75,0.0,0.0,1.0,0.0
2024,9,강서구,생곡동,0.5,0.5,0.0,0.0,0.25,0.0
2024,9,강서구,성북동,1.0,0.0,0.0,0.0,0.5,0.0
2024,9,강서구,송정동,0.6666666666666666,0.13333333333333333,0.2,0.0,0.5333333333333333,0.0
2024,9,강서구,식만동,0.0,1.0,0.0,0.0,0.0,0.0
2024,9,강서구,신호동,0.2,0.3,0.5,0.0,0.4,0.0
2024,9,강서구,죽동동,1.0,0.0,0.0,0.0,1.0,0.0
2024,9,강서구,죽림동,0.5,0.5,0.0,0.0,1.0,0.0
2024,9,강서구,지사동,0.32,0.04,0.64,0.0,0.08,0.0
2024,9,강서구,천성동,0.3333333333333333,0.6666666666666666,0.0,0.0,0.3333333333333333,0.0
2024,9,강서구,화전동,1.0,0.0,0.0,0.0,0.0,0.0
2024,9,금정구,구서동,0.7058823529411765,0.20588235294117646,0.08823529411764706,0.0,0.2647058823529412,0.058823529411764705
2024,9,금정구,금사동,0.75,0.25,0.0,0.0,0.5,0.0
2024,9,금정구,금성동,0.14285714285714285,0.42857142857142855,0.42857142857142855,0.0,0.14285714285714285,0.0
2024,9,금정구,남산동,0.7083333333333334,0.125,0.16666666666666666,0.0,0.2916666666666667,0.0
2024,9,금정구,노포동,0.4444444444444444,0.5555555555555556,0.0,0.0,1.0,0.0
2024,9,금정구,두구동,0.3333333333333333,0.3333333333333333,0.3333333333333333,0.0,0.3333333333333333,0.0
2024,9,금정구,부곡동,0.4883720930232558,0.20930232558139536,0.3023255813953488,0.0,0.18604651162790697,0.023255813953488372
2024,9,금정구,서동,0.8666666666666667,0.13333333333333333,0.0,0.0,0.26666666666666666,0.0
2024,9,금정구,선동,0.6666666666666666,0.3333333333333333,0.0,0.0,0.6666666666666666,0.0
2024,9,금정구,오륜동,0.2,0.8,0.0,0.0,0.2,0.0
2024,9,금정구,장전동,0.78125,0.21875,0.0,0.0,0.1875,0.0
2024,9,금정구,청룡동,0.25,0.75,0.0,0.0,0.0,0.0
2024,9,금정구,회동동,0.0,0.45454545454545453,0.5454545454545454,0.0,0.18181818181818182,0.0
2024,9,기장군,기장읍,0.8214285714285714,0.125,0.017857142857142856,0.03571428571428571,0.35714285714285715,0.017857142857142856
2024,9,기장군,일광읍,0.47368421052631576,0.3157894736842105,0.21052631578947367,0.0,0.42105263157894735,0.05263157894736842
2024,9,기장군,장안읍,0.3076923076923077,0.4358974358974359,0.2564102564102564,0.0,0.41025641025641024,0.0
2024,9,기장군,정관읍,0.5614035087719298,0.3333333333333333,0.10526315789473684,0.0,0.3684210526315789,0.017543859649122806
2024,9,기장군,철마면,0.6923076923076923,0.23076923076923078,0.0,0.07692307692307693,0.3076923076923077,0.0
2024,9,남구,감만동,0.5333333333333333,0.13333333333333333,0.3333333333333333,0.0,0.3333333333333333,0.13333333333333333
2024,9,남구,대연동,0.7375,0.075,0.1875,0.0,0.325,0.0
2024,9,남구,문현동,0.8181818181818182,0.15151515151515152,0.030303030303030304,0.0,0.3333333333333333,0.0
2024,9,남구,용당동,0.3684210526315789,0.05263157894736842,0.5789473684210527,0.0,0.15789473684210525,0.0
2024,9,남구,용호동,0.8222222222222222,0.08888888888888889,0.08888888888888889,0.0,0.2,0.0
2024,9,남구,우암동,0.75,0.25,0.0,0.0,0.5,0.0
2024,9,동구,범일동,0.5555555555555556,0.05555555555555555,0.3888888888888889,0.0,0.2222222222222222,0.027777777777777776
2024,9,동구,수정동,0.6818181818181818,0.0,0.3181818181818182,0.0,0.3181818181818182,0.045454545454545456
2024,9,동구,좌천동,0.46153846153846156,0.23076923076923078,0.3076923076923077,0.0,0.46153846153846156,0.0
2024,9,동구,초량동,0.8333333333333334,0.08333333333333333,0.08333333333333333,0.0,0.21666666666666667,0.0
2024,9,동래구,낙민동,1.0,0.0,0.0,0.0,0.0,0.0
2024,9,동래구,명륜동,0.9333333333333333,0.06666666666666667,0.0,0.0,0.13333333333333333,0.0
2024,9,동래구,명장동,0.6521739130434783,0.0,0.34782608695652173,0.0,0.13043478260869565,0.0
2024,9,동래구,복천동,0.3333333333333333,0.6666666666666666,0.0,0.0,0.0,0.0
2024,9,동래구,사직동,0.7586206896551724,0.06896551724137931,0.1724137931034483,0.0,0.3103448275862069,0.034482758620689655
2024,9,동래구,수안동,0.4444444444444444,0.05555555555555555,0.5,0.0,0.2222222222222222,0.0
2024,9,동래구,안락동,0.8333333333333334,0.16666666666666666,0.0,0.0,0.4444444444444444,0.0
2024,9,동래구,온천동,0.7910447761194029,0.13432835820895522,0.07462686567164178,0.0,0.2537313432835821,0.04477611940298507
2024,9,동래구,칠산동,0.0,1.0,0.0,0.0,0.0,0.0
2024,9,부산진구,가야동,0.7666666666666667,0.06666666666666667,0.16666666666666666,0.0,0.26666666666666666,0.0
2024,9,부산진구,개금동,0.8571428571428571,0.11428571428571428,0.02857142857142857,0.0,0.42857142857142855,0.0
2024,9,부산진구,당감동,0.7105263157894737,0.07894736842105263,0.21052631578947367,0.0,0.18421052631578946,0.0
2024,9,부산진구,범전동,1.0,0.0,0.0,0.0,0.25,0.0
2024,9,부산진구,범천동,0.8571428571428571,0.05714285714285714,0.08571428571428572,0.0,0.4,0.0
2024,9,부산진구,부암동,0.6111111111111112,0.1111111111111111,0.2777777777777778,0.0,0.2222222222222222,0.0
2024,9,부산진구,부전동,0.90625,0.0625,0.03125,0.0,0.328125,0.0
2024,9,부산진구,양정동,0.6842105263157895,0.07894736842105263,0.23684210526315788,0.0,0.21052631578947367,0.02631578947368421
2024,9,부산진구,연지동,0.8,0.0,0.2,0.0,0.4,0.0
2024,9,부산진구,전포동,0.8717948717948718,0.02564102564102564,0.10256410256410256,0.0,0.358974358974359,0.0
2024,9,부산진구,초읍동,0.8333333333333334,0.16666666666666666,0.0,0.0,0.25,0.0
2024,9,북구,구포동,0.6949152542372882,0.22033898305084745,0.0847457627118644,0.0,0.288135593220339,0.0
2024,9,북구,금곡동,0.7931034482758621,0.1724137931034483,0.034482758620689655,0.0,0.1724137931034483,0.0
2024,9,북구,덕천동,0.6140350877192983,0.17543859649122806,0.21052631578947367,0.0,0.24561403508771928,0.017543859649122806
2024,9,북구,만덕동,0.7037037037037037,0.18518518518518517,0.1111111111111111,0.0,0.3333333333333333,0.0
2024,9,북구,화명동,0.8043478260869565,0.15217391304347827,0.043478260869565216,0.0,0.2391304347826087,0.0
2024,9,사상구,감전동,0.53125,0.21875,0.25,0.0,0.25,0.0
2024,9,사상구,괘법동,0.8260869565217391,0.13043478260869565,0.043478260869565216,0.0,0.34782608695652173,0.0
2024,9,사상구,덕포동,1.0,0.0,0.0,0.0,0.6363636363636364,0.0
2024,9,사상구,모라동,0.7647058823529411,0.17647058823529413,0.058823529411764705,0.0,0.35294117647058826,0.0
2024,9,사상구,삼락동,0.45454545454545453,0.18181818181818182,0.36363636363636365,0.0,0.2727272727272727,0.0
2024,9,사상구,엄궁동,0.9230769230769231,0.0,0.07692307692307693,0.0,0.38461538461538464,0.0
2024,9,사상구,주례동,0.6578947368421053,0.10526315789473684,0.23684210526315788,0.0,0.23684210526315788,0.02631578947368421
2024,9,사상구,학장동,0.72,0.2,0.08,0.0,0.48,0.0
2024,9,사하구,감천동,0.6,0.02857142857142857,0.37142857142857144,0.0,0.2571428571428571,0.0
2024,9,사하구,괴정동,0.8181818181818182,0.09090909090909091,0.09090909090909091,0.0,0.36363636363636365,0.06060606060606061
2024,9,사하구,구평동,0.875,0.125,0.0,0.0,0.875,0.0
2024,9,사하구,다대동,0.8333333333333334,0.1388888888888889,0.027777777777777776,0.0,0.19444444444444445,0.0
2024,9,사하구,당리동,0.75,0.125,0.125,0.0,0.375,0.0
2024,9,사하구,신평동,0.5882352941176471,0.17647058823529413,0.23529411764705882,0.0,0.47058823529411764,0.0
2024,9,사하구,장림동,0.7777777777777778,0.2222222222222222,0.0,0.0,0.4444444444444444,0.0
2024,9,사하구,하단동,0.6739130434782609,0.13043478260869565,0.1956521739130435,0.0,0.2391304347826087,0.0
2024,9,서구,남부민동,0.75,0.0,0.25,0.0,0.25,0.0
2024,9,서구,동대신동,0.8421052631578947,0.10526315789473684,0.05263157894736842,0.0,0.5263157894736842,0.0
2024,9,서구,부민동,0.25,0.0,0.75,0.0,0.0,0.0
2024,9,서구,부용동,0.5,0.5,0.0,0.0,0.5,0.0
2024,9,서구,서대신동,0.8333333333333334,0.16666666666666666,0.0,0.0,0.3333333333333333,0.0
2024,9,서구,아미동,0.75,0.25,0.0,0.0,0.375,0.0
2024,9,서구,암남동,0.9230769230769231,0.07692307692307693,0.0,0.0,0.46153846153846156,0.07692307692307693
2024,9,서구,초장동,1.0,0.0,0.0,0.0,0.0,0.0
2024,9,서구,충무동,1.0,0.0,0.0,0.0,0.0,0.0
2024,9,서구,토성동,1.0,0.0,0.0,0.0,0.25,0.0
2024,9,수영구,광안동,0.6461538461538462,0.2153846153846154,0.13846153846153847,0.0,0.26153846153846155,0.0
2024,9,수영구,남천동,0.7083333333333334,0.2916666666666667,0.0,0.0,0.25,0.0
2024,9,수영구,망미동,0.6551724137931034,0.13793103448275862,0.20689655172413793,0.0,0.1724137931034483,0.0
2024,9,수영구,민락동,0.78125,0.1875,0.03125,0.0,0.25,0.0
2024,9,수영구,수영동,0.875,0.125,0.0,0.0,0.25,0.0
2024,9,연제구,거제동,0.8181818181818182,0.18181818181818182,0.0,0.0,0.5454545454545454,0.030303030303030304
2024,9,연제구,연산동,0.4519230769230769,0.057692307692307696,0.49038461538461536,0.0,0.15384615384615385,0.009615384615384616
2024,9,영도구,남항동,0.7777777777777778,0.2222222222222222,0.0,0.0,0.3333333333333333,0.0
2024,9,영도구,대교동,0.875,0.125,0.0,0.0,0.375,0.0
2024,9,영도구,대평동,1.0,0.0,0.0,0.0,0.0,0.0
2024,9,영도구,동삼동,0.9,0.05,0.05,0.0,0.125,0.0
2024,9,영도구,봉래동,0.6923076923076923,0.23076923076923078,0.07692307692307693,0.0,0.23076923076923078,0.0
2024,9,영도구,신선동,1.0,0.0,0.0,0.0,0.0,0.0
2024,9,영도구,영선동,0.7368421052631579,0.05263157894736842,0.21052631578947367,0.0,0.3157894736842105,0.0
2024,9,영도구,청학동,0.21739130434782608,0.17391304347826086,0.6086956521739131,0.0,0.08695652173913043,0.0
2024,9,중구,광복동,1.0,0.0,0.0,0.0,1.0,0.0
2024,9,중구,남포동,0.9444444444444444,0.05555555555555555,0.0,0.0,0.2777777777777778,0.0
2024,9,중구,대창동,1.0,0.0,0.0,0.0,0.0,0.0
2024,9,중구,대청동,0.5,0.0,0.5,0.0,0.0,0.0
2024,9,중구,동광동,1.0,0.0,0.0,0.0,0.16666666666666666,0.0
2024,9,중구,보수동,0.8,0.0,0.2,0.0,0.0,0.0
2024,9,중구,부평동,0.7727272727272727,0.0,0.22727272727272727,0.0,0.3181818181818182,0.0
2024,9,중구,신창동,1.0,0.0,0.0,0.0,0.5,0.0
2024,9,중구,영주동,0.8333333333333334,0.0,0.16666666666666666,0.0,0.0,0.0
2024,9,중구,중앙동,0.6153846153846154,0.23076923076923078,0.15384615384615385,0.0,0.46153846153846156,0.0
2024,9,중구,창선동,0.0,0.0,0.3333333333333333,0.0,0.0,0.0
2024,9,해운대구,반송동,0.8125,0.0,0.1875,0.0,0.1875,0.0
2024,9,해운대구,반여동,0.8076923076923077,0.07692307692307693,0.11538461538461539,0.0,0.23076923076923078,0.019230769230769232
2024,9,해운대구,석대동,1.0,0.0,0.0,0.0,1.0,0.0
2024,9,해운대구,송정동,0.5185185185185185,0.2222222222222222,0.25925925925925924,0.0,0.25925925925925924,0.037037037037037035
2024,9,해운대구,우동,0.5925925925925926,0.2345679012345679,0.1728395061728395,0.0,0.2716049382716049,0.0
2024,9,해운대구,재송동,0.8205128205128205,0.15384615384615385,0.02564102564102564,0.0,0.41025641025641024,0.05128205128205128
2024,9,해운대구,좌동,0.7222222222222222,0.12962962962962962,0.14814814814814814,0.0,0.3148148148148148,0.0
2024,9,해운대구,중동,0.6341463414634146,0.2682926829268293,0.0975609756097561,0.0,0.3170731707317073,0.0
2024,10,강서구,강동동,0.47058823529411764,0.23529411764705882,0.29411764705882354,0.0,0.5294117647058824,0.0
2024,10,강서구,구랑동,0.0,1.0,0.0,0.0,1.0,0.0
2024,10,강서구,녹산동,0.5,0.5,0.0,0.0,0.5,0.0
2024,10,강서구,눌차동,0.0,0.0,0.0,0.0,0.0,0.0
2024,10,강서구,대저1동,0.7083333333333334,0.08333333333333333,0.20833333333333334,0.0,0.2916666666666667,0.0
2024,10,강서구,대저2동,0.8461538461538461,0.15384615384615385,0.0,0.0,0.6153846153846154,0.07692307692307693
2024,10,강서구,대항동,0.0,1.0,0.0,0.0,0.0,0.0
2024,10,강서구,동선동,0.5,0.0,0.5,0.0,0.0,0.0
2024,10,강서구,명지동,0.9166666666666666,0.08333333333333333,0.0,0.0,0.5,0.0
2024,10,강서구,미음동,0.75,0.25,0.0,0.0,0.5,0.0
2024,10,강서구,범방동,0.0,1.0,0.0,0.0,1.0,0.0
2024,10,강서구,봉림동,1.0,0.0,0.0,0.0,0.4,0.0
2024,10,강서구,생곡동,0.5,0.5,0.0,0.0,0.5,0.0
2024,10,강서구,성북동,0.5,0.0,0.5,0.0,0.0,0.0
2024,10,강서구,송정동,0.3076923076923077,0.23076923076923078,0.46153846153846156,0.0,0.46153846153846156,0.0
2024,10,강서구,식만동,1.0,0.0,0.0,0.0,1.0,0.0
2024,10,강서구,신호동,0.6666666666666666,0.08333333333333333,0.25,0.0,0.4166666666666667,0.0
2024,10,강서구,죽동동,0.6666666666666666,0.3333333333333333,0.0,0.0,0.3333333333333333,0.0
2024,10,강서구,죽림동,1.0,0.0,0.0,0.0,1.0,0.0
2024,10,강서구,지사동,0.4,0.0,0.6,0.0,0.13333333333333333,0.0
2024,10,강서구,천성동,1.0,0.0,0.0,0.0,1.0,0.0
2024,10,강서구,화전동,1.0,0.0,0.0,0.0,0.4,0.2
2024,10,금정구,구서동,0.625,0.041666666666666664,0.3333333333333333,0.0,0.4166666666666667,0.0
2024,10,금정구,금사동,0.6666666666666666,0.1111111111111111,0.2222222222222222,0.0,0.5555555555555556,0.0
2024,10,금정구,금성동,0.14285714285714285,0.42857142857142855,0.42857142857142855,0.0,0.0,0.0
2024,10,금정구,남산동,0.6666666666666666,0.06666666666666667,0.26666666666666666,0.0,0.06666666666666667,0.06666666666666667
2024,10,금정구,노포동,0.6666666666666666,0.3333333333333333,0.0,0.0,0.7777777777777778,0.0
2024,10,금정구,두구동,1.0,0.0,0.0,0.0,0.0,0.0
2024,10,금정구,부곡동,0.7073170731707317,0.0,0.2926829268292683,0.0,0.36585365853658536,0.024390243902439025
2024,10,금정구,서동,0.9444444444444444,0.05555555555555555,0.0,0.0,0.3333333333333333,0.0
2024,10,금정구,선동,0.6666666666666666,0.3333333333333333,0.0,0.0,0.0,0.0
2024,10,금정구,오륜동,0.0,1.0,0.0,0.0,1.0,0.0
2024,10,금정구,장전동,0.9655172413793104,0.0,0.034482758620689655,0.0,0.3448275862068966,0.0
2024,10,금정구,청룡동,0.375,0.625,0.0,0.0,0.0,0.0
2024,10,금정구,회동동,0.16666666666666666,0.16666666666666666,0.6666666666666666,0.0,0.16666666666666666,0.0
2024,10,기장군,기장읍,0.8,0.18181818181818182,0.01818181818181818,0.0,0.36363636363636365,0.0
2024,10,기장군,일광읍,0.6666666666666666,0.16666666666666666,0.16666666666666666,0.0,0.2777777777777778,0.0
2024,10,기장군,장안읍,0.4230769230769231,0.19230769230769232,0.38461538461538464,0.0,0.34615384615384615,0.0
2024,10,기장군,정관읍,0.7954545454545454,0.09090909090909091,0.11363636363636363,0.0,0.3409090909090909,0.06818181818181818
2024,10,기장군,철마면,0.5384615384615384,0.46153846153846156,0.0,0.0,0.7692307692307693,0.0
2024,10,남구,감만동,0.46153846153846156,0.15384615384615385,0.38461538461538464,0.0,0.3076923076923077,0.0
2024,10,남구,대연동,0.7228915662650602,0.07228915662650602,0.20481927710843373,0.0,0.3132530120481928,0.0
2024,10,남구,문현동,1.0,0.0,0.0,0.0,0.4166666666666667,0.0
2024,10,남구,용당동,0.5,0.0,0.5,0.0,0.14285714285714285,0.0
2024,10,남구,용호동,0.8717948717948718,0.1282051282051282,0.0,0.0,0.2564102564102564,0.0
2024,10,남구,우암동,0.875,0.0,0.125,0.0,0.5,0.125
2024,10,동구,범일동,0.7857142857142857,0.03571428571428571,0.17857142857142858,0.0,0.25,0.0
2024,10,동구,수정동,0.6785714285714286,0.07142857142857142,0.25,0.0,0.21428571428571427,0.0
2024,10,동구,좌천동,0.7058823529411765,0.11764705882352941,0.17647058823529413,0.0,0.35294117647058826,0.0
2024,10,동구,초량동,0.8536585365853658,0.12195121951219512,0.024390243902439025,0.0,0.2682926829268293,0.0
2024,10,동래구,낙민동,1.0,0.0,0.0,0.0,0.6666666666666666,0.0
2024,10,동래구,명륜동,1.0,0.0,0.0,0.0,0.21052631578947367,0.0
2024,10,동래구,명장동,0.36363636363636365,0.0,0.6363636363636364,0.0,0.13636363636363635,0.0
2024,10,동래구,복천동,1.0,0.0,0.0,0.0,0.5,0.0
2024,10,동래구,사직동,0.8275862068965517,0.10344827586206896,0.06896551724137931,0.0,0.3793103448275862,0.034482758620689655
2024,10,동래구,수안동,0.5625,0.0625,0.375,0.0,0.1875,0.0625
2024,10,동래구,안락동,0.9642857142857143,0.03571428571428571,0.0,0.0,0.42857142857142855,0.03571428571428571
2024,10,동래구,온천동,0.9090909090909091,0.022727272727272728,0.06818181818181818,0.0,0.36363636363636365,0.0
2024,10,동래구,칠산동,1.0,0.0,0.0,0.0,0.0,0.0
2024,10,부산진구,가야동,0.6521739130434783,0.043478260869565216,0.30434782608695654,0.0,0.21739130434782608,0.0
2024,10,부산진구,개금동,0.9444444444444444,0.027777777777777776,0.027777777777777776,0.0,0.5277777777777778,0.0
2024,10,부산진구,당감동,0.7586206896551724,0.034482758620689655,0.20689655172413793,0.0,0.27586206896551724,0.0
2024,10,부산진구,범전동,0.8,0.0,0.2,0.0,0.0,0.0
2024,10,부산진구,범천동,0.8181818181818182,0.09090909090909091,0.09090909090909091,0.0,0.3333333333333333,0.0
2024,10,부산진구,부암동,0.6956521739130435,0.08695652173913043,0.21739130434782608,0.0,0.21739130434782608,0.0
2024,10,부산진구,부전동,0.9375,0.015625,0.046875,0.0,0.25,0.0
2024,10,부산진구,양정동,0.8157894736842105,0.02631578947368421,0.15789473684210525,0.0,0.47368421052631576,0.0
2024,10,부산진구,연지동,1.0,0.0,0.0,0.0,0.3,0.0
2024,10,부산진구,전포동,0.8484848484848485,0.06060606060606061,0.09090909090909091,0.0,0.3333333333333333,0.0
2024,10,부산진구,초읍동,0.9285714285714286,0.07142857142857142,0.0,0.0,0.35714285714285715,0.0
2024,10,북구,구포동,0.8163265306122449,0.061224489795918366,0.12244897959183673,0.0,0.30612244897959184,0.0
2024,10,북구,금곡동,0.9130434782608695,0.08695652173913043,0.0,0.0,0.08695652173913043,0.0
2024,10,북구,덕천동,0.68,0.12,0.2,0.0,0.38,0.0
2024,10,북구,만덕동,0.7333333333333333,0.16666666666666666,0.1,0.0,0.4,0.03333333333333333
2024,10,북구,화명동,0.8478260869565217,0.08695652173913043,0.06521739130434782,0.0,0.3695652173913043,0.0
2024,10,사상구,감전동,0.8,0.0,0.2,0.0,0.4,0.06666666666666667
2024,10,사상구,괘법동,0.9534883720930233,0.023255813953488372,0.023255813953488372,0.0,0.32558139534883723,0.0
2024,10,사상구,덕포동,0.85,0.0,0.15,0.0,0.35,0.0
2024,10,사상구,모라동,0.9333333333333333,0.0,0.06666666666666667,0.0,0.3333333333333333,0.0
2024,10,사상구,삼락동,0.27586206896551724,0.06896551724137931,0.6551724137931034,0.0,0.13793103448275862,0.0
2024,10,사상구,엄궁동,0.7,0.3,0.0,0.0,0.3,0.0
2024,10,사상구,주례동,0.782608695652174,0.13043478260869565,0.08695652173913043,0.0,0.30434782608695654,0.0
2024,10,사상구,학장동,0.5666666666666667,0.06666666666666667,0.36666666666666664,0.0,0.4666666666666667,0.0
2024,10,사하구,감천동,0.7083333333333334,0.041666666666666664,0.25,0.0,0.375,0.0
2024,10,사하구,괴정동,0.8181818181818182,0.09090909090909091,0.09090909090909091,0.0,0.30303030303030304,0.030303030303030304
2024,10,사하구,구평동,0.8888888888888888,0.1111111111111111,0.0,0.0,0.5555555555555556,0.0
2024,10,사하구,다대동,0.8409090909090909,0.13636363636363635,0.022727272727272728,0.0,0.13636363636363635,0.0
2024,10,사하구,당리동,1.0,0.0,0.0,0.0,0.5833333333333334,0.0
2024,10,사하구,신평동,0.8125,0.0,0.1875,0.0,0.40625,0.0
2024,10,사하구,장림동,0.9354838709677419,0.03225806451612903,0.03225806451612903,0.0,0.45161290322580644,0.0
2024,10,사하구,하단동,0.76,0.14,0.1,0.0,0.52,0.02
2024,10,서구,남부민동,0.6111111111111112,0.2777777777777778,0.1111111111111111,0.0,0.3333333333333333,0.0
2024,10,서구,동대신동,1.0,0.0,0.0,0.0,0.3333333333333333,0.0
2024,10,서구,부민동,0.36363636363636365,0.0,0.6363636363636364,0.0,0.09090909090909091,0.0
2024,10,서구,부용동,1.0,0.0,0.0,0.0,0.75,0.0
2024,10,서구,서대신동,0.85,0.05,0.1,0.0,0.35,0.0
2024,10,서구,아미동,0.8333333333333334,0.0,0.0,0.16666666666666666,0.3333333333333333,0.0
2024,10,서구,암남동,0.6875,0.25,0.0,0.0625,0.375,0.0
2024,10,서구,초장동,1.0,0.0,0.0,0.0,0.3333333333333333,0.0
2024,10,서구,충무동,1.0,0.0,0.0,0.0,0.23076923076923078,0.0
2024,10,서구,토성동,1.0,0.0,0.0,0.0,0.0,0.0
2024,10,수영구,광안동,0.8701298701298701,0.06493506493506493,0.06493506493506493,0.0,0.3116883116883117,0.0
2024,10,수영구,남천동,1.0,0.0,0.0,0.0,0.4444444444444444,0.0
2024,10,수영구,망미동,0.75,0.08333333333333333,0.16666666666666666,0.0,0.3333333333333333,0.0
2024,10,수영구,민락동,0.9,0.1,0.0,0.0,0.4,0.0
2024,10,수영구,수영동,0.8571428571428571,0.14285714285714285,0.0,0.0,0.42857142857142855,0.0
2024,10,연제구,거제동,0.9047619047619048,0.07142857142857142,0.023809523809523808,0.0,0.42857142857142855,0.0
2024,10,연제구,연산동,0.39473684210526316,0.02631578947368421,0.5789473684210527,0.0,0.1368421052631579,0.0
2024,10,영도구,남항동,1.0,0.0,0.0,0.0,0.42857142857142855,0.0
2024,10,영도구,대교동,1.0,0.0,0.0,0.0,0.0,0.0
2024,10,영도구,대평동,1.0,0.0,0.0,0.0,0.0,0.0
2024,10,영도구,동삼동,0.8285714285714286,0.05714285714285714,0.11428571428571428,0.0,0.2,0.05714285714285714
2024,10,영도구,봉래동,0.75,0.25,0.0,0.0,0.3333333333333333,0.0
2024,10,영도구,신선동,1.0,0.0,0.0,0.0,0.2,0.0
2024,10,영도구,영선동,0.65,0.0,0.35,0.0,0.25,0.0
2024,10,영도구,청학동,0.56,0.12,0.32,0.0,0.36,0.0
2024,10,중구,광복동,1.0,0.0,0.0,0.0,0.0,0.0
2024,10,중구,남포동,0.9333333333333333,0.0,0.06666666666666667,0.0,0.3333333333333333,0.0
2024,10,중구,대창동,0.0,0.0,1.0,0.0,0.0,0.0
2024,10,중구,대청동,1.0,0.0,0.0,0.0,0.0,0.0
2024,10,중구,동광동,1.0,0.0,0.0,0.0,0.0,0.0
2024,10,중구,보수동,0.8181818181818182,0.0,0.18181818181818182,0.0,0.0,0.0
2024,10,중구,부평동,0.8636363636363636,0.0,0.13636363636363635,0.0,0.3181818181818182,0.0
2024,10,중구,신창동,1.0,0.0,0.0,0.0,0.0,0.0
2024,10,중구,영주동,1.0,0.0,0.0,0.0,0.16666666666666666,0.0
2024,10,중구,중앙동,0.5714285714285714,0.14285714285714285,0.2857142857142857,0.0,0.42857142857142855,0.0
2024,10,중구,창선동,0.0,0.0,1.0,0.0,0.0,0.0
2024,10,해운대구,반송동,0.9393939393939394,0.0,0.06060606060606061,0.0,0.15151515151515152,0.030303030303030304
2024,10,해운대구,반여동,0.7567567567567568,0.05405405405405406,0.1891891891891892,0.0,0.32432432432432434,0.0
2024,10,해운대구,석대동,0.5714285714285714,0.2857142857142857,0.14285714285714285,0.0,0.5714285714285714,0.0
2024,10,해운대구,송정동,0.5833333333333334,0.08333333333333333,0.3333333333333333,0.0,0.16666666666666666,0.0
2024,10,해운대구,우동,0.6712328767123288,0.1643835616438356,0.1643835616438356,0.0,0.2876712328767123,0.0
2024,10,해운대구,재송동,0.8709677419354839,0.0967741935483871,0.03225806451612903,0.0,0.3225806451612903,0.0
2024,10,해운대구,좌동,0.8529411764705882,0.08823529411764706,0.058823529411764705,0.0,0.2647058823529412,0.0
2024,10,해운대구,중동,0.6585365853658537,0.1951219512195122,0.14634146341463414,0.0,0.2926829268292683,0.0
