year,month,address_gu,sub_address,sub_household,sub_pop,sub_male_pop,sub_female_pop,sub_single
2020,5,강서구,강동동,2658.0,4772.0,2587.0,2185.0,1507.0
2020,5,강서구,명지동,26189.0,74642.0,37224.0,37418.0,5289.0
2020,5,금정구,구서동,20971.0,53931.0,25756.0,28175.0,5503.0
2020,5,금정구,금성동,491.0,1118.0,545.0,573.0,198.0
2020,5,금정구,남산동,13904.0,31122.0,15082.0,16040.0,5580.0
2020,5,금정구,서동,14644.0,28465.0,14255.0,14210.0,6975.0
2020,5,금정구,장전동,21966.0,48066.0,23583.0,24483.0,10597.0
2020,5,기장군,기장읍,25060.0,54691.0,26675.0,28016.0,10344.0
2020,5,기장군,일광읍,6523.0,14692.0,7460.0,7232.0,2481.0
2020,5,기장군,장안읍,4692.0,9207.0,5084.0,4123.0,2491.0
2020,5,기장군,정관읍,30929.0,83443.0,41357.0,42086.0,8001.0
2020,5,기장군,철마면,3855.0,8280.0,4164.0,4116.0,1504.0
2020,5,남구,감만동,9839.0,21892.0,11058.0,10834.0,3606.0
2020,5,남구,대연동,43175.0,99692.0,48727.0,50965.0,17845.0
2020,5,남구,문현동,21525.0,48085.0,23543.0,24542.0,8134.0
2020,5,남구,용당동,3332.0,8329.0,4238.0,4091.0,1065.0
2020,5,남구,용호동,33338.0,85812.0,41596.0,44216.0,8780.0
2020,5,남구,우암동,5958.0,13789.0,6856.0,6933.0,1970.0
2020,5,동구,범일동,13111.0,26120.0,12948.0,13172.0,6313.0
2020,5,동구,수정동,12340.0,24704.0,11948.0,12756.0,5695.0
2020,5,동구,좌천동,5457.0,11375.0,5505.0,5870.0,2303.0
2020,5,동구,초량동,14670.0,29795.0,14708.0,15087.0,7582.0
2020,5,동래구,명륜동,9314.0,25027.0,12197.0,12830.0,2365.0
2020,5,동래구,명장동,12825.0,30184.0,14725.0,15459.0,4017.0
2020,5,동래구,사직동,21778.0,57351.0,27946.0,29405.0,5707.0
2020,5,동래구,안락동,18000.0,43810.0,21468.0,22342.0,5490.0
2020,5,동래구,온천동,33294.0,73693.0,35611.0,38082.0,13416.0
2020,5,부산진구,가야동,17395.0,37974.0,18791.0,19183.0,7235.0
2020,5,부산진구,개금동,26186.0,59452.0,28736.0,30716.0,9824.0
2020,5,부산진구,당감동,20224.0,47289.0,22818.0,24471.0,6773.0
2020,5,부산진구,범천동,16695.0,32043.0,15456.0,16587.0,8446.0
2020,5,부산진구,부암동,16475.0,41197.0,20199.0,20998.0,4828.0
2020,5,부산진구,양정동,16729.0,33881.0,15894.0,17987.0,8011.0
2020,5,부산진구,연지동,8328.0,20569.0,9733.0,10836.0,2387.0
2020,5,부산진구,전포동,21600.0,40031.0,18892.0,21139.0,11860.0
2020,5,부산진구,초읍동,9481.0,21458.0,10398.0,11060.0,3375.0
2020,5,북구,구포동,28539.0,63898.0,32812.0,31086.0,11233.0
2020,5,북구,금곡동,18126.0,39908.0,19379.0,20529.0,7031.0
2020,5,북구,덕천동,19079.0,37396.0,18393.0,19003.0,9127.0
2020,5,북구,만덕동,23303.0,59946.0,29367.0,30579.0,5423.0
2020,5,북구,화명동,31402.0,90379.0,44314.0,46065.0,5437.0
2020,5,사상구,감전동,7277.0,14682.0,7861.0,6821.0,3479.0
2020,5,사상구,괘법동,11576.0,22744.0,11753.0,10991.0,6166.0
2020,5,사상구,덕포동,10037.0,23284.0,11885.0,11399.0,3761.0
2020,5,사상구,모라동,18923.0,40396.0,19994.0,20402.0,7751.0
2020,5,사상구,삼락동,3211.0,6602.0,3571.0,3031.0,1626.0
2020,5,사상구,엄궁동,10750.0,29046.0,14561.0,14485.0,2522.0
2020,5,사상구,주례동,22992.0,54263.0,27211.0,27052.0,8235.0
2020,5,사상구,학장동,12158.0,30463.0,15383.0,15080.0,3450.0
2020,5,사하구,감천동,12140.0,27013.0,13507.0,13506.0,4616.0
2020,5,사하구,괴정동,26829.0,60448.0,29325.0,31123.0,9657.0
2020,5,사하구,구평동,4589.0,11946.0,6105.0,5841.0,1108.0
2020,5,사하구,다대동,29214.0,70385.0,35176.0,35209.0,9808.0
2020,5,사하구,당리동,11523.0,28112.0,13829.0,14283.0,3400.0
2020,5,사하구,신평동,15149.0,35171.0,18040.0,17131.0,5571.0
2020,5,사하구,장림동,16911.0,41078.0,21240.0,19838.0,5734.0
2020,5,사하구,하단동,22458.0,48807.0,24373.0,24434.0,9771.0
2020,5,서구,남부민동,7819.0,15254.0,7797.0,7457.0,3838.0
2020,5,서구,동대신동,9492.0,19613.0,9343.0,10270.0,4234.0
2020,5,서구,서대신동,12200.0,29330.0,13878.0,15452.0,4115.0
2020,5,서구,아미동,4099.0,7379.0,3743.0,3636.0,2387.0
2020,5,서구,암남동,6828.0,14452.0,7200.0,7252.0,3262.0
2020,5,서구,초장동,2752.0,4848.0,2411.0,2437.0,1565.0
2020,5,수영구,광안동,33451.0,67279.0,31308.0,35971.0,16325.0
2020,5,수영구,남천동,11137.0,26909.0,12472.0,14437.0,3582.0
2020,5,수영구,망미동,17426.0,40409.0,19518.0,20891.0,5740.0
2020,5,수영구,민락동,12663.0,28828.0,13877.0,14951.0,4564.0
2020,5,수영구,수영동,7787.0,15297.0,7329.0,7968.0,3652.0
2020,5,연제구,거제동,24937.0,64786.0,31257.0,33529.0,6586.0
2020,5,연제구,연산동,66185.0,146350.0,70571.0,75779.0,25658.0
2020,5,영도구,동삼동,20854.0,44339.0,21769.0,22570.0,8717.0
2020,5,영도구,봉래동,6251.0,12958.0,6445.0,6513.0,2733.0
2020,5,영도구,신선동,5007.0,9518.0,4758.0,4760.0,2468.0
2020,5,영도구,영선동,5916.0,13407.0,6551.0,6856.0,2168.0
2020,5,영도구,청학동,11323.0,25972.0,12847.0,13125.0,4071.0
2020,5,중구,남포동,693.0,1287.0,798.0,489.0,471.0
2020,5,중구,대청동,3499.0,6690.0,3160.0,3530.0,1818.0
2020,5,중구,동광동,1909.0,3196.0,1664.0,1532.0,1273.0
2020,5,중구,보수동,5784.0,10945.0,5326.0,5619.0,3070.0
2020,5,중구,부평동,2700.0,4950.0,2339.0,2611.0,1545.0
2020,5,해운대구,반여동,30793.0,75692.0,37316.0,38376.0,9337.0
2020,5,해운대구,우동,33380.0,84841.0,40434.0,44407.0,9620.0
2020,5,해운대구,재송동,25836.0,65059.0,31835.0,33224.0,7492.0
2020,5,해운대구,좌동,36273.0,92364.0,43346.0,49018.0,10559.0
2020,5,해운대구,중동,17843.0,41223.0,19853.0,21370.0,6792.0
2020,6,강서구,강동동,2661.0,4764.0,2589.0,2175.0,1514.0
2020,6,강서구,명지동,26236.0,74672.0,37261.0,37411.0,5298.0
2020,6,금정구,구서동,21025.0,53905.0,25721.0,28184.0,5535.0
2020,6,금정구,금성동,486.0,1109.0,539.0,570.0,195.0
2020,6,금정구,남산동,13923.0,31046.0,15046.0,16000.0,5615.0
2020,6,금정구,서동,14629.0,28373.0,14213.0,14160.0,6979.0
2020,6,금정구,장전동,22118.0,48057.0,23593.0,24464.0,10732.0
2020,6,기장군,기장읍,25094.0,54463.0,26576.0,27887.0,10444.0
2020,6,기장군,일광읍,7116.0,16233.0,8201.0,8032.0,2623.0
2020,6,기장군,장안읍,4670.0,9133.0,5030.0,4103.0,2486.0
2020,6,기장군,정관읍,30941.0,83267.0,41274.0,41993.0,8083.0
2020,6,기장군,철마면,3840.0,8205.0,4126.0,4079.0,1508.0
2020,6,남구,감만동,9836.0,21810.0,11015.0,10795.0,3632.0
2020,6,남구,대연동,43308.0,99232.0,48529.0,50703.0,18051.0
2020,6,남구,문현동,21534.0,47946.0,23468.0,24478.0,8172.0
2020,6,남구,용당동,3335.0,8312.0,4232.0,4080.0,1067.0
2020,6,남구,용호동,33381.0,85683.0,41493.0,44190.0,8837.0
2020,6,남구,우암동,5956.0,13745.0,6816.0,6929.0,1990.0
2020,6,동구,범일동,13128.0,26033.0,12907.0,13126.0,6349.0
2020,6,동구,수정동,12342.0,24631.0,11908.0,12723.0,5710.0
2020,6,동구,좌천동,5457.0,11321.0,5480.0,5841.0,2317.0
2020,6,동구,초량동,14828.0,30011.0,14794.0,15217.0,7656.0
2020,6,동래구,명륜동,9323.0,24996.0,12176.0,12820.0,2377.0
2020,6,동래구,명장동,12848.0,30190.0,14732.0,15458.0,4039.0
2020,6,동래구,사직동,21885.0,57505.0,28024.0,29481.0,5780.0
2020,6,동래구,안락동,17986.0,43649.0,21378.0,22271.0,5518.0
2020,6,동래구,온천동,33392.0,73717.0,35631.0,38086.0,13524.0
2020,6,부산진구,가야동,17434.0,37898.0,18736.0,19162.0,7296.0
2020,6,부산진구,개금동,26240.0,59417.0,28722.0,30695.0,9889.0
2020,6,부산진구,당감동,20214.0,47119.0,22706.0,24413.0,6771.0
2020,6,부산진구,범천동,16767.0,32075.0,15479.0,16596.0,8517.0
2020,6,부산진구,부암동,16442.0,41056.0,20126.0,20930.0,4826.0
2020,6,부산진구,양정동,16790.0,33870.0,15899.0,17971.0,8073.0
2020,6,부산진구,연지동,8325.0,20489.0,9696.0,10793.0,2405.0
2020,6,부산진구,전포동,21691.0,40027.0,18896.0,21131.0,11976.0
2020,6,부산진구,초읍동,9704.0,22017.0,10672.0,11345.0,3432.0
2020,6,북구,구포동,28607.0,63844.0,32785.0,31059.0,11308.0
2020,6,북구,금곡동,18121.0,39865.0,19330.0,20535.0,7050.0
2020,6,북구,덕천동,19133.0,37384.0,18412.0,18972.0,9198.0
2020,6,북구,만덕동,23356.0,59996.0,29380.0,30616.0,5462.0
2020,6,북구,화명동,31446.0,90344.0,44279.0,46065.0,5457.0
2020,6,사상구,감전동,7281.0,14630.0,7836.0,6794.0,3500.0
2020,6,사상구,괘법동,11634.0,22672.0,11716.0,10956.0,6216.0
2020,6,사상구,덕포동,10049.0,23191.0,11832.0,11359.0,3787.0
2020,6,사상구,모라동,18934.0,40334.0,19978.0,20356.0,7773.0
2020,6,사상구,삼락동,3207.0,6585.0,3546.0,3039.0,1626.0
2020,6,사상구,엄궁동,10740.0,28965.0,14523.0,14442.0,2523.0
2020,6,사상구,주례동,23042.0,54153.0,27160.0,26993.0,8303.0
2020,6,사상구,학장동,12151.0,30331.0,15316.0,15015.0,3469.0
2020,6,사하구,감천동,12132.0,26927.0,13457.0,13470.0,4623.0
2020,6,사하구,괴정동,26845.0,60310.0,29261.0,31049.0,9701.0
2020,6,사하구,구평동,4592.0,11932.0,6106.0,5826.0,1111.0
2020,6,사하구,다대동,29231.0,70310.0,35132.0,35178.0,9836.0
2020,6,사하구,당리동,11546.0,28049.0,13771.0,14278.0,3443.0
2020,6,사하구,신평동,15191.0,35158.0,18020.0,17138.0,5634.0
2020,6,사하구,장림동,16906.0,40946.0,21173.0,19773.0,5754.0
2020,6,사하구,하단동,22519.0,48807.0,24361.0,24446.0,9835.0
2020,6,서구,남부민동,7862.0,15299.0,7825.0,7474.0,3862.0
2020,6,서구,동대신동,9633.0,19901.0,9484.0,10417.0,4288.0
2020,6,서구,서대신동,12200.0,29240.0,13838.0,15402.0,4127.0
2020,6,서구,아미동,4112.0,7367.0,3730.0,3637.0,2404.0
2020,6,서구,암남동,6810.0,14399.0,7176.0,7223.0,3250.0
2020,6,서구,초장동,2754.0,4821.0,2397.0,2424.0,1573.0
2020,6,수영구,광안동,33587.0,67239.0,31276.0,35963.0,16518.0
2020,6,수영구,남천동,11129.0,26864.0,12427.0,14437.0,3587.0
2020,6,수영구,망미동,17405.0,40237.0,19429.0,20808.0,5774.0
2020,6,수영구,민락동,12741.0,28973.0,13963.0,15010.0,4591.0
2020,6,수영구,수영동,7808.0,15292.0,7327.0,7965.0,3670.0
2020,6,연제구,거제동,24941.0,64626.0,31180.0,33446.0,6628.0
2020,6,연제구,연산동,66346.0,146267.0,70463.0,75804.0,25843.0
2020,6,영도구,동삼동,20903.0,44243.0,21714.0,22529.0,8797.0
2020,6,영도구,봉래동,6249.0,12905.0,6405.0,6500.0,2741.0
2020,6,영도구,신선동,5007.0,9478.0,4744.0,4734.0,2485.0
2020,6,영도구,영선동,5934.0,13422.0,6563.0,6859.0,2181.0
2020,6,영도구,청학동,11319.0,25876.0,12796.0,13080.0,4089.0
2020,6,중구,남포동,690.0,1274.0,796.0,478.0,468.0
2020,6,중구,대청동,3504.0,6672.0,3151.0,3521.0,1827.0
2020,6,중구,동광동,1922.0,3203.0,1667.0,1536.0,1286.0
2020,6,중구,보수동,5781.0,10944.0,5327.0,5617.0,3060.0
2020,6,중구,부평동,2713.0,4901.0,2323.0,2578.0,1561.0
2020,6,해운대구,반여동,30833.0,75529.0,37202.0,38327.0,9418.0
2020,6,해운대구,우동,33419.0,84712.0,40369.0,44343.0,9679.0
2020,6,해운대구,재송동,25904.0,64970.0,31783.0,33187.0,7583.0
2020,6,해운대구,좌동,36263.0,92119.0,43227.0,48892.0,10592.0
2020,6,해운대구,중동,17899.0,41206.0,19813.0,21393.0,6831.0
2020,7,강서구,강동동,2656.0,4745.0,2575.0,2170.0,1508.0
2020,7,강서구,명지동,26288.0,74786.0,37333.0,37453.0,5325.0
2020,7,금정구,구서동,21062.0,53893.0,25707.0,28186.0,5566.0
2020,7,금정구,금성동,486.0,1104.0,538.0,566.0,196.0
2020,7,금정구,남산동,13961.0,31012.0,15032.0,15980.0,5669.0
2020,7,금정구,서동,14621.0,28246.0,14150.0,14096.0,7017.0
2020,7,금정구,장전동,22157.0,47977.0,23580.0,24397.0,10802.0
2020,7,기장군,기장읍,25119.0,54311.0,26494.0,27817.0,10525.0
2020,7,기장군,일광읍,7569.0,17370.0,8746.0,8624.0,2725.0
2020,7,기장군,장안읍,4678.0,9133.0,5016.0,4117.0,2489.0
2020,7,기장군,정관읍,30946.0,83246.0,41249.0,41997.0,8089.0
2020,7,기장군,철마면,3854.0,8220.0,4134.0,4086.0,1508.0
2020,7,남구,감만동,9830.0,21723.0,10973.0,10750.0,3644.0
2020,7,남구,대연동,43373.0,99127.0,48508.0,50619.0,18166.0
2020,7,남구,문현동,21500.0,47742.0,23354.0,24388.0,8214.0
2020,7,남구,용당동,3327.0,8271.0,4208.0,4063.0,1066.0
2020,7,남구,용호동,33444.0,85538.0,41412.0,44126.0,8922.0
2020,7,남구,우암동,5955.0,13710.0,6789.0,6921.0,1997.0
2020,7,동구,범일동,13146.0,25962.0,12857.0,13105.0,6398.0
2020,7,동구,수정동,12347.0,24568.0,11883.0,12685.0,5735.0
2020,7,동구,좌천동,5462.0,11299.0,5478.0,5821.0,2332.0
2020,7,동구,초량동,14918.0,30146.0,14862.0,15284.0,7721.0
2020,7,동래구,명륜동,9328.0,24982.0,12162.0,12820.0,2384.0
2020,7,동래구,명장동,12855.0,30098.0,14689.0,15409.0,4067.0
2020,7,동래구,사직동,21961.0,57575.0,28042.0,29533.0,5840.0
2020,7,동래구,안락동,17991.0,43563.0,21312.0,22251.0,5529.0
2020,7,동래구,온천동,33487.0,73756.0,35638.0,38118.0,13622.0
2020,7,부산진구,가야동,17446.0,37856.0,18689.0,19167.0,7326.0
2020,7,부산진구,개금동,26250.0,59311.0,28645.0,30666.0,9934.0
2020,7,부산진구,당감동,20239.0,47016.0,22628.0,24388.0,6827.0
2020,7,부산진구,범천동,16972.0,32342.0,15624.0,16718.0,8650.0
2020,7,부산진구,부암동,16407.0,40886.0,20034.0,20852.0,4822.0
2020,7,부산진구,양정동,16782.0,33845.0,15877.0,17968.0,8066.0
2020,7,부산진구,연지동,8374.0,20513.0,9709.0,10804.0,2439.0
2020,7,부산진구,전포동,21684.0,39965.0,18876.0,21089.0,11984.0
2020,7,부산진구,초읍동,9852.0,22319.0,10807.0,11512.0,3487.0
2020,7,북구,구포동,28632.0,63692.0,32694.0,30998.0,11360.0
2020,7,북구,금곡동,18126.0,39760.0,19268.0,20492.0,7093.0
2020,7,북구,덕천동,19099.0,37202.0,18323.0,18879.0,9225.0
2020,7,북구,만덕동,23383.0,59981.0,29385.0,30596.0,5472.0
2020,7,북구,화명동,31454.0,90173.0,44193.0,45980.0,5484.0
2020,7,사상구,감전동,7291.0,14602.0,7822.0,6780.0,3517.0
2020,7,사상구,괘법동,11662.0,22656.0,11685.0,10971.0,6245.0
2020,7,사상구,덕포동,10055.0,23124.0,11799.0,11325.0,3793.0
2020,7,사상구,모라동,18928.0,40232.0,19937.0,20295.0,7791.0
2020,7,사상구,삼락동,3214.0,6578.0,3548.0,3030.0,1630.0
2020,7,사상구,엄궁동,10740.0,28925.0,14507.0,14418.0,2537.0
2020,7,사상구,주례동,23083.0,54150.0,27179.0,26971.0,8353.0
2020,7,사상구,학장동,12140.0,30201.0,15245.0,14956.0,3493.0
2020,7,사하구,감천동,12152.0,26851.0,13420.0,13431.0,4666.0
2020,7,사하구,괴정동,26840.0,60166.0,29181.0,30985.0,9733.0
2020,7,사하구,구평동,4606.0,11942.0,6118.0,5824.0,1120.0
2020,7,사하구,다대동,29252.0,70179.0,35080.0,35099.0,9885.0
2020,7,사하구,당리동,11547.0,27963.0,13722.0,14241.0,3473.0
2020,7,사하구,신평동,15208.0,35149.0,18020.0,17129.0,5658.0
2020,7,사하구,장림동,16945.0,40945.0,21181.0,19764.0,5803.0
2020,7,사하구,하단동,22558.0,48721.0,24313.0,24408.0,9914.0
2020,7,서구,남부민동,7910.0,15354.0,7850.0,7504.0,3897.0
2020,7,서구,동대신동,9753.0,20102.0,9580.0,10522.0,4353.0
2020,7,서구,서대신동,12210.0,29180.0,13808.0,15372.0,4161.0
2020,7,서구,아미동,4101.0,7313.0,3693.0,3620.0,2408.0
2020,7,서구,암남동,6804.0,14345.0,7163.0,7182.0,3254.0
2020,7,서구,초장동,2739.0,4803.0,2391.0,2412.0,1561.0
2020,7,수영구,광안동,33744.0,67303.0,31294.0,36009.0,16694.0
2020,7,수영구,남천동,11151.0,26862.0,12410.0,14452.0,3616.0
2020,7,수영구,망미동,17434.0,40138.0,19386.0,20752.0,5815.0
2020,7,수영구,민락동,12839.0,29135.0,14045.0,15090.0,4650.0
2020,7,수영구,수영동,7821.0,15264.0,7313.0,7951.0,3694.0
2020,7,연제구,거제동,24968.0,64488.0,31100.0,33388.0,6658.0
2020,7,연제구,연산동,66444.0,146027.0,70337.0,75690.0,26020.0
2020,7,영도구,동삼동,20891.0,44106.0,21643.0,22463.0,8818.0
2020,7,영도구,봉래동,6243.0,12874.0,6378.0,6496.0,2741.0
2020,7,영도구,신선동,4987.0,9434.0,4717.0,4717.0,2475.0
2020,7,영도구,영선동,5945.0,13401.0,6541.0,6860.0,2196.0
2020,7,영도구,청학동,11315.0,25809.0,12758.0,13051.0,4109.0
2020,7,중구,남포동,696.0,1281.0,801.0,480.0,475.0
2020,7,중구,대청동,3501.0,6630.0,3145.0,3485.0,1839.0
2020,7,중구,동광동,1912.0,3181.0,1651.0,1530.0,1279.0
2020,7,중구,보수동,5775.0,10893.0,5293.0,5600.0,3061.0
2020,7,중구,부평동,2725.0,4904.0,2321.0,2583.0,1564.0
2020,7,해운대구,반여동,30850.0,75403.0,37128.0,38275.0,9471.0
2020,7,해운대구,우동,33435.0,84586.0,40306.0,44280.0,9704.0
2020,7,해운대구,재송동,25987.0,64883.0,31743.0,33140.0,7685.0
2020,7,해운대구,좌동,36351.0,91975.0,43171.0,48804.0,10699.0
2020,7,해운대구,중동,17973.0,41253.0,19816.0,21437.0,6890.0
2020,8,강서구,강동동,2654.0,4738.0,2568.0,2170.0,1510.0
2020,8,강서구,명지동,26336.0,74828.0,37327.0,37501.0,5360.0
2020,8,금정구,구서동,21108.0,53839.0,25686.0,28153.0,5620.0
2020,8,금정구,금성동,487.0,1103.0,537.0,566.0,196.0
2020,8,금정구,남산동,13977.0,30928.0,14989.0,15939.0,5690.0
2020,8,금정구,서동,14614.0,28128.0,14109.0,14019.0,7049.0
2020,8,금정구,장전동,22120.0,47703.0,23436.0,24267.0,10814.0
2020,8,기장군,기장읍,25066.0,53887.0,26287.0,27600.0,10601.0
2020,8,기장군,일광읍,8262.0,19237.0,9656.0,9581.0,2864.0
2020,8,기장군,장안읍,4677.0,9122.0,5003.0,4119.0,2490.0
2020,8,기장군,정관읍,30947.0,83068.0,41172.0,41896.0,8160.0
2020,8,기장군,철마면,3852.0,8181.0,4118.0,4063.0,1516.0
2020,8,남구,감만동,9834.0,21679.0,10935.0,10744.0,3672.0
2020,8,남구,대연동,43406.0,98845.0,48406.0,50439.0,18272.0
2020,8,남구,문현동,21538.0,47682.0,23332.0,24350.0,8293.0
2020,8,남구,용당동,3349.0,8284.0,4222.0,4062.0,1088.0
2020,8,남구,용호동,33458.0,85405.0,41332.0,44073.0,8950.0
2020,8,남구,우암동,5952.0,13670.0,6761.0,6909.0,2005.0
2020,8,동구,범일동,13145.0,25902.0,12825.0,13077.0,6411.0
2020,8,동구,수정동,12365.0,24539.0,11868.0,12671.0,5758.0
2020,8,동구,좌천동,5461.0,11294.0,5478.0,5816.0,2334.0
2020,8,동구,초량동,14983.0,30244.0,14921.0,15323.0,7750.0
2020,8,동래구,명륜동,9341.0,24967.0,12165.0,12802.0,2391.0
2020,8,동래구,명장동,12886.0,30072.0,14675.0,15397.0,4096.0
2020,8,동래구,사직동,21999.0,57420.0,27965.0,29455.0,5906.0
2020,8,동래구,안락동,18004.0,43476.0,21269.0,22207.0,5566.0
2020,8,동래구,온천동,33741.0,74215.0,35891.0,38324.0,13724.0
2020,8,부산진구,가야동,17540.0,37964.0,18727.0,19237.0,7393.0
2020,8,부산진구,개금동,26306.0,59162.0,28561.0,30601.0,10049.0
2020,8,부산진구,당감동,20234.0,46871.0,22572.0,24299.0,6851.0
2020,8,부산진구,범천동,17180.0,32686.0,15779.0,16907.0,8754.0
2020,8,부산진구,부암동,16447.0,40849.0,20003.0,20846.0,4878.0
2020,8,부산진구,양정동,16769.0,33762.0,15831.0,17931.0,8081.0
2020,8,부산진구,연지동,8493.0,20690.0,9787.0,10903.0,2506.0
2020,8,부산진구,전포동,21750.0,39942.0,18864.0,21078.0,12086.0
2020,8,부산진구,초읍동,9988.0,22539.0,10927.0,11612.0,3562.0
2020,8,북구,구포동,28645.0,63600.0,32674.0,30926.0,11381.0
2020,8,북구,금곡동,18129.0,39657.0,19206.0,20451.0,7119.0
2020,8,북구,덕천동,19032.0,36971.0,18206.0,18765.0,9241.0
2020,8,북구,만덕동,23433.0,59936.0,29358.0,30578.0,5521.0
2020,8,북구,화명동,31467.0,89993.0,44117.0,45876.0,5529.0
2020,8,사상구,감전동,7291.0,14568.0,7813.0,6755.0,3524.0
2020,8,사상구,괘법동,11718.0,22713.0,11711.0,11002.0,6280.0
2020,8,사상구,덕포동,10046.0,22993.0,11730.0,11263.0,3802.0
2020,8,사상구,모라동,18937.0,40128.0,19875.0,20253.0,7840.0
2020,8,사상구,삼락동,3239.0,6599.0,3569.0,3030.0,1653.0
2020,8,사상구,엄궁동,10732.0,28850.0,14474.0,14376.0,2534.0
2020,8,사상구,주례동,23119.0,54038.0,27101.0,26937.0,8406.0
2020,8,사상구,학장동,12133.0,30122.0,15207.0,14915.0,3509.0
2020,8,사하구,감천동,12110.0,26709.0,13343.0,13366.0,4660.0
2020,8,사하구,괴정동,26850.0,60028.0,29092.0,30936.0,9780.0
2020,8,사하구,구평동,4608.0,11933.0,6105.0,5828.0,1117.0
2020,8,사하구,다대동,29225.0,69974.0,34967.0,35007.0,9911.0
2020,8,사하구,당리동,11545.0,27945.0,13704.0,14241.0,3473.0
2020,8,사하구,신평동,15211.0,35104.0,18009.0,17095.0,5672.0
2020,8,사하구,장림동,17007.0,40965.0,21198.0,19767.0,5854.0
2020,8,사하구,하단동,22607.0,48694.0,24298.0,24396.0,9966.0
2020,8,서구,남부민동,7932.0,15363.0,7857.0,7506.0,3925.0
2020,8,서구,동대신동,9829.0,20226.0,9638.0,10588.0,4391.0
2020,8,서구,서대신동,12207.0,29135.0,13779.0,15356.0,4157.0
2020,8,서구,아미동,4093.0,7299.0,3682.0,3617.0,2402.0
2020,8,서구,암남동,6801.0,14291.0,7127.0,7164.0,3262.0
2020,8,서구,초장동,2741.0,4768.0,2375.0,2393.0,1575.0
2020,8,수영구,광안동,33856.0,67243.0,31258.0,35985.0,16856.0
2020,8,수영구,남천동,11168.0,26766.0,12381.0,14385.0,3644.0
2020,8,수영구,망미동,17446.0,40023.0,19335.0,20688.0,5854.0
2020,8,수영구,민락동,12867.0,29153.0,14045.0,15108.0,4675.0
2020,8,수영구,수영동,7870.0,15278.0,7315.0,7963.0,3743.0
2020,8,연제구,거제동,25004.0,64351.0,31032.0,33319.0,6714.0
2020,8,연제구,연산동,66604.0,145985.0,70321.0,75664.0,26167.0
2020,8,영도구,동삼동,20916.0,44105.0,21639.0,22466.0,8878.0
2020,8,영도구,봉래동,6251.0,12888.0,6382.0,6506.0,2743.0
2020,8,영도구,신선동,4975.0,9378.0,4697.0,4681.0,2482.0
2020,8,영도구,영선동,5955.0,13378.0,6535.0,6843.0,2208.0
2020,8,영도구,청학동,11321.0,25738.0,12723.0,13015.0,4139.0
2020,8,중구,남포동,697.0,1285.0,811.0,474.0,479.0
2020,8,중구,대청동,3523.0,6640.0,3142.0,3498.0,1863.0
2020,8,중구,동광동,1910.0,3179.0,1651.0,1528.0,1277.0
2020,8,중구,보수동,5788.0,10876.0,5280.0,5596.0,3085.0
2020,8,중구,부평동,2734.0,4930.0,2329.0,2601.0,1576.0
2020,8,해운대구,반여동,31000.0,75472.0,37183.0,38289.0,9553.0
2020,8,해운대구,우동,33503.0,84592.0,40264.0,44328.0,9764.0
2020,8,해운대구,재송동,26045.0,64837.0,31722.0,33115.0,7753.0
2020,8,해운대구,좌동,36395.0,91806.0,43071.0,48735.0,10773.0
2020,8,해운대구,중동,18071.0,41406.0,19899.0,21507.0,6950.0
2020,9,강서구,강동동,2654.0,4717.0,2549.0,2168.0,1515.0
2020,9,강서구,명지동,26986.0,76393.0,38127.0,38266.0,5599.0
2020,9,금정구,구서동,21230.0,53987.0,25733.0,28254.0,5691.0
2020,9,금정구,금성동,485.0,1100.0,535.0,565.0,192.0
2020,9,금정구,남산동,13982.0,30789.0,14946.0,15843.0,5742.0
2020,9,금정구,서동,14557.0,27934.0,13999.0,13935.0,7061.0
2020,9,금정구,장전동,22160.0,47573.0,23409.0,24164.0,10893.0
2020,9,기장군,기장읍,25061.0,53658.0,26182.0,27476.0,10667.0
2020,9,기장군,일광읍,8746.0,20493.0,10281.0,10212.0,2974.0
2020,9,기장군,장안읍,4677.0,9106.0,5000.0,4106.0,2504.0
2020,9,기장군,정관읍,30977.0,82997.0,41139.0,41858.0,8197.0
2020,9,기장군,철마면,3859.0,8171.0,4115.0,4056.0,1526.0
2020,9,남구,감만동,9805.0,21544.0,10883.0,10661.0,3692.0
2020,9,남구,대연동,43474.0,98562.0,48253.0,50309.0,18422.0
2020,9,남구,문현동,21667.0,47885.0,23424.0,24461.0,8348.0
2020,9,남구,용당동,3348.0,8256.0,4203.0,4053.0,1095.0
2020,9,남구,용호동,33420.0,85142.0,41206.0,43936.0,8975.0
2020,9,남구,우암동,5935.0,13605.0,6724.0,6881.0,2004.0
2020,9,동구,범일동,13122.0,25823.0,12786.0,13037.0,6396.0
2020,9,동구,수정동,12388.0,24542.0,11855.0,12687.0,5783.0
2020,9,동구,좌천동,5454.0,11253.0,5452.0,5801.0,2338.0
2020,9,동구,초량동,15030.0,30289.0,14922.0,15367.0,7766.0
2020,9,동래구,명륜동,9335.0,24924.0,12144.0,12780.0,2386.0
2020,9,동래구,명장동,12887.0,29972.0,14614.0,15358.0,4116.0
2020,9,동래구,사직동,22022.0,57361.0,27911.0,29450.0,5947.0
2020,9,동래구,안락동,17990.0,43348.0,21192.0,22156.0,5578.0
2020,9,동래구,온천동,33865.0,74345.0,35935.0,38410.0,13794.0
2020,9,부산진구,가야동,17603.0,38017.0,18757.0,19260.0,7426.0
2020,9,부산진구,개금동,26318.0,58933.0,28456.0,30477.0,10126.0
2020,9,부산진구,당감동,20260.0,46736.0,22502.0,24234.0,6925.0
2020,9,부산진구,범천동,17353.0,32882.0,15883.0,16999.0,8865.0
2020,9,부산진구,부암동,16591.0,41079.0,20105.0,20974.0,4957.0
2020,9,부산진구,양정동,16914.0,33835.0,15851.0,17984.0,8210.0
2020,9,부산진구,연지동,8540.0,20734.0,9799.0,10935.0,2528.0
2020,9,부산진구,전포동,21745.0,39812.0,18831.0,20981.0,12126.0
2020,9,부산진구,초읍동,10033.0,22560.0,10936.0,11624.0,3597.0
2020,9,북구,구포동,28641.0,63399.0,32557.0,30842.0,11411.0
2020,9,북구,금곡동,18124.0,39532.0,19125.0,20407.0,7145.0
2020,9,북구,덕천동,18976.0,36717.0,18066.0,18651.0,9253.0
2020,9,북구,만덕동,23433.0,59842.0,29324.0,30518.0,5550.0
2020,9,북구,화명동,31478.0,89770.0,44000.0,45770.0,5584.0
2020,9,사상구,감전동,7286.0,14483.0,7759.0,6724.0,3529.0
2020,9,사상구,괘법동,11790.0,22759.0,11748.0,11011.0,6328.0
2020,9,사상구,덕포동,10052.0,22938.0,11689.0,11249.0,3819.0
2020,9,사상구,모라동,18945.0,40070.0,19819.0,20251.0,7862.0
2020,9,사상구,삼락동,3239.0,6580.0,3562.0,3018.0,1659.0
2020,9,사상구,엄궁동,10721.0,28726.0,14414.0,14312.0,2544.0
2020,9,사상구,주례동,23109.0,53812.0,26970.0,26842.0,8455.0
2020,9,사상구,학장동,12132.0,30015.0,15153.0,14862.0,3527.0
2020,9,사하구,감천동,12090.0,26575.0,13263.0,13312.0,4672.0
2020,9,사하구,괴정동,26862.0,59916.0,29030.0,30886.0,9848.0
2020,9,사하구,구평동,4600.0,11913.0,6092.0,5821.0,1110.0
2020,9,사하구,다대동,29217.0,69726.0,34845.0,34881.0,9985.0
2020,9,사하구,당리동,11512.0,27797.0,13631.0,14166.0,3468.0
2020,9,사하구,신평동,15201.0,34965.0,17920.0,17045.0,5696.0
2020,9,사하구,장림동,17030.0,40920.0,21191.0,19729.0,5887.0
2020,9,사하구,하단동,22627.0,48539.0,24218.0,24321.0,10042.0
2020,9,서구,남부민동,7936.0,15329.0,7842.0,7487.0,3942.0
2020,9,서구,동대신동,9856.0,20250.0,9651.0,10599.0,4406.0
2020,9,서구,서대신동,12201.0,29080.0,13749.0,15331.0,4160.0
2020,9,서구,아미동,4085.0,7268.0,3659.0,3609.0,2401.0
2020,9,서구,암남동,6789.0,14242.0,7088.0,7154.0,3260.0
2020,9,서구,초장동,2746.0,4766.0,2379.0,2387.0,1586.0
2020,9,수영구,광안동,34238.0,67755.0,31519.0,36236.0,17134.0
2020,9,수영구,남천동,11171.0,26709.0,12355.0,14354.0,3645.0
2020,9,수영구,망미동,17415.0,39866.0,19257.0,20609.0,5860.0
2020,9,수영구,민락동,12883.0,29113.0,14037.0,15076.0,4708.0
2020,9,수영구,수영동,7872.0,15199.0,7276.0,7923.0,3766.0
2020,9,연제구,거제동,24981.0,64098.0,30888.0,33210.0,6730.0
2020,9,연제구,연산동,67173.0,147030.0,70813.0,76217.0,26409.0
2020,9,영도구,동삼동,20883.0,44019.0,21610.0,22409.0,8878.0
2020,9,영도구,봉래동,6250.0,12852.0,6358.0,6494.0,2756.0
2020,9,영도구,신선동,4972.0,9341.0,4681.0,4660.0,2495.0
2020,9,영도구,영선동,5947.0,13339.0,6523.0,6816.0,2209.0
2020,9,영도구,청학동,11302.0,25638.0,12671.0,12967.0,4143.0
2020,9,중구,남포동,696.0,1287.0,818.0,469.0,478.0
2020,9,중구,대청동,3543.0,6642.0,3139.0,3503.0,1885.0
2020,9,중구,동광동,1903.0,3171.0,1652.0,1519.0,1270.0
2020,9,중구,보수동,5810.0,10892.0,5282.0,5610.0,3101.0
2020,9,중구,부평동,2739.0,4907.0,2315.0,2592.0,1585.0
2020,9,해운대구,반여동,30987.0,75291.0,37085.0,38206.0,9579.0
2020,9,해운대구,우동,33560.0,84554.0,40222.0,44332.0,9816.0
2020,9,해운대구,재송동,26016.0,64692.0,31668.0,33024.0,7771.0
2020,9,해운대구,좌동,36378.0,91541.0,42929.0,48612.0,10812.0
2020,9,해운대구,중동,18134.0,41448.0,19890.0,21558.0,7006.0
2020,10,강서구,강동동,2637.0,4680.0,2530.0,2150.0,1502.0
2020,10,강서구,명지동,27845.0,78538.0,39223.0,39315.0,5839.0
2020,10,금정구,구서동,21335.0,54066.0,25749.0,28317.0,5774.0
2020,10,금정구,금성동,483.0,1099.0,534.0,565.0,192.0
2020,10,금정구,남산동,13994.0,30860.0,14937.0,15923.0,5766.0
2020,10,금정구,서동,14528.0,27783.0,13908.0,13875.0,7080.0
2020,10,금정구,장전동,22162.0,47592.0,23391.0,24201.0,10936.0
2020,10,기장군,기장읍,25130.0,53643.0,26193.0,27450.0,10727.0
2020,10,기장군,일광읍,8971.0,21061.0,10557.0,10504.0,3033.0
2020,10,기장군,장안읍,4680.0,9086.0,4980.0,4106.0,2510.0
2020,10,기장군,정관읍,31013.0,82946.0,41129.0,41817.0,8227.0
2020,10,기장군,철마면,3863.0,8146.0,4103.0,4043.0,1538.0
2020,10,남구,감만동,9778.0,21417.0,10818.0,10599.0,3699.0
2020,10,남구,대연동,43474.0,98580.0,48249.0,50331.0,18483.0
2020,10,남구,문현동,21712.0,47966.0,23460.0,24506.0,8373.0
2020,10,남구,용당동,3358.0,8265.0,4205.0,4060.0,1103.0
2020,10,남구,용호동,33447.0,85033.0,41140.0,43893.0,9021.0
2020,10,남구,우암동,5927.0,13563.0,6700.0,6863.0,2009.0
2020,10,동구,범일동,13121.0,25766.0,12781.0,12985.0,6414.0
2020,10,동구,수정동,12358.0,24414.0,11788.0,12626.0,5781.0
2020,10,동구,좌천동,5447.0,11199.0,5417.0,5782.0,2347.0
2020,10,동구,초량동,15059.0,30260.0,14903.0,15357.0,7817.0
2020,10,동래구,명륜동,9322.0,24882.0,12117.0,12765.0,2388.0
2020,10,동래구,명장동,12880.0,29933.0,14605.0,15328.0,4132.0
2020,10,동래구,사직동,22052.0,57304.0,27866.0,29438.0,5997.0
2020,10,동래구,안락동,18014.0,43230.0,21124.0,22106.0,5626.0
2020,10,동래구,온천동,33953.0,74393.0,35983.0,38410.0,13852.0
2020,10,부산진구,가야동,17631.0,38036.0,18753.0,19283.0,7455.0
2020,10,부산진구,개금동,26338.0,58766.0,28355.0,30411.0,10197.0
2020,10,부산진구,당감동,20259.0,46557.0,22405.0,24152.0,6966.0
2020,10,부산진구,범천동,17488.0,33042.0,15942.0,17100.0,8965.0
2020,10,부산진구,부암동,16678.0,41175.0,20150.0,21025.0,5016.0
2020,10,부산진구,양정동,16984.0,33811.0,15844.0,17967.0,8311.0
2020,10,부산진구,연지동,8578.0,20794.0,9810.0,10984.0,2543.0
2020,10,부산진구,전포동,21719.0,39726.0,18768.0,20958.0,12124.0
2020,10,부산진구,초읍동,10043.0,22543.0,10924.0,11619.0,3607.0
2020,10,북구,구포동,28676.0,63281.0,32482.0,30799.0,11469.0
2020,10,북구,금곡동,18135.0,39463.0,19106.0,20357.0,7162.0
2020,10,북구,덕천동,18972.0,36594.0,18023.0,18571.0,9299.0
2020,10,북구,만덕동,23436.0,59779.0,29284.0,30495.0,5564.0
2020,10,북구,화명동,31484.0,89572.0,43892.0,45680.0,5643.0
2020,10,사상구,감전동,7303.0,14464.0,7736.0,6728.0,3560.0
2020,10,사상구,괘법동,11833.0,22755.0,11764.0,10991.0,6387.0
2020,10,사상구,덕포동,10052.0,22885.0,11676.0,11209.0,3829.0
2020,10,사상구,모라동,18937.0,39970.0,19760.0,20210.0,7886.0
2020,10,사상구,삼락동,3235.0,6549.0,3546.0,3003.0,1664.0
2020,10,사상구,엄궁동,10717.0,28639.0,14339.0,14300.0,2564.0
2020,10,사상구,주례동,23146.0,53756.0,26923.0,26833.0,8520.0
2020,10,사상구,학장동,12134.0,29895.0,15101.0,14794.0,3562.0
2020,10,사하구,감천동,12065.0,26471.0,13199.0,13272.0,4679.0
2020,10,사하구,괴정동,26854.0,59740.0,28938.0,30802.0,9889.0
2020,10,사하구,구평동,4599.0,11890.0,6084.0,5806.0,1117.0
2020,10,사하구,다대동,29188.0,69501.0,34712.0,34789.0,10012.0
2020,10,사하구,당리동,11471.0,27644.0,13562.0,14082.0,3458.0
2020,10,사하구,신평동,15185.0,34827.0,17833.0,16994.0,5701.0
2020,10,사하구,장림동,17040.0,40825.0,21132.0,19693.0,5917.0
2020,10,사하구,하단동,22645.0,48379.0,24090.0,24289.0,10096.0
2020,10,서구,남부민동,7930.0,15296.0,7831.0,7465.0,3935.0
2020,10,서구,동대신동,9887.0,20293.0,9676.0,10617.0,4425.0
2020,10,서구,서대신동,12225.0,29108.0,13756.0,15352.0,4174.0
2020,10,서구,아미동,4068.0,7221.0,3629.0,3592.0,2400.0
2020,10,서구,암남동,6769.0,14195.0,7062.0,7133.0,3250.0
2020,10,서구,초장동,2742.0,4748.0,2380.0,2368.0,1587.0
2020,10,수영구,광안동,34532.0,68212.0,31748.0,36464.0,17308.0
2020,10,수영구,남천동,11159.0,26693.0,12355.0,14338.0,3640.0
2020,10,수영구,망미동,17408.0,39755.0,19195.0,20560.0,5887.0
2020,10,수영구,민락동,12933.0,29125.0,14025.0,15100.0,4749.0
2020,10,수영구,수영동,7874.0,15190.0,7275.0,7915.0,3775.0
2020,10,연제구,거제동,24987.0,63950.0,30812.0,33138.0,6761.0
2020,10,연제구,연산동,67431.0,147394.0,70956.0,76438.0,26549.0
2020,10,영도구,동삼동,20870.0,43897.0,21542.0,22355.0,8917.0
2020,10,영도구,봉래동,6252.0,12791.0,6330.0,6461.0,2782.0
2020,10,영도구,신선동,4973.0,9312.0,4672.0,4640.0,2507.0
2020,10,영도구,영선동,5963.0,13330.0,6516.0,6814.0,2227.0
2020,10,영도구,청학동,11297.0,25562.0,12633.0,12929.0,4168.0
2020,10,중구,남포동,695.0,1284.0,813.0,471.0,477.0
2020,10,중구,대청동,3561.0,6656.0,3147.0,3509.0,1906.0
2020,10,중구,동광동,1906.0,3173.0,1661.0,1512.0,1271.0
2020,10,중구,보수동,5830.0,10887.0,5273.0,5614.0,3142.0
2020,10,중구,부평동,2737.0,4867.0,2295.0,2572.0,1596.0
2020,10,해운대구,반여동,31026.0,75189.0,36991.0,38198.0,9647.0
2020,10,해운대구,우동,33569.0,84438.0,40179.0,44259.0,9859.0
2020,10,해운대구,재송동,26023.0,64554.0,31601.0,32953.0,7814.0
2020,10,해운대구,좌동,36391.0,91342.0,42811.0,48531.0,10893.0
2020,10,해운대구,중동,18299.0,41795.0,20046.0,21749.0,7066.0
2021,5,강서구,강동동,2533.0,4464.0,2407.0,2057.0,1429.0
2021,5,강서구,명지동,29713.0,82168.0,41116.0,41052.0,6677.0
2021,5,금정구,구서동,21551.0,53879.0,25651.0,28228.0,5958.0
2021,5,금정구,금성동,480.0,1069.0,516.0,553.0,188.0
2021,5,금정구,남산동,14041.0,30199.0,14574.0,15625.0,5946.0
2021,5,금정구,서동,14150.0,26642.0,13351.0,13291.0,7025.0
2021,5,금정구,장전동,22287.0,47191.0,23267.0,23924.0,11177.0
2021,5,기장군,기장읍,25219.0,53200.0,26001.0,27199.0,10882.0
2021,5,기장군,일광읍,10558.0,25473.0,12675.0,12798.0,3304.0
2021,5,기장군,장안읍,4672.0,8902.0,4895.0,4007.0,2540.0
2021,5,기장군,정관읍,31402.0,82701.0,40981.0,41720.0,8708.0
2021,5,기장군,철마면,3857.0,8047.0,4064.0,3983.0,1553.0
2021,5,남구,감만동,9573.0,20518.0,10339.0,10179.0,3763.0
2021,5,남구,대연동,43694.0,97604.0,47868.0,49736.0,19008.0
2021,5,남구,문현동,21616.0,47278.0,23068.0,24210.0,8437.0
2021,5,남구,용당동,3458.0,8466.0,4302.0,4164.0,1134.0
2021,5,남구,용호동,33333.0,83648.0,40493.0,43155.0,9171.0
2021,5,남구,우암동,5752.0,13096.0,6468.0,6628.0,1927.0
2021,5,동구,범일동,12842.0,24910.0,12363.0,12547.0,6326.0
2021,5,동구,수정동,12206.0,23769.0,11409.0,12360.0,5754.0
2021,5,동구,좌천동,5409.0,11004.0,5337.0,5667.0,2333.0
2021,5,동구,초량동,15408.0,30574.0,15050.0,15524.0,8059.0
2021,5,동래구,명륜동,9380.0,25009.0,12270.0,12739.0,2351.0
2021,5,동래구,명장동,12826.0,29431.0,14302.0,15129.0,4218.0
2021,5,동래구,사직동,21835.0,56266.0,27301.0,28965.0,6012.0
2021,5,동래구,안락동,18030.0,42538.0,20800.0,21738.0,5770.0
2021,5,동래구,온천동,34380.0,74015.0,35777.0,38238.0,14399.0
2021,5,부산진구,가야동,17352.0,37231.0,18339.0,18892.0,7322.0
2021,5,부산진구,개금동,26296.0,57682.0,27841.0,29841.0,10418.0
2021,5,부산진구,당감동,20121.0,45514.0,21876.0,23638.0,7020.0
2021,5,부산진구,범천동,17514.0,32848.0,15791.0,17057.0,8925.0
2021,5,부산진구,부암동,16627.0,40770.0,19969.0,20801.0,4984.0
2021,5,부산진구,양정동,17000.0,33243.0,15492.0,17751.0,8500.0
2021,5,부산진구,연지동,8711.0,20947.0,9898.0,11049.0,2587.0
2021,5,부산진구,전포동,23638.0,43592.0,20693.0,22899.0,12940.0
2021,5,부산진구,초읍동,9991.0,22296.0,10803.0,11493.0,3597.0
2021,5,북구,구포동,28469.0,61921.0,31768.0,30153.0,11534.0
2021,5,북구,금곡동,18185.0,38769.0,18771.0,19998.0,7432.0
2021,5,북구,덕천동,18706.0,35395.0,17415.0,17980.0,9351.0
2021,5,북구,만덕동,23719.0,59490.0,29093.0,30397.0,5824.0
2021,5,북구,화명동,31728.0,88759.0,43485.0,45274.0,5905.0
2021,5,사상구,감전동,7250.0,14113.0,7543.0,6570.0,3573.0
2021,5,사상구,괘법동,12368.0,23057.0,11935.0,11122.0,6996.0
2021,5,사상구,덕포동,9991.0,22411.0,11394.0,11017.0,3874.0
2021,5,사상구,모라동,19004.0,39300.0,19412.0,19888.0,8104.0
2021,5,사상구,삼락동,3150.0,6304.0,3403.0,2901.0,1633.0
2021,5,사상구,엄궁동,10596.0,27929.0,13946.0,13983.0,2587.0
2021,5,사상구,주례동,23342.0,53080.0,26552.0,26528.0,8906.0
2021,5,사상구,학장동,12140.0,29271.0,14769.0,14502.0,3716.0
2021,5,사하구,감천동,11767.0,25470.0,12686.0,12784.0,4610.0
2021,5,사하구,괴정동,26982.0,59368.0,28744.0,30624.0,9996.0
2021,5,사하구,구평동,4574.0,11743.0,6021.0,5722.0,1086.0
2021,5,사하구,다대동,29165.0,68193.0,34074.0,34119.0,10314.0
2021,5,사하구,당리동,11364.0,26964.0,13212.0,13752.0,3533.0
2021,5,사하구,신평동,14961.0,33955.0,17391.0,16564.0,5656.0
2021,5,사하구,장림동,16904.0,39835.0,20569.0,19266.0,5980.0
2021,5,사하구,하단동,22758.0,47508.0,23640.0,23868.0,10472.0
2021,5,서구,남부민동,7703.0,14751.0,7557.0,7194.0,3809.0
2021,5,서구,동대신동,9913.0,20263.0,9719.0,10544.0,4412.0
2021,5,서구,서대신동,12820.0,30309.0,14282.0,16027.0,4373.0
2021,5,서구,아미동,3917.0,6883.0,3488.0,3395.0,2316.0
2021,5,서구,암남동,6413.0,13398.0,6631.0,6767.0,3032.0
2021,5,서구,초장동,2625.0,4498.0,2273.0,2225.0,1540.0
2021,5,수영구,광안동,35138.0,68367.0,31795.0,36572.0,17851.0
2021,5,수영구,남천동,11252.0,26582.0,12281.0,14301.0,3725.0
2021,5,수영구,망미동,17424.0,39136.0,18840.0,20296.0,6083.0
2021,5,수영구,민락동,13038.0,28893.0,13957.0,14936.0,4927.0
2021,5,수영구,수영동,7865.0,14984.0,7194.0,7790.0,3823.0
2021,5,연제구,거제동,24762.0,62862.0,30290.0,32572.0,6758.0
2021,5,연제구,연산동,67329.0,145050.0,69758.0,75292.0,26982.0
2021,5,영도구,동삼동,20809.0,42874.0,21080.0,21794.0,9123.0
2021,5,영도구,봉래동,6066.0,12415.0,6142.0,6273.0,2662.0
2021,5,영도구,신선동,4732.0,8768.0,4406.0,4362.0,2391.0
2021,5,영도구,영선동,5821.0,12878.0,6269.0,6609.0,2166.0
2021,5,영도구,청학동,11073.0,24879.0,12366.0,12513.0,4064.0
2021,5,중구,남포동,682.0,1224.0,781.0,443.0,486.0
2021,5,중구,대청동,3579.0,6540.0,3055.0,3485.0,1953.0
2021,5,중구,동광동,1850.0,3109.0,1656.0,1453.0,1235.0
2021,5,중구,보수동,5972.0,10964.0,5289.0,5675.0,3277.0
2021,5,중구,부평동,2815.0,4929.0,2313.0,2616.0,1688.0
2021,5,해운대구,반여동,30678.0,73405.0,36080.0,37325.0,9699.0
2021,5,해운대구,우동,33865.0,84270.0,40101.0,44169.0,10152.0
2021,5,해운대구,재송동,26046.0,63551.0,31137.0,32414.0,8078.0
2021,5,해운대구,좌동,36780.0,90650.0,42401.0,48249.0,11311.0
2021,5,해운대구,중동,19144.0,43722.0,20989.0,22733.0,7300.0
2021,6,강서구,강동동,2544.0,4467.0,2416.0,2051.0,1448.0
2021,6,강서구,명지동,29946.0,82502.0,41301.0,41201.0,6850.0
2021,6,금정구,구서동,21546.0,53731.0,25586.0,28145.0,5992.0
2021,6,금정구,금성동,481.0,1070.0,515.0,555.0,190.0
2021,6,금정구,남산동,14044.0,30105.0,14533.0,15572.0,5989.0
2021,6,금정구,서동,14138.0,26506.0,13303.0,13203.0,7070.0
2021,6,금정구,장전동,22331.0,47218.0,23303.0,23915.0,11215.0
2021,6,기장군,기장읍,25241.0,53168.0,25977.0,27191.0,10888.0
2021,6,기장군,일광읍,10636.0,25672.0,12764.0,12908.0,3327.0
2021,6,기장군,장안읍,4664.0,8883.0,4882.0,4001.0,2540.0
2021,6,기장군,정관읍,31458.0,82693.0,40991.0,41702.0,8773.0
2021,6,기장군,철마면,3859.0,8027.0,4058.0,3969.0,1565.0
2021,6,남구,감만동,9552.0,20392.0,10271.0,10121.0,3776.0
2021,6,남구,대연동,43687.0,97428.0,47792.0,49636.0,19031.0
2021,6,남구,문현동,21635.0,47198.0,23022.0,24176.0,8480.0
2021,6,남구,용당동,3459.0,8452.0,4293.0,4159.0,1135.0
2021,6,남구,용호동,33342.0,83507.0,40430.0,43077.0,9202.0
2021,6,남구,우암동,5754.0,13086.0,6466.0,6620.0,1933.0
2021,6,동구,범일동,12774.0,24699.0,12256.0,12443.0,6319.0
2021,6,동구,수정동,12202.0,23706.0,11372.0,12334.0,5764.0
2021,6,동구,좌천동,5389.0,10965.0,5310.0,5655.0,2321.0
2021,6,동구,초량동,15553.0,30766.0,15125.0,15641.0,8142.0
2021,6,동래구,명륜동,9405.0,25068.0,12298.0,12770.0,2362.0
2021,6,동래구,명장동,12838.0,29360.0,14278.0,15082.0,4250.0
2021,6,동래구,사직동,21837.0,56177.0,27260.0,28917.0,6037.0
2021,6,동래구,안락동,18042.0,42438.0,20742.0,21696.0,5809.0
2021,6,동래구,온천동,34427.0,73906.0,35710.0,38196.0,14493.0
2021,6,부산진구,가야동,17375.0,37149.0,18308.0,18841.0,7374.0
2021,6,부산진구,개금동,26297.0,57557.0,27788.0,29769.0,10454.0
2021,6,부산진구,당감동,20141.0,45418.0,21808.0,23610.0,7087.0
2021,6,부산진구,범천동,17508.0,32766.0,15747.0,17019.0,8931.0
2021,6,부산진구,부암동,16636.0,40745.0,19963.0,20782.0,4993.0
2021,6,부산진구,양정동,17007.0,33171.0,15441.0,17730.0,8549.0
2021,6,부산진구,연지동,8721.0,20913.0,9880.0,11033.0,2611.0
2021,6,부산진구,전포동,23658.0,43560.0,20675.0,22885.0,12969.0
2021,6,부산진구,초읍동,10012.0,22315.0,10803.0,11512.0,3606.0
2021,6,북구,구포동,28458.0,61741.0,31667.0,30074.0,11568.0
2021,6,북구,금곡동,18158.0,38609.0,18698.0,19911.0,7446.0
2021,6,북구,덕천동,18625.0,35106.0,17286.0,17820.0,9364.0
2021,6,북구,만덕동,24501.0,61009.0,29843.0,31166.0,6137.0
2021,6,북구,화명동,31854.0,88924.0,43571.0,45353.0,5945.0
2021,6,사상구,감전동,7230.0,14037.0,7505.0,6532.0,3580.0
2021,6,사상구,괘법동,12409.0,23060.0,11938.0,11122.0,7056.0
2021,6,사상구,덕포동,10002.0,22380.0,11390.0,10990.0,3886.0
2021,6,사상구,모라동,19138.0,39323.0,19398.0,19925.0,8249.0
2021,6,사상구,삼락동,3128.0,6257.0,3372.0,2885.0,1621.0
2021,6,사상구,엄궁동,10609.0,27887.0,13929.0,13958.0,2605.0
2021,6,사상구,주례동,23366.0,53016.0,26523.0,26493.0,8949.0
2021,6,사상구,학장동,12121.0,29157.0,14706.0,14451.0,3725.0
2021,6,사하구,감천동,11727.0,25343.0,12625.0,12718.0,4604.0
2021,6,사하구,괴정동,27006.0,59269.0,28679.0,30590.0,10043.0
2021,6,사하구,구평동,4582.0,11738.0,6015.0,5723.0,1094.0
2021,6,사하구,다대동,29183.0,68037.0,34003.0,34034.0,10357.0
2021,6,사하구,당리동,11371.0,26930.0,13185.0,13745.0,3551.0
2021,6,사하구,신평동,14969.0,33873.0,17362.0,16511.0,5680.0
2021,6,사하구,장림동,16890.0,39721.0,20519.0,19202.0,6005.0
2021,6,사하구,하단동,22802.0,47466.0,23634.0,23832.0,10519.0
2021,6,서구,남부민동,7705.0,14689.0,7524.0,7165.0,3834.0
2021,6,서구,동대신동,10037.0,20543.0,9849.0,10694.0,4447.0
2021,6,서구,서대신동,12801.0,30206.0,14210.0,15996.0,4379.0
2021,6,서구,아미동,3917.0,6858.0,3472.0,3386.0,2328.0
2021,6,서구,암남동,6407.0,13359.0,6618.0,6741.0,3032.0
2021,6,서구,초장동,2623.0,4467.0,2253.0,2214.0,1554.0
2021,6,수영구,광안동,35231.0,68351.0,31791.0,36560.0,17964.0
2021,6,수영구,남천동,11246.0,26500.0,12256.0,14244.0,3745.0
2021,6,수영구,망미동,17395.0,39023.0,18782.0,20241.0,6100.0
2021,6,수영구,민락동,13045.0,28891.0,13933.0,14958.0,4944.0
2021,6,수영구,수영동,7873.0,14974.0,7196.0,7778.0,3852.0
2021,6,연제구,거제동,24778.0,62747.0,30237.0,32510.0,6792.0
2021,6,연제구,연산동,67322.0,144725.0,69580.0,75145.0,27054.0
2021,6,영도구,동삼동,20726.0,42459.0,20884.0,21575.0,9162.0
2021,6,영도구,봉래동,6519.0,13635.0,6708.0,6927.0,2752.0
2021,6,영도구,신선동,4701.0,8697.0,4365.0,4332.0,2378.0
2021,6,영도구,영선동,5801.0,12738.0,6200.0,6538.0,2195.0
2021,6,영도구,청학동,10998.0,24559.0,12196.0,12363.0,4082.0
2021,6,중구,남포동,681.0,1215.0,771.0,444.0,487.0
2021,6,중구,대청동,3579.0,6538.0,3058.0,3480.0,1949.0
2021,6,중구,동광동,1852.0,3111.0,1653.0,1458.0,1237.0
2021,6,중구,보수동,5970.0,10942.0,5268.0,5674.0,3291.0
2021,6,중구,부평동,2826.0,4893.0,2308.0,2585.0,1705.0
2021,6,해운대구,반여동,30705.0,73305.0,36021.0,37284.0,9761.0
2021,6,해운대구,우동,33718.0,83954.0,39961.0,43993.0,10048.0
2021,6,해운대구,재송동,26072.0,63527.0,31130.0,32397.0,8131.0
2021,6,해운대구,좌동,36858.0,90672.0,42415.0,48257.0,11349.0
2021,6,해운대구,중동,19219.0,43774.0,21020.0,22754.0,7336.0
2021,7,강서구,강동동,2541.0,4451.0,2403.0,2048.0,1453.0
2021,7,강서구,명지동,30128.0,82739.0,41428.0,41311.0,6975.0
2021,7,금정구,구서동,21558.0,53683.0,25570.0,28113.0,6007.0
2021,7,금정구,금성동,478.0,1063.0,510.0,553.0,189.0
2021,7,금정구,남산동,14059.0,29989.0,14479.0,15510.0,6026.0
2021,7,금정구,서동,14154.0,26416.0,13249.0,13167.0,7127.0
2021,7,금정구,장전동,22318.0,47120.0,23266.0,23854.0,11223.0
2021,7,기장군,기장읍,25290.0,53184.0,25978.0,27206.0,10934.0
2021,7,기장군,일광읍,10695.0,25792.0,12810.0,12982.0,3353.0
2021,7,기장군,장안읍,4690.0,8912.0,4908.0,4004.0,2555.0
2021,7,기장군,정관읍,31512.0,82737.0,41033.0,41704.0,8823.0
2021,7,기장군,철마면,3871.0,8012.0,4054.0,3958.0,1584.0
2021,7,남구,감만동,9544.0,20321.0,10223.0,10098.0,3789.0
2021,7,남구,대연동,43693.0,97274.0,47683.0,49591.0,19117.0
2021,7,남구,문현동,21643.0,47149.0,23004.0,24145.0,8505.0
2021,7,남구,용당동,3464.0,8441.0,4289.0,4152.0,1141.0
2021,7,남구,용호동,33306.0,83270.0,40316.0,42954.0,9224.0
2021,7,남구,우암동,5760.0,13037.0,6436.0,6601.0,1960.0
2021,7,동구,범일동,12674.0,24463.0,12120.0,12343.0,6276.0
2021,7,동구,수정동,12212.0,23653.0,11347.0,12306.0,5784.0
2021,7,동구,좌천동,5394.0,10954.0,5310.0,5644.0,2328.0
2021,7,동구,초량동,15631.0,30912.0,15210.0,15702.0,8195.0
2021,7,동래구,명륜동,9398.0,25025.0,12284.0,12741.0,2364.0
2021,7,동래구,명장동,12845.0,29349.0,14262.0,15087.0,4265.0
2021,7,동래구,사직동,21840.0,56088.0,27234.0,28854.0,6057.0
2021,7,동래구,안락동,18036.0,42370.0,20694.0,21676.0,5832.0
2021,7,동래구,온천동,34540.0,73937.0,35711.0,38226.0,14608.0
2021,7,부산진구,가야동,17377.0,37099.0,18286.0,18813.0,7381.0
2021,7,부산진구,개금동,26283.0,57434.0,27716.0,29718.0,10479.0
2021,7,부산진구,당감동,20131.0,45351.0,21790.0,23561.0,7094.0
2021,7,부산진구,범천동,17515.0,32743.0,15728.0,17015.0,8929.0
2021,7,부산진구,부암동,16616.0,40672.0,19943.0,20729.0,4985.0
2021,7,부산진구,양정동,16945.0,32986.0,15344.0,17642.0,8544.0
2021,7,부산진구,연지동,8720.0,20875.0,9858.0,11017.0,2616.0
2021,7,부산진구,전포동,23640.0,43480.0,20636.0,22844.0,12985.0
2021,7,부산진구,초읍동,10012.0,22262.0,10755.0,11507.0,3612.0
2021,7,북구,구포동,28472.0,61621.0,31602.0,30019.0,11613.0
2021,7,북구,금곡동,18165.0,38564.0,18667.0,19897.0,7464.0
2021,7,북구,덕천동,18566.0,34907.0,17187.0,17720.0,9377.0
2021,7,북구,만덕동,24889.0,61768.0,30200.0,31568.0,6306.0
2021,7,북구,화명동,31931.0,88987.0,43604.0,45383.0,5972.0
2021,7,사상구,감전동,7241.0,14041.0,7507.0,6534.0,3593.0
2021,7,사상구,괘법동,12464.0,23074.0,11936.0,11138.0,7110.0
2021,7,사상구,덕포동,10013.0,22343.0,11379.0,10964.0,3910.0
2021,7,사상구,모라동,19256.0,39346.0,19399.0,19947.0,8409.0
2021,7,사상구,삼락동,3130.0,6234.0,3361.0,2873.0,1627.0
2021,7,사상구,엄궁동,10594.0,27805.0,13887.0,13918.0,2613.0
2021,7,사상구,주례동,23340.0,52819.0,26415.0,26404.0,8970.0
2021,7,사상구,학장동,12141.0,29148.0,14703.0,14445.0,3731.0
2021,7,사하구,감천동,11712.0,25280.0,12596.0,12684.0,4605.0
2021,7,사하구,괴정동,26997.0,59186.0,28645.0,30541.0,10072.0
2021,7,사하구,구평동,4581.0,11716.0,6004.0,5712.0,1096.0
2021,7,사하구,다대동,29191.0,67891.0,33907.0,33984.0,10406.0
2021,7,사하구,당리동,11364.0,26859.0,13140.0,13719.0,3562.0
2021,7,사하구,신평동,14971.0,33783.0,17300.0,16483.0,5711.0
2021,7,사하구,장림동,16889.0,39624.0,20461.0,19163.0,6013.0
2021,7,사하구,하단동,22884.0,47520.0,23660.0,23860.0,10582.0
2021,7,서구,남부민동,7716.0,14670.0,7513.0,7157.0,3861.0
2021,7,서구,동대신동,10099.0,20651.0,9898.0,10753.0,4486.0
2021,7,서구,서대신동,12797.0,30172.0,14188.0,15984.0,4392.0
2021,7,서구,아미동,3916.0,6826.0,3450.0,3376.0,2342.0
2021,7,서구,암남동,6392.0,13351.0,6613.0,6738.0,3021.0
2021,7,서구,초장동,2617.0,4438.0,2245.0,2193.0,1552.0
2021,7,수영구,광안동,35366.0,68383.0,31787.0,36596.0,18116.0
2021,7,수영구,남천동,11252.0,26452.0,12231.0,14221.0,3763.0
2021,7,수영구,망미동,17420.0,38927.0,18734.0,20193.0,6148.0
2021,7,수영구,민락동,13043.0,28850.0,13890.0,14960.0,4936.0
2021,7,수영구,수영동,7867.0,14956.0,7177.0,7779.0,3857.0
2021,7,연제구,거제동,24780.0,62658.0,30194.0,32464.0,6831.0
2021,7,연제구,연산동,67385.0,144515.0,69443.0,75072.0,27178.0
2021,7,영도구,동삼동,20673.0,42164.0,20730.0,21434.0,9183.0
2021,7,영도구,봉래동,6795.0,14331.0,7042.0,7289.0,2825.0
2021,7,영도구,신선동,4688.0,8637.0,4337.0,4300.0,2387.0
2021,7,영도구,영선동,5785.0,12641.0,6159.0,6482.0,2208.0
2021,7,영도구,청학동,10980.0,24456.0,12144.0,12312.0,4098.0
2021,7,중구,남포동,635.0,1174.0,752.0,422.0,441.0
2021,7,중구,대청동,3521.0,6457.0,3027.0,3430.0,1901.0
2021,7,중구,동광동,1773.0,3025.0,1617.0,1408.0,1162.0
2021,7,중구,보수동,5908.0,10868.0,5242.0,5626.0,3224.0
2021,7,중구,부평동,2718.0,4710.0,2217.0,2493.0,1637.0
2021,7,해운대구,반여동,30690.0,73113.0,35941.0,37172.0,9790.0
2021,7,해운대구,우동,33744.0,83857.0,39918.0,43939.0,10080.0
2021,7,해운대구,재송동,26096.0,63474.0,31103.0,32371.0,8159.0
2021,7,해운대구,좌동,36879.0,90496.0,42306.0,48190.0,11402.0
2021,7,해운대구,중동,19382.0,44091.0,21168.0,22923.0,7408.0
2021,8,강서구,강동동,2532.0,4425.0,2394.0,2031.0,1443.0
2021,8,강서구,명지동,30273.0,82912.0,41519.0,41393.0,7092.0
2021,8,금정구,구서동,21554.0,53613.0,25539.0,28074.0,6022.0
2021,8,금정구,금성동,477.0,1060.0,507.0,553.0,189.0
2021,8,금정구,남산동,14086.0,29916.0,14464.0,15452.0,6066.0
2021,8,금정구,서동,14136.0,26332.0,13204.0,13128.0,7127.0
2021,8,금정구,장전동,22303.0,46967.0,23208.0,23759.0,11224.0
2021,8,기장군,기장읍,25334.0,53258.0,26002.0,27256.0,10977.0
2021,8,기장군,일광읍,10713.0,25902.0,12864.0,13038.0,3333.0
2021,8,기장군,장안읍,4716.0,8926.0,4917.0,4009.0,2579.0
2021,8,기장군,정관읍,31605.0,82733.0,41022.0,41711.0,8912.0
2021,8,기장군,철마면,3873.0,7993.0,4047.0,3946.0,1589.0
2021,8,남구,감만동,9517.0,20199.0,10162.0,10037.0,3801.0
2021,8,남구,대연동,43660.0,97175.0,47614.0,49561.0,19088.0
2021,8,남구,문현동,21636.0,47029.0,22932.0,24097.0,8531.0
2021,8,남구,용당동,3481.0,8437.0,4290.0,4147.0,1165.0
2021,8,남구,용호동,33322.0,83206.0,40252.0,42954.0,9232.0
2021,8,남구,우암동,5768.0,13039.0,6442.0,6597.0,1971.0
2021,8,동구,범일동,12638.0,24300.0,12020.0,12280.0,6288.0
2021,8,동구,수정동,12208.0,23615.0,11330.0,12285.0,5798.0
2021,8,동구,좌천동,5374.0,10910.0,5282.0,5628.0,2319.0
2021,8,동구,초량동,15710.0,30988.0,15249.0,15739.0,8258.0
2021,8,동래구,명륜동,9411.0,25009.0,12280.0,12729.0,2380.0
2021,8,동래구,명장동,12830.0,29302.0,14233.0,15069.0,4259.0
2021,8,동래구,사직동,21854.0,56026.0,27210.0,28816.0,6073.0
2021,8,동래구,안락동,18052.0,42306.0,20665.0,21641.0,5875.0
2021,8,동래구,온천동,34577.0,73791.0,35643.0,38148.0,14685.0
2021,8,부산진구,가야동,17395.0,37003.0,18228.0,18775.0,7435.0
2021,8,부산진구,개금동,26312.0,57307.0,27662.0,29645.0,10530.0
2021,8,부산진구,당감동,20140.0,45248.0,21724.0,23524.0,7121.0
2021,8,부산진구,범천동,17558.0,32760.0,15722.0,17038.0,8969.0
2021,8,부산진구,부암동,16639.0,40668.0,19949.0,20719.0,5011.0
2021,8,부산진구,양정동,16893.0,32788.0,15258.0,17530.0,8547.0
2021,8,부산진구,연지동,8729.0,20855.0,9849.0,11006.0,2622.0
2021,8,부산진구,전포동,23597.0,43370.0,20570.0,22800.0,12956.0
2021,8,부산진구,초읍동,9985.0,22210.0,10725.0,11485.0,3589.0
2021,8,북구,구포동,28701.0,61970.0,31751.0,30219.0,11707.0
2021,8,북구,금곡동,18146.0,38468.0,18601.0,19867.0,7461.0
2021,8,북구,덕천동,18466.0,34560.0,17022.0,17538.0,9373.0
2021,8,북구,만덕동,25046.0,62030.0,30332.0,31698.0,6355.0
2021,8,북구,화명동,31977.0,88900.0,43554.0,45346.0,6009.0
2021,8,사상구,감전동,7246.0,14012.0,7490.0,6522.0,3614.0
2021,8,사상구,괘법동,12510.0,23066.0,11947.0,11119.0,7160.0
2021,8,사상구,덕포동,10020.0,22304.0,11353.0,10951.0,3933.0
2021,8,사상구,모라동,19274.0,39244.0,19341.0,19903.0,8464.0
2021,8,사상구,삼락동,3132.0,6218.0,3348.0,2870.0,1637.0
2021,8,사상구,엄궁동,10598.0,27767.0,13872.0,13895.0,2604.0
2021,8,사상구,주례동,23379.0,52726.0,26361.0,26365.0,9009.0
2021,8,사상구,학장동,12145.0,29064.0,14664.0,14400.0,3766.0
2021,8,사하구,감천동,11698.0,25188.0,12546.0,12642.0,4610.0
2021,8,사하구,괴정동,26966.0,59043.0,28564.0,30479.0,10087.0
2021,8,사하구,구평동,4592.0,11731.0,6014.0,5717.0,1112.0
2021,8,사하구,다대동,29148.0,67698.0,33804.0,33894.0,10412.0
2021,8,사하구,당리동,11367.0,26778.0,13110.0,13668.0,3594.0
2021,8,사하구,신평동,14966.0,33720.0,17263.0,16457.0,5728.0
2021,8,사하구,장림동,16874.0,39508.0,20405.0,19103.0,6011.0
2021,8,사하구,하단동,22936.0,47480.0,23631.0,23849.0,10639.0
2021,8,서구,남부민동,7700.0,14622.0,7498.0,7124.0,3861.0
2021,8,서구,동대신동,10176.0,20751.0,9941.0,10810.0,4543.0
2021,8,서구,서대신동,12774.0,30117.0,14168.0,15949.0,4375.0
2021,8,서구,아미동,3912.0,6799.0,3441.0,3358.0,2356.0
2021,8,서구,암남동,6388.0,13330.0,6611.0,6719.0,3030.0
2021,8,서구,초장동,2611.0,4415.0,2232.0,2183.0,1554.0
2021,8,수영구,광안동,35490.0,68357.0,31739.0,36618.0,18295.0
2021,8,수영구,남천동,11225.0,26383.0,12214.0,14169.0,3746.0
2021,8,수영구,망미동,17444.0,38880.0,18723.0,20157.0,6184.0
2021,8,수영구,민락동,13054.0,28843.0,13913.0,14930.0,4949.0
2021,8,수영구,수영동,7870.0,14961.0,7183.0,7778.0,3858.0
2021,8,연제구,거제동,24801.0,62567.0,30139.0,32428.0,6856.0
2021,8,연제구,연산동,67391.0,144297.0,69305.0,74992.0,27247.0
2021,8,영도구,동삼동,20689.0,42087.0,20695.0,21392.0,9223.0
2021,8,영도구,봉래동,6916.0,14608.0,7174.0,7434.0,2856.0
2021,8,영도구,신선동,4663.0,8563.0,4305.0,4258.0,2380.0
2021,8,영도구,영선동,5793.0,12628.0,6150.0,6478.0,2220.0
2021,8,영도구,청학동,10931.0,24266.0,12034.0,12232.0,4109.0
2021,8,중구,남포동,635.0,1184.0,762.0,422.0,441.0
2021,8,중구,대청동,3517.0,6434.0,3015.0,3419.0,1904.0
2021,8,중구,동광동,1762.0,3022.0,1618.0,1404.0,1147.0
2021,8,중구,보수동,5926.0,10880.0,5244.0,5636.0,3236.0
2021,8,중구,부평동,2735.0,4738.0,2237.0,2501.0,1647.0
2021,8,해운대구,반여동,30657.0,72893.0,35816.0,37077.0,9806.0
2021,8,해운대구,우동,33767.0,83871.0,39919.0,43952.0,10100.0
2021,8,해운대구,재송동,26093.0,63373.0,31067.0,32306.0,8175.0
2021,8,해운대구,좌동,36916.0,90413.0,42271.0,48142.0,11462.0
2021,8,해운대구,중동,19499.0,44278.0,21261.0,23017.0,7459.0
2021,9,강서구,강동동,2531.0,4403.0,2387.0,2016.0,1447.0
2021,9,강서구,명지동,30419.0,83189.0,41680.0,41509.0,7193.0
2021,9,금정구,구서동,21534.0,53461.0,25445.0,28016.0,6025.0
2021,9,금정구,금성동,476.0,1062.0,507.0,555.0,186.0
2021,9,금정구,남산동,14099.0,29790.0,14418.0,15372.0,6113.0
2021,9,금정구,서동,14131.0,26259.0,13172.0,13087.0,7152.0
2021,9,금정구,장전동,22323.0,46854.0,23194.0,23660.0,11273.0
2021,9,기장군,기장읍,25375.0,53249.0,25997.0,27252.0,11009.0
2021,9,기장군,일광읍,10738.0,25975.0,12882.0,13093.0,3330.0
2021,9,기장군,장안읍,4720.0,8918.0,4923.0,3995.0,2581.0
2021,9,기장군,정관읍,31662.0,82707.0,40984.0,41723.0,8949.0
2021,9,기장군,철마면,3874.0,7991.0,4051.0,3940.0,1589.0
2021,9,남구,감만동,9514.0,20136.0,10140.0,9996.0,3821.0
2021,9,남구,대연동,43785.0,97072.0,47572.0,49500.0,19266.0
2021,9,남구,문현동,21631.0,46920.0,22866.0,24054.0,8572.0
2021,9,남구,용당동,3487.0,8455.0,4293.0,4162.0,1163.0
2021,9,남구,용호동,33311.0,83029.0,40115.0,42914.0,9272.0
2021,9,남구,우암동,5766.0,13003.0,6426.0,6577.0,1981.0
2021,9,동구,범일동,12612.0,24150.0,11957.0,12193.0,6311.0
2021,9,동구,수정동,12184.0,23528.0,11279.0,12249.0,5799.0
2021,9,동구,좌천동,5385.0,10925.0,5294.0,5631.0,2329.0
2021,9,동구,초량동,15733.0,30999.0,15247.0,15752.0,8272.0
2021,9,동래구,명륜동,9429.0,25007.0,12286.0,12721.0,2399.0
2021,9,동래구,명장동,12819.0,29275.0,14221.0,15054.0,4243.0
2021,9,동래구,사직동,21886.0,56032.0,27192.0,28840.0,6075.0
2021,9,동래구,안락동,18038.0,42188.0,20599.0,21589.0,5885.0
2021,9,동래구,온천동,34609.0,73708.0,35608.0,38100.0,14752.0
2021,9,부산진구,가야동,17409.0,36928.0,18177.0,18751.0,7469.0
2021,9,부산진구,개금동,26361.0,57233.0,27590.0,29643.0,10610.0
2021,9,부산진구,당감동,20160.0,45212.0,21689.0,23523.0,7152.0
2021,9,부산진구,범천동,17569.0,32729.0,15682.0,17047.0,8979.0
2021,9,부산진구,부암동,16711.0,40705.0,19957.0,20748.0,5067.0
2021,9,부산진구,양정동,16833.0,32616.0,15168.0,17448.0,8529.0
2021,9,부산진구,연지동,8709.0,20782.0,9802.0,10980.0,2614.0
2021,9,부산진구,전포동,23561.0,43222.0,20481.0,22741.0,12975.0
2021,9,부산진구,초읍동,10030.0,22268.0,10730.0,11538.0,3608.0
2021,9,북구,구포동,28890.0,62250.0,31880.0,30370.0,11807.0
2021,9,북구,금곡동,18145.0,38379.0,18539.0,19840.0,7478.0
2021,9,북구,덕천동,18434.0,34427.0,16956.0,17471.0,9384.0
2021,9,북구,만덕동,25105.0,62120.0,30370.0,31750.0,6367.0
2021,9,북구,화명동,32102.0,88945.0,43570.0,45375.0,6099.0
2021,9,사상구,감전동,7222.0,13924.0,7439.0,6485.0,3620.0
2021,9,사상구,괘법동,12558.0,23078.0,11958.0,11120.0,7203.0
2021,9,사상구,덕포동,10017.0,22299.0,11362.0,10937.0,3938.0
2021,9,사상구,모라동,19262.0,39147.0,19285.0,19862.0,8484.0
2021,9,사상구,삼락동,3146.0,6221.0,3353.0,2868.0,1653.0
2021,9,사상구,엄궁동,10589.0,27668.0,13829.0,13839.0,2623.0
2021,9,사상구,주례동,23374.0,52527.0,26280.0,26247.0,9029.0
2021,9,사상구,학장동,12137.0,28992.0,14625.0,14367.0,3778.0
2021,9,사하구,감천동,11654.0,25036.0,12458.0,12578.0,4607.0
2021,9,사하구,괴정동,26970.0,58940.0,28488.0,30452.0,10099.0
2021,9,사하구,구평동,4966.0,12507.0,6419.0,6088.0,1264.0
2021,9,사하구,다대동,29107.0,67493.0,33683.0,33810.0,10419.0
2021,9,사하구,당리동,11384.0,26752.0,13096.0,13656.0,3620.0
2021,9,사하구,신평동,14967.0,33619.0,17223.0,16396.0,5748.0
2021,9,사하구,장림동,16857.0,39361.0,20329.0,19032.0,6018.0
2021,9,사하구,하단동,22988.0,47446.0,23632.0,23814.0,10704.0
2021,9,서구,남부민동,7665.0,14507.0,7425.0,7082.0,3862.0
2021,9,서구,동대신동,10189.0,20754.0,9944.0,10810.0,4557.0
2021,9,서구,서대신동,12770.0,30065.0,14145.0,15920.0,4385.0
2021,9,서구,아미동,3910.0,6786.0,3432.0,3354.0,2359.0
2021,9,서구,암남동,6372.0,13293.0,6604.0,6689.0,3024.0
2021,9,서구,초장동,2606.0,4397.0,2225.0,2172.0,1551.0
2021,9,수영구,광안동,35716.0,68588.0,31831.0,36757.0,18506.0
2021,9,수영구,남천동,11245.0,26341.0,12183.0,14158.0,3779.0
2021,9,수영구,망미동,17434.0,38806.0,18702.0,20104.0,6184.0
2021,9,수영구,민락동,13066.0,28842.0,13906.0,14936.0,4964.0
2021,9,수영구,수영동,7882.0,14943.0,7175.0,7768.0,3877.0
2021,9,연제구,거제동,24807.0,62433.0,30079.0,32354.0,6883.0
2021,9,연제구,연산동,67429.0,144191.0,69286.0,74905.0,27324.0
2021,9,영도구,동삼동,20689.0,41895.0,20599.0,21296.0,9287.0
2021,9,영도구,봉래동,6965.0,14688.0,7219.0,7469.0,2890.0
2021,9,영도구,신선동,4649.0,8527.0,4283.0,4244.0,2376.0
2021,9,영도구,영선동,5775.0,12579.0,6111.0,6468.0,2205.0
2021,9,영도구,청학동,10943.0,24241.0,12011.0,12230.0,4134.0
2021,9,중구,남포동,632.0,1178.0,763.0,415.0,440.0
2021,9,중구,대청동,3518.0,6416.0,3008.0,3408.0,1910.0
2021,9,중구,동광동,1760.0,3019.0,1615.0,1404.0,1150.0
2021,9,중구,보수동,5927.0,10853.0,5235.0,5618.0,3247.0
2021,9,중구,부평동,2743.0,4717.0,2231.0,2486.0,1660.0
2021,9,해운대구,반여동,30643.0,72742.0,35743.0,36999.0,9830.0
2021,9,해운대구,우동,33775.0,83687.0,39818.0,43869.0,10144.0
2021,9,해운대구,재송동,26126.0,63306.0,31017.0,32289.0,8216.0
2021,9,해운대구,좌동,36988.0,90355.0,42232.0,48123.0,11534.0
2021,9,해운대구,중동,19544.0,44322.0,21290.0,23032.0,7479.0
2021,10,강서구,강동동,2532.0,4378.0,2378.0,2000.0,1457.0
2021,10,강서구,명지동,30578.0,83454.0,41819.0,41635.0,7282.0
2021,10,금정구,구서동,21592.0,53460.0,25446.0,28014.0,6101.0
2021,10,금정구,금성동,475.0,1062.0,511.0,551.0,186.0
2021,10,금정구,남산동,14178.0,30054.0,14449.0,15605.0,6187.0
2021,10,금정구,서동,14134.0,26206.0,13144.0,13062.0,7177.0
2021,10,금정구,장전동,22510.0,47207.0,23316.0,23891.0,11475.0
2021,10,기장군,기장읍,25398.0,53220.0,25974.0,27246.0,11040.0
2021,10,기장군,일광읍,10743.0,25992.0,12892.0,13100.0,3315.0
2021,10,기장군,장안읍,4713.0,8892.0,4910.0,3982.0,2588.0
2021,10,기장군,정관읍,31709.0,82744.0,40972.0,41772.0,8987.0
2021,10,기장군,철마면,3871.0,7974.0,4042.0,3932.0,1586.0
2021,10,남구,감만동,9497.0,20072.0,10101.0,9971.0,3826.0
2021,10,남구,대연동,44052.0,97370.0,47736.0,49634.0,19543.0
2021,10,남구,문현동,21612.0,46822.0,22812.0,24010.0,8567.0
2021,10,남구,용당동,3502.0,8475.0,4302.0,4173.0,1166.0
2021,10,남구,용호동,33375.0,82996.0,40052.0,42944.0,9354.0
2021,10,남구,우암동,5755.0,12948.0,6392.0,6556.0,1980.0
2021,10,동구,범일동,12599.0,24082.0,11941.0,12141.0,6331.0
2021,10,동구,수정동,12190.0,23500.0,11270.0,12230.0,5821.0
2021,10,동구,좌천동,5388.0,10887.0,5277.0,5610.0,2350.0
2021,10,동구,초량동,15869.0,31148.0,15334.0,15814.0,8395.0
2021,10,동래구,명륜동,9414.0,24978.0,12283.0,12695.0,2394.0
2021,10,동래구,명장동,12845.0,29237.0,14194.0,15043.0,4287.0
2021,10,동래구,사직동,21903.0,55973.0,27171.0,28802.0,6109.0
2021,10,동래구,안락동,18045.0,42158.0,20578.0,21580.0,5889.0
2021,10,동래구,온천동,34688.0,73729.0,35610.0,38119.0,14842.0
2021,10,부산진구,가야동,17463.0,36956.0,18183.0,18773.0,7524.0
2021,10,부산진구,개금동,26379.0,57162.0,27551.0,29611.0,10645.0
2021,10,부산진구,당감동,20157.0,45134.0,21648.0,23486.0,7174.0
2021,10,부산진구,범천동,17570.0,32738.0,15688.0,17050.0,8974.0
2021,10,부산진구,부암동,16753.0,40696.0,19938.0,20758.0,5116.0
2021,10,부산진구,양정동,16857.0,32531.0,15116.0,17415.0,8598.0
2021,10,부산진구,연지동,8687.0,20743.0,9784.0,10959.0,2595.0
2021,10,부산진구,전포동,23563.0,43178.0,20441.0,22737.0,12981.0
2021,10,부산진구,초읍동,10056.0,22306.0,10734.0,11572.0,3642.0
2021,10,북구,구포동,28983.0,62330.0,31896.0,30434.0,11865.0
2021,10,북구,금곡동,18157.0,38349.0,18515.0,19834.0,7487.0
2021,10,북구,덕천동,18408.0,34344.0,16922.0,17422.0,9380.0
2021,10,북구,만덕동,25157.0,62112.0,30352.0,31760.0,6377.0
2021,10,북구,화명동,32245.0,89003.0,43574.0,45429.0,6215.0
2021,10,사상구,감전동,7226.0,13901.0,7431.0,6470.0,3636.0
2021,10,사상구,괘법동,12645.0,23219.0,12003.0,11216.0,7291.0
2021,10,사상구,덕포동,10040.0,22289.0,11363.0,10926.0,3961.0
2021,10,사상구,모라동,19264.0,39068.0,19229.0,19839.0,8501.0
2021,10,사상구,삼락동,3151.0,6224.0,3350.0,2874.0,1655.0
2021,10,사상구,엄궁동,10603.0,27630.0,13802.0,13828.0,2637.0
2021,10,사상구,주례동,23439.0,52669.0,26334.0,26335.0,9112.0
2021,10,사상구,학장동,12137.0,28940.0,14588.0,14352.0,3791.0
2021,10,사하구,감천동,11628.0,24932.0,12398.0,12534.0,4602.0
2021,10,사하구,괴정동,27009.0,58886.0,28458.0,30428.0,10162.0
2021,10,사하구,구평동,5138.0,12862.0,6585.0,6277.0,1331.0
2021,10,사하구,다대동,29098.0,67320.0,33586.0,33734.0,10447.0
2021,10,사하구,당리동,11399.0,26729.0,13084.0,13645.0,3633.0
2021,10,사하구,신평동,14973.0,33552.0,17206.0,16346.0,5771.0
2021,10,사하구,장림동,16873.0,39314.0,20289.0,19025.0,6033.0
2021,10,사하구,하단동,23056.0,47496.0,23653.0,23843.0,10759.0
2021,10,서구,남부민동,7636.0,14446.0,7395.0,7051.0,3849.0
2021,10,서구,동대신동,10230.0,20804.0,9960.0,10844.0,4580.0
2021,10,서구,서대신동,12774.0,30021.0,14120.0,15901.0,4395.0
2021,10,서구,아미동,3890.0,6734.0,3407.0,3327.0,2349.0
2021,10,서구,암남동,6373.0,13266.0,6606.0,6660.0,3028.0
2021,10,서구,초장동,2605.0,4384.0,2217.0,2167.0,1554.0
2021,10,수영구,광안동,35855.0,68618.0,31814.0,36804.0,18662.0
2021,10,수영구,남천동,11255.0,26351.0,12194.0,14157.0,3778.0
2021,10,수영구,망미동,17427.0,38698.0,18656.0,20042.0,6214.0
2021,10,수영구,민락동,13137.0,28932.0,13961.0,14971.0,5007.0
2021,10,수영구,수영동,7899.0,14938.0,7160.0,7778.0,3906.0
2021,10,연제구,거제동,24838.0,62419.0,30069.0,32350.0,6920.0
2021,10,연제구,연산동,67613.0,144166.0,69280.0,74886.0,27552.0
2021,10,영도구,동삼동,20678.0,41802.0,20548.0,21254.0,9318.0
2021,10,영도구,봉래동,7007.0,14729.0,7235.0,7494.0,2916.0
2021,10,영도구,신선동,4628.0,8486.0,4256.0,4230.0,2365.0
2021,10,영도구,영선동,5780.0,12565.0,6107.0,6458.0,2218.0
2021,10,영도구,청학동,10945.0,24174.0,11976.0,12198.0,4162.0
2021,10,중구,남포동,632.0,1177.0,764.0,413.0,440.0
2021,10,중구,대청동,3528.0,6404.0,3002.0,3402.0,1931.0
2021,10,중구,동광동,1750.0,3005.0,1610.0,1395.0,1144.0
2021,10,중구,보수동,5941.0,10844.0,5224.0,5620.0,3271.0
2021,10,중구,부평동,2748.0,4725.0,2242.0,2483.0,1666.0
2021,10,해운대구,반여동,30671.0,72661.0,35672.0,36989.0,9883.0
2021,10,해운대구,우동,33783.0,83696.0,39795.0,43901.0,10158.0
2021,10,해운대구,재송동,26128.0,63232.0,31004.0,32228.0,8252.0
2021,10,해운대구,좌동,37054.0,90371.0,42187.0,48184.0,11597.0
2021,10,해운대구,중동,19584.0,44330.0,21303.0,23027.0,7523.0
2022,5,강서구,강동동,2534.0,4302.0,2329.0,1973.0,1479.0
2022,5,강서구,명지동,31415.0,84518.0,42292.0,42226.0,7914.0
2022,5,금정구,구서동,21361.0,52186.0,24827.0,27359.0,6148.0
2022,5,금정구,금성동,472.0,1030.0,495.0,535.0,193.0
2022,5,금정구,남산동,14208.0,29331.0,14142.0,15189.0,6445.0
2022,5,금정구,서동,13975.0,25496.0,12813.0,12683.0,7220.0
2022,5,금정구,장전동,22616.0,46473.0,22993.0,23480.0,11841.0
2022,5,기장군,기장읍,25786.0,53308.0,25992.0,27316.0,11422.0
2022,5,기장군,일광읍,10723.0,25903.0,12815.0,13088.0,3341.0
2022,5,기장군,장안읍,4720.0,8876.0,4922.0,3954.0,2608.0
2022,5,기장군,정관읍,31950.0,82535.0,40920.0,41615.0,9253.0
2022,5,기장군,철마면,3914.0,7936.0,4042.0,3894.0,1630.0
2022,5,남구,감만동,9388.0,19540.0,9834.0,9706.0,3873.0
2022,5,남구,대연동,44703.0,96965.0,47599.0,49366.0,20455.0
2022,5,남구,문현동,21744.0,46462.0,22630.0,23832.0,8805.0
2022,5,남구,용당동,3481.0,8391.0,4224.0,4167.0,1152.0
2022,5,남구,용호동,33343.0,81948.0,39475.0,42473.0,9577.0
2022,5,남구,우암동,5747.0,12753.0,6283.0,6470.0,2015.0
2022,5,동구,범일동,12929.0,24116.0,11922.0,12194.0,6687.0
2022,5,동구,수정동,12146.0,23114.0,11084.0,12030.0,5891.0
2022,5,동구,좌천동,5835.0,11801.0,5723.0,6078.0,2522.0
2022,5,동구,초량동,16060.0,31277.0,15363.0,15914.0,8558.0
2022,5,동래구,명륜동,9375.0,24499.0,12036.0,12463.0,2478.0
2022,5,동래구,명장동,12815.0,28687.0,13911.0,14776.0,4403.0
2022,5,동래구,사직동,21523.0,54201.0,26299.0,27902.0,6240.0
2022,5,동래구,안락동,17948.0,41351.0,20205.0,21146.0,5989.0
2022,5,동래구,온천동,39302.0,84839.0,40808.0,44031.0,16358.0
2022,5,부산진구,가야동,17413.0,36456.0,18004.0,18452.0,7626.0
2022,5,부산진구,개금동,26421.0,56355.0,27145.0,29210.0,10910.0
2022,5,부산진구,당감동,20138.0,44507.0,21343.0,23164.0,7327.0
2022,5,부산진구,범천동,17538.0,32315.0,15430.0,16885.0,9083.0
2022,5,부산진구,부암동,17077.0,40616.0,19805.0,20811.0,5459.0
2022,5,부산진구,양정동,16743.0,31805.0,14807.0,16998.0,8710.0
2022,5,부산진구,연지동,8672.0,20519.0,9704.0,10815.0,2661.0
2022,5,부산진구,전포동,23640.0,42785.0,20208.0,22577.0,13235.0
2022,5,부산진구,초읍동,9973.0,21901.0,10522.0,11379.0,3672.0
2022,5,북구,구포동,29283.0,61929.0,31621.0,30308.0,12247.0
2022,5,북구,금곡동,18111.0,37791.0,18265.0,19526.0,7582.0
2022,5,북구,덕천동,18370.0,33752.0,16591.0,17161.0,9534.0
2022,5,북구,만덕동,25333.0,61687.0,30167.0,31520.0,6626.0
2022,5,북구,화명동,32233.0,87796.0,42847.0,44949.0,6362.0
2022,5,사상구,감전동,7216.0,13644.0,7289.0,6355.0,3692.0
2022,5,사상구,괘법동,13072.0,23383.0,12071.0,11312.0,7767.0
2022,5,사상구,덕포동,9983.0,21917.0,11153.0,10764.0,3965.0
2022,5,사상구,모라동,19171.0,38366.0,18865.0,19501.0,8594.0
2022,5,사상구,삼락동,3111.0,6090.0,3264.0,2826.0,1653.0
2022,5,사상구,엄궁동,10485.0,26913.0,13440.0,13473.0,2664.0
2022,5,사상구,주례동,23435.0,51974.0,25921.0,26053.0,9277.0
2022,5,사상구,학장동,12145.0,28576.0,14357.0,14219.0,3886.0
2022,5,사하구,감천동,11531.0,24282.0,12046.0,12236.0,4701.0
2022,5,사하구,괴정동,27461.0,59128.0,28498.0,30630.0,10570.0
2022,5,사하구,구평동,5208.0,13040.0,6675.0,6365.0,1328.0
2022,5,사하구,다대동,29095.0,66070.0,32932.0,33138.0,10807.0
2022,5,사하구,당리동,11361.0,26185.0,12763.0,13422.0,3737.0
2022,5,사하구,신평동,15807.0,35010.0,17942.0,17068.0,6142.0
2022,5,사하구,장림동,16834.0,38697.0,19919.0,18778.0,6131.0
2022,5,사하구,하단동,23510.0,47306.0,23624.0,23682.0,11356.0
2022,5,서구,남부민동,7562.0,14158.0,7264.0,6894.0,3863.0
2022,5,서구,동대신동,10307.0,20642.0,9887.0,10755.0,4742.0
2022,5,서구,서대신동,12642.0,29417.0,13838.0,15579.0,4414.0
2022,5,서구,아미동,3824.0,6471.0,3270.0,3201.0,2376.0
2022,5,서구,암남동,6293.0,13030.0,6468.0,6562.0,3011.0
2022,5,서구,초장동,2541.0,4219.0,2139.0,2080.0,1537.0
2022,5,수영구,광안동,36617.0,68648.0,31703.0,36945.0,19568.0
2022,5,수영구,남천동,11350.0,26129.0,12117.0,14012.0,3954.0
2022,5,수영구,망미동,17381.0,38032.0,18258.0,19774.0,6390.0
2022,5,수영구,민락동,13359.0,28858.0,13933.0,14925.0,5334.0
2022,5,수영구,수영동,7877.0,14683.0,7029.0,7654.0,3955.0
2022,5,연제구,거제동,24678.0,61209.0,29399.0,31810.0,7025.0
2022,5,연제구,연산동,69445.0,146383.0,70317.0,76066.0,28743.0
2022,5,영도구,동삼동,20595.0,41128.0,20196.0,20932.0,9462.0
2022,5,영도구,봉래동,7036.0,14719.0,7252.0,7467.0,2928.0
2022,5,영도구,신선동,4549.0,8199.0,4105.0,4094.0,2379.0
2022,5,영도구,영선동,5720.0,12270.0,5977.0,6293.0,2244.0
2022,5,영도구,청학동,10829.0,23608.0,11653.0,11955.0,4179.0
2022,5,중구,남포동,623.0,1136.0,751.0,385.0,446.0
2022,5,중구,대청동,3517.0,6283.0,2924.0,3359.0,1971.0
2022,5,중구,동광동,1711.0,2935.0,1590.0,1345.0,1114.0
2022,5,중구,보수동,6029.0,10756.0,5165.0,5591.0,3393.0
2022,5,중구,부평동,2769.0,4755.0,2234.0,2521.0,1696.0
2022,5,해운대구,반여동,30489.0,71269.0,34987.0,36282.0,10038.0
2022,5,해운대구,우동,33727.0,82963.0,39402.0,43561.0,10255.0
2022,5,해운대구,재송동,26101.0,62379.0,30548.0,31831.0,8462.0
2022,5,해운대구,좌동,37090.0,89290.0,41691.0,47599.0,11873.0
2022,5,해운대구,중동,19898.0,44674.0,21457.0,23217.0,7780.0
2022,6,강서구,강동동,2539.0,4304.0,2333.0,1971.0,1483.0
2022,6,강서구,명지동,31509.0,84627.0,42344.0,42283.0,7968.0
2022,6,금정구,구서동,21354.0,52146.0,24812.0,27334.0,6141.0
2022,6,금정구,금성동,468.0,1020.0,487.0,533.0,190.0
2022,6,금정구,남산동,14207.0,29281.0,14112.0,15169.0,6463.0
2022,6,금정구,서동,13981.0,25441.0,12773.0,12668.0,7237.0
2022,6,금정구,장전동,22703.0,46498.0,23003.0,23495.0,11934.0
2022,6,기장군,기장읍,25755.0,53068.0,25888.0,27180.0,11453.0
2022,6,기장군,일광읍,11101.0,26570.0,13129.0,13441.0,3570.0
2022,6,기장군,장안읍,4716.0,8847.0,4913.0,3934.0,2612.0
2022,6,기장군,정관읍,31993.0,82498.0,40910.0,41588.0,9274.0
2022,6,기장군,철마면,3907.0,7900.0,4027.0,3873.0,1631.0
2022,6,남구,감만동,9325.0,19408.0,9752.0,9656.0,3831.0
2022,6,남구,대연동,44800.0,96895.0,47560.0,49335.0,20591.0
2022,6,남구,문현동,21857.0,46562.0,22697.0,23865.0,8900.0
2022,6,남구,용당동,3485.0,8365.0,4214.0,4151.0,1159.0
2022,6,남구,용호동,33344.0,81752.0,39368.0,42384.0,9620.0
2022,6,남구,우암동,5733.0,12693.0,6251.0,6442.0,2009.0
2022,6,동구,범일동,12924.0,24090.0,11894.0,12196.0,6706.0
2022,6,동구,수정동,12140.0,23072.0,11076.0,11996.0,5901.0
2022,6,동구,좌천동,5871.0,11851.0,5743.0,6108.0,2534.0
2022,6,동구,초량동,16089.0,31283.0,15355.0,15928.0,8602.0
2022,6,동래구,명륜동,9352.0,24466.0,12007.0,12459.0,2465.0
2022,6,동래구,명장동,12854.0,28689.0,13893.0,14796.0,4453.0
2022,6,동래구,사직동,21490.0,53999.0,26171.0,27828.0,6277.0
2022,6,동래구,안락동,17950.0,41253.0,20128.0,21125.0,6017.0
2022,6,동래구,온천동,39508.0,85207.0,40970.0,44237.0,16448.0
2022,6,부산진구,가야동,17431.0,36407.0,17967.0,18440.0,7670.0
2022,6,부산진구,개금동,26425.0,56259.0,27086.0,29173.0,10948.0
2022,6,부산진구,당감동,20125.0,44447.0,21292.0,23155.0,7318.0
2022,6,부산진구,범천동,17600.0,32382.0,15465.0,16917.0,9139.0
2022,6,부산진구,부암동,17102.0,40636.0,19801.0,20835.0,5469.0
2022,6,부산진구,양정동,16779.0,31784.0,14775.0,17009.0,8758.0
2022,6,부산진구,연지동,8660.0,20470.0,9683.0,10787.0,2662.0
2022,6,부산진구,전포동,23633.0,42730.0,20191.0,22539.0,13236.0
2022,6,부산진구,초읍동,9984.0,21890.0,10519.0,11371.0,3692.0
2022,6,북구,구포동,29268.0,61781.0,31534.0,30247.0,12263.0
2022,6,북구,금곡동,18106.0,37733.0,18224.0,19509.0,7587.0
2022,6,북구,덕천동,18340.0,33636.0,16555.0,17081.0,9530.0
2022,6,북구,만덕동,25519.0,61940.0,30283.0,31657.0,6741.0
2022,6,북구,화명동,32236.0,87663.0,42786.0,44877.0,6372.0
2022,6,사상구,감전동,7222.0,13638.0,7282.0,6356.0,3695.0
2022,6,사상구,괘법동,13150.0,23465.0,12115.0,11350.0,7832.0
2022,6,사상구,덕포동,10007.0,21910.0,11132.0,10778.0,3989.0
2022,6,사상구,모라동,19154.0,38295.0,18851.0,19444.0,8598.0
2022,6,사상구,삼락동,3100.0,6069.0,3247.0,2822.0,1648.0
2022,6,사상구,엄궁동,10476.0,26806.0,13381.0,13425.0,2684.0
2022,6,사상구,주례동,23459.0,51929.0,25907.0,26022.0,9294.0
2022,6,사상구,학장동,12134.0,28493.0,14305.0,14188.0,3887.0
2022,6,사하구,감천동,11532.0,24224.0,12020.0,12204.0,4713.0
2022,6,사하구,괴정동,27521.0,59165.0,28511.0,30654.0,10599.0
2022,6,사하구,구평동,5211.0,13076.0,6688.0,6388.0,1317.0
2022,6,사하구,다대동,29119.0,65955.0,32892.0,33063.0,10852.0
2022,6,사하구,당리동,11361.0,26148.0,12764.0,13384.0,3728.0
2022,6,사하구,신평동,15829.0,35050.0,17963.0,17087.0,6129.0
2022,6,사하구,장림동,16852.0,38655.0,19907.0,18748.0,6163.0
2022,6,사하구,하단동,23566.0,47310.0,23624.0,23686.0,11418.0
2022,6,서구,남부민동,7567.0,14137.0,7248.0,6889.0,3871.0
2022,6,서구,동대신동,10305.0,20613.0,9875.0,10738.0,4734.0
2022,6,서구,서대신동,12661.0,29386.0,13807.0,15579.0,4430.0
2022,6,서구,아미동,3811.0,6443.0,3257.0,3186.0,2373.0
2022,6,서구,암남동,6304.0,13026.0,6456.0,6570.0,3027.0
2022,6,서구,초장동,2531.0,4187.0,2122.0,2065.0,1540.0
2022,6,수영구,광안동,36785.0,68728.0,31771.0,36957.0,19751.0
2022,6,수영구,남천동,11367.0,26145.0,12105.0,14040.0,3990.0
2022,6,수영구,망미동,17400.0,37993.0,18228.0,19765.0,6416.0
2022,6,수영구,민락동,13394.0,28843.0,13922.0,14921.0,5396.0
2022,6,수영구,수영동,7883.0,14689.0,7034.0,7655.0,3965.0
2022,6,연제구,거제동,24663.0,61028.0,29315.0,31713.0,7072.0
2022,6,연제구,연산동,69519.0,146397.0,70307.0,76090.0,28819.0
2022,6,영도구,동삼동,20757.0,41408.0,20326.0,21082.0,9549.0
2022,6,영도구,봉래동,7029.0,14652.0,7218.0,7434.0,2940.0
2022,6,영도구,신선동,4552.0,8172.0,4100.0,4072.0,2392.0
2022,6,영도구,영선동,5716.0,12244.0,5968.0,6276.0,2245.0
2022,6,영도구,청학동,10818.0,23522.0,11602.0,11920.0,4187.0
2022,6,중구,남포동,624.0,1133.0,752.0,381.0,448.0
2022,6,중구,대청동,3522.0,6281.0,2928.0,3353.0,1974.0
2022,6,중구,동광동,1706.0,2914.0,1577.0,1337.0,1115.0
2022,6,중구,보수동,6043.0,10762.0,5165.0,5597.0,3418.0
2022,6,중구,부평동,2772.0,4683.0,2210.0,2473.0,1711.0
2022,6,해운대구,반여동,30433.0,71020.0,34859.0,36161.0,10049.0
2022,6,해운대구,우동,33748.0,82811.0,39330.0,43481.0,10282.0
2022,6,해운대구,재송동,26104.0,62236.0,30439.0,31797.0,8506.0
2022,6,해운대구,좌동,37067.0,89069.0,41595.0,47474.0,11909.0
2022,6,해운대구,중동,19878.0,44608.0,21405.0,23203.0,7771.0
2022,7,강서구,강동동,2543.0,4300.0,2329.0,1971.0,1492.0
2022,7,강서구,명지동,31563.0,84668.0,42350.0,42318.0,8030.0
2022,7,금정구,구서동,21369.0,52081.0,24769.0,27312.0,6166.0
2022,7,금정구,금성동,468.0,1017.0,484.0,533.0,191.0
2022,7,금정구,남산동,14110.0,28965.0,13957.0,15008.0,6473.0
2022,7,금정구,서동,13947.0,25347.0,12727.0,12620.0,7228.0
2022,7,금정구,장전동,22697.0,46432.0,22979.0,23453.0,11953.0
2022,7,기장군,기장읍,25672.0,52741.0,25708.0,27033.0,11463.0
2022,7,기장군,일광읍,11648.0,27794.0,13745.0,14049.0,3759.0
2022,7,기장군,장안읍,4708.0,8801.0,4889.0,3912.0,2618.0
2022,7,기장군,정관읍,32032.0,82404.0,40885.0,41519.0,9350.0
2022,7,기장군,철마면,3894.0,7867.0,4011.0,3856.0,1626.0
2022,7,남구,감만동,9201.0,19158.0,9628.0,9530.0,3759.0
2022,7,남구,대연동,44886.0,96879.0,47554.0,49325.0,20706.0
2022,7,남구,문현동,21850.0,46522.0,22682.0,23840.0,8900.0
2022,7,남구,용당동,3484.0,8351.0,4210.0,4141.0,1159.0
2022,7,남구,용호동,33333.0,81581.0,39270.0,42311.0,9651.0
2022,7,남구,우암동,5726.0,12667.0,6237.0,6430.0,2007.0
2022,7,동구,범일동,12931.0,24044.0,11882.0,12162.0,6721.0
2022,7,동구,수정동,12140.0,23022.0,11047.0,11975.0,5919.0
2022,7,동구,좌천동,5897.0,11871.0,5755.0,6116.0,2558.0
2022,7,동구,초량동,16084.0,31249.0,15338.0,15911.0,8623.0
2022,7,동래구,명륜동,9676.0,25280.0,12417.0,12863.0,2552.0
2022,7,동래구,명장동,12854.0,28649.0,13867.0,14782.0,4471.0
2022,7,동래구,사직동,21443.0,53819.0,26070.0,27749.0,6282.0
2022,7,동래구,안락동,17931.0,41161.0,20089.0,21072.0,6032.0
2022,7,동래구,온천동,39592.0,85285.0,40996.0,44289.0,16491.0
2022,7,부산진구,가야동,17437.0,36343.0,17934.0,18409.0,7680.0
2022,7,부산진구,개금동,26438.0,56189.0,27043.0,29146.0,10980.0
2022,7,부산진구,당감동,20116.0,44367.0,21268.0,23099.0,7320.0
2022,7,부산진구,범천동,17735.0,32575.0,15546.0,17029.0,9226.0
2022,7,부산진구,부암동,17108.0,40616.0,19779.0,20837.0,5470.0
2022,7,부산진구,양정동,16807.0,31790.0,14790.0,17000.0,8788.0
2022,7,부산진구,연지동,8664.0,20446.0,9668.0,10778.0,2669.0
2022,7,부산진구,전포동,23629.0,42708.0,20194.0,22514.0,13256.0
2022,7,부산진구,초읍동,9981.0,21839.0,10487.0,11352.0,3691.0
2022,7,북구,구포동,29273.0,61671.0,31478.0,30193.0,12315.0
2022,7,북구,금곡동,18085.0,37640.0,18175.0,19465.0,7595.0
2022,7,북구,덕천동,18324.0,33561.0,16501.0,17060.0,9537.0
2022,7,북구,만덕동,25628.0,62105.0,30360.0,31745.0,6795.0
2022,7,북구,화명동,32269.0,87648.0,42768.0,44880.0,6415.0
2022,7,사상구,감전동,7218.0,13638.0,7283.0,6355.0,3699.0
2022,7,사상구,괘법동,13205.0,23461.0,12110.0,11351.0,7897.0
2022,7,사상구,덕포동,10002.0,21884.0,11113.0,10771.0,3999.0
2022,7,사상구,모라동,19140.0,38226.0,18819.0,19407.0,8600.0
2022,7,사상구,삼락동,3104.0,6069.0,3242.0,2827.0,1646.0
2022,7,사상구,엄궁동,10448.0,26724.0,13344.0,13380.0,2666.0
2022,7,사상구,주례동,23467.0,51814.0,25870.0,25944.0,9351.0
2022,7,사상구,학장동,12157.0,28478.0,14291.0,14187.0,3912.0
2022,7,사하구,감천동,11519.0,24163.0,11989.0,12174.0,4722.0
2022,7,사하구,괴정동,27559.0,59204.0,28522.0,30682.0,10613.0
2022,7,사하구,구평동,5207.0,13061.0,6675.0,6386.0,1310.0
2022,7,사하구,다대동,29105.0,65778.0,32771.0,33007.0,10886.0
2022,7,사하구,당리동,11367.0,26117.0,12764.0,13353.0,3746.0
2022,7,사하구,신평동,15815.0,34996.0,17932.0,17064.0,6111.0
2022,7,사하구,장림동,16837.0,38600.0,19867.0,18733.0,6176.0
2022,7,사하구,하단동,23594.0,47280.0,23605.0,23675.0,11460.0
2022,7,서구,남부민동,7557.0,14084.0,7231.0,6853.0,3887.0
2022,7,서구,동대신동,10264.0,20514.0,9824.0,10690.0,4726.0
2022,7,서구,서대신동,12645.0,29311.0,13762.0,15549.0,4428.0
2022,7,서구,아미동,3820.0,6443.0,3248.0,3195.0,2387.0
2022,7,서구,암남동,6619.0,13848.0,6847.0,7001.0,3090.0
2022,7,서구,초장동,2536.0,4177.0,2116.0,2061.0,1554.0
2022,7,수영구,광안동,36910.0,68863.0,31826.0,37037.0,19862.0
2022,7,수영구,남천동,11377.0,26134.0,12090.0,14044.0,4003.0
2022,7,수영구,망미동,17392.0,37962.0,18227.0,19735.0,6420.0
2022,7,수영구,민락동,13436.0,28856.0,13923.0,14933.0,5446.0
2022,7,수영구,수영동,7877.0,14675.0,7028.0,7647.0,3971.0
2022,7,연제구,거제동,24625.0,60863.0,29236.0,31627.0,7066.0
2022,7,연제구,연산동,69542.0,146197.0,70215.0,75982.0,28911.0
2022,7,영도구,동삼동,20843.0,41588.0,20402.0,21186.0,9595.0
2022,7,영도구,봉래동,7011.0,14597.0,7199.0,7398.0,2944.0
2022,7,영도구,신선동,4533.0,8130.0,4075.0,4055.0,2394.0
2022,7,영도구,영선동,5690.0,12196.0,5942.0,6254.0,2222.0
2022,7,영도구,청학동,10849.0,23484.0,11604.0,11880.0,4232.0
2022,7,중구,남포동,622.0,1129.0,747.0,382.0,448.0
2022,7,중구,대청동,3545.0,6279.0,2929.0,3350.0,2011.0
2022,7,중구,동광동,1696.0,2898.0,1566.0,1332.0,1111.0
2022,7,중구,보수동,6041.0,10747.0,5150.0,5597.0,3423.0
2022,7,중구,부평동,2763.0,4726.0,2233.0,2493.0,1705.0
2022,7,해운대구,반여동,30392.0,70850.0,34743.0,36107.0,10056.0
2022,7,해운대구,우동,33746.0,82793.0,39329.0,43464.0,10258.0
2022,7,해운대구,재송동,26068.0,62040.0,30336.0,31704.0,8523.0
2022,7,해운대구,좌동,37026.0,88860.0,41497.0,47363.0,11922.0
2022,7,해운대구,중동,19876.0,44556.0,21378.0,23178.0,7782.0
2022,8,강서구,강동동,2540.0,4281.0,2320.0,1961.0,1494.0
2022,8,강서구,명지동,31577.0,84670.0,42350.0,42320.0,8053.0
2022,8,금정구,구서동,21350.0,51980.0,24729.0,27251.0,6166.0
2022,8,금정구,금성동,471.0,1020.0,490.0,530.0,194.0
2022,8,금정구,남산동,14055.0,28811.0,13887.0,14924.0,6463.0
2022,8,금정구,서동,13921.0,25250.0,12680.0,12570.0,7231.0
2022,8,금정구,장전동,22673.0,46359.0,22949.0,23410.0,11922.0
2022,8,기장군,기장읍,25650.0,52649.0,25649.0,27000.0,11455.0
2022,8,기장군,일광읍,11774.0,28116.0,13895.0,14221.0,3790.0
2022,8,기장군,장안읍,4713.0,8811.0,4895.0,3916.0,2622.0
2022,8,기장군,정관읍,32013.0,82306.0,40831.0,41475.0,9362.0
2022,8,기장군,철마면,3894.0,7869.0,4011.0,3858.0,1626.0
2022,8,남구,감만동,9067.0,18837.0,9470.0,9367.0,3720.0
2022,8,남구,대연동,44841.0,96637.0,47425.0,49212.0,20718.0
2022,8,남구,문현동,21880.0,46519.0,22689.0,23830.0,8936.0
2022,8,남구,용당동,3478.0,8344.0,4206.0,4138.0,1154.0
2022,8,남구,용호동,33315.0,81462.0,39211.0,42251.0,9672.0
2022,8,남구,우암동,5777.0,12758.0,6276.0,6482.0,2029.0
2022,8,동구,범일동,12890.0,23987.0,11859.0,12128.0,6689.0
2022,8,동구,수정동,12119.0,22901.0,10989.0,11912.0,5941.0
2022,8,동구,좌천동,5900.0,11867.0,5752.0,6115.0,2559.0
2022,8,동구,초량동,16073.0,31189.0,15298.0,15891.0,8630.0
2022,8,동래구,명륜동,9902.0,25879.0,12710.0,13169.0,2593.0
2022,8,동래구,명장동,12888.0,28633.0,13850.0,14783.0,4513.0
2022,8,동래구,사직동,21441.0,53726.0,26023.0,27703.0,6320.0
2022,8,동래구,안락동,17910.0,41072.0,20044.0,21028.0,6031.0
2022,8,동래구,온천동,39631.0,85302.0,40999.0,44303.0,16520.0
2022,8,부산진구,가야동,17436.0,36297.0,17887.0,18410.0,7694.0
2022,8,부산진구,개금동,26440.0,56061.0,27005.0,29056.0,11035.0
2022,8,부산진구,당감동,20134.0,44305.0,21237.0,23068.0,7364.0
2022,8,부산진구,범천동,18236.0,33546.0,16047.0,17499.0,9453.0
2022,8,부산진구,부암동,17105.0,40552.0,19750.0,20802.0,5482.0
2022,8,부산진구,양정동,16800.0,31697.0,14747.0,16950.0,8816.0
2022,8,부산진구,연지동,8664.0,20428.0,9657.0,10771.0,2670.0
2022,8,부산진구,전포동,23593.0,42612.0,20138.0,22474.0,13254.0
2022,8,부산진구,초읍동,9972.0,21798.0,10476.0,11322.0,3687.0
2022,8,북구,구포동,29292.0,61629.0,31441.0,30188.0,12336.0
2022,8,북구,금곡동,18057.0,37531.0,18120.0,19411.0,7585.0
2022,8,북구,덕천동,18288.0,33427.0,16423.0,17004.0,9541.0
2022,8,북구,만덕동,25716.0,62222.0,30409.0,31813.0,6846.0
2022,8,북구,화명동,32273.0,87572.0,42731.0,44841.0,6435.0
2022,8,사상구,감전동,7202.0,13590.0,7265.0,6325.0,3698.0
2022,8,사상구,괘법동,13253.0,23453.0,12114.0,11339.0,7952.0
2022,8,사상구,덕포동,9999.0,21843.0,11089.0,10754.0,4015.0
2022,8,사상구,모라동,19129.0,38117.0,18755.0,19362.0,8614.0
2022,8,사상구,삼락동,3104.0,6065.0,3234.0,2831.0,1649.0
2022,8,사상구,엄궁동,10387.0,26597.0,13277.0,13320.0,2639.0
2022,8,사상구,주례동,23464.0,51691.0,25783.0,25908.0,9364.0
2022,8,사상구,학장동,12152.0,28415.0,14263.0,14152.0,3920.0
2022,8,사하구,감천동,11512.0,24085.0,11949.0,12136.0,4738.0
2022,8,사하구,괴정동,27589.0,59179.0,28510.0,30669.0,10671.0
2022,8,사하구,구평동,5211.0,13032.0,6656.0,6376.0,1318.0
2022,8,사하구,다대동,29092.0,65615.0,32676.0,32939.0,10921.0
2022,8,사하구,당리동,11376.0,26098.0,12744.0,13354.0,3761.0
2022,8,사하구,신평동,15813.0,34937.0,17874.0,17063.0,6118.0
2022,8,사하구,장림동,16840.0,38566.0,19876.0,18690.0,6185.0
2022,8,사하구,하단동,23649.0,47265.0,23621.0,23644.0,11532.0
2022,8,서구,남부민동,7538.0,14048.0,7206.0,6842.0,3874.0
2022,8,서구,동대신동,10257.0,20472.0,9815.0,10657.0,4735.0
2022,8,서구,서대신동,12631.0,29210.0,13704.0,15506.0,4441.0
2022,8,서구,아미동,3822.0,6425.0,3241.0,3184.0,2400.0
2022,8,서구,암남동,6892.0,14489.0,7169.0,7320.0,3163.0
2022,8,서구,초장동,2541.0,4183.0,2119.0,2064.0,1556.0
2022,8,수영구,광안동,37015.0,68895.0,31832.0,37063.0,19999.0
2022,8,수영구,남천동,11387.0,26128.0,12077.0,14051.0,4007.0
2022,8,수영구,망미동,17401.0,37948.0,18213.0,19735.0,6431.0
2022,8,수영구,민락동,13459.0,28879.0,13929.0,14950.0,5469.0
2022,8,수영구,수영동,7866.0,14626.0,7004.0,7622.0,3972.0
2022,8,연제구,거제동,24609.0,60782.0,29200.0,31582.0,7054.0
2022,8,연제구,연산동,69538.0,146030.0,70095.0,75935.0,28954.0
2022,8,영도구,동삼동,20869.0,41629.0,20427.0,21202.0,9611.0
2022,8,영도구,봉래동,6997.0,14554.0,7176.0,7378.0,2936.0
2022,8,영도구,신선동,4534.0,8101.0,4061.0,4040.0,2407.0
2022,8,영도구,영선동,5693.0,12189.0,5945.0,6244.0,2229.0
2022,8,영도구,청학동,10862.0,23514.0,11614.0,11900.0,4232.0
2022,8,중구,남포동,624.0,1149.0,766.0,383.0,450.0
2022,8,중구,대청동,3557.0,6287.0,2916.0,3371.0,2024.0
2022,8,중구,동광동,1699.0,2894.0,1562.0,1332.0,1115.0
2022,8,중구,보수동,6035.0,10726.0,5144.0,5582.0,3426.0
2022,8,중구,부평동,2748.0,4708.0,2226.0,2482.0,1695.0
2022,8,해운대구,반여동,30347.0,70658.0,34647.0,36011.0,10057.0
2022,8,해운대구,우동,33744.0,82719.0,39266.0,43453.0,10265.0
2022,8,해운대구,재송동,26046.0,61921.0,30272.0,31649.0,8533.0
2022,8,해운대구,좌동,37077.0,88746.0,41456.0,47290.0,12022.0
2022,8,해운대구,중동,19918.0,44595.0,21404.0,23191.0,7828.0
2022,9,강서구,강동동,2513.0,4244.0,2297.0,1947.0,1471.0
2022,9,강서구,명지동,31560.0,84603.0,42345.0,42258.0,8066.0
2022,9,금정구,구서동,21361.0,51865.0,24681.0,27184.0,6203.0
2022,9,금정구,금성동,474.0,1016.0,487.0,529.0,200.0
2022,9,금정구,남산동,14052.0,28681.0,13837.0,14844.0,6487.0
2022,9,금정구,서동,13916.0,25179.0,12651.0,12528.0,7250.0
2022,9,금정구,장전동,22810.0,46518.0,23045.0,23473.0,12048.0
2022,9,기장군,기장읍,25757.0,52759.0,25697.0,27062.0,11540.0
2022,9,기장군,일광읍,11772.0,28197.0,13943.0,14254.0,3744.0
2022,9,기장군,장안읍,4709.0,8812.0,4889.0,3923.0,2617.0
2022,9,기장군,정관읍,32042.0,82195.0,40771.0,41424.0,9427.0
2022,9,기장군,철마면,3889.0,7856.0,4011.0,3845.0,1626.0
2022,9,남구,감만동,8896.0,18484.0,9287.0,9197.0,3640.0
2022,9,남구,대연동,45104.0,96787.0,47510.0,49277.0,21031.0
2022,9,남구,문현동,21915.0,46494.0,22679.0,23815.0,8994.0
2022,9,남구,용당동,3491.0,8326.0,4199.0,4127.0,1173.0
2022,9,남구,용호동,33250.0,81234.0,39087.0,42147.0,9655.0
2022,9,남구,우암동,5812.0,12787.0,6283.0,6504.0,2057.0
2022,9,동구,범일동,12883.0,23931.0,11826.0,12105.0,6702.0
2022,9,동구,수정동,12093.0,22805.0,10950.0,11855.0,5948.0
2022,9,동구,좌천동,5920.0,11886.0,5756.0,6130.0,2579.0
2022,9,동구,초량동,16115.0,31178.0,15298.0,15880.0,8672.0
2022,9,동래구,명륜동,9991.0,26172.0,12854.0,13318.0,2582.0
2022,9,동래구,명장동,12893.0,28552.0,13817.0,14735.0,4534.0
2022,9,동래구,사직동,21375.0,53569.0,25944.0,27625.0,6272.0
2022,9,동래구,안락동,17853.0,40975.0,19973.0,21002.0,5983.0
2022,9,동래구,온천동,39658.0,85314.0,40980.0,44334.0,16536.0
2022,9,부산진구,가야동,17439.0,36182.0,17852.0,18330.0,7731.0
2022,9,부산진구,개금동,26477.0,56032.0,27006.0,29026.0,11082.0
2022,9,부산진구,당감동,20135.0,44177.0,21149.0,23028.0,7402.0
2022,9,부산진구,범천동,18563.0,34173.0,16331.0,17842.0,9603.0
2022,9,부산진구,부암동,17111.0,40514.0,19727.0,20787.0,5490.0
2022,9,부산진구,양정동,16856.0,31688.0,14712.0,16976.0,8882.0
2022,9,부산진구,연지동,8650.0,20358.0,9634.0,10724.0,2671.0
2022,9,부산진구,전포동,23620.0,42571.0,20121.0,22450.0,13304.0
2022,9,부산진구,초읍동,9986.0,21768.0,10443.0,11325.0,3716.0
2022,9,북구,구포동,29288.0,61472.0,31353.0,30119.0,12392.0
2022,9,북구,금곡동,17984.0,37323.0,18016.0,19307.0,7572.0
2022,9,북구,덕천동,18365.0,33510.0,16471.0,17039.0,9593.0
2022,9,북구,만덕동,25799.0,62282.0,30426.0,31856.0,6892.0
2022,9,북구,화명동,32352.0,87643.0,42768.0,44875.0,6471.0
2022,9,사상구,감전동,7192.0,13585.0,7271.0,6314.0,3694.0
2022,9,사상구,괘법동,13340.0,23470.0,12120.0,11350.0,8045.0
2022,9,사상구,덕포동,10006.0,21794.0,11068.0,10726.0,4037.0
2022,9,사상구,모라동,19108.0,37989.0,18671.0,19318.0,8634.0
2022,9,사상구,삼락동,3103.0,6052.0,3234.0,2818.0,1652.0
2022,9,사상구,엄궁동,10286.0,26379.0,13165.0,13214.0,2581.0
2022,9,사상구,주례동,23515.0,51610.0,25750.0,25860.0,9443.0
2022,9,사상구,학장동,12144.0,28320.0,14213.0,14107.0,3943.0
2022,9,사하구,감천동,11493.0,23997.0,11892.0,12105.0,4737.0
2022,9,사하구,괴정동,27579.0,59057.0,28456.0,30601.0,10703.0
2022,9,사하구,구평동,5212.0,13022.0,6650.0,6372.0,1318.0
2022,9,사하구,다대동,29051.0,65400.0,32580.0,32820.0,10949.0
2022,9,사하구,당리동,11388.0,26049.0,12701.0,13348.0,3777.0
2022,9,사하구,신평동,15804.0,34852.0,17818.0,17034.0,6128.0
2022,9,사하구,장림동,16847.0,38491.0,19836.0,18655.0,6216.0
2022,9,사하구,하단동,23802.0,47418.0,23705.0,23713.0,11690.0
2022,9,서구,남부민동,7466.0,13912.0,7144.0,6768.0,3831.0
2022,9,서구,동대신동,10266.0,20405.0,9786.0,10619.0,4772.0
2022,9,서구,서대신동,12850.0,29729.0,13958.0,15771.0,4517.0
2022,9,서구,아미동,3807.0,6401.0,3222.0,3179.0,2395.0
2022,9,서구,암남동,7067.0,14869.0,7349.0,7520.0,3229.0
2022,9,서구,초장동,2530.0,4173.0,2110.0,2063.0,1543.0
2022,9,수영구,광안동,37139.0,68945.0,31867.0,37078.0,20146.0
2022,9,수영구,남천동,11389.0,26105.0,12053.0,14052.0,4012.0
2022,9,수영구,망미동,17414.0,37908.0,18173.0,19735.0,6461.0
2022,9,수영구,민락동,13457.0,28821.0,13892.0,14929.0,5486.0
2022,9,수영구,수영동,7846.0,14591.0,6991.0,7600.0,3959.0
2022,9,연제구,거제동,24587.0,60650.0,29120.0,31530.0,7074.0
2022,9,연제구,연산동,69549.0,145783.0,69957.0,75826.0,29068.0
2022,9,영도구,동삼동,20935.0,41698.0,20465.0,21233.0,9677.0
2022,9,영도구,봉래동,6971.0,14485.0,7147.0,7338.0,2928.0
2022,9,영도구,신선동,4512.0,8050.0,4040.0,4010.0,2394.0
2022,9,영도구,영선동,5642.0,12084.0,5898.0,6186.0,2202.0
2022,9,영도구,청학동,10873.0,23506.0,11605.0,11901.0,4246.0
2022,9,중구,남포동,618.0,1139.0,763.0,376.0,444.0
2022,9,중구,대청동,3562.0,6279.0,2913.0,3366.0,2036.0
2022,9,중구,동광동,1703.0,2889.0,1549.0,1340.0,1122.0
2022,9,중구,보수동,6029.0,10713.0,5130.0,5583.0,3431.0
2022,9,중구,부평동,2748.0,4615.0,2193.0,2422.0,1702.0
2022,9,해운대구,반여동,30292.0,70452.0,34523.0,35929.0,10043.0
2022,9,해운대구,우동,33733.0,82546.0,39170.0,43376.0,10302.0
2022,9,해운대구,재송동,26012.0,61754.0,30198.0,31556.0,8537.0
2022,9,해운대구,좌동,37044.0,88512.0,41328.0,47184.0,12063.0
2022,9,해운대구,중동,19911.0,44535.0,21361.0,23174.0,7833.0
2022,10,강서구,강동동,2513.0,4232.0,2293.0,1939.0,1476.0
2022,10,강서구,명지동,31519.0,84510.0,42324.0,42186.0,8041.0
2022,10,금정구,구서동,21317.0,51772.0,24642.0,27130.0,6181.0
2022,10,금정구,금성동,470.0,1006.0,486.0,520.0,198.0
2022,10,금정구,남산동,13999.0,28896.0,13865.0,15031.0,6458.0
2022,10,금정구,서동,13804.0,25027.0,12582.0,12445.0,7154.0
2022,10,금정구,장전동,22838.0,46893.0,23146.0,23747.0,12059.0
2022,10,기장군,기장읍,26047.0,53391.0,26022.0,27369.0,11553.0
2022,10,기장군,일광읍,11745.0,28185.0,13931.0,14254.0,3721.0
2022,10,기장군,장안읍,4701.0,8793.0,4883.0,3910.0,2613.0
2022,10,기장군,정관읍,32020.0,82140.0,40732.0,41408.0,9406.0
2022,10,기장군,철마면,3889.0,7830.0,3988.0,3842.0,1638.0
2022,10,남구,감만동,8685.0,18107.0,9100.0,9007.0,3526.0
2022,10,남구,대연동,45188.0,96859.0,47573.0,49286.0,21120.0
2022,10,남구,문현동,21802.0,46261.0,22556.0,23705.0,8919.0
2022,10,남구,용당동,3495.0,8317.0,4195.0,4122.0,1176.0
2022,10,남구,용호동,33187.0,81049.0,38982.0,42067.0,9643.0
2022,10,남구,우암동,5822.0,12808.0,6288.0,6520.0,2056.0
2022,10,동구,범일동,12805.0,23830.0,11784.0,12046.0,6630.0
2022,10,동구,수정동,11897.0,22587.0,10862.0,11725.0,5771.0
2022,10,동구,좌천동,5877.0,11813.0,5731.0,6082.0,2541.0
2022,10,동구,초량동,15974.0,30983.0,15241.0,15742.0,8563.0
2022,10,동래구,명륜동,10016.0,26262.0,12902.0,13360.0,2575.0
2022,10,동래구,명장동,12832.0,28451.0,13783.0,14668.0,4496.0
2022,10,동래구,사직동,21321.0,53456.0,25886.0,27570.0,6227.0
2022,10,동래구,안락동,17862.0,40936.0,19952.0,20984.0,6006.0
2022,10,동래구,온천동,39527.0,85160.0,40873.0,44287.0,16426.0
2022,10,부산진구,가야동,17426.0,36124.0,17810.0,18314.0,7742.0
2022,10,부산진구,개금동,26454.0,55912.0,26913.0,28999.0,11091.0
2022,10,부산진구,당감동,20052.0,44038.0,21039.0,22999.0,7339.0
2022,10,부산진구,범천동,18665.0,34394.0,16450.0,17944.0,9623.0
2022,10,부산진구,부암동,17036.0,40419.0,19681.0,20738.0,5417.0
2022,10,부산진구,양정동,16827.0,31611.0,14660.0,16951.0,8868.0
2022,10,부산진구,연지동,8638.0,20353.0,9641.0,10712.0,2656.0
2022,10,부산진구,전포동,23543.0,42427.0,20056.0,22371.0,13245.0
2022,10,부산진구,초읍동,9950.0,21684.0,10407.0,11277.0,3706.0
2022,10,북구,구포동,29204.0,61261.0,31239.0,30022.0,12320.0
2022,10,북구,금곡동,17962.0,37218.0,17943.0,19275.0,7586.0
2022,10,북구,덕천동,18453.0,33778.0,16593.0,17185.0,9580.0
2022,10,북구,만덕동,25763.0,62177.0,30372.0,31805.0,6852.0
2022,10,북구,화명동,32379.0,87638.0,42762.0,44876.0,6485.0
2022,10,사상구,감전동,7152.0,13517.0,7247.0,6270.0,3665.0
2022,10,사상구,괘법동,13389.0,23641.0,12225.0,11416.0,8065.0
2022,10,사상구,덕포동,9985.0,21748.0,11036.0,10712.0,4018.0
2022,10,사상구,모라동,19003.0,37795.0,18575.0,19220.0,8565.0
2022,10,사상구,삼락동,3093.0,6051.0,3231.0,2820.0,1643.0
2022,10,사상구,엄궁동,10173.0,26161.0,13057.0,13104.0,2518.0
2022,10,사상구,주례동,23320.0,51465.0,25626.0,25839.0,9267.0
2022,10,사상구,학장동,12141.0,28252.0,14158.0,14094.0,3957.0
2022,10,사하구,감천동,11432.0,23881.0,11827.0,12054.0,4707.0
2022,10,사하구,괴정동,27497.0,58862.0,28326.0,30536.0,10674.0
2022,10,사하구,구평동,5196.0,12969.0,6628.0,6341.0,1309.0
2022,10,사하구,다대동,28969.0,65201.0,32484.0,32717.0,10910.0
2022,10,사하구,당리동,11364.0,25982.0,12661.0,13321.0,3775.0
2022,10,사하구,신평동,15778.0,34745.0,17759.0,16986.0,6126.0
2022,10,사하구,장림동,16823.0,38393.0,19793.0,18600.0,6212.0
2022,10,사하구,하단동,23810.0,47432.0,23705.0,23727.0,11722.0
2022,10,서구,남부민동,7459.0,13857.0,7118.0,6739.0,3853.0
2022,10,서구,동대신동,10227.0,20306.0,9752.0,10554.0,4758.0
2022,10,서구,서대신동,12949.0,29962.0,14070.0,15892.0,4544.0
2022,10,서구,아미동,3771.0,6351.0,3198.0,3153.0,2362.0
2022,10,서구,암남동,7053.0,14916.0,7370.0,7546.0,3183.0
2022,10,서구,초장동,2497.0,4129.0,2083.0,2046.0,1514.0
2022,10,수영구,광안동,37086.0,68804.0,31780.0,37024.0,20136.0
2022,10,수영구,남천동,11329.0,26065.0,12054.0,14011.0,3939.0
2022,10,수영구,망미동,17394.0,37863.0,18150.0,19713.0,6455.0
2022,10,수영구,민락동,13418.0,28749.0,13848.0,14901.0,5450.0
2022,10,수영구,수영동,7838.0,14593.0,6978.0,7615.0,3955.0
2022,10,연제구,거제동,24491.0,60447.0,29012.0,31435.0,7012.0
2022,10,연제구,연산동,69349.0,145357.0,69691.0,75666.0,28916.0
2022,10,영도구,동삼동,20851.0,41717.0,20460.0,21257.0,9596.0
2022,10,영도구,봉래동,6936.0,14444.0,7111.0,7333.0,2904.0
2022,10,영도구,신선동,4479.0,7999.0,4012.0,3987.0,2365.0
2022,10,영도구,영선동,5625.0,12020.0,5865.0,6155.0,2200.0
2022,10,영도구,청학동,10845.0,23410.0,11541.0,11869.0,4235.0
2022,10,중구,남포동,604.0,1124.0,759.0,365.0,434.0
2022,10,중구,대청동,3539.0,6246.0,2901.0,3345.0,2017.0
2022,10,중구,동광동,1683.0,2875.0,1540.0,1335.0,1102.0
2022,10,중구,보수동,5988.0,10690.0,5121.0,5569.0,3386.0
2022,10,중구,부평동,2735.0,4583.0,2172.0,2411.0,1694.0
2022,10,해운대구,반여동,30292.0,70560.0,34581.0,35979.0,9983.0
2022,10,해운대구,우동,33495.0,82188.0,38999.0,43189.0,10104.0
2022,10,해운대구,재송동,25901.0,61507.0,30064.0,31443.0,8474.0
2022,10,해운대구,좌동,36929.0,88201.0,41177.0,47024.0,12032.0
2022,10,해운대구,중동,19773.0,44274.0,21232.0,23042.0,7747.0
2023,5,강서구,강동동,2476.0,4165.0,2255.0,1910.0,1450.0
2023,5,강서구,명지동,31627.0,84613.0,42314.0,42299.0,8109.0
2023,5,금정구,구서동,21229.0,51120.0,24282.0,26838.0,6295.0
2023,5,금정구,금성동,459.0,974.0,477.0,497.0,195.0
2023,5,금정구,남산동,13851.0,28352.0,13571.0,14781.0,6458.0
2023,5,금정구,서동,13521.0,24349.0,12244.0,12105.0,7047.0
2023,5,금정구,장전동,22864.0,46385.0,22956.0,23429.0,12262.0
2023,5,기장군,기장읍,26187.0,53507.0,26123.0,27384.0,11624.0
2023,5,기장군,일광읍,12354.0,29238.0,14426.0,14812.0,4012.0
2023,5,기장군,장안읍,5007.0,9259.0,5143.0,4116.0,2831.0
2023,5,기장군,정관읍,32028.0,81903.0,40690.0,41213.0,9510.0
2023,5,기장군,철마면,3911.0,7835.0,3978.0,3857.0,1644.0
2023,5,남구,감만동,7945.0,16605.0,8322.0,8283.0,3212.0
2023,5,남구,대연동,45762.0,97339.0,47828.0,49511.0,21845.0
2023,5,남구,문현동,21393.0,45440.0,22190.0,23250.0,8725.0
2023,5,남구,용당동,3471.0,8199.0,4154.0,4045.0,1194.0
2023,5,남구,용호동,34173.0,82175.0,39509.0,42666.0,10305.0
2023,5,남구,우암동,5812.0,12624.0,6174.0,6450.0,2089.0
2023,5,동구,범일동,12756.0,23448.0,11555.0,11893.0,6727.0
2023,5,동구,수정동,11789.0,22216.0,10668.0,11548.0,5765.0
2023,5,동구,좌천동,5848.0,11642.0,5639.0,6003.0,2570.0
2023,5,동구,초량동,15769.0,30512.0,14957.0,15555.0,8538.0
2023,5,동래구,명륜동,10132.0,26494.0,12973.0,13521.0,2602.0
2023,5,동래구,명장동,12775.0,28010.0,13535.0,14475.0,4599.0
2023,5,동래구,사직동,21156.0,52773.0,25542.0,27231.0,6254.0
2023,5,동래구,안락동,17825.0,40417.0,19633.0,20784.0,6107.0
2023,5,동래구,온천동,40150.0,86164.0,41283.0,44881.0,16780.0
2023,5,부산진구,가야동,17918.0,37092.0,18275.0,18817.0,7953.0
2023,5,부산진구,개금동,26815.0,56138.0,27036.0,29102.0,11423.0
2023,5,부산진구,당감동,19820.0,42956.0,20462.0,22494.0,7424.0
2023,5,부산진구,범천동,18819.0,34441.0,16380.0,18061.0,9746.0
2023,5,부산진구,부암동,17255.0,40347.0,19617.0,20730.0,5623.0
2023,5,부산진구,양정동,16728.0,30965.0,14337.0,16628.0,8910.0
2023,5,부산진구,연지동,10602.0,25501.0,12142.0,13359.0,3060.0
2023,5,부산진구,전포동,24810.0,44684.0,21110.0,23574.0,13938.0
2023,5,부산진구,초읍동,9858.0,21118.0,10129.0,10989.0,3799.0
2023,5,북구,구포동,28982.0,60214.0,30684.0,29530.0,12410.0
2023,5,북구,금곡동,17858.0,36656.0,17659.0,18997.0,7654.0
2023,5,북구,덕천동,18652.0,33898.0,16633.0,17265.0,9774.0
2023,5,북구,만덕동,25711.0,61804.0,30105.0,31699.0,6819.0
2023,5,북구,화명동,32329.0,86868.0,42298.0,44570.0,6559.0
2023,5,사상구,감전동,7049.0,13163.0,7063.0,6100.0,3682.0
2023,5,사상구,괘법동,14540.0,25484.0,13099.0,12385.0,8767.0
2023,5,사상구,덕포동,9915.0,21361.0,10868.0,10493.0,4062.0
2023,5,사상구,모라동,18803.0,37086.0,18205.0,18881.0,8614.0
2023,5,사상구,삼락동,3033.0,5872.0,3112.0,2760.0,1637.0
2023,5,사상구,엄궁동,9879.0,25250.0,12606.0,12644.0,2435.0
2023,5,사상구,주례동,24004.0,52693.0,26168.0,26525.0,9740.0
2023,5,사상구,학장동,12070.0,27692.0,13833.0,13859.0,4068.0
2023,5,사하구,감천동,11322.0,23451.0,11605.0,11846.0,4704.0
2023,5,사하구,괴정동,28314.0,60672.0,29199.0,31473.0,10963.0
2023,5,사하구,구평동,5184.0,12888.0,6609.0,6279.0,1327.0
2023,5,사하구,다대동,28912.0,64516.0,32185.0,32331.0,11069.0
2023,5,사하구,당리동,11119.0,25134.0,12206.0,12928.0,3768.0
2023,5,사하구,신평동,15595.0,34214.0,17447.0,16767.0,6082.0
2023,5,사하구,장림동,16661.0,37842.0,19511.0,18331.0,6184.0
2023,5,사하구,하단동,24343.0,47641.0,23816.0,23825.0,12359.0
2023,5,서구,남부민동,7334.0,13514.0,6929.0,6585.0,3819.0
2023,5,서구,동대신동,10166.0,20037.0,9581.0,10456.0,4796.0
2023,5,서구,서대신동,13089.0,30080.0,14137.0,15943.0,4635.0
2023,5,서구,아미동,3675.0,6156.0,3083.0,3073.0,2309.0
2023,5,서구,암남동,7195.0,15202.0,7433.0,7769.0,3238.0
2023,5,서구,초장동,2467.0,4036.0,2030.0,2006.0,1516.0
2023,5,수영구,광안동,37219.0,68258.0,31418.0,36840.0,20499.0
2023,5,수영구,남천동,12476.0,28916.0,13332.0,15584.0,4258.0
2023,5,수영구,망미동,17298.0,37386.0,17878.0,19508.0,6504.0
2023,5,수영구,민락동,13364.0,28460.0,13741.0,14719.0,5498.0
2023,5,수영구,수영동,7727.0,14251.0,6782.0,7469.0,3927.0
2023,5,연제구,거제동,24646.0,60491.0,28964.0,31527.0,7106.0
2023,5,연제구,연산동,69078.0,143582.0,68731.0,74851.0,29229.0
2023,5,영도구,동삼동,20999.0,41584.0,20413.0,21171.0,9799.0
2023,5,영도구,봉래동,6859.0,14167.0,6980.0,7187.0,2925.0
2023,5,영도구,신선동,4376.0,7720.0,3854.0,3866.0,2347.0
2023,5,영도구,영선동,5558.0,11798.0,5742.0,6056.0,2202.0
2023,5,영도구,청학동,10830.0,23214.0,11420.0,11794.0,4263.0
2023,5,중구,남포동,582.0,1080.0,729.0,351.0,417.0
2023,5,중구,대청동,3506.0,6079.0,2844.0,3235.0,2046.0
2023,5,중구,동광동,1646.0,2853.0,1519.0,1334.0,1063.0
2023,5,중구,보수동,6136.0,10727.0,5081.0,5646.0,3604.0
2023,5,중구,부평동,2699.0,4644.0,2158.0,2486.0,1689.0
2023,5,해운대구,반여동,30324.0,70212.0,34376.0,35836.0,10029.0
2023,5,해운대구,우동,33514.0,82124.0,38929.0,43195.0,10047.0
2023,5,해운대구,재송동,25536.0,60420.0,29466.0,30954.0,8355.0
2023,5,해운대구,좌동,36802.0,87198.0,40671.0,46527.0,12142.0
2023,5,해운대구,중동,19608.0,43660.0,20915.0,22745.0,7738.0
2023,6,강서구,강동동,2473.0,4163.0,2252.0,1911.0,1452.0
2023,6,강서구,명지동,31700.0,84811.0,42435.0,42376.0,8127.0
2023,6,금정구,구서동,21219.0,51041.0,24248.0,26793.0,6307.0
2023,6,금정구,금성동,462.0,980.0,478.0,502.0,197.0
2023,6,금정구,남산동,13851.0,28286.0,13529.0,14757.0,6490.0
2023,6,금정구,서동,13486.0,24257.0,12200.0,12057.0,7041.0
2023,6,금정구,장전동,22889.0,46397.0,22970.0,23427.0,12287.0
2023,6,기장군,기장읍,26138.0,53336.0,26042.0,27294.0,11616.0
2023,6,기장군,일광읍,12496.0,29484.0,14537.0,14947.0,4107.0
2023,6,기장군,장안읍,4999.0,9275.0,5165.0,4110.0,2828.0
2023,6,기장군,정관읍,32054.0,81942.0,40703.0,41239.0,9529.0
2023,6,기장군,철마면,3936.0,7860.0,3982.0,3878.0,1660.0
2023,6,남구,감만동,7887.0,16478.0,8255.0,8223.0,3187.0
2023,6,남구,대연동,45862.0,97390.0,47838.0,49552.0,21939.0
2023,6,남구,문현동,21363.0,45295.0,22112.0,23183.0,8734.0
2023,6,남구,용당동,3488.0,8200.0,4153.0,4047.0,1214.0
2023,6,남구,용호동,34275.0,82308.0,39569.0,42739.0,10372.0
2023,6,남구,우암동,5811.0,12601.0,6162.0,6439.0,2102.0
2023,6,동구,범일동,12793.0,23467.0,11554.0,11913.0,6774.0
2023,6,동구,수정동,11776.0,22171.0,10634.0,11537.0,5763.0
2023,6,동구,좌천동,5849.0,11632.0,5632.0,6000.0,2583.0
2023,6,동구,초량동,15734.0,30474.0,14937.0,15537.0,8531.0
2023,6,동래구,명륜동,10153.0,26500.0,12992.0,13508.0,2623.0
2023,6,동래구,명장동,12771.0,27941.0,13480.0,14461.0,4617.0
2023,6,동래구,사직동,21174.0,52746.0,25555.0,27191.0,6280.0
2023,6,동래구,안락동,17789.0,40295.0,19580.0,20715.0,6091.0
2023,6,동래구,온천동,40203.0,86201.0,41321.0,44880.0,16840.0
2023,6,부산진구,가야동,17917.0,37061.0,18253.0,18808.0,7953.0
2023,6,부산진구,개금동,26865.0,56168.0,27031.0,29137.0,11468.0
2023,6,부산진구,당감동,19788.0,42857.0,20432.0,22425.0,7428.0
2023,6,부산진구,범천동,18829.0,34449.0,16369.0,18080.0,9750.0
2023,6,부산진구,부암동,17283.0,40364.0,19612.0,20752.0,5648.0
2023,6,부산진구,양정동,16756.0,30995.0,14366.0,16629.0,8939.0
2023,6,부산진구,연지동,10642.0,25585.0,12201.0,13384.0,3076.0
2023,6,부산진구,전포동,24885.0,44772.0,21134.0,23638.0,13977.0
2023,6,부산진구,초읍동,9863.0,21102.0,10120.0,10982.0,3812.0
2023,6,북구,구포동,28917.0,60099.0,30606.0,29493.0,12358.0
2023,6,북구,금곡동,17857.0,36531.0,17592.0,18939.0,7702.0
2023,6,북구,덕천동,18679.0,33887.0,16622.0,17265.0,9823.0
2023,6,북구,만덕동,25691.0,61676.0,30052.0,31624.0,6843.0
2023,6,북구,화명동,32366.0,86881.0,42299.0,44582.0,6570.0
2023,6,사상구,감전동,7018.0,13093.0,7034.0,6059.0,3668.0
2023,6,사상구,괘법동,14619.0,25638.0,13164.0,12474.0,8809.0
2023,6,사상구,덕포동,9911.0,21351.0,10868.0,10483.0,4073.0
2023,6,사상구,모라동,18797.0,37030.0,18174.0,18856.0,8621.0
2023,6,사상구,삼락동,3033.0,5865.0,3108.0,2757.0,1636.0
2023,6,사상구,엄궁동,9873.0,25222.0,12584.0,12638.0,2437.0
2023,6,사상구,주례동,24055.0,52772.0,26229.0,26543.0,9788.0
2023,6,사상구,학장동,12047.0,27615.0,13792.0,13823.0,4057.0
2023,6,사하구,감천동,11313.0,23382.0,11564.0,11818.0,4716.0
2023,6,사하구,괴정동,28416.0,60887.0,29284.0,31603.0,10991.0
2023,6,사하구,구평동,5182.0,12847.0,6588.0,6259.0,1332.0
2023,6,사하구,다대동,28896.0,64395.0,32109.0,32286.0,11098.0
2023,6,사하구,당리동,11043.0,24948.0,12120.0,12828.0,3743.0
2023,6,사하구,신평동,15596.0,34193.0,17440.0,16753.0,6084.0
2023,6,사하구,장림동,16663.0,37779.0,19469.0,18310.0,6213.0
2023,6,사하구,하단동,24401.0,47716.0,23833.0,23883.0,12407.0
2023,6,서구,남부민동,7325.0,13469.0,6893.0,6576.0,3813.0
2023,6,서구,동대신동,10157.0,19983.0,9553.0,10430.0,4808.0
2023,6,서구,서대신동,13078.0,30095.0,14155.0,15940.0,4625.0
2023,6,서구,아미동,3654.0,6136.0,3068.0,3068.0,2291.0
2023,6,서구,암남동,7203.0,15190.0,7423.0,7767.0,3243.0
2023,6,서구,초장동,2461.0,4017.0,2020.0,1997.0,1519.0
2023,6,수영구,광안동,37219.0,68234.0,31374.0,36860.0,20532.0
2023,6,수영구,남천동,12605.0,29172.0,13446.0,15726.0,4321.0
2023,6,수영구,망미동,17290.0,37286.0,17818.0,19468.0,6532.0
2023,6,수영구,민락동,13363.0,28438.0,13727.0,14711.0,5503.0
2023,6,수영구,수영동,7734.0,14238.0,6778.0,7460.0,3945.0
2023,6,연제구,거제동,24672.0,60472.0,28947.0,31525.0,7127.0
2023,6,연제구,연산동,69180.0,143551.0,68690.0,74861.0,29372.0
2023,6,영도구,동삼동,20997.0,41627.0,20463.0,21164.0,9808.0
2023,6,영도구,봉래동,6852.0,14130.0,6959.0,7171.0,2935.0
2023,6,영도구,신선동,4353.0,7680.0,3828.0,3852.0,2334.0
2023,6,영도구,영선동,5550.0,11785.0,5735.0,6050.0,2192.0
2023,6,영도구,청학동,10819.0,23160.0,11393.0,11767.0,4267.0
2023,6,중구,남포동,580.0,1073.0,718.0,355.0,415.0
2023,6,중구,대청동,3502.0,6065.0,2836.0,3229.0,2043.0
2023,6,중구,동광동,1645.0,2848.0,1512.0,1336.0,1059.0
2023,6,중구,보수동,6143.0,10725.0,5074.0,5651.0,3618.0
2023,6,중구,부평동,2695.0,4519.0,2125.0,2394.0,1688.0
2023,6,해운대구,반여동,30308.0,70099.0,34298.0,35801.0,10034.0
2023,6,해운대구,우동,33520.0,82210.0,38962.0,43248.0,10033.0
2023,6,해운대구,재송동,25614.0,60477.0,29499.0,30978.0,8433.0
2023,6,해운대구,좌동,36805.0,87096.0,40629.0,46467.0,12161.0
2023,6,해운대구,중동,19608.0,43639.0,20909.0,22730.0,7750.0
2023,7,강서구,강동동,2478.0,4162.0,2254.0,1908.0,1459.0
2023,7,강서구,명지동,31754.0,84913.0,42490.0,42423.0,8152.0
2023,7,금정구,구서동,21224.0,50996.0,24217.0,26779.0,6326.0
2023,7,금정구,금성동,462.0,980.0,480.0,500.0,198.0
2023,7,금정구,남산동,13799.0,28147.0,13463.0,14684.0,6468.0
2023,7,금정구,서동,13449.0,24172.0,12157.0,12015.0,7036.0
2023,7,금정구,장전동,22868.0,46327.0,22921.0,23406.0,12281.0
2023,7,기장군,기장읍,26102.0,53255.0,26024.0,27231.0,11599.0
2023,7,기장군,일광읍,12621.0,29630.0,14615.0,15015.0,4212.0
2023,7,기장군,장안읍,4998.0,9267.0,5164.0,4103.0,2833.0
2023,7,기장군,정관읍,32054.0,81889.0,40708.0,41181.0,9550.0
2023,7,기장군,철마면,3916.0,7832.0,3965.0,3867.0,1643.0
2023,7,남구,감만동,7825.0,16333.0,8195.0,8138.0,3161.0
2023,7,남구,대연동,45849.0,97212.0,47732.0,49480.0,21974.0
2023,7,남구,문현동,21305.0,45104.0,22028.0,23076.0,8725.0
2023,7,남구,용당동,3484.0,8164.0,4129.0,4035.0,1216.0
2023,7,남구,용호동,34406.0,82537.0,39663.0,42874.0,10427.0
2023,7,남구,우암동,5804.0,12571.0,6152.0,6419.0,2105.0
2023,7,동구,범일동,13511.0,25007.0,12335.0,12672.0,7039.0
2023,7,동구,수정동,11751.0,22095.0,10583.0,11512.0,5766.0
2023,7,동구,좌천동,5844.0,11607.0,5614.0,5993.0,2591.0
2023,7,동구,초량동,15691.0,30373.0,14895.0,15478.0,8523.0
2023,7,동래구,명륜동,10172.0,26523.0,12999.0,13524.0,2628.0
2023,7,동래구,명장동,12773.0,27864.0,13446.0,14418.0,4639.0
2023,7,동래구,사직동,21183.0,52725.0,25543.0,27182.0,6298.0
2023,7,동래구,안락동,17787.0,40280.0,19556.0,20724.0,6092.0
2023,7,동래구,온천동,40249.0,86234.0,41319.0,44915.0,16894.0
2023,7,부산진구,가야동,17883.0,36990.0,18220.0,18770.0,7932.0
2023,7,부산진구,개금동,26907.0,56157.0,27008.0,29149.0,11500.0
2023,7,부산진구,당감동,19765.0,42745.0,20376.0,22369.0,7447.0
2023,7,부산진구,범천동,18803.0,34342.0,16314.0,18028.0,9777.0
2023,7,부산진구,부암동,17312.0,40343.0,19591.0,20752.0,5669.0
2023,7,부산진구,양정동,16787.0,30999.0,14361.0,16638.0,8979.0
2023,7,부산진구,연지동,10676.0,25676.0,12237.0,13439.0,3086.0
2023,7,부산진구,전포동,24904.0,44769.0,21138.0,23631.0,13983.0
2023,7,부산진구,초읍동,9845.0,21045.0,10091.0,10954.0,3806.0
2023,7,북구,구포동,28917.0,59967.0,30530.0,29437.0,12391.0
2023,7,북구,금곡동,17856.0,36468.0,17569.0,18899.0,7723.0
2023,7,북구,덕천동,18694.0,33881.0,16635.0,17246.0,9845.0
2023,7,북구,만덕동,25682.0,61602.0,30025.0,31577.0,6860.0
2023,7,북구,화명동,32409.0,86866.0,42298.0,44568.0,6600.0
2023,7,사상구,감전동,7012.0,13081.0,7029.0,6052.0,3665.0
2023,7,사상구,괘법동,14659.0,25647.0,13155.0,12492.0,8848.0
2023,7,사상구,덕포동,9915.0,21346.0,10867.0,10479.0,4086.0
2023,7,사상구,모라동,18778.0,36952.0,18141.0,18811.0,8634.0
2023,7,사상구,삼락동,3032.0,5858.0,3107.0,2751.0,1641.0
2023,7,사상구,엄궁동,9857.0,25125.0,12529.0,12596.0,2453.0
2023,7,사상구,주례동,24064.0,52690.0,26188.0,26502.0,9804.0
2023,7,사상구,학장동,12047.0,27576.0,13776.0,13800.0,4063.0
2023,7,사하구,감천동,11303.0,23306.0,11524.0,11782.0,4732.0
2023,7,사하구,괴정동,28433.0,60903.0,29289.0,31614.0,11012.0
2023,7,사하구,구평동,5185.0,12852.0,6598.0,6254.0,1340.0
2023,7,사하구,다대동,28873.0,64259.0,32056.0,32203.0,11108.0
2023,7,사하구,당리동,11014.0,24857.0,12086.0,12771.0,3742.0
2023,7,사하구,신평동,15575.0,34165.0,17441.0,16724.0,6075.0
2023,7,사하구,장림동,16646.0,37768.0,19469.0,18299.0,6200.0
2023,7,사하구,하단동,24426.0,47651.0,23792.0,23859.0,12454.0
2023,7,서구,남부민동,7307.0,13401.0,6849.0,6552.0,3810.0
2023,7,서구,동대신동,10125.0,19898.0,9504.0,10394.0,4795.0
2023,7,서구,서대신동,13062.0,30085.0,14157.0,15928.0,4602.0
2023,7,서구,아미동,3632.0,6091.0,3041.0,3050.0,2279.0
2023,7,서구,암남동,7223.0,15250.0,7456.0,7794.0,3234.0
2023,7,서구,초장동,2467.0,4015.0,2016.0,1999.0,1531.0
2023,7,수영구,광안동,37241.0,68206.0,31391.0,36815.0,20575.0
2023,7,수영구,남천동,12673.0,29354.0,13541.0,15813.0,4337.0
2023,7,수영구,망미동,17280.0,37216.0,17789.0,19427.0,6553.0
2023,7,수영구,민락동,13360.0,28428.0,13716.0,14712.0,5505.0
2023,7,수영구,수영동,7761.0,14231.0,6770.0,7461.0,3984.0
2023,7,연제구,거제동,24670.0,60416.0,28921.0,31495.0,7136.0
2023,7,연제구,연산동,69234.0,143523.0,68638.0,74885.0,29411.0
2023,7,영도구,동삼동,21023.0,41589.0,20462.0,21127.0,9860.0
2023,7,영도구,봉래동,6851.0,14150.0,6962.0,7188.0,2927.0
2023,7,영도구,신선동,4340.0,7643.0,3808.0,3835.0,2330.0
2023,7,영도구,영선동,5543.0,11760.0,5725.0,6035.0,2192.0
2023,7,영도구,청학동,10801.0,23111.0,11374.0,11737.0,4268.0
2023,7,중구,남포동,580.0,1080.0,723.0,357.0,416.0
2023,7,중구,대청동,3502.0,6063.0,2840.0,3223.0,2044.0
2023,7,중구,동광동,1646.0,2854.0,1520.0,1334.0,1057.0
2023,7,중구,보수동,6140.0,10707.0,5066.0,5641.0,3628.0
2023,7,중구,부평동,2684.0,4539.0,2121.0,2418.0,1682.0
2023,7,해운대구,반여동,30286.0,69973.0,34243.0,35730.0,10044.0
2023,7,해운대구,우동,33494.0,82081.0,38892.0,43189.0,10036.0
2023,7,해운대구,재송동,25651.0,60458.0,29485.0,30973.0,8496.0
2023,7,해운대구,좌동,36803.0,86944.0,40579.0,46365.0,12192.0
2023,7,해운대구,중동,19608.0,43602.0,20887.0,22715.0,7758.0
2023,8,강서구,강동동,2471.0,4150.0,2249.0,1901.0,1453.0
2023,8,강서구,명지동,31821.0,84987.0,42521.0,42466.0,8200.0
2023,8,금정구,구서동,21231.0,50908.0,24181.0,26727.0,6338.0
2023,8,금정구,금성동,460.0,969.0,476.0,493.0,200.0
2023,8,금정구,남산동,13793.0,28031.0,13422.0,14609.0,6491.0
2023,8,금정구,서동,13439.0,24111.0,12130.0,11981.0,7052.0
2023,8,금정구,장전동,22872.0,46236.0,22885.0,23351.0,12284.0
2023,8,기장군,기장읍,26086.0,53157.0,25970.0,27187.0,11622.0
2023,8,기장군,일광읍,12667.0,29682.0,14622.0,15060.0,4235.0
2023,8,기장군,장안읍,5018.0,9316.0,5205.0,4111.0,2864.0
2023,8,기장군,정관읍,32054.0,81868.0,40706.0,41162.0,9551.0
2023,8,기장군,철마면,3920.0,7810.0,3949.0,3861.0,1658.0
2023,8,남구,감만동,7776.0,16224.0,8149.0,8075.0,3131.0
2023,8,남구,대연동,45834.0,96991.0,47614.0,49377.0,22005.0
2023,8,남구,문현동,21269.0,44968.0,21953.0,23015.0,8721.0
2023,8,남구,용당동,3494.0,8151.0,4123.0,4028.0,1232.0
2023,8,남구,용호동,34462.0,82612.0,39703.0,42909.0,10457.0
2023,8,남구,우암동,5806.0,12540.0,6130.0,6410.0,2120.0
2023,8,동구,범일동,14050.0,26139.0,12883.0,13256.0,7248.0
2023,8,동구,수정동,11738.0,22014.0,10535.0,11479.0,5783.0
2023,8,동구,좌천동,5837.0,11575.0,5589.0,5986.0,2598.0
2023,8,동구,초량동,15654.0,30316.0,14875.0,15441.0,8522.0
2023,8,동래구,명륜동,10179.0,26525.0,12992.0,13533.0,2638.0
2023,8,동래구,명장동,12748.0,27798.0,13419.0,14379.0,4632.0
2023,8,동래구,사직동,21201.0,52749.0,25569.0,27180.0,6300.0
2023,8,동래구,안락동,17789.0,40245.0,19525.0,20720.0,6106.0
2023,8,동래구,온천동,40274.0,86239.0,41324.0,44915.0,16936.0
2023,8,부산진구,가야동,17825.0,36862.0,18160.0,18702.0,7893.0
2023,8,부산진구,개금동,26943.0,56129.0,26987.0,29142.0,11531.0
2023,8,부산진구,당감동,19764.0,42716.0,20359.0,22357.0,7447.0
2023,8,부산진구,범천동,18773.0,34272.0,16292.0,17980.0,9769.0
2023,8,부산진구,부암동,17326.0,40331.0,19590.0,20741.0,5685.0
2023,8,부산진구,양정동,16822.0,31018.0,14374.0,16644.0,9030.0
2023,8,부산진구,연지동,10714.0,25751.0,12281.0,13470.0,3107.0
2023,8,부산진구,전포동,24933.0,44773.0,21154.0,23619.0,14026.0
2023,8,부산진구,초읍동,9842.0,20995.0,10067.0,10928.0,3829.0
2023,8,북구,구포동,28878.0,59822.0,30464.0,29358.0,12386.0
2023,8,북구,금곡동,17853.0,36389.0,17533.0,18856.0,7747.0
2023,8,북구,덕천동,18670.0,33819.0,16598.0,17221.0,9816.0
2023,8,북구,만덕동,25703.0,61602.0,30016.0,31586.0,6884.0
2023,8,북구,화명동,32400.0,86785.0,42257.0,44528.0,6600.0
2023,8,사상구,감전동,7000.0,13073.0,7026.0,6047.0,3659.0
2023,8,사상구,괘법동,14669.0,25684.0,13162.0,12522.0,8851.0
2023,8,사상구,덕포동,9999.0,21469.0,10941.0,10528.0,4137.0
2023,8,사상구,모라동,18735.0,36839.0,18083.0,18756.0,8608.0
2023,8,사상구,삼락동,3022.0,5830.0,3092.0,2738.0,1637.0
2023,8,사상구,엄궁동,9848.0,25080.0,12508.0,12572.0,2454.0
2023,8,사상구,주례동,24096.0,52662.0,26165.0,26497.0,9830.0
2023,8,사상구,학장동,12031.0,27525.0,13747.0,13778.0,4063.0
2023,8,사하구,감천동,11270.0,23236.0,11490.0,11746.0,4717.0
2023,8,사하구,괴정동,28464.0,60875.0,29275.0,31600.0,11053.0
2023,8,사하구,구평동,5185.0,12843.0,6594.0,6249.0,1347.0
2023,8,사하구,다대동,28856.0,64144.0,32009.0,32135.0,11122.0
2023,8,사하구,당리동,11008.0,24806.0,12055.0,12751.0,3746.0
2023,8,사하구,신평동,15573.0,34102.0,17409.0,16693.0,6090.0
2023,8,사하구,장림동,16632.0,37681.0,19434.0,18247.0,6214.0
2023,8,사하구,하단동,24450.0,47629.0,23795.0,23834.0,12495.0
2023,8,서구,남부민동,7282.0,13337.0,6810.0,6527.0,3798.0
2023,8,서구,동대신동,10103.0,19808.0,9452.0,10356.0,4811.0
2023,8,서구,서대신동,13070.0,30086.0,14156.0,15930.0,4603.0
2023,8,서구,아미동,3623.0,6070.0,3036.0,3034.0,2278.0
2023,8,서구,암남동,7243.0,15322.0,7488.0,7834.0,3230.0
2023,8,서구,초장동,2454.0,3998.0,2007.0,1991.0,1516.0
2023,8,수영구,광안동,37222.0,68081.0,31354.0,36727.0,20598.0
2023,8,수영구,남천동,12725.0,29489.0,13590.0,15899.0,4339.0
2023,8,수영구,망미동,17278.0,37150.0,17755.0,19395.0,6560.0
2023,8,수영구,민락동,13353.0,28378.0,13696.0,14682.0,5506.0
2023,8,수영구,수영동,7807.0,14260.0,6788.0,7472.0,4040.0
2023,8,연제구,거제동,24715.0,60448.0,28916.0,31532.0,7160.0
2023,8,연제구,연산동,69349.0,143603.0,68650.0,74953.0,29526.0
2023,8,영도구,동삼동,21250.0,42103.0,20715.0,21388.0,9960.0
2023,8,영도구,봉래동,6834.0,14080.0,6925.0,7155.0,2926.0
2023,8,영도구,신선동,4325.0,7603.0,3786.0,3817.0,2332.0
2023,8,영도구,영선동,5516.0,11706.0,5694.0,6012.0,2183.0
2023,8,영도구,청학동,10756.0,22984.0,11314.0,11670.0,4276.0
2023,8,중구,남포동,575.0,1077.0,723.0,354.0,412.0
2023,8,중구,대청동,3488.0,6025.0,2827.0,3198.0,2042.0
2023,8,중구,동광동,1638.0,2842.0,1515.0,1327.0,1054.0
2023,8,중구,보수동,6124.0,10663.0,5041.0,5622.0,3627.0
2023,8,중구,부평동,2678.0,4576.0,2129.0,2447.0,1676.0
2023,8,해운대구,반여동,30257.0,69823.0,34164.0,35659.0,10048.0
2023,8,해운대구,우동,33535.0,82069.0,38878.0,43191.0,10083.0
2023,8,해운대구,재송동,25680.0,60458.0,29504.0,30954.0,8536.0
2023,8,해운대구,좌동,36840.0,86889.0,40556.0,46333.0,12233.0
2023,8,해운대구,중동,19606.0,43584.0,20862.0,22722.0,7751.0
2023,9,강서구,강동동,2461.0,4132.0,2241.0,1891.0,1447.0
2023,9,강서구,명지동,31911.0,85063.0,42579.0,42484.0,8261.0
2023,9,금정구,구서동,21234.0,50869.0,24176.0,26693.0,6351.0
2023,9,금정구,금성동,461.0,966.0,478.0,488.0,202.0
2023,9,금정구,남산동,13792.0,27894.0,13381.0,14513.0,6512.0
2023,9,금정구,서동,13406.0,24003.0,12074.0,11929.0,7060.0
2023,9,금정구,장전동,22938.0,46158.0,22901.0,23257.0,12385.0
2023,9,기장군,기장읍,26058.0,53045.0,25916.0,27129.0,11639.0
2023,9,기장군,일광읍,12694.0,29730.0,14634.0,15096.0,4237.0
2023,9,기장군,장안읍,5060.0,9384.0,5259.0,4125.0,2899.0
2023,9,기장군,정관읍,32097.0,81865.0,40705.0,41160.0,9608.0
2023,9,기장군,철마면,3914.0,7787.0,3943.0,3844.0,1660.0
2023,9,남구,감만동,7701.0,16085.0,8072.0,8013.0,3092.0
2023,9,남구,대연동,45917.0,96916.0,47595.0,49321.0,22130.0
2023,9,남구,문현동,21230.0,44869.0,21904.0,22965.0,8700.0
2023,9,남구,용당동,3499.0,8126.0,4111.0,4015.0,1241.0
2023,9,남구,용호동,34498.0,82634.0,39688.0,42946.0,10460.0
2023,9,남구,우암동,5796.0,12511.0,6115.0,6396.0,2121.0
2023,9,동구,범일동,14321.0,26695.0,13150.0,13545.0,7354.0
2023,9,동구,수정동,11697.0,21901.0,10474.0,11427.0,5770.0
2023,9,동구,좌천동,5824.0,11546.0,5574.0,5972.0,2596.0
2023,9,동구,초량동,15603.0,30276.0,14877.0,15399.0,8496.0
2023,9,동래구,명륜동,10180.0,26534.0,12985.0,13549.0,2629.0
2023,9,동래구,명장동,12723.0,27757.0,13406.0,14351.0,4626.0
2023,9,동래구,사직동,21191.0,52673.0,25541.0,27132.0,6298.0
2023,9,동래구,안락동,17780.0,40189.0,19488.0,20701.0,6107.0
2023,9,동래구,온천동,40344.0,86266.0,41326.0,44940.0,16993.0
2023,9,부산진구,가야동,17789.0,36739.0,18125.0,18614.0,7930.0
2023,9,부산진구,개금동,26949.0,56128.0,26993.0,29135.0,11532.0
2023,9,부산진구,당감동,19739.0,42615.0,20301.0,22314.0,7440.0
2023,9,부산진구,범천동,18757.0,34227.0,16256.0,17971.0,9770.0
2023,9,부산진구,부암동,17334.0,40349.0,19607.0,20742.0,5676.0
2023,9,부산진구,양정동,16919.0,31114.0,14411.0,16703.0,9123.0
2023,9,부산진구,연지동,10749.0,25845.0,12311.0,13534.0,3112.0
2023,9,부산진구,전포동,24988.0,44813.0,21185.0,23628.0,14084.0
2023,9,부산진구,초읍동,9815.0,20925.0,10040.0,10885.0,3813.0
2023,9,북구,구포동,28812.0,59602.0,30388.0,29214.0,12396.0
2023,9,북구,금곡동,17836.0,36330.0,17527.0,18803.0,7749.0
2023,9,북구,덕천동,18676.0,33754.0,16562.0,17192.0,9858.0
2023,9,북구,만덕동,25667.0,61437.0,29911.0,31526.0,6884.0
2023,9,북구,화명동,32426.0,86677.0,42184.0,44493.0,6643.0
2023,9,사상구,감전동,6984.0,13012.0,6999.0,6013.0,3656.0
2023,9,사상구,괘법동,14620.0,25509.0,13062.0,12447.0,8842.0
2023,9,사상구,덕포동,10579.0,22913.0,11646.0,11267.0,4284.0
2023,9,사상구,모라동,18662.0,36613.0,17957.0,18656.0,8604.0
2023,9,사상구,삼락동,3004.0,5789.0,3074.0,2715.0,1636.0
2023,9,사상구,엄궁동,9823.0,24996.0,12468.0,12528.0,2451.0
2023,9,사상구,주례동,24120.0,52566.0,26107.0,26459.0,9876.0
2023,9,사상구,학장동,12021.0,27425.0,13704.0,13721.0,4077.0
2023,9,사하구,감천동,11239.0,23152.0,11441.0,11711.0,4705.0
2023,9,사하구,괴정동,28453.0,60841.0,29256.0,31585.0,11054.0
2023,9,사하구,구평동,5171.0,12796.0,6575.0,6221.0,1357.0
2023,9,사하구,다대동,28808.0,63975.0,31927.0,32048.0,11109.0
2023,9,사하구,당리동,10989.0,24716.0,12006.0,12710.0,3746.0
2023,9,사하구,신평동,15548.0,34034.0,17387.0,16647.0,6076.0
2023,9,사하구,장림동,16587.0,37616.0,19383.0,18233.0,6170.0
2023,9,사하구,하단동,24484.0,47638.0,23795.0,23843.0,12538.0
2023,9,서구,남부민동,7246.0,13276.0,6769.0,6507.0,3777.0
2023,9,서구,동대신동,10110.0,19779.0,9445.0,10334.0,4832.0
2023,9,서구,서대신동,13079.0,30173.0,14191.0,15982.0,4592.0
2023,9,서구,아미동,3605.0,6050.0,3020.0,3030.0,2268.0
2023,9,서구,암남동,7281.0,15417.0,7516.0,7901.0,3244.0
2023,9,서구,초장동,2450.0,3997.0,2010.0,1987.0,1515.0
2023,9,수영구,광안동,37175.0,68005.0,31344.0,36661.0,20558.0
2023,9,수영구,남천동,12831.0,29699.0,13715.0,15984.0,4375.0
2023,9,수영구,망미동,17271.0,37053.0,17710.0,19343.0,6589.0
2023,9,수영구,민락동,13349.0,28366.0,13685.0,14681.0,5500.0
2023,9,수영구,수영동,7843.0,14293.0,6790.0,7503.0,4079.0
2023,9,연제구,거제동,24717.0,60434.0,28907.0,31527.0,7154.0
2023,9,연제구,연산동,69376.0,143527.0,68593.0,74934.0,29578.0
2023,9,영도구,동삼동,21404.0,42394.0,20861.0,21533.0,10030.0
2023,9,영도구,봉래동,6806.0,13981.0,6879.0,7102.0,2929.0
2023,9,영도구,신선동,4317.0,7567.0,3767.0,3800.0,2339.0
2023,9,영도구,영선동,5503.0,11634.0,5668.0,5966.0,2196.0
2023,9,영도구,청학동,10724.0,22863.0,11253.0,11610.0,4280.0
2023,9,중구,남포동,571.0,1074.0,721.0,353.0,409.0
2023,9,중구,대청동,3474.0,5991.0,2823.0,3168.0,2034.0
2023,9,중구,동광동,1621.0,2822.0,1497.0,1325.0,1043.0
2023,9,중구,보수동,6129.0,10687.0,5047.0,5640.0,3636.0
2023,9,중구,부평동,2684.0,4454.0,2101.0,2353.0,1686.0
2023,9,해운대구,반여동,30239.0,69750.0,34124.0,35626.0,10038.0
2023,9,해운대구,우동,33549.0,81987.0,38830.0,43157.0,10098.0
2023,9,해운대구,재송동,25693.0,60391.0,29454.0,30937.0,8564.0
2023,9,해운대구,좌동,36829.0,86737.0,40459.0,46278.0,12236.0
2023,9,해운대구,중동,19560.0,43525.0,20828.0,22697.0,7700.0
2023,10,강서구,강동동,2456.0,4122.0,2238.0,1884.0,1449.0
2023,10,강서구,명지동,31932.0,85135.0,42612.0,42523.0,8275.0
2023,10,금정구,구서동,21195.0,50770.0,24135.0,26635.0,6344.0
2023,10,금정구,금성동,455.0,953.0,470.0,483.0,199.0
2023,10,금정구,남산동,13793.0,28084.0,13395.0,14689.0,6527.0
2023,10,금정구,서동,13387.0,23940.0,12032.0,11908.0,7063.0
2023,10,금정구,장전동,22953.0,46467.0,22976.0,23491.0,12399.0
2023,10,기장군,기장읍,26078.0,53040.0,25909.0,27131.0,11656.0
2023,10,기장군,일광읍,12703.0,29762.0,14659.0,15103.0,4252.0
2023,10,기장군,장안읍,5082.0,9420.0,5275.0,4145.0,2916.0
2023,10,기장군,정관읍,32096.0,81855.0,40709.0,41146.0,9590.0
2023,10,기장군,철마면,3905.0,7759.0,3932.0,3827.0,1660.0
2023,10,남구,감만동,7625.0,15968.0,8025.0,7943.0,3039.0
2023,10,남구,대연동,45847.0,97037.0,47639.0,49398.0,22081.0
2023,10,남구,문현동,21188.0,44748.0,21852.0,22896.0,8693.0
2023,10,남구,용당동,3501.0,8121.0,4106.0,4015.0,1236.0
2023,10,남구,용호동,34520.0,82568.0,39643.0,42925.0,10477.0
2023,10,남구,우암동,5789.0,12468.0,6093.0,6375.0,2128.0
2023,10,동구,범일동,14438.0,26920.0,13263.0,13657.0,7402.0
2023,10,동구,수정동,11663.0,21815.0,10430.0,11385.0,5750.0
2023,10,동구,좌천동,5812.0,11503.0,5551.0,5952.0,2598.0
2023,10,동구,초량동,15590.0,30220.0,14832.0,15388.0,8491.0
2023,10,동래구,명륜동,10165.0,26541.0,12991.0,13550.0,2605.0
2023,10,동래구,명장동,12724.0,27727.0,13396.0,14331.0,4625.0
2023,10,동래구,사직동,21193.0,52700.0,25537.0,27163.0,6284.0
2023,10,동래구,안락동,17724.0,40052.0,19417.0,20635.0,6100.0
2023,10,동래구,온천동,40309.0,86231.0,41331.0,44900.0,16959.0
2023,10,부산진구,가야동,17730.0,36600.0,18069.0,18531.0,7908.0
2023,10,부산진구,개금동,26939.0,56105.0,26968.0,29137.0,11522.0
2023,10,부산진구,당감동,19776.0,42714.0,20379.0,22335.0,7447.0
2023,10,부산진구,범천동,18841.0,34292.0,16291.0,18001.0,9866.0
2023,10,부산진구,부암동,17336.0,40256.0,19554.0,20702.0,5699.0
2023,10,부산진구,양정동,17411.0,32327.0,14994.0,17333.0,9257.0
2023,10,부산진구,연지동,10763.0,25889.0,12319.0,13570.0,3117.0
2023,10,부산진구,전포동,24968.0,44777.0,21172.0,23605.0,14066.0
2023,10,부산진구,초읍동,9813.0,20891.0,10030.0,10861.0,3824.0
2023,10,북구,구포동,28757.0,59413.0,30292.0,29121.0,12395.0
2023,10,북구,금곡동,17819.0,36215.0,17466.0,18749.0,7770.0
2023,10,북구,덕천동,18646.0,33628.0,16498.0,17130.0,9881.0
2023,10,북구,만덕동,25632.0,61305.0,29845.0,31460.0,6880.0
2023,10,북구,화명동,32399.0,86538.0,42100.0,44438.0,6646.0
2023,10,사상구,감전동,6963.0,12962.0,6966.0,5996.0,3650.0
2023,10,사상구,괘법동,14600.0,25614.0,13117.0,12497.0,8851.0
2023,10,사상구,덕포동,10919.0,23692.0,12052.0,11640.0,4385.0
2023,10,사상구,모라동,18620.0,36452.0,17877.0,18575.0,8604.0
2023,10,사상구,삼락동,2980.0,5752.0,3052.0,2700.0,1622.0
2023,10,사상구,엄궁동,9807.0,24932.0,12426.0,12506.0,2454.0
2023,10,사상구,주례동,24145.0,52848.0,26246.0,26602.0,9931.0
2023,10,사상구,학장동,12019.0,27353.0,13660.0,13693.0,4094.0
2023,10,사하구,감천동,11229.0,23103.0,11429.0,11674.0,4713.0
2023,10,사하구,괴정동,28460.0,60819.0,29234.0,31585.0,11088.0
2023,10,사하구,구평동,5143.0,12746.0,6556.0,6190.0,1349.0
2023,10,사하구,다대동,28788.0,63890.0,31896.0,31994.0,11118.0
2023,10,사하구,당리동,10970.0,24665.0,11980.0,12685.0,3738.0
2023,10,사하구,신평동,15531.0,34015.0,17373.0,16642.0,6050.0
2023,10,사하구,장림동,16568.0,37582.0,19356.0,18226.0,6158.0
2023,10,사하구,하단동,24476.0,47649.0,23800.0,23849.0,12552.0
2023,10,서구,남부민동,7219.0,13228.0,6735.0,6493.0,3763.0
2023,10,서구,동대신동,10081.0,19720.0,9404.0,10316.0,4821.0
2023,10,서구,서대신동,13081.0,30170.0,14189.0,15981.0,4593.0
2023,10,서구,아미동,3613.0,6049.0,3018.0,3031.0,2275.0
2023,10,서구,암남동,7319.0,15525.0,7579.0,7946.0,3253.0
2023,10,서구,초장동,2446.0,3990.0,2002.0,1988.0,1513.0
2023,10,수영구,광안동,37128.0,67913.0,31311.0,36602.0,20529.0
2023,10,수영구,남천동,12838.0,29737.0,13731.0,16006.0,4368.0
2023,10,수영구,망미동,17240.0,36954.0,17662.0,19292.0,6597.0
2023,10,수영구,민락동,13312.0,28294.0,13652.0,14642.0,5483.0
2023,10,수영구,수영동,7839.0,14247.0,6767.0,7480.0,4100.0
2023,10,연제구,거제동,24696.0,60320.0,28853.0,31467.0,7162.0
2023,10,연제구,연산동,69642.0,143617.0,68627.0,74990.0,29839.0
2023,10,영도구,동삼동,21510.0,42578.0,20944.0,21634.0,10112.0
2023,10,영도구,봉래동,6781.0,13921.0,6847.0,7074.0,2917.0
2023,10,영도구,신선동,4312.0,7537.0,3755.0,3782.0,2346.0
2023,10,영도구,영선동,5481.0,11594.0,5634.0,5960.0,2184.0
2023,10,영도구,청학동,10709.0,22778.0,11207.0,11571.0,4292.0
2023,10,중구,남포동,570.0,1068.0,717.0,351.0,407.0
2023,10,중구,대청동,3463.0,5966.0,2817.0,3149.0,2024.0
2023,10,중구,동광동,1625.0,2821.0,1493.0,1328.0,1047.0
2023,10,중구,보수동,6124.0,10678.0,5048.0,5630.0,3633.0
2023,10,중구,부평동,2676.0,4433.0,2095.0,2338.0,1685.0
2023,10,해운대구,반여동,30231.0,69679.0,34075.0,35604.0,10032.0
2023,10,해운대구,우동,33561.0,81988.0,38825.0,43163.0,10105.0
2023,10,해운대구,재송동,25687.0,60340.0,29435.0,30905.0,8572.0
2023,10,해운대구,좌동,36828.0,86687.0,40450.0,46237.0,12239.0
2023,10,해운대구,중동,19505.0,43427.0,20770.0,22657.0,7657.0
2024,5,강서구,강동동,2677.0,4852.0,2608.0,2244.0,1465.0
2024,5,강서구,명지동,31898.0,85048.0,42647.0,42401.0,8228.0
2024,5,금정구,구서동,21037.0,50015.0,23726.0,26289.0,6322.0
2024,5,금정구,금성동,445.0,914.0,453.0,461.0,201.0
2024,5,금정구,남산동,13709.0,27553.0,13198.0,14355.0,6599.0
2024,5,금정구,서동,13109.0,23292.0,11692.0,11600.0,6964.0
2024,5,금정구,장전동,22797.0,45862.0,22600.0,23262.0,12378.0
2024,5,기장군,기장읍,25923.0,52436.0,25697.0,26739.0,11673.0
2024,5,기장군,일광읍,12953.0,30045.0,14854.0,15191.0,4440.0
2024,5,기장군,장안읍,5031.0,9407.0,5318.0,4089.0,2886.0
2024,5,기장군,정관읍,31835.0,80789.0,40190.0,40599.0,9620.0
2024,5,기장군,철마면,3861.0,7600.0,3824.0,3776.0,1659.0
2024,5,남구,감만동,7113.0,14820.0,7435.0,7385.0,2843.0
2024,5,남구,대연동,47914.0,101490.0,49788.0,51702.0,23101.0
2024,5,남구,문현동,21204.0,44520.0,21754.0,22766.0,8715.0
2024,5,남구,용당동,3464.0,8006.0,4028.0,3978.0,1225.0
2024,5,남구,용호동,34518.0,81798.0,39223.0,42575.0,10590.0
2024,5,남구,우암동,5680.0,12200.0,5951.0,6249.0,2096.0
2024,5,동구,범일동,14550.0,27090.0,13310.0,13780.0,7424.0
2024,5,동구,수정동,11550.0,21362.0,10165.0,11197.0,5792.0
2024,5,동구,좌천동,5761.0,11314.0,5439.0,5875.0,2592.0
2024,5,동구,초량동,15514.0,29806.0,14596.0,15210.0,8528.0
2024,5,동래구,명륜동,10140.0,26353.0,12909.0,13444.0,2603.0
2024,5,동래구,명장동,12558.0,27201.0,13147.0,14054.0,4601.0
2024,5,동래구,사직동,21071.0,51994.0,25090.0,26904.0,6332.0
2024,5,동래구,안락동,17760.0,39846.0,19263.0,20583.0,6187.0
2024,5,동래구,온천동,40377.0,85693.0,40992.0,44701.0,17147.0
2024,5,부산진구,가야동,17333.0,35469.0,17538.0,17931.0,7844.0
2024,5,부산진구,개금동,26815.0,55306.0,26514.0,28792.0,11674.0
2024,5,부산진구,당감동,20117.0,43008.0,20443.0,22565.0,7666.0
2024,5,부산진구,범천동,18859.0,34003.0,16095.0,17908.0,9973.0
2024,5,부산진구,부암동,18838.0,43591.0,21208.0,22383.0,6136.0
2024,5,부산진구,양정동,18249.0,34038.0,15740.0,18298.0,9688.0
2024,5,부산진구,연지동,10756.0,25770.0,12226.0,13544.0,3128.0
2024,5,부산진구,전포동,24995.0,44411.0,20969.0,23442.0,14225.0
2024,5,부산진구,초읍동,9708.0,20488.0,9825.0,10663.0,3823.0
2024,5,북구,구포동,28459.0,58261.0,29723.0,28538.0,12446.0
2024,5,북구,금곡동,17714.0,35502.0,17071.0,18431.0,7881.0
2024,5,북구,덕천동,19098.0,34402.0,16852.0,17550.0,10093.0
2024,5,북구,만덕동,25465.0,60354.0,29295.0,31059.0,6981.0
2024,5,북구,화명동,32239.0,85279.0,41519.0,43760.0,6692.0
2024,5,사상구,감전동,6876.0,12629.0,6799.0,5830.0,3679.0
2024,5,사상구,괘법동,14687.0,25623.0,13115.0,12508.0,8947.0
2024,5,사상구,덕포동,11251.0,24472.0,12421.0,12051.0,4453.0
2024,5,사상구,모라동,18513.0,35842.0,17573.0,18269.0,8745.0
2024,5,사상구,삼락동,2927.0,5609.0,2970.0,2639.0,1609.0
2024,5,사상구,엄궁동,9711.0,24538.0,12206.0,12332.0,2436.0
2024,5,사상구,주례동,24067.0,52319.0,25933.0,26386.0,10092.0
2024,5,사상구,학장동,12019.0,26945.0,13435.0,13510.0,4230.0
2024,5,사하구,감천동,11095.0,22608.0,11181.0,11427.0,4724.0
2024,5,사하구,괴정동,28215.0,59904.0,28788.0,31116.0,11083.0
2024,5,사하구,구평동,5099.0,12658.0,6523.0,6135.0,1318.0
2024,5,사하구,다대동,28652.0,62946.0,31423.0,31523.0,11244.0
2024,5,사하구,당리동,10932.0,24301.0,11813.0,12488.0,3792.0
2024,5,사하구,신평동,15439.0,33736.0,17269.0,16467.0,6058.0
2024,5,사하구,장림동,16497.0,37152.0,19133.0,18019.0,6222.0
2024,5,사하구,하단동,24574.0,47292.0,23677.0,23615.0,12774.0
2024,5,서구,남부민동,7061.0,12811.0,6499.0,6312.0,3715.0
2024,5,서구,동대신동,9924.0,19359.0,9260.0,10099.0,4794.0
2024,5,서구,서대신동,12971.0,29846.0,14042.0,15804.0,4580.0
2024,5,서구,아미동,4030.0,6522.0,3207.0,3315.0,2615.0
2024,5,서구,암남동,7396.0,15683.0,7647.0,8036.0,3271.0
2024,5,서구,초장동,2389.0,3854.0,1935.0,1919.0,1495.0
2024,5,수영구,광안동,37024.0,66945.0,30811.0,36134.0,20774.0
2024,5,수영구,남천동,13116.0,30363.0,13992.0,16371.0,4459.0
2024,5,수영구,망미동,17031.0,36191.0,17285.0,18906.0,6548.0
2024,5,수영구,민락동,13269.0,27968.0,13450.0,14518.0,5530.0
2024,5,수영구,수영동,7821.0,14072.0,6684.0,7388.0,4142.0
2024,5,연제구,거제동,28305.0,70378.0,33715.0,36663.0,7864.0
2024,5,연제구,연산동,70216.0,142584.0,67919.0,74665.0,30752.0
2024,5,영도구,동삼동,21862.0,43164.0,21263.0,21901.0,10401.0
2024,5,영도구,봉래동,6711.0,13785.0,6807.0,6978.0,2907.0
2024,5,영도구,신선동,4196.0,7269.0,3607.0,3662.0,2310.0
2024,5,영도구,영선동,5394.0,11318.0,5495.0,5823.0,2165.0
2024,5,영도구,청학동,10526.0,22224.0,10928.0,11296.0,4243.0
2024,5,중구,남포동,573.0,1049.0,707.0,342.0,412.0
2024,5,중구,대청동,3438.0,5839.0,2765.0,3074.0,2034.0
2024,5,중구,동광동,1603.0,2750.0,1448.0,1302.0,1059.0
2024,5,중구,보수동,6175.0,10660.0,5041.0,5619.0,3714.0
2024,5,중구,부평동,2631.0,4539.0,2108.0,2431.0,1658.0
2024,5,해운대구,반여동,30002.0,68634.0,33533.0,35101.0,10053.0
2024,5,해운대구,우동,33478.0,81386.0,38536.0,42850.0,10111.0
2024,5,해운대구,재송동,25469.0,59494.0,29029.0,30465.0,8506.0
2024,5,해운대구,좌동,36732.0,85758.0,39934.0,45824.0,12317.0
2024,5,해운대구,중동,19584.0,43420.0,20788.0,22632.0,7739.0
2024,6,강서구,강동동,2793.0,5156.0,2755.0,2401.0,1492.0
2024,6,강서구,명지동,31895.0,85065.0,42649.0,42416.0,8223.0
2024,6,금정구,구서동,21069.0,50027.0,23710.0,26317.0,6344.0
2024,6,금정구,금성동,448.0,914.0,452.0,462.0,203.0
2024,6,금정구,남산동,13713.0,27464.0,13162.0,14302.0,6630.0
2024,6,금정구,서동,13076.0,23194.0,11627.0,11567.0,6967.0
2024,6,금정구,장전동,22885.0,45927.0,22621.0,23306.0,12465.0
2024,6,기장군,기장읍,25957.0,52445.0,25701.0,26744.0,11720.0
2024,6,기장군,일광읍,13004.0,30109.0,14893.0,15216.0,4465.0
2024,6,기장군,장안읍,5021.0,9423.0,5339.0,4084.0,2874.0
2024,6,기장군,정관읍,31800.0,80707.0,40156.0,40551.0,9596.0
2024,6,기장군,철마면,3855.0,7576.0,3824.0,3752.0,1662.0
2024,6,남구,감만동,7071.0,14733.0,7394.0,7339.0,2820.0
2024,6,남구,대연동,48054.0,101692.0,49859.0,51833.0,23191.0
2024,6,남구,문현동,21215.0,44496.0,21758.0,22738.0,8730.0
2024,6,남구,용당동,3458.0,7990.0,4018.0,3972.0,1222.0
2024,6,남구,용호동,34487.0,81718.0,39162.0,42556.0,10575.0
2024,6,남구,우암동,5669.0,12165.0,5932.0,6233.0,2088.0
2024,6,동구,범일동,14526.0,26997.0,13249.0,13748.0,7425.0
2024,6,동구,수정동,11532.0,21300.0,10129.0,11171.0,5800.0
2024,6,동구,좌천동,5763.0,11317.0,5450.0,5867.0,2587.0
2024,6,동구,초량동,15533.0,29766.0,14569.0,15197.0,8563.0
2024,6,동래구,명륜동,10129.0,26349.0,12909.0,13440.0,2581.0
2024,6,동래구,명장동,12571.0,27182.0,13130.0,14052.0,4623.0
2024,6,동래구,사직동,21093.0,51969.0,25059.0,26910.0,6347.0
2024,6,동래구,안락동,17764.0,39876.0,19270.0,20606.0,6185.0
2024,6,동래구,온천동,40332.0,85609.0,40955.0,44654.0,17117.0
2024,6,부산진구,가야동,17337.0,35453.0,17519.0,17934.0,7861.0
2024,6,부산진구,개금동,26836.0,55218.0,26471.0,28747.0,11723.0
2024,6,부산진구,당감동,20093.0,42882.0,20409.0,22473.0,7680.0
2024,6,부산진구,범천동,18856.0,33971.0,16070.0,17901.0,9962.0
2024,6,부산진구,부암동,18983.0,43908.0,21358.0,22550.0,6193.0
2024,6,부산진구,양정동,18350.0,34167.0,15812.0,18355.0,9775.0
2024,6,부산진구,연지동,10752.0,25782.0,12221.0,13561.0,3116.0
2024,6,부산진구,전포동,25021.0,44410.0,20973.0,23437.0,14239.0
2024,6,부산진구,초읍동,9694.0,20425.0,9806.0,10619.0,3826.0
2024,6,북구,구포동,28467.0,58156.0,29663.0,28493.0,12505.0
2024,6,북구,금곡동,17713.0,35460.0,17040.0,18420.0,7903.0
2024,6,북구,덕천동,19128.0,34402.0,16864.0,17538.0,10143.0
2024,6,북구,만덕동,25468.0,60294.0,29259.0,31035.0,6985.0
2024,6,북구,화명동,32251.0,85220.0,41499.0,43721.0,6693.0
2024,6,사상구,감전동,6874.0,12596.0,6778.0,5818.0,3689.0
2024,6,사상구,괘법동,14718.0,25604.0,13110.0,12494.0,8984.0
2024,6,사상구,덕포동,11267.0,24464.0,12411.0,12053.0,4465.0
2024,6,사상구,모라동,18512.0,35776.0,17535.0,18241.0,8771.0
2024,6,사상구,삼락동,2930.0,5606.0,2972.0,2634.0,1617.0
2024,6,사상구,엄궁동,9697.0,24510.0,12193.0,12317.0,2428.0
2024,6,사상구,주례동,24090.0,52345.0,25957.0,26388.0,10136.0
2024,6,사상구,학장동,12022.0,26911.0,13420.0,13491.0,4251.0
2024,6,사하구,감천동,11115.0,22593.0,11186.0,11407.0,4753.0
2024,6,사하구,괴정동,28223.0,59806.0,28743.0,31063.0,11115.0
2024,6,사하구,구평동,5111.0,12673.0,6535.0,6138.0,1330.0
2024,6,사하구,다대동,28640.0,62818.0,31360.0,31458.0,11274.0
2024,6,사하구,당리동,10910.0,24228.0,11788.0,12440.0,3792.0
2024,6,사하구,신평동,15432.0,33705.0,17265.0,16440.0,6045.0
2024,6,사하구,장림동,16497.0,37108.0,19124.0,17984.0,6237.0
2024,6,사하구,하단동,24585.0,47230.0,23655.0,23575.0,12805.0
2024,6,서구,남부민동,7041.0,12765.0,6475.0,6290.0,3703.0
2024,6,서구,동대신동,9918.0,19359.0,9249.0,10110.0,4791.0
2024,6,서구,서대신동,12954.0,29791.0,14006.0,15785.0,4570.0
2024,6,서구,아미동,4021.0,6510.0,3201.0,3309.0,2607.0
2024,6,서구,암남동,7401.0,15700.0,7650.0,8050.0,3265.0
2024,6,서구,초장동,2380.0,3838.0,1919.0,1919.0,1486.0
2024,6,수영구,광안동,37045.0,66887.0,30788.0,36099.0,20827.0
2024,6,수영구,남천동,13166.0,30415.0,14021.0,16394.0,4491.0
2024,6,수영구,망미동,17012.0,36119.0,17258.0,18861.0,6541.0
2024,6,수영구,민락동,13248.0,27949.0,13459.0,14490.0,5507.0
2024,6,수영구,수영동,7795.0,14034.0,6666.0,7368.0,4120.0
2024,6,연제구,거제동,28482.0,70683.0,33832.0,36851.0,7959.0
2024,6,연제구,연산동,70233.0,142479.0,67864.0,74615.0,30803.0
2024,6,영도구,동삼동,21880.0,43110.0,21224.0,21886.0,10433.0
2024,6,영도구,봉래동,6692.0,13769.0,6798.0,6971.0,2903.0
2024,6,영도구,신선동,4194.0,7251.0,3597.0,3654.0,2306.0
2024,6,영도구,영선동,5403.0,11308.0,5497.0,5811.0,2176.0
2024,6,영도구,청학동,10496.0,22157.0,10886.0,11271.0,4232.0
2024,6,중구,남포동,565.0,1038.0,695.0,343.0,406.0
2024,6,중구,대청동,3429.0,5818.0,2766.0,3052.0,2033.0
2024,6,중구,동광동,1601.0,2761.0,1447.0,1314.0,1054.0
2024,6,중구,보수동,6180.0,10655.0,5019.0,5636.0,3730.0
2024,6,중구,부평동,2618.0,4359.0,2059.0,2300.0,1648.0
2024,6,해운대구,반여동,29975.0,68514.0,33457.0,35057.0,10063.0
2024,6,해운대구,우동,33482.0,81326.0,38497.0,42829.0,10105.0
2024,6,해운대구,재송동,25443.0,59338.0,28964.0,30374.0,8539.0
2024,6,해운대구,좌동,36723.0,85643.0,39903.0,45740.0,12331.0
2024,6,해운대구,중동,19579.0,43401.0,20766.0,22635.0,7737.0
2024,7,강서구,강동동,2809.0,5216.0,2789.0,2427.0,1489.0
2024,7,강서구,명지동,31928.0,85111.0,42660.0,42451.0,8239.0
2024,7,금정구,구서동,21051.0,49944.0,23661.0,26283.0,6365.0
2024,7,금정구,금성동,448.0,913.0,453.0,460.0,205.0
2024,7,금정구,남산동,13693.0,27382.0,13151.0,14231.0,6627.0
2024,7,금정구,서동,13051.0,23127.0,11600.0,11527.0,6960.0
2024,7,금정구,장전동,22879.0,45829.0,22574.0,23255.0,12469.0
2024,7,기장군,기장읍,25906.0,52338.0,25635.0,26703.0,11690.0
2024,7,기장군,일광읍,13015.0,30150.0,14906.0,15244.0,4463.0
2024,7,기장군,장안읍,5024.0,9433.0,5336.0,4097.0,2873.0
2024,7,기장군,정관읍,31772.0,80606.0,40111.0,40495.0,9584.0
2024,7,기장군,철마면,3854.0,7572.0,3820.0,3752.0,1662.0
2024,7,남구,감만동,7040.0,14673.0,7369.0,7304.0,2810.0
2024,7,남구,대연동,48257.0,102129.0,50085.0,52044.0,23213.0
2024,7,남구,문현동,21190.0,44430.0,21744.0,22686.0,8727.0
2024,7,남구,용당동,3451.0,7953.0,4002.0,3951.0,1226.0
2024,7,남구,용호동,34494.0,81628.0,39141.0,42487.0,10607.0
2024,7,남구,우암동,5670.0,12169.0,5928.0,6241.0,2082.0
2024,7,동구,범일동,14484.0,26901.0,13196.0,13705.0,7395.0
2024,7,동구,수정동,11530.0,21276.0,10132.0,11144.0,5812.0
2024,7,동구,좌천동,5757.0,11292.0,5433.0,5859.0,2586.0
2024,7,동구,초량동,15540.0,29757.0,14543.0,15214.0,8583.0
2024,7,동래구,명륜동,10129.0,26333.0,12906.0,13427.0,2579.0
2024,7,동래구,명장동,12573.0,27158.0,13116.0,14042.0,4635.0
2024,7,동래구,사직동,21278.0,52429.0,25269.0,27160.0,6401.0
2024,7,동래구,안락동,17760.0,39823.0,19238.0,20585.0,6198.0
2024,7,동래구,온천동,40275.0,85437.0,40883.0,44554.0,17093.0
2024,7,부산진구,가야동,17331.0,35390.0,17476.0,17914.0,7868.0
2024,7,부산진구,개금동,26794.0,55109.0,26435.0,28674.0,11719.0
2024,7,부산진구,당감동,20100.0,42861.0,20391.0,22470.0,7694.0
2024,7,부산진구,범천동,18852.0,33925.0,16035.0,17890.0,9990.0
2024,7,부산진구,부암동,19064.0,44012.0,21405.0,22607.0,6233.0
2024,7,부산진구,양정동,18358.0,34152.0,15797.0,18355.0,9794.0
2024,7,부산진구,연지동,10735.0,25691.0,12172.0,13519.0,3121.0
2024,7,부산진구,전포동,25022.0,44404.0,20962.0,23442.0,14227.0
2024,7,부산진구,초읍동,10036.0,21274.0,10252.0,11022.0,3912.0
2024,7,북구,구포동,28453.0,58044.0,29581.0,28463.0,12506.0
2024,7,북구,금곡동,17697.0,35386.0,17009.0,18377.0,7914.0
2024,7,북구,덕천동,19134.0,34390.0,16865.0,17525.0,10141.0
2024,7,북구,만덕동,25456.0,60167.0,29189.0,30978.0,6994.0
2024,7,북구,화명동,32252.0,85152.0,41430.0,43722.0,6707.0
2024,7,사상구,감전동,6862.0,12600.0,6783.0,5817.0,3686.0
2024,7,사상구,괘법동,14727.0,25556.0,13104.0,12452.0,9015.0
2024,7,사상구,덕포동,11256.0,24417.0,12374.0,12043.0,4471.0
2024,7,사상구,모라동,18501.0,35724.0,17503.0,18221.0,8775.0
2024,7,사상구,삼락동,2926.0,5587.0,2958.0,2629.0,1614.0
2024,7,사상구,엄궁동,9692.0,24440.0,12159.0,12281.0,2436.0
2024,7,사상구,주례동,24069.0,52242.0,25867.0,26375.0,10119.0
2024,7,사상구,학장동,12014.0,26874.0,13392.0,13482.0,4243.0
2024,7,사하구,감천동,11106.0,22550.0,11148.0,11402.0,4754.0
2024,7,사하구,괴정동,28190.0,59691.0,28693.0,30998.0,11133.0
2024,7,사하구,구평동,5107.0,12660.0,6528.0,6132.0,1334.0
2024,7,사하구,다대동,28646.0,62685.0,31302.0,31383.0,11313.0
2024,7,사하구,당리동,10907.0,24178.0,11772.0,12406.0,3802.0
2024,7,사하구,신평동,15423.0,33677.0,17258.0,16419.0,6041.0
2024,7,사하구,장림동,16471.0,37076.0,19073.0,18003.0,6219.0
2024,7,사하구,하단동,24574.0,47175.0,23616.0,23559.0,12809.0
2024,7,서구,남부민동,7019.0,12714.0,6448.0,6266.0,3694.0
2024,7,서구,동대신동,9912.0,19309.0,9221.0,10088.0,4798.0
2024,7,서구,서대신동,12956.0,29791.0,14014.0,15777.0,4564.0
2024,7,서구,아미동,4017.0,6477.0,3187.0,3290.0,2615.0
2024,7,서구,암남동,7394.0,15692.0,7658.0,8034.0,3268.0
2024,7,서구,초장동,2370.0,3821.0,1909.0,1912.0,1482.0
2024,7,수영구,광안동,37030.0,66803.0,30716.0,36087.0,20845.0
2024,7,수영구,남천동,13197.0,30456.0,14049.0,16407.0,4513.0
2024,7,수영구,망미동,16992.0,36031.0,17215.0,18816.0,6549.0
2024,7,수영구,민락동,13239.0,27944.0,13446.0,14498.0,5498.0
2024,7,수영구,수영동,7803.0,14025.0,6658.0,7367.0,4127.0
2024,7,연제구,거제동,28618.0,70921.0,33936.0,36985.0,8019.0
2024,7,연제구,연산동,70219.0,142291.0,67738.0,74553.0,30834.0
2024,7,영도구,동삼동,21870.0,43074.0,21210.0,21864.0,10432.0
2024,7,영도구,봉래동,6674.0,13741.0,6785.0,6956.0,2889.0
2024,7,영도구,신선동,4185.0,7216.0,3580.0,3636.0,2310.0
2024,7,영도구,영선동,5382.0,11269.0,5484.0,5785.0,2171.0
2024,7,영도구,청학동,10471.0,22078.0,10858.0,11220.0,4233.0
2024,7,중구,남포동,562.0,1054.0,713.0,341.0,404.0
2024,7,중구,대청동,3433.0,5816.0,2764.0,3052.0,2037.0
2024,7,중구,동광동,1591.0,2767.0,1454.0,1313.0,1046.0
2024,7,중구,보수동,6185.0,10636.0,5015.0,5621.0,3758.0
2024,7,중구,부평동,2613.0,4352.0,2061.0,2291.0,1643.0
2024,7,해운대구,반여동,29954.0,68383.0,33387.0,34996.0,10088.0
2024,7,해운대구,우동,33577.0,81522.0,38590.0,42932.0,10147.0
2024,7,해운대구,재송동,25425.0,59219.0,28920.0,30299.0,8546.0
2024,7,해운대구,좌동,36728.0,85526.0,39860.0,45666.0,12374.0
2024,7,해운대구,중동,19589.0,43360.0,20726.0,22634.0,7762.0
2024,8,강서구,강동동,2981.0,5709.0,3016.0,2693.0,1523.0
2024,8,강서구,명지동,31967.0,85104.0,42667.0,42437.0,8274.0
2024,8,금정구,구서동,21065.0,49921.0,23650.0,26271.0,6375.0
2024,8,금정구,금성동,448.0,912.0,451.0,461.0,206.0
2024,8,금정구,남산동,13628.0,27218.0,13096.0,14122.0,6583.0
2024,8,금정구,서동,12984.0,22989.0,11539.0,11450.0,6933.0
2024,8,금정구,장전동,22889.0,45710.0,22534.0,23176.0,12512.0
2024,8,기장군,기장읍,25871.0,52237.0,25571.0,26666.0,11662.0
2024,8,기장군,일광읍,13030.0,30149.0,14918.0,15231.0,4476.0
2024,8,기장군,장안읍,5007.0,9429.0,5339.0,4090.0,2860.0
2024,8,기장군,정관읍,31717.0,80497.0,40043.0,40454.0,9548.0
2024,8,기장군,철마면,3849.0,7553.0,3806.0,3747.0,1654.0
2024,8,남구,감만동,7015.0,14593.0,7328.0,7265.0,2810.0
2024,8,남구,대연동,48390.0,102355.0,50205.0,52150.0,23268.0
2024,8,남구,문현동,21177.0,44374.0,21700.0,22674.0,8716.0
2024,8,남구,용당동,3452.0,7939.0,3997.0,3942.0,1235.0
2024,8,남구,용호동,34465.0,81494.0,39086.0,42408.0,10614.0
2024,8,남구,우암동,5658.0,12148.0,5915.0,6233.0,2075.0
2024,8,동구,범일동,14467.0,26870.0,13174.0,13696.0,7377.0
2024,8,동구,수정동,11514.0,21248.0,10124.0,11124.0,5801.0
2024,8,동구,좌천동,5756.0,11281.0,5435.0,5846.0,2591.0
2024,8,동구,초량동,15538.0,29753.0,14552.0,15201.0,8571.0
2024,8,동래구,명륜동,10117.0,26297.0,12886.0,13411.0,2585.0
2024,8,동래구,명장동,12576.0,27146.0,13108.0,14038.0,4652.0
2024,8,동래구,사직동,21423.0,52743.0,25443.0,27300.0,6442.0
2024,8,동래구,안락동,17745.0,39716.0,19195.0,20521.0,6214.0
2024,8,동래구,온천동,40199.0,85257.0,40805.0,44452.0,17034.0
2024,8,부산진구,가야동,17321.0,35311.0,17415.0,17896.0,7884.0
2024,8,부산진구,개금동,26789.0,55018.0,26398.0,28620.0,11738.0
2024,8,부산진구,당감동,20108.0,42868.0,20388.0,22480.0,7700.0
2024,8,부산진구,범천동,18837.0,33793.0,15980.0,17813.0,10036.0
2024,8,부산진구,부암동,19119.0,44135.0,21453.0,22682.0,6245.0
2024,8,부산진구,양정동,18343.0,34032.0,15716.0,18316.0,9825.0
2024,8,부산진구,연지동,10732.0,25649.0,12151.0,13498.0,3134.0
2024,8,부산진구,전포동,24984.0,44297.0,20896.0,23401.0,14213.0
2024,8,부산진구,초읍동,10206.0,21685.0,10447.0,11238.0,3947.0
2024,8,북구,구포동,28415.0,57862.0,29493.0,28369.0,12522.0
2024,8,북구,금곡동,17677.0,35315.0,16947.0,18368.0,7913.0
2024,8,북구,덕천동,19149.0,34369.0,16873.0,17496.0,10162.0
2024,8,북구,만덕동,25432.0,60070.0,29126.0,30944.0,7001.0
2024,8,북구,화명동,32254.0,85029.0,41380.0,43649.0,6727.0
2024,8,사상구,감전동,6856.0,12536.0,6749.0,5787.0,3703.0
2024,8,사상구,괘법동,14718.0,25496.0,13074.0,12422.0,9012.0
2024,8,사상구,덕포동,11278.0,24436.0,12372.0,12064.0,4488.0
2024,8,사상구,모라동,18483.0,35667.0,17469.0,18198.0,8765.0
2024,8,사상구,삼락동,2916.0,5567.0,2950.0,2617.0,1612.0
2024,8,사상구,엄궁동,9660.0,24336.0,12095.0,12241.0,2428.0
2024,8,사상구,주례동,24060.0,52156.0,25810.0,26346.0,10138.0
2024,8,사상구,학장동,11999.0,26835.0,13363.0,13472.0,4238.0
2024,8,사하구,감천동,11068.0,22469.0,11103.0,11366.0,4733.0
2024,8,사하구,괴정동,28179.0,59630.0,28683.0,30947.0,11137.0
2024,8,사하구,구평동,5113.0,12669.0,6531.0,6138.0,1342.0
2024,8,사하구,다대동,28635.0,62595.0,31259.0,31336.0,11313.0
2024,8,사하구,당리동,10905.0,24122.0,11730.0,12392.0,3816.0
2024,8,사하구,신평동,15411.0,33623.0,17224.0,16399.0,6060.0
2024,8,사하구,장림동,16472.0,37066.0,19081.0,17985.0,6230.0
2024,8,사하구,하단동,24592.0,47116.0,23605.0,23511.0,12861.0
2024,8,서구,남부민동,7012.0,12679.0,6431.0,6248.0,3697.0
2024,8,서구,동대신동,9906.0,19279.0,9214.0,10065.0,4801.0
2024,8,서구,서대신동,12956.0,29796.0,14014.0,15782.0,4558.0
2024,8,서구,아미동,4010.0,6457.0,3174.0,3283.0,2614.0
2024,8,서구,암남동,7394.0,15641.0,7637.0,8004.0,3291.0
2024,8,서구,초장동,2365.0,3804.0,1899.0,1905.0,1480.0
2024,8,수영구,광안동,37018.0,66672.0,30623.0,36049.0,20883.0
2024,8,수영구,남천동,13207.0,30443.0,14058.0,16385.0,4531.0
2024,8,수영구,망미동,16996.0,35977.0,17201.0,18776.0,6560.0
2024,8,수영구,민락동,13261.0,27945.0,13460.0,14485.0,5538.0
2024,8,수영구,수영동,7805.0,14023.0,6657.0,7366.0,4136.0
2024,8,연제구,거제동,28797.0,71212.0,34065.0,37147.0,8086.0
2024,8,연제구,연산동,70202.0,142122.0,67633.0,74489.0,30875.0
2024,8,영도구,동삼동,21860.0,42947.0,21155.0,21792.0,10446.0
2024,8,영도구,봉래동,6663.0,13697.0,6759.0,6938.0,2895.0
2024,8,영도구,신선동,4169.0,7161.0,3562.0,3599.0,2318.0
2024,8,영도구,영선동,5364.0,11233.0,5458.0,5775.0,2162.0
2024,8,영도구,청학동,10461.0,22048.0,10856.0,11192.0,4229.0
2024,8,중구,남포동,561.0,1048.0,707.0,341.0,405.0
2024,8,중구,대청동,3428.0,5798.0,2750.0,3048.0,2040.0
2024,8,중구,동광동,1589.0,2761.0,1454.0,1307.0,1051.0
2024,8,중구,보수동,6179.0,10609.0,5002.0,5607.0,3754.0
2024,8,중구,부평동,2608.0,4411.0,2077.0,2334.0,1640.0
2024,8,해운대구,반여동,30208.0,68872.0,33649.0,35223.0,10214.0
2024,8,해운대구,우동,33720.0,81804.0,38720.0,43084.0,10204.0
2024,8,해운대구,재송동,25423.0,59138.0,28858.0,30280.0,8577.0
2024,8,해운대구,좌동,36735.0,85350.0,39761.0,45589.0,12415.0
2024,8,해운대구,중동,19630.0,43382.0,20734.0,22648.0,7817.0
2024,9,강서구,강동동,3188.0,6327.0,3318.0,3009.0,1552.0
2024,9,강서구,명지동,31958.0,85024.0,42629.0,42395.0,8265.0
2024,9,금정구,구서동,21046.0,49805.0,23576.0,26229.0,6395.0
2024,9,금정구,금성동,450.0,911.0,451.0,460.0,210.0
2024,9,금정구,남산동,13624.0,26996.0,13044.0,13952.0,6603.0
2024,9,금정구,서동,12942.0,22893.0,11485.0,11408.0,6922.0
2024,9,금정구,장전동,22969.0,45675.0,22569.0,23106.0,12589.0
2024,9,기장군,기장읍,25855.0,52088.0,25477.0,26611.0,11691.0
2024,9,기장군,일광읍,13058.0,30194.0,14945.0,15249.0,4502.0
2024,9,기장군,장안읍,4989.0,9414.0,5336.0,4078.0,2849.0
2024,9,기장군,정관읍,31755.0,80444.0,40033.0,40411.0,9610.0
2024,9,기장군,철마면,3842.0,7518.0,3782.0,3736.0,1664.0
2024,9,남구,감만동,6982.0,14507.0,7276.0,7231.0,2794.0
2024,9,남구,대연동,48498.0,102358.0,50244.0,52114.0,23316.0
2024,9,남구,문현동,21115.0,44229.0,21605.0,22624.0,8699.0
2024,9,남구,용당동,3458.0,7908.0,3987.0,3921.0,1250.0
2024,9,남구,용호동,34424.0,81330.0,38984.0,42346.0,10616.0
2024,9,남구,우암동,5649.0,12108.0,5893.0,6215.0,2085.0
2024,9,동구,범일동,14426.0,26783.0,13122.0,13661.0,7358.0
2024,9,동구,수정동,11489.0,21191.0,10098.0,11093.0,5797.0
2024,9,동구,좌천동,5752.0,11263.0,5423.0,5840.0,2603.0
2024,9,동구,초량동,15543.0,29693.0,14511.0,15182.0,8598.0
2024,9,동래구,명륜동,10122.0,26314.0,12896.0,13418.0,2573.0
2024,9,동래구,명장동,12567.0,27119.0,13086.0,14033.0,4650.0
2024,9,동래구,사직동,21527.0,52940.0,25527.0,27413.0,6476.0
2024,9,동래구,안락동,17722.0,39638.0,19161.0,20477.0,6210.0
2024,9,동래구,온천동,40143.0,85131.0,40751.0,44380.0,16994.0
2024,9,부산진구,가야동,17321.0,35257.0,17401.0,17856.0,7894.0
2024,9,부산진구,개금동,26784.0,54914.0,26325.0,28589.0,11741.0
2024,9,부산진구,당감동,20124.0,42881.0,20408.0,22473.0,7710.0
2024,9,부산진구,범천동,18861.0,33760.0,15976.0,17784.0,10067.0
2024,9,부산진구,부암동,19141.0,44179.0,21446.0,22733.0,6230.0
2024,9,부산진구,양정동,18396.0,34107.0,15759.0,18348.0,9846.0
2024,9,부산진구,연지동,10730.0,25640.0,12144.0,13496.0,3129.0
2024,9,부산진구,전포동,25003.0,44287.0,20877.0,23410.0,14233.0
2024,9,부산진구,초읍동,10254.0,21812.0,10516.0,11296.0,3954.0
2024,9,북구,구포동,28375.0,57673.0,29408.0,28265.0,12529.0
2024,9,북구,금곡동,17676.0,35255.0,16921.0,18334.0,7914.0
2024,9,북구,덕천동,19132.0,34330.0,16838.0,17492.0,10155.0
2024,9,북구,만덕동,25428.0,60003.0,29110.0,30893.0,7028.0
2024,9,북구,화명동,32256.0,84894.0,41285.0,43609.0,6743.0
2024,9,사상구,감전동,6840.0,12477.0,6720.0,5757.0,3714.0
2024,9,사상구,괘법동,14699.0,25457.0,13051.0,12406.0,8993.0
2024,9,사상구,덕포동,11267.0,24445.0,12368.0,12077.0,4469.0
2024,9,사상구,모라동,18463.0,35591.0,17444.0,18147.0,8781.0
2024,9,사상구,삼락동,2906.0,5545.0,2935.0,2610.0,1611.0
2024,9,사상구,엄궁동,9653.0,24283.0,12085.0,12198.0,2436.0
2024,9,사상구,주례동,24062.0,52012.0,25755.0,26257.0,10157.0
2024,9,사상구,학장동,11980.0,26769.0,13325.0,13444.0,4237.0
2024,9,사하구,감천동,11052.0,22392.0,11065.0,11327.0,4744.0
2024,9,사하구,괴정동,28144.0,59522.0,28619.0,30903.0,11113.0
2024,9,사하구,구평동,5102.0,12639.0,6509.0,6130.0,1337.0
2024,9,사하구,다대동,28596.0,62476.0,31186.0,31290.0,11298.0
2024,9,사하구,당리동,10890.0,24070.0,11704.0,12366.0,3817.0
2024,9,사하구,신평동,15411.0,33565.0,17191.0,16374.0,6068.0
2024,9,사하구,장림동,16451.0,36963.0,19025.0,17938.0,6221.0
2024,9,사하구,하단동,24606.0,47052.0,23590.0,23462.0,12904.0
2024,9,서구,남부민동,7000.0,12628.0,6395.0,6233.0,3698.0
2024,9,서구,동대신동,9882.0,19255.0,9202.0,10053.0,4779.0
2024,9,서구,서대신동,12953.0,29759.0,13989.0,15770.0,4567.0
2024,9,서구,아미동,4000.0,6446.0,3173.0,3273.0,2605.0
2024,9,서구,암남동,7476.0,15809.0,7721.0,8088.0,3309.0
2024,9,서구,초장동,2361.0,3806.0,1897.0,1909.0,1477.0
2024,9,수영구,광안동,37017.0,66595.0,30580.0,36015.0,20906.0
2024,9,수영구,남천동,13214.0,30435.0,14041.0,16394.0,4529.0
2024,9,수영구,망미동,16990.0,35942.0,17192.0,18750.0,6553.0
2024,9,수영구,민락동,13272.0,27964.0,13451.0,14513.0,5542.0
2024,9,수영구,수영동,7794.0,14016.0,6651.0,7365.0,4128.0
2024,9,연제구,거제동,28914.0,71348.0,34116.0,37232.0,8158.0
2024,9,연제구,연산동,70222.0,142004.0,67583.0,74421.0,30920.0
2024,9,영도구,동삼동,21842.0,42878.0,21146.0,21732.0,10444.0
2024,9,영도구,봉래동,6666.0,13690.0,6761.0,6929.0,2899.0
2024,9,영도구,신선동,4164.0,7140.0,3550.0,3590.0,2318.0
2024,9,영도구,영선동,5349.0,11181.0,5428.0,5753.0,2158.0
2024,9,영도구,청학동,10454.0,22015.0,10835.0,11180.0,4231.0
2024,9,중구,남포동,563.0,1046.0,704.0,342.0,408.0
2024,9,중구,대청동,3433.0,5790.0,2753.0,3037.0,2052.0
2024,9,중구,동광동,1579.0,2739.0,1443.0,1296.0,1048.0
2024,9,중구,보수동,6170.0,10587.0,4984.0,5603.0,3749.0
2024,9,중구,부평동,2601.0,4357.0,2059.0,2298.0,1637.0
2024,9,해운대구,반여동,30378.0,69249.0,33829.0,35420.0,10255.0
2024,9,해운대구,우동,33853.0,82093.0,38856.0,43237.0,10240.0
2024,9,해운대구,재송동,25433.0,59055.0,28821.0,30234.0,8607.0
2024,9,해운대구,좌동,36688.0,85119.0,39654.0,45465.0,12434.0
2024,9,해운대구,중동,19620.0,43323.0,20718.0,22605.0,7797.0
2024,10,강서구,강동동,3236.0,6478.0,3390.0,3088.0,1551.0
2024,10,강서구,명지동,31967.0,85037.0,42656.0,42381.0,8270.0
2024,10,금정구,구서동,21027.0,49742.0,23540.0,26202.0,6399.0
2024,10,금정구,금성동,451.0,905.0,449.0,456.0,212.0
2024,10,금정구,남산동,13632.0,27087.0,13052.0,14035.0,6611.0
2024,10,금정구,서동,12911.0,22837.0,11447.0,11390.0,6898.0
2024,10,금정구,장전동,22997.0,46038.0,22645.0,23393.0,12624.0
2024,10,기장군,기장읍,25820.0,51979.0,25415.0,26564.0,11670.0
2024,10,기장군,일광읍,13075.0,30214.0,14951.0,15263.0,4521.0
2024,10,기장군,장안읍,4984.0,9379.0,5318.0,4061.0,2851.0
2024,10,기장군,정관읍,31740.0,80330.0,39987.0,40343.0,9632.0
2024,10,기장군,철마면,3837.0,7497.0,3771.0,3726.0,1663.0
2024,10,남구,감만동,6967.0,14483.0,7259.0,7224.0,2780.0
2024,10,남구,대연동,48622.0,102725.0,50452.0,52273.0,23389.0
2024,10,남구,문현동,21080.0,44144.0,21556.0,22588.0,8683.0
2024,10,남구,용당동,3462.0,7918.0,3992.0,3926.0,1251.0
2024,10,남구,용호동,34369.0,81250.0,38952.0,42298.0,10598.0
2024,10,남구,우암동,5634.0,12064.0,5866.0,6198.0,2080.0
2024,10,동구,범일동,14349.0,26680.0,13078.0,13602.0,7303.0
2024,10,동구,수정동,11482.0,21163.0,10083.0,11080.0,5791.0
2024,10,동구,좌천동,5749.0,11249.0,5421.0,5828.0,2605.0
2024,10,동구,초량동,15540.0,29666.0,14513.0,15153.0,8611.0
2024,10,동래구,명륜동,10131.0,26353.0,12918.0,13435.0,2569.0
2024,10,동래구,명장동,12570.0,27110.0,13065.0,14045.0,4654.0
2024,10,동래구,사직동,21584.0,53089.0,25621.0,27468.0,6472.0
2024,10,동래구,안락동,17722.0,39576.0,19118.0,20458.0,6234.0
2024,10,동래구,온천동,40193.0,85181.0,40744.0,44437.0,17038.0
2024,10,부산진구,가야동,17338.0,35381.0,17476.0,17905.0,7927.0
2024,10,부산진구,개금동,26785.0,54864.0,26293.0,28571.0,11756.0
2024,10,부산진구,당감동,20135.0,42839.0,20405.0,22434.0,7737.0
2024,10,부산진구,범천동,18838.0,33684.0,15932.0,17752.0,10071.0
2024,10,부산진구,부암동,19199.0,44334.0,21515.0,22819.0,6228.0
2024,10,부산진구,양정동,18439.0,34142.0,15766.0,18376.0,9896.0
2024,10,부산진구,연지동,10742.0,25641.0,12161.0,13480.0,3134.0
2024,10,부산진구,전포동,25011.0,44268.0,20865.0,23403.0,14260.0
2024,10,부산진구,초읍동,10274.0,21838.0,10521.0,11317.0,3970.0
2024,10,북구,구포동,28358.0,57607.0,29368.0,28239.0,12550.0
2024,10,북구,금곡동,17655.0,35183.0,16897.0,18286.0,7916.0
2024,10,북구,덕천동,19100.0,34274.0,16799.0,17475.0,10143.0
2024,10,북구,만덕동,25432.0,59933.0,29060.0,30873.0,7030.0
2024,10,북구,화명동,32249.0,84838.0,41246.0,43592.0,6760.0
2024,10,사상구,감전동,6836.0,12449.0,6700.0,5749.0,3719.0
2024,10,사상구,괘법동,14709.0,25437.0,13036.0,12401.0,9017.0
2024,10,사상구,덕포동,11250.0,24429.0,12365.0,12064.0,4448.0
2024,10,사상구,모라동,18443.0,35505.0,17395.0,18110.0,8788.0
2024,10,사상구,삼락동,2899.0,5539.0,2937.0,2602.0,1606.0
2024,10,사상구,엄궁동,9645.0,24242.0,12068.0,12174.0,2425.0
2024,10,사상구,주례동,24058.0,52237.0,25852.0,26385.0,10165.0
2024,10,사상구,학장동,11972.0,26693.0,13292.0,13401.0,4255.0
2024,10,사하구,감천동,11016.0,22313.0,11016.0,11297.0,4731.0
2024,10,사하구,괴정동,28144.0,59436.0,28571.0,30865.0,11141.0
2024,10,사하구,구평동,5101.0,12609.0,6492.0,6117.0,1345.0
2024,10,사하구,다대동,28602.0,62378.0,31119.0,31259.0,11337.0
2024,10,사하구,당리동,10868.0,23993.0,11656.0,12337.0,3818.0
2024,10,사하구,신평동,15420.0,33527.0,17168.0,16359.0,6093.0
2024,10,사하구,장림동,16464.0,36979.0,19026.0,17953.0,6233.0
2024,10,사하구,하단동,24591.0,47081.0,23594.0,23487.0,12887.0
2024,10,서구,남부민동,6978.0,12577.0,6363.0,6214.0,3692.0
2024,10,서구,동대신동,9852.0,19192.0,9176.0,10016.0,4753.0
2024,10,서구,서대신동,12962.0,29695.0,13959.0,15736.0,4591.0
2024,10,서구,아미동,4039.0,6496.0,3200.0,3296.0,2627.0
2024,10,서구,암남동,7663.0,16257.0,7952.0,8305.0,3359.0
2024,10,서구,초장동,2360.0,3793.0,1888.0,1905.0,1482.0
2024,10,수영구,광안동,37014.0,66551.0,30510.0,36041.0,20941.0
2024,10,수영구,남천동,13243.0,30507.0,14083.0,16424.0,4555.0
2024,10,수영구,망미동,16976.0,35857.0,17127.0,18730.0,6569.0
2024,10,수영구,민락동,13281.0,27928.0,13441.0,14487.0,5565.0
2024,10,수영구,수영동,7767.0,13981.0,6630.0,7351.0,4106.0
2024,10,연제구,거제동,28993.0,71421.0,34123.0,37298.0,8217.0
2024,10,연제구,연산동,70281.0,142125.0,67685.0,74440.0,30946.0
2024,10,영도구,동삼동,21864.0,42899.0,21169.0,21730.0,10456.0
2024,10,영도구,봉래동,6651.0,13649.0,6731.0,6918.0,2900.0
2024,10,영도구,신선동,4140.0,7099.0,3528.0,3571.0,2302.0
2024,10,영도구,영선동,5337.0,11153.0,5419.0,5734.0,2163.0
2024,10,영도구,청학동,10418.0,21940.0,10802.0,11138.0,4205.0
2024,10,중구,남포동,562.0,1041.0,701.0,340.0,408.0
2024,10,중구,대청동,3433.0,5781.0,2743.0,3038.0,2057.0
2024,10,중구,동광동,1570.0,2728.0,1435.0,1293.0,1039.0
2024,10,중구,보수동,6178.0,10582.0,4971.0,5611.0,3769.0
2024,10,중구,부평동,2591.0,4304.0,2037.0,2267.0,1631.0
2024,10,해운대구,반여동,30418.0,69249.0,33822.0,35427.0,10308.0
2024,10,해운대구,우동,33949.0,82275.0,38956.0,43319.0,10290.0
2024,10,해운대구,재송동,25445.0,59048.0,28844.0,30204.0,8648.0
2024,10,해운대구,좌동,36684.0,85029.0,39618.0,45411.0,12458.0
2024,10,해운대구,중동,19631.0,43309.0,20723.0,22586.0,7823.0
2020,5,강서구,대저1동,3805.0,6991.0,3899.0,3092.0,2162.0
2020,6,강서구,대저1동,3801.0,6986.0,3893.0,3093.0,2160.0
2020,7,강서구,대저1동,3811.0,6979.0,3884.0,3095.0,2178.0
2020,8,강서구,대저1동,3818.0,6975.0,3877.0,3098.0,2186.0
2020,9,강서구,대저1동,3813.0,6941.0,3856.0,3085.0,2186.0
2020,10,강서구,대저1동,3836.0,6953.0,3858.0,3095.0,2205.0
2021,5,강서구,대저1동,3725.0,6759.0,3763.0,2996.0,2116.0
2021,6,강서구,대저1동,3729.0,6752.0,3756.0,2996.0,2121.0
2021,7,강서구,대저1동,3724.0,6744.0,3753.0,2991.0,2123.0
2021,8,강서구,대저1동,3722.0,6744.0,3754.0,2990.0,2123.0
2021,9,강서구,대저1동,3708.0,6713.0,3739.0,2974.0,2111.0
2021,10,강서구,대저1동,3711.0,6715.0,3735.0,2980.0,2114.0
2022,5,강서구,대저1동,3724.0,6594.0,3654.0,2940.0,2171.0
2022,6,강서구,대저1동,3713.0,6565.0,3635.0,2930.0,2168.0
2022,7,강서구,대저1동,3709.0,6554.0,3633.0,2921.0,2157.0
2022,8,강서구,대저1동,3713.0,6555.0,3631.0,2924.0,2155.0
2022,9,강서구,대저1동,3693.0,6505.0,3602.0,2903.0,2150.0
2022,10,강서구,대저1동,3654.0,6437.0,3568.0,2869.0,2125.0
2023,5,강서구,대저1동,3573.0,6257.0,3485.0,2772.0,2091.0
2023,6,강서구,대저1동,3559.0,6227.0,3472.0,2755.0,2084.0
2023,7,강서구,대저1동,3551.0,6196.0,3451.0,2745.0,2080.0
2023,8,강서구,대저1동,3533.0,6163.0,3435.0,2728.0,2075.0
2023,9,강서구,대저1동,3520.0,6138.0,3420.0,2718.0,2067.0
2023,10,강서구,대저1동,3506.0,6100.0,3400.0,2700.0,2066.0
2024,5,강서구,대저1동,3463.0,5989.0,3359.0,2630.0,2049.0
2024,6,강서구,대저1동,3443.0,5957.0,3337.0,2620.0,2040.0
2024,7,강서구,대저1동,3437.0,5943.0,3325.0,2618.0,2031.0
2024,8,강서구,대저1동,3425.0,5933.0,3317.0,2616.0,2014.0
2024,9,강서구,대저1동,3409.0,5908.0,3302.0,2606.0,1997.0
2024,10,강서구,대저1동,3398.0,5895.0,3296.0,2599.0,1985.0
2020,5,강서구,대저2동,3647.0,7471.0,4193.0,3278.0,1808.0
2020,6,강서구,대저2동,3647.0,7426.0,4160.0,3266.0,1820.0
2020,7,강서구,대저2동,3649.0,7408.0,4138.0,3270.0,1826.0
2020,8,강서구,대저2동,3648.0,7385.0,4128.0,3257.0,1837.0
2020,9,강서구,대저2동,3630.0,7334.0,4109.0,3225.0,1829.0
2020,10,강서구,대저2동,3624.0,7313.0,4105.0,3208.0,1832.0
2021,5,강서구,대저2동,3601.0,7158.0,4038.0,3120.0,1836.0
2021,6,강서구,대저2동,3612.0,7176.0,4050.0,3126.0,1837.0
2021,7,강서구,대저2동,3643.0,7189.0,4062.0,3127.0,1862.0
2021,8,강서구,대저2동,3691.0,7259.0,4090.0,3169.0,1890.0
2021,9,강서구,대저2동,3716.0,7282.0,4104.0,3178.0,1907.0
2021,10,강서구,대저2동,3725.0,7246.0,4100.0,3146.0,1925.0
2022,5,강서구,대저2동,3727.0,7136.0,4028.0,3108.0,1971.0
2022,6,강서구,대저2동,3736.0,7150.0,4040.0,3110.0,1977.0
2022,7,강서구,대저2동,3734.0,7137.0,4045.0,3092.0,1975.0
2022,8,강서구,대저2동,3730.0,7138.0,4044.0,3094.0,1974.0
2022,9,강서구,대저2동,3723.0,7125.0,4025.0,3100.0,1968.0
2022,10,강서구,대저2동,3723.0,7117.0,4027.0,3090.0,1965.0
2023,5,강서구,대저2동,3683.0,7014.0,3967.0,3047.0,1948.0
2023,6,강서구,대저2동,3660.0,6975.0,3940.0,3035.0,1937.0
2023,7,강서구,대저2동,3641.0,6945.0,3928.0,3017.0,1923.0
2023,8,강서구,대저2동,3620.0,6920.0,3914.0,3006.0,1901.0
2023,9,강서구,대저2동,3602.0,6896.0,3900.0,2996.0,1899.0
2023,10,강서구,대저2동,3599.0,6893.0,3903.0,2990.0,1895.0
2024,5,강서구,대저2동,3506.0,6698.0,3807.0,2891.0,1855.0
2024,6,강서구,대저2동,3501.0,6682.0,3801.0,2881.0,1853.0
2024,7,강서구,대저2동,3473.0,6635.0,3779.0,2856.0,1837.0
2024,8,강서구,대저2동,3448.0,6589.0,3755.0,2834.0,1819.0
2024,9,강서구,대저2동,3422.0,6544.0,3724.0,2820.0,1803.0
2024,10,강서구,대저2동,3408.0,6517.0,3705.0,2812.0,1798.0
2020,5,중구,대창동,4036.0,7873.0,3968.0,3905.0,2246.5
2020,6,중구,대창동,4070.5,7863.0,3959.0,3904.0,2284.5
2020,7,중구,대창동,4095.5,7860.0,3962.0,3898.0,2310.5
2020,8,중구,대창동,4119.5,7854.0,3955.0,3899.0,2342.5
2020,9,중구,대창동,4141.0,7847.0,3948.0,3899.0,2377.0
2020,10,중구,대창동,4149.0,7839.0,3955.5,3883.5,2380.5
2021,5,중구,대창동,4230.0,7754.0,3898.0,3856.0,2494.0
2021,6,중구,대창동,4232.5,7715.5,3873.0,3842.5,2506.5
2021,7,중구,대창동,4206.5,7672.5,3869.0,3803.5,2490.0
2021,8,중구,대창동,4262.0,7718.0,3893.5,3824.5,2540.5
2021,9,중구,대창동,4316.5,7777.0,3912.0,3865.0,2585.5
2021,10,중구,대창동,4341.0,7792.5,3921.0,3871.5,2610.0
2022,5,중구,대창동,4518.0,7948.5,3998.0,3950.5,2798.5
2022,6,중구,대창동,4529.0,7951.5,4011.0,3940.5,2807.0
2022,7,중구,대창동,4530.0,7949.5,4003.5,3946.0,2815.5
2022,8,중구,대창동,4517.0,7909.0,3984.0,3925.0,2810.0
2022,9,중구,대창동,4513.0,7899.5,3981.0,3918.5,2808.0
2022,10,중구,대창동,4494.5,7869.5,3959.0,3910.5,2791.5
2023,5,중구,대창동,4465.5,7759.0,3900.5,3858.5,2807.5
2023,6,중구,대창동,4471.0,7761.0,3902.5,3858.5,2818.5
2023,7,중구,대창동,4467.5,7758.0,3902.5,3855.5,2818.0
2023,8,중구,대창동,4462.5,7737.5,3894.5,3843.0,2824.0
2023,9,중구,대창동,4448.0,7733.0,3898.0,3835.0,2808.5
2023,10,중구,대창동,4433.5,7701.0,3884.0,3817.0,2801.0
2024,5,중구,대창동,4428.0,7628.0,3858.5,3769.5,2836.0
2024,6,중구,대창동,4418.5,7608.5,3850.0,3758.5,2834.5
2024,7,중구,대창동,4414.0,7598.0,3849.5,3748.5,2836.5
2024,8,중구,대창동,4415.0,7591.0,3845.0,3746.0,2841.5
2024,9,중구,대창동,4411.5,7580.5,3850.5,3730.0,2841.5
2024,10,중구,대창동,4410.5,7577.5,3857.0,3720.5,2838.5
2020,5,중구,중앙동,738.0,1317.5,750.0,567.5,529.5
2020,6,중구,중앙동,767.0,1337.0,751.5,585.5,560.0
2020,7,중구,중앙동,790.5,1364.0,763.5,600.5,579.0
2020,8,중구,중앙동,817.0,1399.5,779.5,620.0,602.5
2020,9,중구,중앙동,837.0,1427.5,791.0,636.5,623.0
2020,10,중구,중앙동,846.0,1439.0,800.5,638.5,628.0
2021,5,중구,중앙동,917.0,1500.0,810.5,689.5,698.0
2021,6,중구,중앙동,913.0,1490.0,798.5,691.5,692.0
2021,7,중구,중앙동,944.0,1520.0,820.5,699.5,721.0
2021,8,중구,중앙동,987.0,1563.5,841.0,722.5,757.0
2021,9,중구,중앙동,1040.5,1620.5,869.5,751.0,808.0
2021,10,중구,중앙동,1057.0,1634.0,871.5,762.5,823.5
2022,5,중구,중앙동,1218.5,1840.0,976.0,864.0,977.5
2022,6,중구,중앙동,1230.0,1857.5,993.0,864.5,988.0
2022,7,중구,중앙동,1234.0,1859.0,992.0,867.0,996.5
2022,8,중구,중앙동,1222.5,1841.5,979.5,862.0,986.5
2022,9,중구,중앙동,1217.5,1838.5,977.0,861.5,981.5
2022,10,중구,중앙동,1218.5,1834.5,966.5,868.0,982.5
2023,5,중구,중앙동,1221.5,1855.0,983.0,872.0,984.0
2023,6,중구,중앙동,1227.0,1862.0,985.0,877.0,992.0
2023,7,중구,중앙동,1223.5,1867.5,988.0,879.5,987.5
2023,8,중구,중앙동,1218.0,1860.5,984.5,876.0,987.5
2023,9,중구,중앙동,1210.5,1860.5,985.0,875.5,977.5
2023,10,중구,중앙동,1201.5,1845.5,975.5,870.0,971.5
2024,5,중구,중앙동,1233.5,1887.0,1008.0,879.0,1007.5
2024,6,중구,중앙동,1228.0,1886.0,1009.0,877.0,1005.5
2024,7,중구,중앙동,1226.0,1882.0,1008.5,873.5,1005.0
2024,8,중구,중앙동,1230.5,1892.5,1011.5,881.0,1007.0
2024,9,중구,중앙동,1234.0,1905.0,1026.5,878.5,1011.5
2024,10,중구,중앙동,1236.0,1906.5,1032.0,874.5,1012.0
2020,5,중구,영주동,3298.0,6555.5,3218.0,3337.5,1717.0
2020,6,중구,영주동,3303.5,6526.0,3207.5,3318.5,1724.5
2020,7,중구,영주동,3305.0,6496.0,3198.5,3297.5,1731.5
2020,8,중구,영주동,3302.5,6454.5,3175.5,3279.0,1740.0
2020,9,중구,영주동,3304.0,6419.5,3157.0,3262.5,1754.0
2020,10,중구,영주동,3303.0,6400.0,3155.0,3245.0,1752.5
2021,5,중구,영주동,3313.0,6254.0,3087.5,3166.5,1796.0
2021,6,중구,영주동,3319.5,6225.5,3074.5,3151.0,1814.5
2021,7,중구,영주동,3262.5,6152.5,3048.5,3104.0,1769.0
2021,8,중구,영주동,3275.0,6154.5,3052.5,3102.0,1783.5
2021,9,중구,영주동,3276.0,6156.5,3042.5,3114.0,1777.5
2021,10,중구,영주동,3284.0,6158.5,3049.5,3109.0,1786.5
2022,5,중구,영주동,3299.5,6108.5,3022.0,3086.5,1821.0
2022,6,중구,영주동,3299.0,6094.0,3018.0,3076.0,1819.0
2022,7,중구,영주동,3296.0,6090.5,3011.5,3079.0,1819.0
2022,8,중구,영주동,3294.5,6067.5,3004.5,3063.0,1823.5
2022,9,중구,영주동,3295.5,6061.0,3004.0,3057.0,1826.5
2022,10,중구,영주동,3276.0,6035.0,2992.5,3042.5,1809.0
2023,5,중구,영주동,3244.0,5904.0,2917.5,2986.5,1823.5
2023,6,중구,영주동,3244.0,5899.0,2917.5,2981.5,1826.5
2023,7,중구,영주동,3244.0,5890.5,2914.5,2976.0,1830.5
2023,8,중구,영주동,3244.5,5877.0,2910.0,2967.0,1836.5
2023,9,중구,영주동,3237.5,5872.5,2913.0,2959.5,1831.0
2023,10,중구,영주동,3232.0,5855.5,2908.5,2947.0,1829.5
2024,5,중구,영주동,3194.5,5741.0,2850.5,2890.5,1828.5
2024,6,중구,영주동,3190.5,5722.5,2841.0,2881.5,1829.0
2024,7,중구,영주동,3188.0,5716.0,2841.0,2875.0,1831.5
2024,8,중구,영주동,3184.5,5698.5,2833.5,2865.0,1834.5
2024,9,중구,영주동,3177.5,5675.5,2824.0,2851.5,1830.0
2024,10,중구,영주동,3174.5,5671.0,2825.0,2846.0,1826.5
2020,5,중구,광복동,218.66666666666666,372.3333333333333,189.33333333333334,183.0,138.66666666666666
2020,6,중구,광복동,218.33333333333334,371.6666666666667,191.0,180.66666666666666,139.0
2020,7,중구,광복동,218.66666666666666,371.0,189.0,182.0,139.33333333333334
2020,8,중구,광복동,217.66666666666666,367.6666666666667,188.33333333333334,179.33333333333334,139.66666666666666
2020,9,중구,광복동,217.66666666666666,366.0,187.0,179.0,139.66666666666666
2020,10,중구,광복동,218.33333333333334,366.3333333333333,186.66666666666666,179.66666666666666,141.0
2021,5,중구,광복동,216.0,362.6666666666667,187.33333333333334,175.33333333333334,139.66666666666666
2021,6,중구,광복동,216.33333333333334,362.0,187.33333333333334,174.66666666666666,140.33333333333334
2021,7,중구,광복동,205.0,346.6666666666667,182.33333333333334,164.33333333333334,130.66666666666666
2021,8,중구,광복동,205.0,346.6666666666667,183.33333333333334,163.33333333333334,131.66666666666666
2021,9,중구,광복동,202.33333333333334,343.6666666666667,180.0,163.66666666666666,129.33333333333334
2021,10,중구,광복동,199.0,340.0,177.66666666666666,162.33333333333334,126.0
2022,5,중구,광복동,194.66666666666666,337.0,177.66666666666666,159.33333333333334,121.33333333333333
2022,6,중구,광복동,192.66666666666666,334.6666666666667,177.33333333333334,157.33333333333334,119.66666666666667
2022,7,중구,광복동,192.33333333333334,338.0,180.33333333333334,157.66666666666666,118.66666666666667
2022,8,중구,광복동,192.66666666666666,337.3333333333333,180.66666666666666,156.66666666666666,119.33333333333333
2022,9,중구,광복동,193.0,340.3333333333333,181.66666666666666,158.66666666666666,118.66666666666667
2022,10,중구,광복동,189.66666666666666,336.6666666666667,180.0,156.66666666666666,116.0
2023,5,중구,광복동,187.0,329.6666666666667,176.66666666666666,153.0,115.66666666666667
2023,6,중구,광복동,186.33333333333334,326.6666666666667,174.66666666666666,152.0,115.0
2023,7,중구,광복동,184.33333333333334,324.6666666666667,172.0,152.66666666666666,113.33333333333333
2023,8,중구,광복동,185.0,329.0,175.33333333333334,153.66666666666666,112.66666666666667
2023,9,중구,광복동,185.33333333333334,329.6666666666667,176.0,153.66666666666666,112.33333333333333
2023,10,중구,광복동,183.0,330.3333333333333,176.66666666666666,153.66666666666666,109.66666666666667
2024,5,중구,광복동,181.0,325.3333333333333,172.66666666666666,152.66666666666666,110.33333333333333
2024,6,중구,광복동,180.66666666666666,322.0,171.0,151.0,111.33333333333333
2024,7,중구,광복동,179.66666666666666,320.3333333333333,170.0,150.33333333333334,111.66666666666667
2024,8,중구,광복동,180.0,321.3333333333333,170.33333333333334,151.0,112.0
2024,9,중구,광복동,178.66666666666666,317.6666666666667,168.33333333333334,149.33333333333334,111.0
2024,10,중구,광복동,179.66666666666666,317.3333333333333,168.0,149.33333333333334,112.33333333333333
2020,5,중구,신창동,218.66666666666666,372.3333333333333,189.33333333333334,183.0,138.66666666666666
2020,6,중구,신창동,218.33333333333334,371.6666666666667,191.0,180.66666666666666,139.0
2020,7,중구,신창동,218.66666666666666,371.0,189.0,182.0,139.33333333333334
2020,8,중구,신창동,217.66666666666666,367.6666666666667,188.33333333333334,179.33333333333334,139.66666666666666
2020,9,중구,신창동,217.66666666666666,366.0,187.0,179.0,139.66666666666666
2020,10,중구,신창동,218.33333333333334,366.3333333333333,186.66666666666666,179.66666666666666,141.0
2021,5,중구,신창동,216.0,362.6666666666667,187.33333333333334,175.33333333333334,139.66666666666666
2021,6,중구,신창동,216.33333333333334,362.0,187.33333333333334,174.66666666666666,140.33333333333334
2021,7,중구,신창동,205.0,346.6666666666667,182.33333333333334,164.33333333333334,130.66666666666666
2021,8,중구,신창동,205.0,346.6666666666667,183.33333333333334,163.33333333333334,131.66666666666666
2021,9,중구,신창동,202.33333333333334,343.6666666666667,180.0,163.66666666666666,129.33333333333334
2021,10,중구,신창동,199.0,340.0,177.66666666666666,162.33333333333334,126.0
2022,5,중구,신창동,194.66666666666666,337.0,177.66666666666666,159.33333333333334,121.33333333333333
2022,6,중구,신창동,192.66666666666666,334.6666666666667,177.33333333333334,157.33333333333334,119.66666666666667
2022,7,중구,신창동,192.33333333333334,338.0,180.33333333333334,157.66666666666666,118.66666666666667
2022,8,중구,신창동,192.66666666666666,337.3333333333333,180.66666666666666,156.66666666666666,119.33333333333333
2022,9,중구,신창동,193.0,340.3333333333333,181.66666666666666,158.66666666666666,118.66666666666667
2022,10,중구,신창동,189.66666666666666,336.6666666666667,180.0,156.66666666666666,116.0
2023,5,중구,신창동,187.0,329.6666666666667,176.66666666666666,153.0,115.66666666666667
2023,6,중구,신창동,186.33333333333334,326.6666666666667,174.66666666666666,152.0,115.0
2023,7,중구,신창동,184.33333333333334,324.6666666666667,172.0,152.66666666666666,113.33333333333333
2023,8,중구,신창동,185.0,329.0,175.33333333333334,153.66666666666666,112.66666666666667
2023,9,중구,신창동,185.33333333333334,329.6666666666667,176.0,153.66666666666666,112.33333333333333
2023,10,중구,신창동,183.0,330.3333333333333,176.66666666666666,153.66666666666666,109.66666666666667
2024,5,중구,신창동,181.0,325.3333333333333,172.66666666666666,152.66666666666666,110.33333333333333
2024,6,중구,신창동,180.66666666666666,322.0,171.0,151.0,111.33333333333333
2024,7,중구,신창동,179.66666666666666,320.3333333333333,170.0,150.33333333333334,111.66666666666667
2024,8,중구,신창동,180.0,321.3333333333333,170.33333333333334,151.0,112.0
2024,9,중구,신창동,178.66666666666666,317.6666666666667,168.33333333333334,149.33333333333334,111.0
2024,10,중구,신창동,179.66666666666666,317.3333333333333,168.0,149.33333333333334,112.33333333333333
2020,5,중구,창선동,218.66666666666666,372.3333333333333,189.33333333333334,183.0,138.66666666666666
2020,6,중구,창선동,218.33333333333334,371.6666666666667,191.0,180.66666666666666,139.0
2020,7,중구,창선동,218.66666666666666,371.0,189.0,182.0,139.33333333333334
2020,8,중구,창선동,217.66666666666666,367.6666666666667,188.33333333333334,179.33333333333334,139.66666666666666
2020,9,중구,창선동,217.66666666666666,366.0,187.0,179.0,139.66666666666666
2020,10,중구,창선동,218.33333333333334,366.3333333333333,186.66666666666666,179.66666666666666,141.0
2021,5,중구,창선동,216.0,362.6666666666667,187.33333333333334,175.33333333333334,139.66666666666666
2021,6,중구,창선동,216.33333333333334,362.0,187.33333333333334,174.66666666666666,140.33333333333334
2021,7,중구,창선동,205.0,346.6666666666667,182.33333333333334,164.33333333333334,130.66666666666666
2021,8,중구,창선동,205.0,346.6666666666667,183.33333333333334,163.33333333333334,131.66666666666666
2021,9,중구,창선동,202.33333333333334,343.6666666666667,180.0,163.66666666666666,129.33333333333334
2021,10,중구,창선동,199.0,340.0,177.66666666666666,162.33333333333334,126.0
2022,5,중구,창선동,194.66666666666666,337.0,177.66666666666666,159.33333333333334,121.33333333333333
2022,6,중구,창선동,192.66666666666666,334.6666666666667,177.33333333333334,157.33333333333334,119.66666666666667
2022,7,중구,창선동,192.33333333333334,338.0,180.33333333333334,157.66666666666666,118.66666666666667
2022,8,중구,창선동,192.66666666666666,337.3333333333333,180.66666666666666,156.66666666666666,119.33333333333333
2022,9,중구,창선동,193.0,340.3333333333333,181.66666666666666,158.66666666666666,118.66666666666667
2022,10,중구,창선동,189.66666666666666,336.6666666666667,180.0,156.66666666666666,116.0
2023,5,중구,창선동,187.0,329.6666666666667,176.66666666666666,153.0,115.66666666666667
2023,6,중구,창선동,186.33333333333334,326.6666666666667,174.66666666666666,152.0,115.0
2023,7,중구,창선동,184.33333333333334,324.6666666666667,172.0,152.66666666666666,113.33333333333333
2023,8,중구,창선동,185.0,329.0,175.33333333333334,153.66666666666666,112.66666666666667
2023,9,중구,창선동,185.33333333333334,329.6666666666667,176.0,153.66666666666666,112.33333333333333
2023,10,중구,창선동,183.0,330.3333333333333,176.66666666666666,153.66666666666666,109.66666666666667
2024,5,중구,창선동,181.0,325.3333333333333,172.66666666666666,152.66666666666666,110.33333333333333
2024,6,중구,창선동,180.66666666666666,322.0,171.0,151.0,111.33333333333333
2024,7,중구,창선동,179.66666666666666,320.3333333333333,170.0,150.33333333333334,111.66666666666667
2024,8,중구,창선동,180.0,321.3333333333333,170.33333333333334,151.0,112.0
2024,9,중구,창선동,178.66666666666666,317.6666666666667,168.33333333333334,149.33333333333334,111.0
2024,10,중구,창선동,179.66666666666666,317.3333333333333,168.0,149.33333333333334,112.33333333333333
2020,5,서구,부민동,2087.0,4154.0,1972.5,2181.5,1125.0
2020,6,서구,부민동,2088.0,4129.5,1960.5,2169.0,1130.0
2020,7,서구,부민동,2098.0,4131.5,1958.0,2173.5,1139.0
2020,8,서구,부민동,2095.5,4127.0,1954.5,2172.5,1135.0
2020,9,서구,부민동,2098.5,4126.0,1955.0,2171.0,1139.0
2020,10,서구,부민동,2101.5,4124.0,1955.5,2168.5,1142.0
2021,5,서구,부민동,2075.0,4032.5,1896.5,2136.0,1148.0
2021,6,서구,부민동,2069.5,4023.5,1884.5,2139.0,1143.5
2021,7,서구,부민동,2065.5,4005.0,1879.0,2126.0,1146.5
2021,8,서구,부민동,2065.0,3996.5,1877.0,2119.5,1148.0
2021,9,서구,부민동,2054.0,3973.0,1866.5,2106.5,1143.0
2021,10,서구,부민동,2049.0,3966.0,1858.0,2108.0,1143.5
2022,5,서구,부민동,2045.5,3925.5,1836.0,2089.5,1151.5
2022,6,서구,부민동,2052.5,3940.5,1839.5,2101.0,1159.0
2022,7,서구,부민동,2048.5,3925.5,1828.0,2097.5,1160.0
2022,8,서구,부민동,2052.0,3930.0,1829.0,2101.0,1164.5
2022,9,서구,부민동,2058.0,3956.5,1850.0,2106.5,1174.5
2022,10,서구,부민동,2060.5,3960.5,1855.5,2105.0,1176.5
2023,5,서구,부민동,2058.0,3928.0,1846.0,2082.0,1180.5
2023,6,서구,부민동,2064.0,3961.5,1854.0,2107.5,1184.0
2023,7,서구,부민동,2070.0,3971.5,1856.5,2115.0,1189.5
2023,8,서구,부민동,2077.5,3976.5,1856.5,2120.0,1194.5
2023,9,서구,부민동,2081.0,3984.0,1855.5,2128.5,1200.0
2023,10,서구,부민동,2084.5,3987.5,1861.0,2126.5,1206.0
2024,5,서구,부민동,2078.5,3984.5,1849.5,2135.0,1221.0
2024,6,서구,부민동,2075.5,4019.0,1861.5,2157.5,1216.5
2024,7,서구,부민동,2076.0,4014.0,1855.5,2158.5,1220.5
2024,8,서구,부민동,2067.5,4010.5,1857.5,2153.0,1210.5
2024,9,서구,부민동,2073.0,4011.5,1862.5,2149.0,1213.5
2024,10,서구,부민동,2076.0,4022.0,1863.5,2158.5,1217.0
2020,5,서구,부용동,2087.0,4154.0,1972.5,2181.5,1125.0
2020,6,서구,부용동,2088.0,4129.5,1960.5,2169.0,1130.0
2020,7,서구,부용동,2098.0,4131.5,1958.0,2173.5,1139.0
2020,8,서구,부용동,2095.5,4127.0,1954.5,2172.5,1135.0
2020,9,서구,부용동,2098.5,4126.0,1955.0,2171.0,1139.0
2020,10,서구,부용동,2101.5,4124.0,1955.5,2168.5,1142.0
2021,5,서구,부용동,2075.0,4032.5,1896.5,2136.0,1148.0
2021,6,서구,부용동,2069.5,4023.5,1884.5,2139.0,1143.5
2021,7,서구,부용동,2065.5,4005.0,1879.0,2126.0,1146.5
2021,8,서구,부용동,2065.0,3996.5,1877.0,2119.5,1148.0
2021,9,서구,부용동,2054.0,3973.0,1866.5,2106.5,1143.0
2021,10,서구,부용동,2049.0,3966.0,1858.0,2108.0,1143.5
2022,5,서구,부용동,2045.5,3925.5,1836.0,2089.5,1151.5
2022,6,서구,부용동,2052.5,3940.5,1839.5,2101.0,1159.0
2022,7,서구,부용동,2048.5,3925.5,1828.0,2097.5,1160.0
2022,8,서구,부용동,2052.0,3930.0,1829.0,2101.0,1164.5
2022,9,서구,부용동,2058.0,3956.5,1850.0,2106.5,1174.5
2022,10,서구,부용동,2060.5,3960.5,1855.5,2105.0,1176.5
2023,5,서구,부용동,2058.0,3928.0,1846.0,2082.0,1180.5
2023,6,서구,부용동,2064.0,3961.5,1854.0,2107.5,1184.0
2023,7,서구,부용동,2070.0,3971.5,1856.5,2115.0,1189.5
2023,8,서구,부용동,2077.5,3976.5,1856.5,2120.0,1194.5
2023,9,서구,부용동,2081.0,3984.0,1855.5,2128.5,1200.0
2023,10,서구,부용동,2084.5,3987.5,1861.0,2126.5,1206.0
2024,5,서구,부용동,2078.5,3984.5,1849.5,2135.0,1221.0
2024,6,서구,부용동,2075.5,4019.0,1861.5,2157.5,1216.5
2024,7,서구,부용동,2076.0,4014.0,1855.5,2158.5,1220.5
2024,8,서구,부용동,2067.5,4010.5,1857.5,2153.0,1210.5
2024,9,서구,부용동,2073.0,4011.5,1862.5,2149.0,1213.5
2024,10,서구,부용동,2076.0,4022.0,1863.5,2158.5,1217.0
2020,5,서구,충무동,2760.0,5273.0,2586.0,2687.0,1502.5
2020,6,서구,충무동,2762.5,5267.0,2579.0,2688.0,1506.0
2020,7,서구,충무동,2767.5,5262.5,2571.5,2691.0,1512.0
2020,8,서구,충무동,2773.0,5267.0,2576.0,2691.0,1519.5
2020,9,서구,충무동,2766.0,5252.0,2566.5,2685.5,1519.0
2020,10,서구,충무동,2767.5,5252.5,2568.0,2684.5,1519.0
2021,5,서구,충무동,2738.5,5143.0,2497.5,2645.5,1507.0
2021,6,서구,충무동,2743.0,5140.5,2495.5,2645.0,1512.0
2021,7,서구,충무동,2732.5,5132.5,2500.0,2632.5,1504.0
2021,8,서구,충무동,2734.0,5126.0,2501.0,2625.0,1504.5
2021,9,서구,충무동,2737.5,5114.0,2495.0,2619.0,1513.0
2021,10,서구,충무동,2745.5,5100.0,2487.0,2613.0,1527.0
2022,5,서구,충무동,2781.0,5087.5,2474.5,2613.0,1567.5
2022,6,서구,충무동,2784.0,5089.0,2472.5,2616.5,1571.0
2022,7,서구,충무동,2785.5,5084.5,2473.0,2611.5,1579.0
2022,8,서구,충무동,2778.5,5065.5,2461.0,2604.5,1575.5
2022,9,서구,충무동,2782.5,5060.0,2457.5,2602.5,1582.0
2022,10,서구,충무동,2772.0,5036.0,2450.0,2586.0,1574.5
2023,5,서구,충무동,2799.0,5048.0,2437.5,2610.5,1611.0
2023,6,서구,충무동,2793.5,5032.0,2425.5,2606.5,1611.5
2023,7,서구,충무동,2793.0,5039.0,2432.5,2606.5,1610.5
2023,8,서구,충무동,2794.5,5043.0,2441.5,2601.5,1616.5
2023,9,서구,충무동,2794.0,5038.5,2439.0,2599.5,1616.0
2023,10,서구,충무동,2791.0,5032.5,2432.0,2600.5,1615.0
2024,5,서구,충무동,2765.0,4987.5,2426.5,2561.0,1591.0
2024,6,서구,충무동,2764.0,4993.5,2429.5,2564.0,1589.0
2024,7,서구,충무동,2772.5,5014.5,2450.0,2564.5,1598.5
2024,8,서구,충무동,2783.0,5035.0,2452.0,2583.0,1604.0
2024,9,서구,충무동,2789.5,5048.0,2460.5,2587.5,1610.5
2024,10,서구,충무동,2787.0,5033.0,2452.0,2581.0,1611.0
2020,5,서구,토성동,2760.0,5273.0,2586.0,2687.0,1502.5
2020,6,서구,토성동,2762.5,5267.0,2579.0,2688.0,1506.0
2020,7,서구,토성동,2767.5,5262.5,2571.5,2691.0,1512.0
2020,8,서구,토성동,2773.0,5267.0,2576.0,2691.0,1519.5
2020,9,서구,토성동,2766.0,5252.0,2566.5,2685.5,1519.0
2020,10,서구,토성동,2767.5,5252.5,2568.0,2684.5,1519.0
2021,5,서구,토성동,2738.5,5143.0,2497.5,2645.5,1507.0
2021,6,서구,토성동,2743.0,5140.5,2495.5,2645.0,1512.0
2021,7,서구,토성동,2732.5,5132.5,2500.0,2632.5,1504.0
2021,8,서구,토성동,2734.0,5126.0,2501.0,2625.0,1504.5
2021,9,서구,토성동,2737.5,5114.0,2495.0,2619.0,1513.0
2021,10,서구,토성동,2745.5,5100.0,2487.0,2613.0,1527.0
2022,5,서구,토성동,2781.0,5087.5,2474.5,2613.0,1567.5
2022,6,서구,토성동,2784.0,5089.0,2472.5,2616.5,1571.0
2022,7,서구,토성동,2785.5,5084.5,2473.0,2611.5,1579.0
2022,8,서구,토성동,2778.5,5065.5,2461.0,2604.5,1575.5
2022,9,서구,토성동,2782.5,5060.0,2457.5,2602.5,1582.0
2022,10,서구,토성동,2772.0,5036.0,2450.0,2586.0,1574.5
2023,5,서구,토성동,2799.0,5048.0,2437.5,2610.5,1611.0
2023,6,서구,토성동,2793.5,5032.0,2425.5,2606.5,1611.5
2023,7,서구,토성동,2793.0,5039.0,2432.5,2606.5,1610.5
2023,8,서구,토성동,2794.5,5043.0,2441.5,2601.5,1616.5
2023,9,서구,토성동,2794.0,5038.5,2439.0,2599.5,1616.0
2023,10,서구,토성동,2791.0,5032.5,2432.0,2600.5,1615.0
2024,5,서구,토성동,2765.0,4987.5,2426.5,2561.0,1591.0
2024,6,서구,토성동,2764.0,4993.5,2429.5,2564.0,1589.0
2024,7,서구,토성동,2772.5,5014.5,2450.0,2564.5,1598.5
2024,8,서구,토성동,2783.0,5035.0,2452.0,2583.0,1604.0
2024,9,서구,토성동,2789.5,5048.0,2460.5,2587.5,1610.5
2024,10,서구,토성동,2787.0,5033.0,2452.0,2581.0,1611.0
2020,5,영도구,남항동,1820.3333333333333,3758.3333333333335,1922.6666666666667,1835.6666666666667,840.3333333333334
2020,6,영도구,남항동,1824.0,3750.6666666666665,1916.0,1834.6666666666667,846.6666666666666
2020,7,영도구,남항동,1828.3333333333333,3757.3333333333335,1919.3333333333333,1838.0,850.0
2020,8,영도구,남항동,1832.0,3755.0,1924.0,1831.0,850.3333333333334
2020,9,영도구,남항동,1838.6666666666667,3762.6666666666665,1930.3333333333333,1832.3333333333333,858.0
2020,10,영도구,남항동,1847.0,3773.3333333333335,1936.3333333333333,1837.0,860.3333333333334
2021,5,영도구,남항동,1880.0,3796.6666666666665,1938.3333333333333,1858.3333333333333,878.3333333333334
2021,6,영도구,남항동,1881.0,3763.3333333333335,1923.3333333333333,1840.0,888.6666666666666
2021,7,영도구,남항동,1882.3333333333333,3760.3333333333335,1924.3333333333333,1836.0,895.3333333333334
2021,8,영도구,남항동,1883.6666666666667,3753.0,1923.0,1830.0,900.0
2021,9,영도구,남항동,1886.6666666666667,3754.3333333333335,1924.0,1830.3333333333333,903.0
2021,10,영도구,남항동,1887.6666666666667,3756.6666666666665,1924.3333333333333,1832.3333333333333,903.3333333333334
2022,5,영도구,남항동,1916.3333333333333,3776.6666666666665,1942.6666666666667,1834.0,934.6666666666666
2022,6,영도구,남항동,1926.0,3774.3333333333335,1945.6666666666667,1828.6666666666667,948.3333333333334
2022,7,영도구,남항동,1924.6666666666667,3770.6666666666665,1944.3333333333333,1826.3333333333333,946.6666666666666
2022,8,영도구,남항동,1923.3333333333333,3761.3333333333335,1938.6666666666667,1822.6666666666667,947.6666666666666
2022,9,영도구,남항동,1926.0,3759.0,1939.3333333333333,1819.6666666666667,955.3333333333334
2022,10,영도구,남항동,1912.6666666666667,3741.0,1932.6666666666667,1808.3333333333333,945.3333333333334
2023,5,영도구,남항동,1892.3333333333333,3690.0,1907.3333333333333,1782.6666666666667,939.3333333333334
2023,6,영도구,남항동,1892.3333333333333,3676.6666666666665,1897.3333333333333,1779.3333333333333,944.6666666666666
2023,7,영도구,남항동,1886.6666666666667,3667.3333333333335,1892.3333333333333,1775.0,941.6666666666666
2023,8,영도구,남항동,1887.0,3669.0,1891.6666666666667,1777.3333333333333,944.6666666666666
2023,9,영도구,남항동,1885.0,3666.0,1891.3333333333333,1774.6666666666667,943.0
2023,10,영도구,남항동,1877.3333333333333,3647.3333333333335,1879.0,1768.3333333333333,939.0
2024,5,영도구,남항동,1874.3333333333333,3589.6666666666665,1855.0,1734.6666666666667,967.3333333333334
2024,6,영도구,남항동,1867.3333333333333,3580.3333333333335,1851.0,1729.3333333333333,961.0
2024,7,영도구,남항동,1861.6666666666667,3583.3333333333335,1850.3333333333333,1733.0,954.0
2024,8,영도구,남항동,1862.6666666666667,3579.3333333333335,1846.6666666666667,1732.6666666666667,955.3333333333334
2024,9,영도구,남항동,1859.0,3566.3333333333335,1842.0,1724.3333333333333,955.0
2024,10,영도구,남항동,1854.3333333333333,3552.3333333333335,1837.6666666666667,1714.6666666666667,956.0
2020,5,영도구,대교동,1820.3333333333333,3758.3333333333335,1922.6666666666667,1835.6666666666667,840.3333333333334
2020,6,영도구,대교동,1824.0,3750.6666666666665,1916.0,1834.6666666666667,846.6666666666666
2020,7,영도구,대교동,1828.3333333333333,3757.3333333333335,1919.3333333333333,1838.0,850.0
2020,8,영도구,대교동,1832.0,3755.0,1924.0,1831.0,850.3333333333334
2020,9,영도구,대교동,1838.6666666666667,3762.6666666666665,1930.3333333333333,1832.3333333333333,858.0
2020,10,영도구,대교동,1847.0,3773.3333333333335,1936.3333333333333,1837.0,860.3333333333334
2021,5,영도구,대교동,1880.0,3796.6666666666665,1938.3333333333333,1858.3333333333333,878.3333333333334
2021,6,영도구,대교동,1881.0,3763.3333333333335,1923.3333333333333,1840.0,888.6666666666666
2021,7,영도구,대교동,1882.3333333333333,3760.3333333333335,1924.3333333333333,1836.0,895.3333333333334
2021,8,영도구,대교동,1883.6666666666667,3753.0,1923.0,1830.0,900.0
2021,9,영도구,대교동,1886.6666666666667,3754.3333333333335,1924.0,1830.3333333333333,903.0
2021,10,영도구,대교동,1887.6666666666667,3756.6666666666665,1924.3333333333333,1832.3333333333333,903.3333333333334
2022,5,영도구,대교동,1916.3333333333333,3776.6666666666665,1942.6666666666667,1834.0,934.6666666666666
2022,6,영도구,대교동,1926.0,3774.3333333333335,1945.6666666666667,1828.6666666666667,948.3333333333334
2022,7,영도구,대교동,1924.6666666666667,3770.6666666666665,1944.3333333333333,1826.3333333333333,946.6666666666666
2022,8,영도구,대교동,1923.3333333333333,3761.3333333333335,1938.6666666666667,1822.6666666666667,947.6666666666666
2022,9,영도구,대교동,1926.0,3759.0,1939.3333333333333,1819.6666666666667,955.3333333333334
2022,10,영도구,대교동,1912.6666666666667,3741.0,1932.6666666666667,1808.3333333333333,945.3333333333334
2023,5,영도구,대교동,1892.3333333333333,3690.0,1907.3333333333333,1782.6666666666667,939.3333333333334
2023,6,영도구,대교동,1892.3333333333333,3676.6666666666665,1897.3333333333333,1779.3333333333333,944.6666666666666
2023,7,영도구,대교동,1886.6666666666667,3667.3333333333335,1892.3333333333333,1775.0,941.6666666666666
2023,8,영도구,대교동,1887.0,3669.0,1891.6666666666667,1777.3333333333333,944.6666666666666
2023,9,영도구,대교동,1885.0,3666.0,1891.3333333333333,1774.6666666666667,943.0
2023,10,영도구,대교동,1877.3333333333333,3647.3333333333335,1879.0,1768.3333333333333,939.0
2024,5,영도구,대교동,1874.3333333333333,3589.6666666666665,1855.0,1734.6666666666667,967.3333333333334
2024,6,영도구,대교동,1867.3333333333333,3580.3333333333335,1851.0,1729.3333333333333,961.0
2024,7,영도구,대교동,1861.6666666666667,3583.3333333333335,1850.3333333333333,1733.0,954.0
2024,8,영도구,대교동,1862.6666666666667,3579.3333333333335,1846.6666666666667,1732.6666666666667,955.3333333333334
2024,9,영도구,대교동,1859.0,3566.3333333333335,1842.0,1724.3333333333333,955.0
2024,10,영도구,대교동,1854.3333333333333,3552.3333333333335,1837.6666666666667,1714.6666666666667,956.0
2020,5,영도구,대평동,1820.3333333333333,3758.3333333333335,1922.6666666666667,1835.6666666666667,840.3333333333334
2020,6,영도구,대평동,1824.0,3750.6666666666665,1916.0,1834.6666666666667,846.6666666666666
2020,7,영도구,대평동,1828.3333333333333,3757.3333333333335,1919.3333333333333,1838.0,850.0
2020,8,영도구,대평동,1832.0,3755.0,1924.0,1831.0,850.3333333333334
2020,9,영도구,대평동,1838.6666666666667,3762.6666666666665,1930.3333333333333,1832.3333333333333,858.0
2020,10,영도구,대평동,1847.0,3773.3333333333335,1936.3333333333333,1837.0,860.3333333333334
2021,5,영도구,대평동,1880.0,3796.6666666666665,1938.3333333333333,1858.3333333333333,878.3333333333334
2021,6,영도구,대평동,1881.0,3763.3333333333335,1923.3333333333333,1840.0,888.6666666666666
2021,7,영도구,대평동,1882.3333333333333,3760.3333333333335,1924.3333333333333,1836.0,895.3333333333334
2021,8,영도구,대평동,1883.6666666666667,3753.0,1923.0,1830.0,900.0
2021,9,영도구,대평동,1886.6666666666667,3754.3333333333335,1924.0,1830.3333333333333,903.0
2021,10,영도구,대평동,1887.6666666666667,3756.6666666666665,1924.3333333333333,1832.3333333333333,903.3333333333334
2022,5,영도구,대평동,1916.3333333333333,3776.6666666666665,1942.6666666666667,1834.0,934.6666666666666
2022,6,영도구,대평동,1926.0,3774.3333333333335,1945.6666666666667,1828.6666666666667,948.3333333333334
2022,7,영도구,대평동,1924.6666666666667,3770.6666666666665,1944.3333333333333,1826.3333333333333,946.6666666666666
2022,8,영도구,대평동,1923.3333333333333,3761.3333333333335,1938.6666666666667,1822.6666666666667,947.6666666666666
2022,9,영도구,대평동,1926.0,3759.0,1939.3333333333333,1819.6666666666667,955.3333333333334
2022,10,영도구,대평동,1912.6666666666667,3741.0,1932.6666666666667,1808.3333333333333,945.3333333333334
2023,5,영도구,대평동,1892.3333333333333,3690.0,1907.3333333333333,1782.6666666666667,939.3333333333334
2023,6,영도구,대평동,1892.3333333333333,3676.6666666666665,1897.3333333333333,1779.3333333333333,944.6666666666666
2023,7,영도구,대평동,1886.6666666666667,3667.3333333333335,1892.3333333333333,1775.0,941.6666666666666
2023,8,영도구,대평동,1887.0,3669.0,1891.6666666666667,1777.3333333333333,944.6666666666666
2023,9,영도구,대평동,1885.0,3666.0,1891.3333333333333,1774.6666666666667,943.0
2023,10,영도구,대평동,1877.3333333333333,3647.3333333333335,1879.0,1768.3333333333333,939.0
2024,5,영도구,대평동,1874.3333333333333,3589.6666666666665,1855.0,1734.6666666666667,967.3333333333334
2024,6,영도구,대평동,1867.3333333333333,3580.3333333333335,1851.0,1729.3333333333333,961.0
2024,7,영도구,대평동,1861.6666666666667,3583.3333333333335,1850.3333333333333,1733.0,954.0
2024,8,영도구,대평동,1862.6666666666667,3579.3333333333335,1846.6666666666667,1732.6666666666667,955.3333333333334
2024,9,영도구,대평동,1859.0,3566.3333333333335,1842.0,1724.3333333333333,955.0
2024,10,영도구,대평동,1854.3333333333333,3552.3333333333335,1837.6666666666667,1714.6666666666667,956.0
2020,5,부산진구,부전동,7538.0,13037.0,6504.5,6532.5,4660.5
2020,6,부산진구,부전동,7591.0,13067.0,6526.0,6541.0,4708.0
2020,7,부산진구,부전동,7598.5,13061.5,6530.5,6531.0,4720.5
2020,8,부산진구,부전동,7622.5,13058.5,6537.0,6521.5,4758.0
2020,9,부산진구,부전동,7633.5,13023.0,6525.0,6498.0,4787.0
2020,10,부산진구,부전동,7645.0,12990.5,6518.0,6472.5,4812.0
2021,5,부산진구,부전동,7760.5,12949.0,6469.5,6479.5,4979.5
2021,6,부산진구,부전동,7778.5,12955.0,6469.0,6486.0,5002.5
2021,7,부산진구,부전동,7812.5,12997.0,6496.5,6500.5,5027.5
2021,8,부산진구,부전동,7857.0,13062.0,6529.0,6533.0,5048.5
2021,9,부산진구,부전동,7870.5,13088.5,6536.5,6552.0,5056.0
2021,10,부산진구,부전동,7897.0,13113.0,6539.0,6574.0,5081.0
2022,5,부산진구,부전동,8166.0,13214.0,6572.0,6642.0,5415.0
2022,6,부산진구,부전동,8283.5,13327.0,6609.0,6718.0,5527.5
2022,7,부산진구,부전동,8354.5,13400.5,6636.5,6764.0,5591.0
2022,8,부산진구,부전동,8385.0,13412.0,6639.0,6773.0,5628.0
2022,9,부산진구,부전동,8429.5,13452.0,6646.0,6806.0,5670.0
2022,10,부산진구,부전동,8428.5,13428.5,6645.0,6783.5,5683.5
2023,5,부산진구,부전동,8662.0,13561.5,6699.0,6862.5,5943.5
2023,6,부산진구,부전동,8717.5,13606.0,6726.5,6879.5,6002.5
2023,7,부산진구,부전동,8750.5,13621.5,6746.0,6875.5,6034.5
2023,8,부산진구,부전동,8786.0,13653.0,6757.0,6896.0,6074.0
2023,9,부산진구,부전동,8812.5,13682.0,6764.0,6918.0,6101.0
2023,10,부산진구,부전동,8821.0,13699.5,6773.0,6926.5,6103.0
2024,5,부산진구,부전동,9161.5,14207.5,7016.0,7191.5,6353.5
2024,6,부산진구,부전동,9180.5,14225.0,7025.5,7199.5,6366.0
2024,7,부산진구,부전동,9173.5,14187.5,7007.0,7180.5,6379.0
2024,8,부산진구,부전동,9141.0,14134.5,6986.0,7148.5,6362.0
2024,9,부산진구,부전동,9091.0,14035.5,6944.5,7091.0,6340.5
2024,10,부산진구,부전동,9051.0,13941.0,6911.0,7030.0,6335.5
2020,5,부산진구,범전동,4794.5,7864.0,3929.5,3934.5,3125.5
2020,6,부산진구,범전동,4829.5,7883.5,3943.5,3940.0,3158.5
2020,7,부산진구,범전동,4834.5,7895.5,3954.5,3941.0,3164.5
2020,8,부산진구,범전동,4852.0,7892.0,3956.5,3935.5,3189.0
2020,9,부산진구,범전동,4863.5,7880.0,3952.0,3928.0,3215.5
2020,10,부산진구,범전동,4871.5,7866.0,3953.0,3913.0,3230.5
2021,5,부산진구,범전동,5004.5,7927.0,3966.5,3960.5,3389.0
2021,6,부산진구,범전동,5026.0,7944.5,3974.0,3970.5,3413.0
2021,7,부산진구,범전동,5057.5,7983.5,3997.0,3986.5,3436.5
2021,8,부산진구,범전동,5094.0,8042.5,4027.5,4015.0,3453.5
2021,9,부산진구,범전동,5109.5,8066.5,4039.0,4027.5,3465.5
2021,10,부산진구,범전동,5122.0,8076.5,4033.0,4043.5,3477.0
2022,5,부산진구,범전동,5160.0,8000.0,3985.5,4014.5,3566.5
2022,6,부산진구,범전동,5154.0,7976.0,3970.0,4006.0,3564.5
2022,7,부산진구,범전동,5167.0,7985.5,3974.5,4011.0,3578.5
2022,8,부산진구,범전동,5173.5,7982.0,3974.0,4008.0,3586.5
2022,9,부산진구,범전동,5194.5,8001.0,3976.0,4025.0,3606.0
2022,10,부산진구,범전동,5196.5,7994.5,3977.5,4017.0,3612.5
2023,5,부산진구,범전동,5313.0,8034.5,3973.0,4061.5,3744.5
2023,6,부산진구,범전동,5341.5,8056.0,3989.0,4067.0,3775.5
2023,7,부산진구,범전동,5351.5,8053.0,3995.5,4057.5,3781.5
2023,8,부산진구,범전동,5362.0,8055.5,3995.0,4060.5,3797.5
2023,9,부산진구,범전동,5378.5,8065.5,3992.0,4073.5,3819.5
2023,10,부산진구,범전동,5368.0,8058.0,3994.5,4063.5,3809.0
2024,5,부산진구,범전동,5384.0,7984.0,3940.5,4043.5,3862.0
2024,6,부산진구,범전동,5408.0,8009.0,3952.5,4056.5,3882.5
2024,7,부산진구,범전동,5393.5,7960.0,3928.0,4032.0,3887.5
2024,8,부산진구,범전동,5351.5,7887.5,3895.0,3992.5,3869.5
2024,9,부산진구,범전동,5287.5,7768.5,3841.0,3927.5,3840.5
2024,10,부산진구,범전동,5231.0,7647.0,3788.0,3859.0,3820.0
2020,5,동래구,낙민동,6680.0,16586.5,8116.5,8470.0,1930.5
2020,6,동래구,낙민동,6701.0,16585.0,8114.5,8470.5,1951.0
2020,7,동래구,낙민동,6714.0,16583.5,8102.5,8481.0,1959.5
2020,8,동래구,낙민동,6718.5,16559.0,8085.0,8474.0,1965.5
2020,9,동래구,낙민동,6716.5,16499.5,8051.0,8448.5,1976.5
2020,10,동래구,낙민동,6737.0,16520.0,8054.5,8465.5,1988.5
2021,5,동래구,낙민동,6828.5,16498.0,8022.5,8475.5,2066.5
2021,6,동래구,낙민동,6841.0,16495.0,8010.5,8484.5,2084.0
2021,7,동래구,낙민동,6844.5,16499.5,8014.0,8485.5,2083.5
2021,8,동래구,낙민동,6845.5,16476.0,7993.0,8483.0,2093.5
2021,9,동래구,낙민동,6838.5,16441.5,7973.5,8468.0,2099.5
2021,10,동래구,낙민동,6830.0,16406.5,7954.5,8452.0,2099.0
2022,5,동래구,낙민동,6796.0,16125.0,7804.5,8320.5,2139.5
2022,6,동래구,낙민동,6804.5,16124.0,7796.5,8327.5,2147.5
2022,7,동래구,낙민동,6802.0,16100.5,7786.5,8314.0,2146.0
2022,8,동래구,낙민동,6796.0,16060.0,7773.0,8287.0,2156.0
2022,9,동래구,낙민동,6788.0,16022.5,7747.5,8275.0,2160.0
2022,10,동래구,낙민동,6782.0,15997.5,7730.5,8267.0,2156.5
2023,5,동래구,낙민동,6728.5,15766.5,7605.5,8161.0,2170.5
2023,6,동래구,낙민동,6731.0,15762.5,7602.0,8160.5,2170.5
2023,7,동래구,낙민동,6721.0,15722.5,7579.0,8143.5,2169.5
2023,8,동래구,낙민동,6715.5,15681.5,7555.5,8126.0,2177.5
2023,9,동래구,낙민동,6708.5,15653.0,7542.0,8111.0,2178.0
2023,10,동래구,낙민동,6701.0,15623.5,7532.0,8091.5,2174.0
2024,5,동래구,낙민동,6648.0,15347.5,7374.0,7973.5,2195.5
2024,6,동래구,낙민동,6688.5,15409.0,7403.0,8006.0,2220.5
2024,7,동래구,낙민동,6719.0,15449.5,7421.0,8028.5,2236.5
2024,8,동래구,낙민동,6735.0,15447.5,7423.5,8024.0,2253.5
2024,9,동래구,낙민동,6739.0,15432.5,7404.0,8028.5,2257.0
2024,10,동래구,낙민동,6740.0,15424.5,7398.0,8026.5,2257.5
2020,5,동래구,수안동,6680.0,16586.5,8116.5,8470.0,1930.5
2020,6,동래구,수안동,6701.0,16585.0,8114.5,8470.5,1951.0
2020,7,동래구,수안동,6714.0,16583.5,8102.5,8481.0,1959.5
2020,8,동래구,수안동,6718.5,16559.0,8085.0,8474.0,1965.5
2020,9,동래구,수안동,6716.5,16499.5,8051.0,8448.5,1976.5
2020,10,동래구,수안동,6737.0,16520.0,8054.5,8465.5,1988.5
2021,5,동래구,수안동,6828.5,16498.0,8022.5,8475.5,2066.5
2021,6,동래구,수안동,6841.0,16495.0,8010.5,8484.5,2084.0
2021,7,동래구,수안동,6844.5,16499.5,8014.0,8485.5,2083.5
2021,8,동래구,수안동,6845.5,16476.0,7993.0,8483.0,2093.5
2021,9,동래구,수안동,6838.5,16441.5,7973.5,8468.0,2099.5
2021,10,동래구,수안동,6830.0,16406.5,7954.5,8452.0,2099.0
2022,5,동래구,수안동,6796.0,16125.0,7804.5,8320.5,2139.5
2022,6,동래구,수안동,6804.5,16124.0,7796.5,8327.5,2147.5
2022,7,동래구,수안동,6802.0,16100.5,7786.5,8314.0,2146.0
2022,8,동래구,수안동,6796.0,16060.0,7773.0,8287.0,2156.0
2022,9,동래구,수안동,6788.0,16022.5,7747.5,8275.0,2160.0
2022,10,동래구,수안동,6782.0,15997.5,7730.5,8267.0,2156.5
2023,5,동래구,수안동,6728.5,15766.5,7605.5,8161.0,2170.5
2023,6,동래구,수안동,6731.0,15762.5,7602.0,8160.5,2170.5
2023,7,동래구,수안동,6721.0,15722.5,7579.0,8143.5,2169.5
2023,8,동래구,수안동,6715.5,15681.5,7555.5,8126.0,2177.5
2023,9,동래구,수안동,6708.5,15653.0,7542.0,8111.0,2178.0
2023,10,동래구,수안동,6701.0,15623.5,7532.0,8091.5,2174.0
2024,5,동래구,수안동,6648.0,15347.5,7374.0,7973.5,2195.5
2024,6,동래구,수안동,6688.5,15409.0,7403.0,8006.0,2220.5
2024,7,동래구,수안동,6719.0,15449.5,7421.0,8028.5,2236.5
2024,8,동래구,수안동,6735.0,15447.5,7423.5,8024.0,2253.5
2024,9,동래구,수안동,6739.0,15432.5,7404.0,8028.5,2257.0
2024,10,동래구,수안동,6740.0,15424.5,7398.0,8026.5,2257.5
2020,5,동래구,복천동,2488.0,5290.5,2572.0,2718.5,1028.0
2020,6,동래구,복천동,2493.5,5279.0,2571.5,2707.5,1042.5
2020,7,동래구,복천동,2504.0,5286.0,2573.5,2712.5,1053.0
2020,8,동래구,복천동,2503.0,5262.5,2560.5,2702.0,1059.0
2020,9,동래구,복천동,2497.5,5232.0,2542.0,2690.0,1062.5
2020,10,동래구,복천동,2492.0,5216.5,2541.0,2675.5,1063.5
2021,5,동래구,복천동,2434.5,4983.0,2413.5,2569.5,1083.5
2021,6,동래구,복천동,2423.5,4945.0,2396.5,2548.5,1086.5
2021,7,동래구,복천동,2412.5,4911.0,2379.0,2532.0,1082.5
2021,8,동래구,복천동,2412.0,4892.5,2372.0,2520.5,1087.0
2021,9,동래구,복천동,2409.0,4870.5,2361.0,2509.5,1088.0
2021,10,동래구,복천동,2400.5,4849.5,2350.5,2499.0,1081.5
2022,5,동래구,복천동,2336.0,4653.5,2271.5,2382.0,1068.0
2022,6,동래구,복천동,2341.5,4655.5,2274.0,2381.5,1076.5
2022,7,동래구,복천동,2336.0,4636.5,2256.0,2380.5,1077.5
2022,8,동래구,복천동,2323.5,4612.0,2245.5,2366.5,1069.0
2022,9,동래구,복천동,2319.0,4601.5,2240.0,2361.5,1068.0
2022,10,동래구,복천동,2287.0,4547.0,2215.0,2332.0,1049.5
2023,5,동래구,복천동,2242.5,4441.0,2160.5,2280.5,1032.0
2023,6,동래구,복천동,2240.0,4428.5,2156.5,2272.0,1031.5
2023,7,동래구,복천동,2227.0,4403.5,2143.0,2260.5,1021.5
2023,8,동래구,복천동,2217.0,4376.0,2129.5,2246.5,1019.5
2023,9,동래구,복천동,2220.5,4382.0,2133.5,2248.5,1021.0
2023,10,동래구,복천동,2208.0,4349.5,2113.5,2236.0,1014.0
2024,5,동래구,복천동,2163.0,4235.0,2041.5,2193.5,987.5
2024,6,동래구,복천동,2155.5,4226.0,2039.5,2186.5,983.5
2024,7,동래구,복천동,2151.0,4212.5,2033.0,2179.5,984.5
2024,8,동래구,복천동,2147.0,4199.5,2025.0,2174.5,981.5
2024,9,동래구,복천동,2145.5,4197.5,2025.0,2172.5,981.0
2024,10,동래구,복천동,2139.5,4177.5,2017.0,2160.5,979.0
2020,5,동래구,칠산동,2488.0,5290.5,2572.0,2718.5,1028.0
2020,6,동래구,칠산동,2493.5,5279.0,2571.5,2707.5,1042.5
2020,7,동래구,칠산동,2504.0,5286.0,2573.5,2712.5,1053.0
2020,8,동래구,칠산동,2503.0,5262.5,2560.5,2702.0,1059.0
2020,9,동래구,칠산동,2497.5,5232.0,2542.0,2690.0,1062.5
2020,10,동래구,칠산동,2492.0,5216.5,2541.0,2675.5,1063.5
2021,5,동래구,칠산동,2434.5,4983.0,2413.5,2569.5,1083.5
2021,6,동래구,칠산동,2423.5,4945.0,2396.5,2548.5,1086.5
2021,7,동래구,칠산동,2412.5,4911.0,2379.0,2532.0,1082.5
2021,8,동래구,칠산동,2412.0,4892.5,2372.0,2520.5,1087.0
2021,9,동래구,칠산동,2409.0,4870.5,2361.0,2509.5,1088.0
2021,10,동래구,칠산동,2400.5,4849.5,2350.5,2499.0,1081.5
2022,5,동래구,칠산동,2336.0,4653.5,2271.5,2382.0,1068.0
2022,6,동래구,칠산동,2341.5,4655.5,2274.0,2381.5,1076.5
2022,7,동래구,칠산동,2336.0,4636.5,2256.0,2380.5,1077.5
2022,8,동래구,칠산동,2323.5,4612.0,2245.5,2366.5,1069.0
2022,9,동래구,칠산동,2319.0,4601.5,2240.0,2361.5,1068.0
2022,10,동래구,칠산동,2287.0,4547.0,2215.0,2332.0,1049.5
2023,5,동래구,칠산동,2242.5,4441.0,2160.5,2280.5,1032.0
2023,6,동래구,칠산동,2240.0,4428.5,2156.5,2272.0,1031.5
2023,7,동래구,칠산동,2227.0,4403.5,2143.0,2260.5,1021.5
2023,8,동래구,칠산동,2217.0,4376.0,2129.5,2246.5,1019.5
2023,9,동래구,칠산동,2220.5,4382.0,2133.5,2248.5,1021.0
2023,10,동래구,칠산동,2208.0,4349.5,2113.5,2236.0,1014.0
2024,5,동래구,칠산동,2163.0,4235.0,2041.5,2193.5,987.5
2024,6,동래구,칠산동,2155.5,4226.0,2039.5,2186.5,983.5
2024,7,동래구,칠산동,2151.0,4212.5,2033.0,2179.5,984.5
2024,8,동래구,칠산동,2147.0,4199.5,2025.0,2174.5,981.5
2024,9,동래구,칠산동,2145.5,4197.5,2025.0,2172.5,981.0
2024,10,동래구,칠산동,2139.5,4177.5,2017.0,2160.5,979.0
2020,5,해운대구,반송동,10142.5,20381.0,10035.5,10345.5,4804.5
2020,6,해운대구,반송동,10142.0,20271.5,9984.0,10287.5,4833.0
2020,7,해운대구,반송동,10148.0,20218.0,9948.5,10269.5,4855.5
2020,8,해운대구,반송동,10144.5,20155.5,9909.0,10246.5,4865.5
2020,9,해운대구,반송동,10124.5,20045.5,9854.0,10191.5,4874.0
2020,10,해운대구,반송동,10123.0,19982.5,9819.0,10163.5,4889.5
2021,5,해운대구,반송동,10004.0,19416.0,9543.5,9872.5,4908.5
2021,6,해운대구,반송동,9971.0,19308.0,9490.0,9818.0,4904.5
2021,7,해운대구,반송동,9968.0,19272.5,9476.0,9796.5,4906.0
2021,8,해운대구,반송동,9959.5,19198.0,9428.0,9770.0,4919.0
2021,9,해운대구,반송동,9960.0,19144.5,9402.0,9742.5,4933.5
2021,10,해운대구,반송동,9960.5,19114.0,9380.5,9733.5,4944.5
2022,5,해운대구,반송동,9904.0,18700.5,9182.5,9518.0,5018.0
2022,6,해운대구,반송동,9903.5,18630.5,9143.0,9487.5,5039.0
2022,7,해운대구,반송동,9894.5,18581.0,9109.5,9471.5,5054.5
2022,8,해운대구,반송동,9905.5,18556.0,9098.5,9457.5,5075.0
2022,9,해운대구,반송동,9894.5,18496.0,9067.5,9428.5,5083.0
2022,10,해운대구,반송동,9801.5,18346.5,8991.5,9355.0,5013.5
2023,5,해운대구,반송동,9705.5,18054.5,8876.5,9178.0,5042.5
2023,6,해운대구,반송동,9699.5,17999.5,8843.5,9156.0,5059.0
2023,7,해운대구,반송동,9673.0,17916.5,8803.0,9113.5,5053.0
2023,8,해운대구,반송동,9670.5,17868.5,8780.5,9088.0,5070.0
2023,9,해운대구,반송동,9633.0,17780.0,8729.5,9050.5,5054.5
2023,10,해운대구,반송동,9626.0,17756.0,8718.5,9037.5,5062.0
2024,5,해운대구,반송동,9495.0,17403.0,8554.0,8849.0,5047.0
2024,6,해운대구,반송동,9483.0,17386.0,8554.5,8831.5,5053.5
2024,7,해운대구,반송동,9470.0,17358.5,8545.5,8813.0,5046.5
2024,8,해운대구,반송동,9453.0,17291.0,8511.5,8779.5,5044.5
2024,9,해운대구,반송동,9430.0,17216.0,8477.5,8738.5,5039.0
2024,10,해운대구,반송동,9406.0,17139.0,8433.0,8706.0,5039.5
2020,5,해운대구,석대동,4025.5,7867.5,3948.0,3919.5,2075.5
2020,6,해운대구,석대동,4022.0,7786.5,3910.5,3876.0,2089.0
2020,7,해운대구,석대동,4026.5,7768.5,3899.0,3869.5,2101.0
2020,8,해운대구,석대동,4024.5,7733.5,3881.0,3852.5,2106.5
2020,9,해운대구,석대동,4020.0,7683.0,3858.5,3824.5,2114.0
2020,10,해운대구,석대동,4014.0,7641.5,3840.0,3801.5,2117.5
2021,5,해운대구,석대동,3986.5,7449.5,3731.5,3718.0,2143.0
2021,6,해운대구,석대동,3955.5,7385.0,3697.5,3687.5,2129.0
2021,7,해운대구,석대동,3960.5,7381.5,3699.0,3682.5,2134.0
2021,8,해운대구,석대동,3961.0,7344.0,3672.5,3671.5,2151.5
2021,9,해운대구,석대동,3972.0,7333.5,3668.5,3665.0,2165.5
2021,10,해운대구,석대동,3979.5,7336.5,3663.5,3673.0,2176.5
2022,5,해운대구,석대동,3935.0,7162.5,3580.5,3582.0,2183.5
2022,6,해운대구,석대동,3931.5,7129.5,3559.5,3570.0,2188.0
2022,7,해운대구,석대동,3926.0,7110.5,3546.0,3564.5,2192.5
2022,8,해운대구,석대동,3936.5,7107.5,3549.5,3558.0,2207.0
2022,9,해운대구,석대동,3936.5,7087.0,3541.5,3545.5,2215.0
2022,10,해운대구,석대동,3862.5,6991.0,3491.5,3499.5,2147.5
2023,5,해운대구,석대동,3842.5,6941.5,3479.0,3462.5,2173.0
2023,6,해운대구,석대동,3844.0,6924.5,3471.5,3453.0,2184.5
2023,7,해운대구,석대동,3830.0,6880.5,3449.5,3431.0,2180.5
2023,8,해운대구,석대동,3828.0,6858.0,3436.5,3421.5,2189.0
2023,9,해운대구,석대동,3816.0,6824.0,3418.5,3405.5,2183.0
2023,10,해운대구,석대동,3815.5,6822.0,3415.5,3406.5,2193.5
2024,5,해운대구,석대동,3740.5,6665.0,3337.0,3328.0,2184.5
2024,6,해운대구,석대동,3736.5,6674.5,3352.0,3322.5,2191.5
2024,7,해운대구,석대동,3730.5,6670.0,3348.5,3321.5,2186.5
2024,8,해운대구,석대동,3718.0,6638.0,3332.5,3305.5,2182.0
2024,9,해운대구,석대동,3705.5,6599.5,3314.5,3285.0,2178.0
2024,10,해운대구,석대동,3694.5,6570.5,3301.0,3269.5,2175.5
2020,5,금정구,금사동,2170.0,4443.0,2347.0,2096.0,961.0
2020,6,금정구,금사동,2179.5,4442.0,2349.5,2092.5,974.5
2020,7,금정구,금사동,2180.0,4421.5,2343.0,2078.5,980.5
2020,8,금정구,금사동,2123.5,4275.0,2267.0,2008.0,968.0
2020,9,금정구,금사동,2125.5,4254.0,2256.5,1997.5,972.0
2020,10,금정구,금사동,2126.5,4250.0,2255.0,1995.0,974.0
2021,5,금정구,금사동,2104.0,4126.0,2196.5,1929.5,990.5
2021,6,금정구,금사동,2100.0,4112.0,2186.0,1926.0,993.5
2021,7,금정구,금사동,2091.0,4087.5,2172.5,1915.0,986.5
2021,8,금정구,금사동,2098.5,4077.5,2163.5,1914.0,1000.5
2021,9,금정구,금사동,2094.0,4067.0,2155.0,1912.0,999.5
2021,10,금정구,금사동,2086.0,4049.5,2145.5,1904.0,993.5
2022,5,금정구,금사동,2077.5,3957.0,2087.0,1870.0,1013.5
2022,6,금정구,금사동,2078.5,3948.5,2085.5,1863.0,1017.0
2022,7,금정구,금사동,2086.0,3948.0,2085.5,1862.5,1027.5
2022,8,금정구,금사동,2082.5,3938.0,2078.5,1859.5,1025.5
2022,9,금정구,금사동,2083.0,3929.0,2070.5,1858.5,1028.0
2022,10,금정구,금사동,2064.0,3900.0,2054.0,1846.0,1011.5
2023,5,금정구,금사동,2053.0,3828.5,2017.5,1811.0,1023.5
2023,6,금정구,금사동,2052.0,3824.5,2018.0,1806.5,1022.0
2023,7,금정구,금사동,2053.5,3816.5,2016.0,1800.5,1029.5
2023,8,금정구,금사동,2052.0,3801.0,2006.0,1795.0,1032.0
2023,9,금정구,금사동,2046.5,3788.5,1997.5,1791.0,1029.5
2023,10,금정구,금사동,2044.0,3777.5,1988.0,1789.5,1034.0
2024,5,금정구,금사동,2011.5,3679.5,1932.0,1747.5,1029.0
2024,6,금정구,금사동,2007.0,3666.0,1928.5,1737.5,1028.5
2024,7,금정구,금사동,1997.5,3644.0,1920.0,1724.0,1025.5
2024,8,금정구,금사동,1995.0,3634.5,1914.0,1720.5,1023.0
2024,9,금정구,금사동,1992.5,3624.5,1909.0,1715.5,1025.5
2024,10,금정구,금사동,1988.5,3613.5,1906.0,1707.5,1027.5
2020,5,금정구,회동동,2170.0,4443.0,2347.0,2096.0,961.0
2020,6,금정구,회동동,2179.5,4442.0,2349.5,2092.5,974.5
2020,7,금정구,회동동,2180.0,4421.5,2343.0,2078.5,980.5
2020,8,금정구,회동동,2123.5,4275.0,2267.0,2008.0,968.0
2020,9,금정구,회동동,2125.5,4254.0,2256.5,1997.5,972.0
2020,10,금정구,회동동,2126.5,4250.0,2255.0,1995.0,974.0
2021,5,금정구,회동동,2104.0,4126.0,2196.5,1929.5,990.5
2021,6,금정구,회동동,2100.0,4112.0,2186.0,1926.0,993.5
2021,7,금정구,회동동,2091.0,4087.5,2172.5,1915.0,986.5
2021,8,금정구,회동동,2098.5,4077.5,2163.5,1914.0,1000.5
2021,9,금정구,회동동,2094.0,4067.0,2155.0,1912.0,999.5
2021,10,금정구,회동동,2086.0,4049.5,2145.5,1904.0,993.5
2022,5,금정구,회동동,2077.5,3957.0,2087.0,1870.0,1013.5
2022,6,금정구,회동동,2078.5,3948.5,2085.5,1863.0,1017.0
2022,7,금정구,회동동,2086.0,3948.0,2085.5,1862.5,1027.5
2022,8,금정구,회동동,2082.5,3938.0,2078.5,1859.5,1025.5
2022,9,금정구,회동동,2083.0,3929.0,2070.5,1858.5,1028.0
2022,10,금정구,회동동,2064.0,3900.0,2054.0,1846.0,1011.5
2023,5,금정구,회동동,2053.0,3828.5,2017.5,1811.0,1023.5
2023,6,금정구,회동동,2052.0,3824.5,2018.0,1806.5,1022.0
2023,7,금정구,회동동,2053.5,3816.5,2016.0,1800.5,1029.5
2023,8,금정구,회동동,2052.0,3801.0,2006.0,1795.0,1032.0
2023,9,금정구,회동동,2046.5,3788.5,1997.5,1791.0,1029.5
2023,10,금정구,회동동,2044.0,3777.5,1988.0,1789.5,1034.0
2024,5,금정구,회동동,2011.5,3679.5,1932.0,1747.5,1029.0
2024,6,금정구,회동동,2007.0,3666.0,1928.5,1737.5,1028.5
2024,7,금정구,회동동,1997.5,3644.0,1920.0,1724.0,1025.5
2024,8,금정구,회동동,1995.0,3634.5,1914.0,1720.5,1023.0
2024,9,금정구,회동동,1992.5,3624.5,1909.0,1715.5,1025.5
2024,10,금정구,회동동,1988.5,3613.5,1906.0,1707.5,1027.5
2020,5,금정구,청룡동,2216.5,5127.0,2513.0,2614.0,772.0
2020,6,금정구,청룡동,2221.5,5116.5,2510.0,2606.5,780.5
2020,7,금정구,청룡동,2219.5,5099.0,2500.5,2598.5,780.0
2020,8,금정구,청룡동,2223.5,5104.5,2499.0,2605.5,780.0
2020,9,금정구,청룡동,2232.0,5110.0,2500.5,2609.5,785.5
2020,10,금정구,청룡동,2230.5,5103.5,2497.0,2606.5,779.5
2021,5,금정구,청룡동,2199.5,4970.0,2437.0,2533.0,783.5
2021,6,금정구,청룡동,2198.5,4951.5,2429.0,2522.5,785.5
2021,7,금정구,청룡동,2197.0,4942.5,2424.5,2518.0,790.0
2021,8,금정구,청룡동,2194.0,4932.0,2418.5,2513.5,791.0
2021,9,금정구,청룡동,2193.5,4927.5,2414.0,2513.5,788.0
2021,10,금정구,청룡동,2193.5,4920.0,2409.0,2511.0,789.5
2022,5,금정구,청룡동,2209.0,4888.0,2381.5,2506.5,817.0
2022,6,금정구,청룡동,2204.5,4877.5,2373.0,2504.5,813.0
2022,7,금정구,청룡동,2213.0,4892.0,2382.0,2510.0,813.0
2022,8,금정구,청룡동,2235.5,4919.5,2395.5,2524.0,827.5
2022,9,금정구,청룡동,2242.0,4928.5,2398.0,2530.5,830.0
2022,10,금정구,청룡동,2237.0,4915.0,2391.5,2523.5,825.5
2023,5,금정구,청룡동,2226.0,4858.5,2371.0,2487.5,827.0
2023,6,금정구,청룡동,2230.5,4858.0,2371.0,2487.0,830.5
2023,7,금정구,청룡동,2224.0,4841.5,2362.0,2479.5,827.0
2023,8,금정구,청룡동,2227.0,4842.0,2364.0,2478.0,830.0
2023,9,금정구,청룡동,2226.5,4821.5,2354.5,2467.0,840.0
2023,10,금정구,청룡동,2226.0,4816.0,2348.5,2467.5,840.5
2024,5,금정구,청룡동,2207.5,4733.0,2302.0,2431.0,839.0
2024,6,금정구,청룡동,2205.0,4717.5,2293.0,2424.5,841.0
2024,7,금정구,청룡동,2204.5,4710.0,2289.0,2421.0,842.0
2024,8,금정구,청룡동,2197.0,4683.5,2279.0,2404.5,845.0
2024,9,금정구,청룡동,2193.5,4674.0,2278.5,2395.5,847.5
2024,10,금정구,청룡동,2194.5,4666.0,2271.0,2395.0,851.5
2020,5,금정구,노포동,2216.5,5127.0,2513.0,2614.0,772.0
2020,6,금정구,노포동,2221.5,5116.5,2510.0,2606.5,780.5
2020,7,금정구,노포동,2219.5,5099.0,2500.5,2598.5,780.0
2020,8,금정구,노포동,2223.5,5104.5,2499.0,2605.5,780.0
2020,9,금정구,노포동,2232.0,5110.0,2500.5,2609.5,785.5
2020,10,금정구,노포동,2230.5,5103.5,2497.0,2606.5,779.5
2021,5,금정구,노포동,2199.5,4970.0,2437.0,2533.0,783.5
2021,6,금정구,노포동,2198.5,4951.5,2429.0,2522.5,785.5
2021,7,금정구,노포동,2197.0,4942.5,2424.5,2518.0,790.0
2021,8,금정구,노포동,2194.0,4932.0,2418.5,2513.5,791.0
2021,9,금정구,노포동,2193.5,4927.5,2414.0,2513.5,788.0
2021,10,금정구,노포동,2193.5,4920.0,2409.0,2511.0,789.5
2022,5,금정구,노포동,2209.0,4888.0,2381.5,2506.5,817.0
2022,6,금정구,노포동,2204.5,4877.5,2373.0,2504.5,813.0
2022,7,금정구,노포동,2213.0,4892.0,2382.0,2510.0,813.0
2022,8,금정구,노포동,2235.5,4919.5,2395.5,2524.0,827.5
2022,9,금정구,노포동,2242.0,4928.5,2398.0,2530.5,830.0
2022,10,금정구,노포동,2237.0,4915.0,2391.5,2523.5,825.5
2023,5,금정구,노포동,2226.0,4858.5,2371.0,2487.5,827.0
2023,6,금정구,노포동,2230.5,4858.0,2371.0,2487.0,830.5
2023,7,금정구,노포동,2224.0,4841.5,2362.0,2479.5,827.0
2023,8,금정구,노포동,2227.0,4842.0,2364.0,2478.0,830.0
2023,9,금정구,노포동,2226.5,4821.5,2354.5,2467.0,840.0
2023,10,금정구,노포동,2226.0,4816.0,2348.5,2467.5,840.5
2024,5,금정구,노포동,2207.5,4733.0,2302.0,2431.0,839.0
2024,6,금정구,노포동,2205.0,4717.5,2293.0,2424.5,841.0
2024,7,금정구,노포동,2204.5,4710.0,2289.0,2421.0,842.0
2024,8,금정구,노포동,2197.0,4683.5,2279.0,2404.5,845.0
2024,9,금정구,노포동,2193.5,4674.0,2278.5,2395.5,847.5
2024,10,금정구,노포동,2194.5,4666.0,2271.0,2395.0,851.5
2020,5,금정구,선동,627.5,1206.5,639.5,567.0,316.0
2020,6,금정구,선동,627.0,1203.5,639.5,564.0,317.0
2020,7,금정구,선동,626.5,1193.0,633.5,559.5,320.0
2020,8,금정구,선동,630.5,1195.5,634.5,561.0,324.5
2020,9,금정구,선동,632.0,1195.5,633.5,562.0,326.0
2020,10,금정구,선동,634.5,1199.5,636.0,563.5,329.5
2021,5,금정구,선동,639.5,1184.5,637.0,547.5,338.5
2021,6,금정구,선동,639.5,1179.0,632.5,546.5,339.0
2021,7,금정구,선동,637.0,1175.0,628.5,546.5,338.0
2021,8,금정구,선동,641.0,1177.5,631.0,546.5,344.5
2021,9,금정구,선동,641.5,1175.5,629.5,546.0,347.0
2021,10,금정구,선동,640.0,1174.0,630.0,544.0,346.0
2022,5,금정구,선동,632.5,1153.5,617.0,536.5,340.0
2022,6,금정구,선동,631.5,1152.0,613.5,538.5,338.0
2022,7,금정구,선동,634.0,1152.0,611.0,541.0,341.5
2022,8,금정구,선동,633.5,1150.0,609.5,540.5,343.0
2022,9,금정구,선동,629.5,1140.5,606.0,534.5,341.0
2022,10,금정구,선동,623.0,1128.5,600.5,528.0,336.5
2023,5,금정구,선동,617.0,1106.5,589.5,517.0,332.5
2023,6,금정구,선동,614.0,1101.5,585.5,516.0,331.0
2023,7,금정구,선동,613.5,1101.5,587.0,514.5,332.5
2023,8,금정구,선동,609.5,1094.0,583.0,511.0,329.5
2023,9,금정구,선동,608.0,1093.0,581.5,511.5,326.5
2023,10,금정구,선동,603.0,1080.5,574.5,506.0,321.5
2024,5,금정구,선동,581.5,1041.0,560.5,480.5,311.5
2024,6,금정구,선동,583.0,1044.0,558.0,486.0,311.5
2024,7,금정구,선동,581.5,1039.5,554.5,485.0,312.0
2024,8,금정구,선동,582.0,1038.5,553.5,485.0,313.5
2024,9,금정구,선동,581.0,1033.5,550.0,483.5,313.5
2024,10,금정구,선동,580.0,1025.5,545.0,480.5,315.0
2020,5,금정구,두구동,627.5,1206.5,639.5,567.0,316.0
2020,6,금정구,두구동,627.0,1203.5,639.5,564.0,317.0
2020,7,금정구,두구동,626.5,1193.0,633.5,559.5,320.0
2020,8,금정구,두구동,630.5,1195.5,634.5,561.0,324.5
2020,9,금정구,두구동,632.0,1195.5,633.5,562.0,326.0
2020,10,금정구,두구동,634.5,1199.5,636.0,563.5,329.5
2021,5,금정구,두구동,639.5,1184.5,637.0,547.5,338.5
2021,6,금정구,두구동,639.5,1179.0,632.5,546.5,339.0
2021,7,금정구,두구동,637.0,1175.0,628.5,546.5,338.0
2021,8,금정구,두구동,641.0,1177.5,631.0,546.5,344.5
2021,9,금정구,두구동,641.5,1175.5,629.5,546.0,347.0
2021,10,금정구,두구동,640.0,1174.0,630.0,544.0,346.0
2022,5,금정구,두구동,632.5,1153.5,617.0,536.5,340.0
2022,6,금정구,두구동,631.5,1152.0,613.5,538.5,338.0
2022,7,금정구,두구동,634.0,1152.0,611.0,541.0,341.5
2022,8,금정구,두구동,633.5,1150.0,609.5,540.5,343.0
2022,9,금정구,두구동,629.5,1140.5,606.0,534.5,341.0
2022,10,금정구,두구동,623.0,1128.5,600.5,528.0,336.5
2023,5,금정구,두구동,617.0,1106.5,589.5,517.0,332.5
2023,6,금정구,두구동,614.0,1101.5,585.5,516.0,331.0
2023,7,금정구,두구동,613.5,1101.5,587.0,514.5,332.5
2023,8,금정구,두구동,609.5,1094.0,583.0,511.0,329.5
2023,9,금정구,두구동,608.0,1093.0,581.5,511.5,326.5
2023,10,금정구,두구동,603.0,1080.5,574.5,506.0,321.5
2024,5,금정구,두구동,581.5,1041.0,560.5,480.5,311.5
2024,6,금정구,두구동,583.0,1044.0,558.0,486.0,311.5
2024,7,금정구,두구동,581.5,1039.5,554.5,485.0,312.0
2024,8,금정구,두구동,582.0,1038.5,553.5,485.0,313.5
2024,9,금정구,두구동,581.0,1033.5,550.0,483.5,313.5
2024,10,금정구,두구동,580.0,1025.5,545.0,480.5,315.0
2020,5,금정구,오륜동,3564.5,8616.0,4127.5,4488.5,1184.5
2020,6,금정구,오륜동,3527.5,8507.5,4074.0,4433.5,1178.5
2020,7,금정구,오륜동,3485.0,8388.5,4009.0,4379.5,1169.5
2020,8,금정구,오륜동,3474.5,8332.0,3983.5,4348.5,1169.5
2020,9,금정구,오륜동,3456.5,8268.0,3948.0,4320.0,1165.5
2020,10,금정구,오륜동,3443.0,8223.0,3925.5,4297.5,1162.0
2021,5,금정구,오륜동,3414.5,8077.0,3871.5,4205.5,1158.0
2021,6,금정구,오륜동,3416.0,8079.5,3874.5,4205.0,1166.5
2021,7,금정구,오륜동,3417.5,8068.5,3867.0,4201.5,1166.0
2021,8,금정구,오륜동,3421.5,8035.0,3856.0,4179.0,1174.5
2021,9,금정구,오륜동,3418.0,8005.5,3842.5,4163.0,1177.5
2021,10,금정구,오륜동,3426.5,7994.5,3844.0,4150.5,1185.5
2022,5,금정구,오륜동,3430.5,7848.5,3765.5,4083.0,1233.5
2022,6,금정구,오륜동,3430.0,7836.5,3756.5,4080.0,1237.0
2022,7,금정구,오륜동,3430.0,7826.5,3753.5,4073.0,1243.0
2022,8,금정구,오륜동,3430.5,7811.0,3743.0,4068.0,1248.0
2022,9,금정구,오륜동,3431.5,7807.0,3748.0,4059.0,1246.5
2022,10,금정구,오륜동,3421.0,7791.5,3732.5,4059.0,1242.5
2023,5,금정구,오륜동,3404.0,7690.5,3667.0,4023.5,1256.0
2023,6,금정구,오륜동,3416.5,7695.0,3667.0,4028.0,1264.0
2023,7,금정구,오륜동,3422.5,7679.5,3655.5,4024.0,1274.5
2023,8,금정구,오륜동,3419.5,7665.0,3644.5,4020.5,1278.0
2023,9,금정구,오륜동,3430.0,7667.5,3646.0,4021.5,1286.5
2023,10,금정구,오륜동,3429.0,7669.5,3646.5,4023.0,1290.0
2024,5,금정구,오륜동,3426.5,7568.5,3595.0,3973.5,1320.5
2024,6,금정구,오륜동,3441.5,7574.0,3593.0,3981.0,1332.5
2024,7,금정구,오륜동,3432.5,7549.5,3582.0,3967.5,1326.0
2024,8,금정구,오륜동,3422.5,7534.5,3581.5,3953.0,1314.0
2024,9,금정구,오륜동,3432.0,7533.0,3580.5,3952.5,1322.5
2024,10,금정구,오륜동,3431.0,7537.0,3576.5,3960.5,1320.5
2020,5,금정구,부곡동,21532.5,48229.0,23187.5,25041.5,8075.5
2020,6,금정구,부곡동,21548.5,48101.5,23128.0,24973.5,8140.5
2020,7,금정구,부곡동,21534.0,47958.5,23046.0,24912.5,8157.5
2020,8,금정구,부곡동,21537.5,47791.0,22939.5,24851.5,8195.5
2020,9,금정구,부곡동,21473.5,47577.0,22822.0,24755.0,8188.5
2020,10,금정구,부곡동,21455.0,47444.0,22763.5,24680.5,8191.0
2021,5,금정구,부곡동,21347.5,46555.0,22314.5,24240.5,8287.0
2021,6,금정구,부곡동,21326.0,46447.5,22258.5,24189.0,8309.5
2021,7,금정구,부곡동,21330.5,46331.5,22209.0,24122.5,8328.0
2021,8,금정구,부곡동,21515.5,46650.0,22354.0,24296.0,8406.5
2021,9,금정구,부곡동,21720.0,47064.5,22551.5,24513.0,8504.5
2021,10,금정구,부곡동,21835.5,47201.5,22620.0,24581.5,8578.5
2022,5,금정구,부곡동,21955.5,46750.5,22405.5,24345.0,8835.5
2022,6,금정구,부곡동,21928.0,46656.5,22341.5,24315.0,8827.0
2022,7,금정구,부곡동,21940.0,46602.5,22326.5,24276.0,8854.0
2022,8,금정구,부곡동,21925.5,46482.0,22256.0,24226.0,8879.0
2022,9,금정구,부곡동,21933.5,46374.0,22200.0,24174.0,8921.5
2022,10,금정구,부곡동,21838.0,46198.5,22091.5,24107.0,8853.5
2023,5,금정구,부곡동,21701.0,45553.5,21720.0,23833.5,8885.0
2023,6,금정구,부곡동,21692.5,45446.0,21652.0,23794.0,8899.0
2023,7,금정구,부곡동,21718.5,45361.5,21601.5,23760.0,8965.5
2023,8,금정구,부곡동,21701.5,45263.0,21549.5,23713.5,8976.0
2023,9,금정구,부곡동,21703.0,45131.5,21479.0,23652.5,9026.5
2023,10,금정구,부곡동,21658.0,45000.5,21411.5,23589.0,9027.0
2024,5,금정구,부곡동,21496.5,44243.5,21037.0,23206.5,9086.5
2024,6,금정구,부곡동,21483.5,44150.0,20993.0,23157.0,9118.5
2024,7,금정구,부곡동,21444.5,44018.5,20919.0,23099.5,9121.0
2024,8,금정구,부곡동,21405.5,43868.5,20834.5,23034.0,9116.0
2024,9,금정구,부곡동,21404.0,43808.0,20788.5,23019.5,9123.5
2024,10,금정구,부곡동,21388.0,43787.0,20776.5,23010.5,9125.5
2020,5,강서구,녹산동,1652.3333333333333,4051.1111111111113,2335.5555555555557,1715.5555555555557,712.6666666666666
2020,6,강서구,녹산동,1674.6666666666667,4087.5555555555557,2352.0,1735.5555555555557,724.0
2020,7,강서구,녹산동,1684.0,4099.777777777777,2356.777777777778,1743.0,728.0
2020,8,강서구,녹산동,1693.4444444444443,4108.777777777777,2360.1111111111113,1748.6666666666667,733.3333333333334
2020,9,강서구,녹산동,1693.6666666666667,4090.1111111111113,2348.3333333333335,1741.7777777777778,736.5555555555555
2020,10,강서구,녹산동,1694.4444444444443,4069.4444444444443,2337.1111111111113,1732.3333333333333,741.7777777777778
2021,5,강서구,녹산동,1768.111111111111,4151.666666666667,2368.6666666666665,1783.0,785.2222222222222
2021,6,강서구,녹산동,1778.888888888889,4168.0,2374.222222222222,1793.7777777777778,789.8888888888889
2021,7,강서구,녹산동,1793.888888888889,4199.0,2391.3333333333335,1807.6666666666667,797.5555555555555
2021,8,강서구,녹산동,1809.111111111111,4223.666666666667,2404.5555555555557,1819.111111111111,803.4444444444445
2021,9,강서구,녹산동,1823.7777777777778,4247.444444444444,2417.8888888888887,1829.5555555555557,811.2222222222222
2021,10,강서구,녹산동,1838.111111111111,4272.0,2430.5555555555557,1841.4444444444443,818.2222222222222
2022,5,강서구,녹산동,1891.0,4339.777777777777,2466.222222222222,1873.5555555555557,851.3333333333334
2022,6,강서구,녹산동,1905.5555555555557,4361.444444444444,2481.1111111111113,1880.3333333333333,863.3333333333334
2022,7,강서구,녹산동,1913.0,4372.333333333333,2489.6666666666665,1882.6666666666667,868.6666666666666
2022,8,강서구,녹산동,1919.888888888889,4380.222222222223,2492.777777777778,1887.4444444444443,874.7777777777778
2022,9,강서구,녹산동,1925.3333333333333,4385.111111111111,2497.222222222222,1887.888888888889,880.6666666666666
2022,10,강서구,녹산동,1927.0,4390.222222222223,2504.1111111111113,1886.111111111111,882.8888888888889
2023,5,강서구,녹산동,1905.2222222222222,4412.0,2558.777777777778,1853.2222222222222,880.5555555555555
2023,6,강서구,녹산동,1905.3333333333333,4420.555555555556,2570.1111111111113,1850.4444444444443,883.3333333333334
2023,7,강서구,녹산동,1905.111111111111,4424.666666666667,2574.777777777778,1849.888888888889,884.4444444444445
2023,8,강서구,녹산동,1901.3333333333333,4432.666666666667,2584.5555555555557,1848.111111111111,882.4444444444445
2023,9,강서구,녹산동,1898.6666666666667,4433.0,2589.222222222222,1843.7777777777778,882.7777777777778
2023,10,강서구,녹산동,1897.2222222222222,4435.0,2590.5555555555557,1844.4444444444443,882.4444444444445
2024,5,강서구,녹산동,1861.111111111111,4396.222222222223,2595.8888888888887,1800.3333333333333,869.7777777777778
2024,6,강서구,녹산동,1863.0,4399.666666666667,2599.1111111111113,1800.5555555555557,870.6666666666666
2024,7,강서구,녹산동,1862.4444444444443,4394.333333333333,2597.6666666666665,1796.6666666666667,871.8888888888889
2024,8,강서구,녹산동,1858.0,4391.444444444444,2598.5555555555557,1792.888888888889,871.8888888888889
2024,9,강서구,녹산동,1857.5555555555557,4391.444444444444,2600.6666666666665,1790.7777777777778,872.6666666666666
2024,10,강서구,녹산동,1854.888888888889,4387.444444444444,2599.222222222222,1788.2222222222222,872.4444444444445
2020,5,강서구,구랑동,1652.3333333333333,4051.1111111111113,2335.5555555555557,1715.5555555555557,712.6666666666666
2020,6,강서구,구랑동,1674.6666666666667,4087.5555555555557,2352.0,1735.5555555555557,724.0
2020,7,강서구,구랑동,1684.0,4099.777777777777,2356.777777777778,1743.0,728.0
2020,8,강서구,구랑동,1693.4444444444443,4108.777777777777,2360.1111111111113,1748.6666666666667,733.3333333333334
2020,9,강서구,구랑동,1693.6666666666667,4090.1111111111113,2348.3333333333335,1741.7777777777778,736.5555555555555
2020,10,강서구,구랑동,1694.4444444444443,4069.4444444444443,2337.1111111111113,1732.3333333333333,741.7777777777778
2021,5,강서구,구랑동,1768.111111111111,4151.666666666667,2368.6666666666665,1783.0,785.2222222222222
2021,6,강서구,구랑동,1778.888888888889,4168.0,2374.222222222222,1793.7777777777778,789.8888888888889
2021,7,강서구,구랑동,1793.888888888889,4199.0,2391.3333333333335,1807.6666666666667,797.5555555555555
2021,8,강서구,구랑동,1809.111111111111,4223.666666666667,2404.5555555555557,1819.111111111111,803.4444444444445
2021,9,강서구,구랑동,1823.7777777777778,4247.444444444444,2417.8888888888887,1829.5555555555557,811.2222222222222
2021,10,강서구,구랑동,1838.111111111111,4272.0,2430.5555555555557,1841.4444444444443,818.2222222222222
2022,5,강서구,구랑동,1891.0,4339.777777777777,2466.222222222222,1873.5555555555557,851.3333333333334
2022,6,강서구,구랑동,1905.5555555555557,4361.444444444444,2481.1111111111113,1880.3333333333333,863.3333333333334
2022,7,강서구,구랑동,1913.0,4372.333333333333,2489.6666666666665,1882.6666666666667,868.6666666666666
2022,8,강서구,구랑동,1919.888888888889,4380.222222222223,2492.777777777778,1887.4444444444443,874.7777777777778
2022,9,강서구,구랑동,1925.3333333333333,4385.111111111111,2497.222222222222,1887.888888888889,880.6666666666666
2022,10,강서구,구랑동,1927.0,4390.222222222223,2504.1111111111113,1886.111111111111,882.8888888888889
2023,5,강서구,구랑동,1905.2222222222222,4412.0,2558.777777777778,1853.2222222222222,880.5555555555555
2023,6,강서구,구랑동,1905.3333333333333,4420.555555555556,2570.1111111111113,1850.4444444444443,883.3333333333334
2023,7,강서구,구랑동,1905.111111111111,4424.666666666667,2574.777777777778,1849.888888888889,884.4444444444445
2023,8,강서구,구랑동,1901.3333333333333,4432.666666666667,2584.5555555555557,1848.111111111111,882.4444444444445
2023,9,강서구,구랑동,1898.6666666666667,4433.0,2589.222222222222,1843.7777777777778,882.7777777777778
2023,10,강서구,구랑동,1897.2222222222222,4435.0,2590.5555555555557,1844.4444444444443,882.4444444444445
2024,5,강서구,구랑동,1861.111111111111,4396.222222222223,2595.8888888888887,1800.3333333333333,869.7777777777778
2024,6,강서구,구랑동,1863.0,4399.666666666667,2599.1111111111113,1800.5555555555557,870.6666666666666
2024,7,강서구,구랑동,1862.4444444444443,4394.333333333333,2597.6666666666665,1796.6666666666667,871.8888888888889
2024,8,강서구,구랑동,1858.0,4391.444444444444,2598.5555555555557,1792.888888888889,871.8888888888889
2024,9,강서구,구랑동,1857.5555555555557,4391.444444444444,2600.6666666666665,1790.7777777777778,872.6666666666666
2024,10,강서구,구랑동,1854.888888888889,4387.444444444444,2599.222222222222,1788.2222222222222,872.4444444444445
2020,5,강서구,미음동,1652.3333333333333,4051.1111111111113,2335.5555555555557,1715.5555555555557,712.6666666666666
2020,6,강서구,미음동,1674.6666666666667,4087.5555555555557,2352.0,1735.5555555555557,724.0
2020,7,강서구,미음동,1684.0,4099.777777777777,2356.777777777778,1743.0,728.0
2020,8,강서구,미음동,1693.4444444444443,4108.777777777777,2360.1111111111113,1748.6666666666667,733.3333333333334
2020,9,강서구,미음동,1693.6666666666667,4090.1111111111113,2348.3333333333335,1741.7777777777778,736.5555555555555
2020,10,강서구,미음동,1694.4444444444443,4069.4444444444443,2337.1111111111113,1732.3333333333333,741.7777777777778
2021,5,강서구,미음동,1768.111111111111,4151.666666666667,2368.6666666666665,1783.0,785.2222222222222
2021,6,강서구,미음동,1778.888888888889,4168.0,2374.222222222222,1793.7777777777778,789.8888888888889
2021,7,강서구,미음동,1793.888888888889,4199.0,2391.3333333333335,1807.6666666666667,797.5555555555555
2021,8,강서구,미음동,1809.111111111111,4223.666666666667,2404.5555555555557,1819.111111111111,803.4444444444445
2021,9,강서구,미음동,1823.7777777777778,4247.444444444444,2417.8888888888887,1829.5555555555557,811.2222222222222
2021,10,강서구,미음동,1838.111111111111,4272.0,2430.5555555555557,1841.4444444444443,818.2222222222222
2022,5,강서구,미음동,1891.0,4339.777777777777,2466.222222222222,1873.5555555555557,851.3333333333334
2022,6,강서구,미음동,1905.5555555555557,4361.444444444444,2481.1111111111113,1880.3333333333333,863.3333333333334
2022,7,강서구,미음동,1913.0,4372.333333333333,2489.6666666666665,1882.6666666666667,868.6666666666666
2022,8,강서구,미음동,1919.888888888889,4380.222222222223,2492.777777777778,1887.4444444444443,874.7777777777778
2022,9,강서구,미음동,1925.3333333333333,4385.111111111111,2497.222222222222,1887.888888888889,880.6666666666666
2022,10,강서구,미음동,1927.0,4390.222222222223,2504.1111111111113,1886.111111111111,882.8888888888889
2023,5,강서구,미음동,1905.2222222222222,4412.0,2558.777777777778,1853.2222222222222,880.5555555555555
2023,6,강서구,미음동,1905.3333333333333,4420.555555555556,2570.1111111111113,1850.4444444444443,883.3333333333334
2023,7,강서구,미음동,1905.111111111111,4424.666666666667,2574.777777777778,1849.888888888889,884.4444444444445
2023,8,강서구,미음동,1901.3333333333333,4432.666666666667,2584.5555555555557,1848.111111111111,882.4444444444445
2023,9,강서구,미음동,1898.6666666666667,4433.0,2589.222222222222,1843.7777777777778,882.7777777777778
2023,10,강서구,미음동,1897.2222222222222,4435.0,2590.5555555555557,1844.4444444444443,882.4444444444445
2024,5,강서구,미음동,1861.111111111111,4396.222222222223,2595.8888888888887,1800.3333333333333,869.7777777777778
2024,6,강서구,미음동,1863.0,4399.666666666667,2599.1111111111113,1800.5555555555557,870.6666666666666
2024,7,강서구,미음동,1862.4444444444443,4394.333333333333,2597.6666666666665,1796.6666666666667,871.8888888888889
2024,8,강서구,미음동,1858.0,4391.444444444444,2598.5555555555557,1792.888888888889,871.8888888888889
2024,9,강서구,미음동,1857.5555555555557,4391.444444444444,2600.6666666666665,1790.7777777777778,872.6666666666666
2024,10,강서구,미음동,1854.888888888889,4387.444444444444,2599.222222222222,1788.2222222222222,872.4444444444445
2020,5,강서구,범방동,1652.3333333333333,4051.1111111111113,2335.5555555555557,1715.5555555555557,712.6666666666666
2020,6,강서구,범방동,1674.6666666666667,4087.5555555555557,2352.0,1735.5555555555557,724.0
2020,7,강서구,범방동,1684.0,4099.777777777777,2356.777777777778,1743.0,728.0
2020,8,강서구,범방동,1693.4444444444443,4108.777777777777,2360.1111111111113,1748.6666666666667,733.3333333333334
2020,9,강서구,범방동,1693.6666666666667,4090.1111111111113,2348.3333333333335,1741.7777777777778,736.5555555555555
2020,10,강서구,범방동,1694.4444444444443,4069.4444444444443,2337.1111111111113,1732.3333333333333,741.7777777777778
2021,5,강서구,범방동,1768.111111111111,4151.666666666667,2368.6666666666665,1783.0,785.2222222222222
2021,6,강서구,범방동,1778.888888888889,4168.0,2374.222222222222,1793.7777777777778,789.8888888888889
2021,7,강서구,범방동,1793.888888888889,4199.0,2391.3333333333335,1807.6666666666667,797.5555555555555
2021,8,강서구,범방동,1809.111111111111,4223.666666666667,2404.5555555555557,1819.111111111111,803.4444444444445
2021,9,강서구,범방동,1823.7777777777778,4247.444444444444,2417.8888888888887,1829.5555555555557,811.2222222222222
2021,10,강서구,범방동,1838.111111111111,4272.0,2430.5555555555557,1841.4444444444443,818.2222222222222
2022,5,강서구,범방동,1891.0,4339.777777777777,2466.222222222222,1873.5555555555557,851.3333333333334
2022,6,강서구,범방동,1905.5555555555557,4361.444444444444,2481.1111111111113,1880.3333333333333,863.3333333333334
2022,7,강서구,범방동,1913.0,4372.333333333333,2489.6666666666665,1882.6666666666667,868.6666666666666
2022,8,강서구,범방동,1919.888888888889,4380.222222222223,2492.777777777778,1887.4444444444443,874.7777777777778
2022,9,강서구,범방동,1925.3333333333333,4385.111111111111,2497.222222222222,1887.888888888889,880.6666666666666
2022,10,강서구,범방동,1927.0,4390.222222222223,2504.1111111111113,1886.111111111111,882.8888888888889
2023,5,강서구,범방동,1905.2222222222222,4412.0,2558.777777777778,1853.2222222222222,880.5555555555555
2023,6,강서구,범방동,1905.3333333333333,4420.555555555556,2570.1111111111113,1850.4444444444443,883.3333333333334
2023,7,강서구,범방동,1905.111111111111,4424.666666666667,2574.777777777778,1849.888888888889,884.4444444444445
2023,8,강서구,범방동,1901.3333333333333,4432.666666666667,2584.5555555555557,1848.111111111111,882.4444444444445
2023,9,강서구,범방동,1898.6666666666667,4433.0,2589.222222222222,1843.7777777777778,882.7777777777778
2023,10,강서구,범방동,1897.2222222222222,4435.0,2590.5555555555557,1844.4444444444443,882.4444444444445
2024,5,강서구,범방동,1861.111111111111,4396.222222222223,2595.8888888888887,1800.3333333333333,869.7777777777778
2024,6,강서구,범방동,1863.0,4399.666666666667,2599.1111111111113,1800.5555555555557,870.6666666666666
2024,7,강서구,범방동,1862.4444444444443,4394.333333333333,2597.6666666666665,1796.6666666666667,871.8888888888889
2024,8,강서구,범방동,1858.0,4391.444444444444,2598.5555555555557,1792.888888888889,871.8888888888889
2024,9,강서구,범방동,1857.5555555555557,4391.444444444444,2600.6666666666665,1790.7777777777778,872.6666666666666
2024,10,강서구,범방동,1854.888888888889,4387.444444444444,2599.222222222222,1788.2222222222222,872.4444444444445
2020,5,강서구,생곡동,1652.3333333333333,4051.1111111111113,2335.5555555555557,1715.5555555555557,712.6666666666666
2020,6,강서구,생곡동,1674.6666666666667,4087.5555555555557,2352.0,1735.5555555555557,724.0
2020,7,강서구,생곡동,1684.0,4099.777777777777,2356.777777777778,1743.0,728.0
2020,8,강서구,생곡동,1693.4444444444443,4108.777777777777,2360.1111111111113,1748.6666666666667,733.3333333333334
2020,9,강서구,생곡동,1693.6666666666667,4090.1111111111113,2348.3333333333335,1741.7777777777778,736.5555555555555
2020,10,강서구,생곡동,1694.4444444444443,4069.4444444444443,2337.1111111111113,1732.3333333333333,741.7777777777778
2021,5,강서구,생곡동,1768.111111111111,4151.666666666667,2368.6666666666665,1783.0,785.2222222222222
2021,6,강서구,생곡동,1778.888888888889,4168.0,2374.222222222222,1793.7777777777778,789.8888888888889
2021,7,강서구,생곡동,1793.888888888889,4199.0,2391.3333333333335,1807.6666666666667,797.5555555555555
2021,8,강서구,생곡동,1809.111111111111,4223.666666666667,2404.5555555555557,1819.111111111111,803.4444444444445
2021,9,강서구,생곡동,1823.7777777777778,4247.444444444444,2417.8888888888887,1829.5555555555557,811.2222222222222
2021,10,강서구,생곡동,1838.111111111111,4272.0,2430.5555555555557,1841.4444444444443,818.2222222222222
2022,5,강서구,생곡동,1891.0,4339.777777777777,2466.222222222222,1873.5555555555557,851.3333333333334
2022,6,강서구,생곡동,1905.5555555555557,4361.444444444444,2481.1111111111113,1880.3333333333333,863.3333333333334
2022,7,강서구,생곡동,1913.0,4372.333333333333,2489.6666666666665,1882.6666666666667,868.6666666666666
2022,8,강서구,생곡동,1919.888888888889,4380.222222222223,2492.777777777778,1887.4444444444443,874.7777777777778
2022,9,강서구,생곡동,1925.3333333333333,4385.111111111111,2497.222222222222,1887.888888888889,880.6666666666666
2022,10,강서구,생곡동,1927.0,4390.222222222223,2504.1111111111113,1886.111111111111,882.8888888888889
2023,5,강서구,생곡동,1905.2222222222222,4412.0,2558.777777777778,1853.2222222222222,880.5555555555555
2023,6,강서구,생곡동,1905.3333333333333,4420.555555555556,2570.1111111111113,1850.4444444444443,883.3333333333334
2023,7,강서구,생곡동,1905.111111111111,4424.666666666667,2574.777777777778,1849.888888888889,884.4444444444445
2023,8,강서구,생곡동,1901.3333333333333,4432.666666666667,2584.5555555555557,1848.111111111111,882.4444444444445
2023,9,강서구,생곡동,1898.6666666666667,4433.0,2589.222222222222,1843.7777777777778,882.7777777777778
2023,10,강서구,생곡동,1897.2222222222222,4435.0,2590.5555555555557,1844.4444444444443,882.4444444444445
2024,5,강서구,생곡동,1861.111111111111,4396.222222222223,2595.8888888888887,1800.3333333333333,869.7777777777778
2024,6,강서구,생곡동,1863.0,4399.666666666667,2599.1111111111113,1800.5555555555557,870.6666666666666
2024,7,강서구,생곡동,1862.4444444444443,4394.333333333333,2597.6666666666665,1796.6666666666667,871.8888888888889
2024,8,강서구,생곡동,1858.0,4391.444444444444,2598.5555555555557,1792.888888888889,871.8888888888889
2024,9,강서구,생곡동,1857.5555555555557,4391.444444444444,2600.6666666666665,1790.7777777777778,872.6666666666666
2024,10,강서구,생곡동,1854.888888888889,4387.444444444444,2599.222222222222,1788.2222222222222,872.4444444444445
2020,5,강서구,화전동,1652.3333333333333,4051.1111111111113,2335.5555555555557,1715.5555555555557,712.6666666666666
2020,6,강서구,화전동,1674.6666666666667,4087.5555555555557,2352.0,1735.5555555555557,724.0
2020,7,강서구,화전동,1684.0,4099.777777777777,2356.777777777778,1743.0,728.0
2020,8,강서구,화전동,1693.4444444444443,4108.777777777777,2360.1111111111113,1748.6666666666667,733.3333333333334
2020,9,강서구,화전동,1693.6666666666667,4090.1111111111113,2348.3333333333335,1741.7777777777778,736.5555555555555
2020,10,강서구,화전동,1694.4444444444443,4069.4444444444443,2337.1111111111113,1732.3333333333333,741.7777777777778
2021,5,강서구,화전동,1768.111111111111,4151.666666666667,2368.6666666666665,1783.0,785.2222222222222
2021,6,강서구,화전동,1778.888888888889,4168.0,2374.222222222222,1793.7777777777778,789.8888888888889
2021,7,강서구,화전동,1793.888888888889,4199.0,2391.3333333333335,1807.6666666666667,797.5555555555555
2021,8,강서구,화전동,1809.111111111111,4223.666666666667,2404.5555555555557,1819.111111111111,803.4444444444445
2021,9,강서구,화전동,1823.7777777777778,4247.444444444444,2417.8888888888887,1829.5555555555557,811.2222222222222
2021,10,강서구,화전동,1838.111111111111,4272.0,2430.5555555555557,1841.4444444444443,818.2222222222222
2022,5,강서구,화전동,1891.0,4339.777777777777,2466.222222222222,1873.5555555555557,851.3333333333334
2022,6,강서구,화전동,1905.5555555555557,4361.444444444444,2481.1111111111113,1880.3333333333333,863.3333333333334
2022,7,강서구,화전동,1913.0,4372.333333333333,2489.6666666666665,1882.6666666666667,868.6666666666666
2022,8,강서구,화전동,1919.888888888889,4380.222222222223,2492.777777777778,1887.4444444444443,874.7777777777778
2022,9,강서구,화전동,1925.3333333333333,4385.111111111111,2497.222222222222,1887.888888888889,880.6666666666666
2022,10,강서구,화전동,1927.0,4390.222222222223,2504.1111111111113,1886.111111111111,882.8888888888889
2023,5,강서구,화전동,1905.2222222222222,4412.0,2558.777777777778,1853.2222222222222,880.5555555555555
2023,6,강서구,화전동,1905.3333333333333,4420.555555555556,2570.1111111111113,1850.4444444444443,883.3333333333334
2023,7,강서구,화전동,1905.111111111111,4424.666666666667,2574.777777777778,1849.888888888889,884.4444444444445
2023,8,강서구,화전동,1901.3333333333333,4432.666666666667,2584.5555555555557,1848.111111111111,882.4444444444445
2023,9,강서구,화전동,1898.6666666666667,4433.0,2589.222222222222,1843.7777777777778,882.7777777777778
2023,10,강서구,화전동,1897.2222222222222,4435.0,2590.5555555555557,1844.4444444444443,882.4444444444445
2024,5,강서구,화전동,1861.111111111111,4396.222222222223,2595.8888888888887,1800.3333333333333,869.7777777777778
2024,6,강서구,화전동,1863.0,4399.666666666667,2599.1111111111113,1800.5555555555557,870.6666666666666
2024,7,강서구,화전동,1862.4444444444443,4394.333333333333,2597.6666666666665,1796.6666666666667,871.8888888888889
2024,8,강서구,화전동,1858.0,4391.444444444444,2598.5555555555557,1792.888888888889,871.8888888888889
2024,9,강서구,화전동,1857.5555555555557,4391.444444444444,2600.6666666666665,1790.7777777777778,872.6666666666666
2024,10,강서구,화전동,1854.888888888889,4387.444444444444,2599.222222222222,1788.2222222222222,872.4444444444445
2020,5,강서구,지사동,1652.3333333333333,4051.1111111111113,2335.5555555555557,1715.5555555555557,712.6666666666666
2020,6,강서구,지사동,1674.6666666666667,4087.5555555555557,2352.0,1735.5555555555557,724.0
2020,7,강서구,지사동,1684.0,4099.777777777777,2356.777777777778,1743.0,728.0
2020,8,강서구,지사동,1693.4444444444443,4108.777777777777,2360.1111111111113,1748.6666666666667,733.3333333333334
2020,9,강서구,지사동,1693.6666666666667,4090.1111111111113,2348.3333333333335,1741.7777777777778,736.5555555555555
2020,10,강서구,지사동,1694.4444444444443,4069.4444444444443,2337.1111111111113,1732.3333333333333,741.7777777777778
2021,5,강서구,지사동,1768.111111111111,4151.666666666667,2368.6666666666665,1783.0,785.2222222222222
2021,6,강서구,지사동,1778.888888888889,4168.0,2374.222222222222,1793.7777777777778,789.8888888888889
2021,7,강서구,지사동,1793.888888888889,4199.0,2391.3333333333335,1807.6666666666667,797.5555555555555
2021,8,강서구,지사동,1809.111111111111,4223.666666666667,2404.5555555555557,1819.111111111111,803.4444444444445
2021,9,강서구,지사동,1823.7777777777778,4247.444444444444,2417.8888888888887,1829.5555555555557,811.2222222222222
2021,10,강서구,지사동,1838.111111111111,4272.0,2430.5555555555557,1841.4444444444443,818.2222222222222
2022,5,강서구,지사동,1891.0,4339.777777777777,2466.222222222222,1873.5555555555557,851.3333333333334
2022,6,강서구,지사동,1905.5555555555557,4361.444444444444,2481.1111111111113,1880.3333333333333,863.3333333333334
2022,7,강서구,지사동,1913.0,4372.333333333333,2489.6666666666665,1882.6666666666667,868.6666666666666
2022,8,강서구,지사동,1919.888888888889,4380.222222222223,2492.777777777778,1887.4444444444443,874.7777777777778
2022,9,강서구,지사동,1925.3333333333333,4385.111111111111,2497.222222222222,1887.888888888889,880.6666666666666
2022,10,강서구,지사동,1927.0,4390.222222222223,2504.1111111111113,1886.111111111111,882.8888888888889
2023,5,강서구,지사동,1905.2222222222222,4412.0,2558.777777777778,1853.2222222222222,880.5555555555555
2023,6,강서구,지사동,1905.3333333333333,4420.555555555556,2570.1111111111113,1850.4444444444443,883.3333333333334
2023,7,강서구,지사동,1905.111111111111,4424.666666666667,2574.777777777778,1849.888888888889,884.4444444444445
2023,8,강서구,지사동,1901.3333333333333,4432.666666666667,2584.5555555555557,1848.111111111111,882.4444444444445
2023,9,강서구,지사동,1898.6666666666667,4433.0,2589.222222222222,1843.7777777777778,882.7777777777778
2023,10,강서구,지사동,1897.2222222222222,4435.0,2590.5555555555557,1844.4444444444443,882.4444444444445
2024,5,강서구,지사동,1861.111111111111,4396.222222222223,2595.8888888888887,1800.3333333333333,869.7777777777778
2024,6,강서구,지사동,1863.0,4399.666666666667,2599.1111111111113,1800.5555555555557,870.6666666666666
2024,7,강서구,지사동,1862.4444444444443,4394.333333333333,2597.6666666666665,1796.6666666666667,871.8888888888889
2024,8,강서구,지사동,1858.0,4391.444444444444,2598.5555555555557,1792.888888888889,871.8888888888889
2024,9,강서구,지사동,1857.5555555555557,4391.444444444444,2600.6666666666665,1790.7777777777778,872.6666666666666
2024,10,강서구,지사동,1854.888888888889,4387.444444444444,2599.222222222222,1788.2222222222222,872.4444444444445
2020,5,강서구,신호동,1652.3333333333333,4051.1111111111113,2335.5555555555557,1715.5555555555557,712.6666666666666
2020,6,강서구,신호동,1674.6666666666667,4087.5555555555557,2352.0,1735.5555555555557,724.0
2020,7,강서구,신호동,1684.0,4099.777777777777,2356.777777777778,1743.0,728.0
2020,8,강서구,신호동,1693.4444444444443,4108.777777777777,2360.1111111111113,1748.6666666666667,733.3333333333334
2020,9,강서구,신호동,1693.6666666666667,4090.1111111111113,2348.3333333333335,1741.7777777777778,736.5555555555555
2020,10,강서구,신호동,1694.4444444444443,4069.4444444444443,2337.1111111111113,1732.3333333333333,741.7777777777778
2021,5,강서구,신호동,1768.111111111111,4151.666666666667,2368.6666666666665,1783.0,785.2222222222222
2021,6,강서구,신호동,1778.888888888889,4168.0,2374.222222222222,1793.7777777777778,789.8888888888889
2021,7,강서구,신호동,1793.888888888889,4199.0,2391.3333333333335,1807.6666666666667,797.5555555555555
2021,8,강서구,신호동,1809.111111111111,4223.666666666667,2404.5555555555557,1819.111111111111,803.4444444444445
2021,9,강서구,신호동,1823.7777777777778,4247.444444444444,2417.8888888888887,1829.5555555555557,811.2222222222222
2021,10,강서구,신호동,1838.111111111111,4272.0,2430.5555555555557,1841.4444444444443,818.2222222222222
2022,5,강서구,신호동,1891.0,4339.777777777777,2466.222222222222,1873.5555555555557,851.3333333333334
2022,6,강서구,신호동,1905.5555555555557,4361.444444444444,2481.1111111111113,1880.3333333333333,863.3333333333334
2022,7,강서구,신호동,1913.0,4372.333333333333,2489.6666666666665,1882.6666666666667,868.6666666666666
2022,8,강서구,신호동,1919.888888888889,4380.222222222223,2492.777777777778,1887.4444444444443,874.7777777777778
2022,9,강서구,신호동,1925.3333333333333,4385.111111111111,2497.222222222222,1887.888888888889,880.6666666666666
2022,10,강서구,신호동,1927.0,4390.222222222223,2504.1111111111113,1886.111111111111,882.8888888888889
2023,5,강서구,신호동,1905.2222222222222,4412.0,2558.777777777778,1853.2222222222222,880.5555555555555
2023,6,강서구,신호동,1905.3333333333333,4420.555555555556,2570.1111111111113,1850.4444444444443,883.3333333333334
2023,7,강서구,신호동,1905.111111111111,4424.666666666667,2574.777777777778,1849.888888888889,884.4444444444445
2023,8,강서구,신호동,1901.3333333333333,4432.666666666667,2584.5555555555557,1848.111111111111,882.4444444444445
2023,9,강서구,신호동,1898.6666666666667,4433.0,2589.222222222222,1843.7777777777778,882.7777777777778
2023,10,강서구,신호동,1897.2222222222222,4435.0,2590.5555555555557,1844.4444444444443,882.4444444444445
2024,5,강서구,신호동,1861.111111111111,4396.222222222223,2595.8888888888887,1800.3333333333333,869.7777777777778
2024,6,강서구,신호동,1863.0,4399.666666666667,2599.1111111111113,1800.5555555555557,870.6666666666666
2024,7,강서구,신호동,1862.4444444444443,4394.333333333333,2597.6666666666665,1796.6666666666667,871.8888888888889
2024,8,강서구,신호동,1858.0,4391.444444444444,2598.5555555555557,1792.888888888889,871.8888888888889
2024,9,강서구,신호동,1857.5555555555557,4391.444444444444,2600.6666666666665,1790.7777777777778,872.6666666666666
2024,10,강서구,신호동,1854.888888888889,4387.444444444444,2599.222222222222,1788.2222222222222,872.4444444444445
2020,5,강서구,송정동,1652.3333333333333,4051.1111111111113,2335.5555555555557,1715.5555555555557,712.6666666666666
2020,6,강서구,송정동,1674.6666666666667,4087.5555555555557,2352.0,1735.5555555555557,724.0
2020,7,강서구,송정동,1684.0,4099.777777777777,2356.777777777778,1743.0,728.0
2020,8,강서구,송정동,1693.4444444444443,4108.777777777777,2360.1111111111113,1748.6666666666667,733.3333333333334
2020,9,강서구,송정동,1693.6666666666667,4090.1111111111113,2348.3333333333335,1741.7777777777778,736.5555555555555
2020,10,강서구,송정동,1694.4444444444443,4069.4444444444443,2337.1111111111113,1732.3333333333333,741.7777777777778
2021,5,강서구,송정동,1768.111111111111,4151.666666666667,2368.6666666666665,1783.0,785.2222222222222
2021,6,강서구,송정동,1778.888888888889,4168.0,2374.222222222222,1793.7777777777778,789.8888888888889
2021,7,강서구,송정동,1793.888888888889,4199.0,2391.3333333333335,1807.6666666666667,797.5555555555555
2021,8,강서구,송정동,1809.111111111111,4223.666666666667,2404.5555555555557,1819.111111111111,803.4444444444445
2021,9,강서구,송정동,1823.7777777777778,4247.444444444444,2417.8888888888887,1829.5555555555557,811.2222222222222
2021,10,강서구,송정동,1838.111111111111,4272.0,2430.5555555555557,1841.4444444444443,818.2222222222222
2022,5,강서구,송정동,1891.0,4339.777777777777,2466.222222222222,1873.5555555555557,851.3333333333334
2022,6,강서구,송정동,1905.5555555555557,4361.444444444444,2481.1111111111113,1880.3333333333333,863.3333333333334
2022,7,강서구,송정동,1913.0,4372.333333333333,2489.6666666666665,1882.6666666666667,868.6666666666666
2022,8,강서구,송정동,1919.888888888889,4380.222222222223,2492.777777777778,1887.4444444444443,874.7777777777778
2022,9,강서구,송정동,1925.3333333333333,4385.111111111111,2497.222222222222,1887.888888888889,880.6666666666666
2022,10,강서구,송정동,1927.0,4390.222222222223,2504.1111111111113,1886.111111111111,882.8888888888889
2023,5,강서구,송정동,1905.2222222222222,4412.0,2558.777777777778,1853.2222222222222,880.5555555555555
2023,6,강서구,송정동,1905.3333333333333,4420.555555555556,2570.1111111111113,1850.4444444444443,883.3333333333334
2023,7,강서구,송정동,1905.111111111111,4424.666666666667,2574.777777777778,1849.888888888889,884.4444444444445
2023,8,강서구,송정동,1901.3333333333333,4432.666666666667,2584.5555555555557,1848.111111111111,882.4444444444445
2023,9,강서구,송정동,1898.6666666666667,4433.0,2589.222222222222,1843.7777777777778,882.7777777777778
2023,10,강서구,송정동,1897.2222222222222,4435.0,2590.5555555555557,1844.4444444444443,882.4444444444445
2024,5,강서구,송정동,1861.111111111111,4396.222222222223,2595.8888888888887,1800.3333333333333,869.7777777777778
2024,6,강서구,송정동,1863.0,4399.666666666667,2599.1111111111113,1800.5555555555557,870.6666666666666
2024,7,강서구,송정동,1862.4444444444443,4394.333333333333,2597.6666666666665,1796.6666666666667,871.8888888888889
2024,8,강서구,송정동,1858.0,4391.444444444444,2598.5555555555557,1792.888888888889,871.8888888888889
2024,9,강서구,송정동,1857.5555555555557,4391.444444444444,2600.6666666666665,1790.7777777777778,872.6666666666666
2024,10,강서구,송정동,1854.888888888889,4387.444444444444,2599.222222222222,1788.2222222222222,872.4444444444445
2020,5,해운대구,송정동,4947.0,10301.0,4983.0,5318.0,1999.0
2020,6,해운대구,송정동,4930.0,10228.0,4948.0,5280.0,2001.0
2020,7,해운대구,송정동,4933.0,10196.0,4932.0,5264.0,2017.0
2020,8,해운대구,송정동,4952.0,10187.0,4937.0,5250.0,2045.0
2020,9,해운대구,송정동,4966.0,10187.0,4935.0,5252.0,2055.0
2020,10,해운대구,송정동,4964.0,10160.0,4925.0,5235.0,2077.0
2021,5,해운대구,송정동,5037.0,10084.0,4884.0,5200.0,2158.0
2021,6,해운대구,송정동,5044.0,10060.0,4861.0,5199.0,2177.0
2021,7,해운대구,송정동,5064.0,10059.0,4857.0,5202.0,2203.0
2021,8,해운대구,송정동,5060.0,10038.0,4843.0,5195.0,2201.0
2021,9,해운대구,송정동,5080.0,10008.0,4824.0,5184.0,2228.0
2021,10,해운대구,송정동,5096.0,10036.0,4840.0,5196.0,2240.0
2022,5,해운대구,송정동,5104.0,9981.0,4807.0,5174.0,2267.0
2022,6,해운대구,송정동,5089.0,9926.0,4772.0,5154.0,2270.0
2022,7,해운대구,송정동,5063.0,9859.0,4748.0,5111.0,2261.0
2022,8,해운대구,송정동,5062.0,9850.0,4743.0,5107.0,2254.0
2022,9,해운대구,송정동,5056.0,9835.0,4743.0,5092.0,2249.0
2022,10,해운대구,송정동,5005.0,9728.0,4680.0,5048.0,2224.0
2023,5,해운대구,송정동,4990.0,9638.0,4652.0,4986.0,2250.0
2023,6,해운대구,송정동,4967.0,9597.0,4636.0,4961.0,2240.0
2023,7,해운대구,송정동,4955.0,9561.0,4620.0,4941.0,2237.0
2023,8,해운대구,송정동,4948.0,9563.0,4631.0,4932.0,2235.0
2023,9,해운대구,송정동,4951.0,9549.0,4620.0,4929.0,2240.0
2023,10,해운대구,송정동,4958.0,9560.0,4621.0,4939.0,2242.0
2024,5,해운대구,송정동,4910.0,9406.0,4556.0,4850.0,2226.0
2024,6,해운대구,송정동,4899.0,9376.0,4539.0,4837.0,2225.0
2024,7,해운대구,송정동,4889.0,9355.0,4518.0,4837.0,2225.0
2024,8,해운대구,송정동,4877.0,9297.0,4492.0,4805.0,2230.0
2024,9,해운대구,송정동,4875.0,9272.0,4470.0,4802.0,2244.0
2024,10,해운대구,송정동,4888.0,9310.0,4490.0,4820.0,2238.0
2020,5,강서구,눌차동,430.6,712.6,374.6,338.0,260.8
2020,6,강서구,눌차동,434.6,713.8,374.2,339.6,265.6
2020,7,강서구,눌차동,438.8,718.0,377.2,340.8,269.6
2020,8,강서구,눌차동,442.4,725.0,381.2,343.8,271.2
2020,9,강서구,눌차동,445.6,729.2,383.8,345.4,273.6
2020,10,강서구,눌차동,446.6,730.0,383.8,346.2,274.4
2021,5,강서구,눌차동,477.0,770.6,402.4,368.2,293.4
2021,6,강서구,눌차동,479.4,774.6,404.6,370.0,295.4
2021,7,강서구,눌차동,483.2,780.8,409.0,371.8,298.8
2021,8,강서구,눌차동,487.0,786.6,412.0,374.6,301.0
2021,9,강서구,눌차동,485.6,783.6,410.6,373.0,299.0
2021,10,강서구,눌차동,487.4,784.4,412.6,371.8,300.0
2022,5,강서구,눌차동,505.0,812.0,427.4,384.6,309.2
2022,6,강서구,눌차동,506.8,817.8,431.0,386.8,309.8
2022,7,강서구,눌차동,511.6,823.6,434.6,389.0,312.8
2022,8,강서구,눌차동,513.0,823.6,435.0,388.6,315.0
2022,9,강서구,눌차동,513.4,825.2,435.8,389.4,313.8
2022,10,강서구,눌차동,512.6,824.0,435.2,388.8,312.8
2023,5,강서구,눌차동,525.8,846.4,446.6,399.8,317.0
2023,6,강서구,눌차동,525.8,847.6,447.4,400.2,317.6
2023,7,강서구,눌차동,527.0,854.0,450.4,403.6,315.0
2023,8,강서구,눌차동,529.6,858.6,453.0,405.6,317.4
2023,9,강서구,눌차동,529.6,859.0,454.2,404.8,316.2
2023,10,강서구,눌차동,533.8,865.6,457.8,407.8,317.4
2024,5,강서구,눌차동,532.6,865.4,458.4,407.0,314.8
2024,6,강서구,눌차동,532.4,865.6,458.2,407.4,314.4
2024,7,강서구,눌차동,532.6,865.0,458.6,406.4,314.6
2024,8,강서구,눌차동,533.0,865.8,460.0,405.8,315.0
2024,9,강서구,눌차동,532.0,864.2,458.6,405.6,313.6
2024,10,강서구,눌차동,533.4,867.0,459.8,407.2,314.2
2020,5,강서구,대항동,430.6,712.6,374.6,338.0,260.8
2020,6,강서구,대항동,434.6,713.8,374.2,339.6,265.6
2020,7,강서구,대항동,438.8,718.0,377.2,340.8,269.6
2020,8,강서구,대항동,442.4,725.0,381.2,343.8,271.2
2020,9,강서구,대항동,445.6,729.2,383.8,345.4,273.6
2020,10,강서구,대항동,446.6,730.0,383.8,346.2,274.4
2021,5,강서구,대항동,477.0,770.6,402.4,368.2,293.4
2021,6,강서구,대항동,479.4,774.6,404.6,370.0,295.4
2021,7,강서구,대항동,483.2,780.8,409.0,371.8,298.8
2021,8,강서구,대항동,487.0,786.6,412.0,374.6,301.0
2021,9,강서구,대항동,485.6,783.6,410.6,373.0,299.0
2021,10,강서구,대항동,487.4,784.4,412.6,371.8,300.0
2022,5,강서구,대항동,505.0,812.0,427.4,384.6,309.2
2022,6,강서구,대항동,506.8,817.8,431.0,386.8,309.8
2022,7,강서구,대항동,511.6,823.6,434.6,389.0,312.8
2022,8,강서구,대항동,513.0,823.6,435.0,388.6,315.0
2022,9,강서구,대항동,513.4,825.2,435.8,389.4,313.8
2022,10,강서구,대항동,512.6,824.0,435.2,388.8,312.8
2023,5,강서구,대항동,525.8,846.4,446.6,399.8,317.0
2023,6,강서구,대항동,525.8,847.6,447.4,400.2,317.6
2023,7,강서구,대항동,527.0,854.0,450.4,403.6,315.0
2023,8,강서구,대항동,529.6,858.6,453.0,405.6,317.4
2023,9,강서구,대항동,529.6,859.0,454.2,404.8,316.2
2023,10,강서구,대항동,533.8,865.6,457.8,407.8,317.4
2024,5,강서구,대항동,532.6,865.4,458.4,407.0,314.8
2024,6,강서구,대항동,532.4,865.6,458.2,407.4,314.4
2024,7,강서구,대항동,532.6,865.0,458.6,406.4,314.6
2024,8,강서구,대항동,533.0,865.8,460.0,405.8,315.0
2024,9,강서구,대항동,532.0,864.2,458.6,405.6,313.6
2024,10,강서구,대항동,533.4,867.0,459.8,407.2,314.2
2020,5,강서구,동선동,430.6,712.6,374.6,338.0,260.8
2020,6,강서구,동선동,434.6,713.8,374.2,339.6,265.6
2020,7,강서구,동선동,438.8,718.0,377.2,340.8,269.6
2020,8,강서구,동선동,442.4,725.0,381.2,343.8,271.2
2020,9,강서구,동선동,445.6,729.2,383.8,345.4,273.6
2020,10,강서구,동선동,446.6,730.0,383.8,346.2,274.4
2021,5,강서구,동선동,477.0,770.6,402.4,368.2,293.4
2021,6,강서구,동선동,479.4,774.6,404.6,370.0,295.4
2021,7,강서구,동선동,483.2,780.8,409.0,371.8,298.8
2021,8,강서구,동선동,487.0,786.6,412.0,374.6,301.0
2021,9,강서구,동선동,485.6,783.6,410.6,373.0,299.0
2021,10,강서구,동선동,487.4,784.4,412.6,371.8,300.0
2022,5,강서구,동선동,505.0,812.0,427.4,384.6,309.2
2022,6,강서구,동선동,506.8,817.8,431.0,386.8,309.8
2022,7,강서구,동선동,511.6,823.6,434.6,389.0,312.8
2022,8,강서구,동선동,513.0,823.6,435.0,388.6,315.0
2022,9,강서구,동선동,513.4,825.2,435.8,389.4,313.8
2022,10,강서구,동선동,512.6,824.0,435.2,388.8,312.8
2023,5,강서구,동선동,525.8,846.4,446.6,399.8,317.0
2023,6,강서구,동선동,525.8,847.6,447.4,400.2,317.6
2023,7,강서구,동선동,527.0,854.0,450.4,403.6,315.0
2023,8,강서구,동선동,529.6,858.6,453.0,405.6,317.4
2023,9,강서구,동선동,529.6,859.0,454.2,404.8,316.2
2023,10,강서구,동선동,533.8,865.6,457.8,407.8,317.4
2024,5,강서구,동선동,532.6,865.4,458.4,407.0,314.8
2024,6,강서구,동선동,532.4,865.6,458.2,407.4,314.4
2024,7,강서구,동선동,532.6,865.0,458.6,406.4,314.6
2024,8,강서구,동선동,533.0,865.8,460.0,405.8,315.0
2024,9,강서구,동선동,532.0,864.2,458.6,405.6,313.6
2024,10,강서구,동선동,533.4,867.0,459.8,407.2,314.2
2020,5,강서구,성북동,430.6,712.6,374.6,338.0,260.8
2020,6,강서구,성북동,434.6,713.8,374.2,339.6,265.6
2020,7,강서구,성북동,438.8,718.0,377.2,340.8,269.6
2020,8,강서구,성북동,442.4,725.0,381.2,343.8,271.2
2020,9,강서구,성북동,445.6,729.2,383.8,345.4,273.6
2020,10,강서구,성북동,446.6,730.0,383.8,346.2,274.4
2021,5,강서구,성북동,477.0,770.6,402.4,368.2,293.4
2021,6,강서구,성북동,479.4,774.6,404.6,370.0,295.4
2021,7,강서구,성북동,483.2,780.8,409.0,371.8,298.8
2021,8,강서구,성북동,487.0,786.6,412.0,374.6,301.0
2021,9,강서구,성북동,485.6,783.6,410.6,373.0,299.0
2021,10,강서구,성북동,487.4,784.4,412.6,371.8,300.0
2022,5,강서구,성북동,505.0,812.0,427.4,384.6,309.2
2022,6,강서구,성북동,506.8,817.8,431.0,386.8,309.8
2022,7,강서구,성북동,511.6,823.6,434.6,389.0,312.8
2022,8,강서구,성북동,513.0,823.6,435.0,388.6,315.0
2022,9,강서구,성북동,513.4,825.2,435.8,389.4,313.8
2022,10,강서구,성북동,512.6,824.0,435.2,388.8,312.8
2023,5,강서구,성북동,525.8,846.4,446.6,399.8,317.0
2023,6,강서구,성북동,525.8,847.6,447.4,400.2,317.6
2023,7,강서구,성북동,527.0,854.0,450.4,403.6,315.0
2023,8,강서구,성북동,529.6,858.6,453.0,405.6,317.4
2023,9,강서구,성북동,529.6,859.0,454.2,404.8,316.2
2023,10,강서구,성북동,533.8,865.6,457.8,407.8,317.4
2024,5,강서구,성북동,532.6,865.4,458.4,407.0,314.8
2024,6,강서구,성북동,532.4,865.6,458.2,407.4,314.4
2024,7,강서구,성북동,532.6,865.0,458.6,406.4,314.6
2024,8,강서구,성북동,533.0,865.8,460.0,405.8,315.0
2024,9,강서구,성북동,532.0,864.2,458.6,405.6,313.6
2024,10,강서구,성북동,533.4,867.0,459.8,407.2,314.2
2020,5,강서구,천성동,430.6,712.6,374.6,338.0,260.8
2020,6,강서구,천성동,434.6,713.8,374.2,339.6,265.6
2020,7,강서구,천성동,438.8,718.0,377.2,340.8,269.6
2020,8,강서구,천성동,442.4,725.0,381.2,343.8,271.2
2020,9,강서구,천성동,445.6,729.2,383.8,345.4,273.6
2020,10,강서구,천성동,446.6,730.0,383.8,346.2,274.4
2021,5,강서구,천성동,477.0,770.6,402.4,368.2,293.4
2021,6,강서구,천성동,479.4,774.6,404.6,370.0,295.4
2021,7,강서구,천성동,483.2,780.8,409.0,371.8,298.8
2021,8,강서구,천성동,487.0,786.6,412.0,374.6,301.0
2021,9,강서구,천성동,485.6,783.6,410.6,373.0,299.0
2021,10,강서구,천성동,487.4,784.4,412.6,371.8,300.0
2022,5,강서구,천성동,505.0,812.0,427.4,384.6,309.2
2022,6,강서구,천성동,506.8,817.8,431.0,386.8,309.8
2022,7,강서구,천성동,511.6,823.6,434.6,389.0,312.8
2022,8,강서구,천성동,513.0,823.6,435.0,388.6,315.0
2022,9,강서구,천성동,513.4,825.2,435.8,389.4,313.8
2022,10,강서구,천성동,512.6,824.0,435.2,388.8,312.8
2023,5,강서구,천성동,525.8,846.4,446.6,399.8,317.0
2023,6,강서구,천성동,525.8,847.6,447.4,400.2,317.6
2023,7,강서구,천성동,527.0,854.0,450.4,403.6,315.0
2023,8,강서구,천성동,529.6,858.6,453.0,405.6,317.4
2023,9,강서구,천성동,529.6,859.0,454.2,404.8,316.2
2023,10,강서구,천성동,533.8,865.6,457.8,407.8,317.4
2024,5,강서구,천성동,532.6,865.4,458.4,407.0,314.8
2024,6,강서구,천성동,532.4,865.6,458.2,407.4,314.4
2024,7,강서구,천성동,532.6,865.0,458.6,406.4,314.6
2024,8,강서구,천성동,533.0,865.8,460.0,405.8,315.0
2024,9,강서구,천성동,532.0,864.2,458.6,405.6,313.6
2024,10,강서구,천성동,533.4,867.0,459.8,407.2,314.2
2020,5,강서구,봉림동,350.5,654.25,352.5,301.75,187.0
2020,6,강서구,봉림동,351.0,652.25,352.5,299.75,188.25
2020,7,강서구,봉림동,351.0,649.75,352.25,297.5,188.75
2020,8,강서구,봉림동,351.25,648.0,350.0,298.0,189.0
2020,9,강서구,봉림동,351.0,645.25,349.0,296.25,190.0
2020,10,강서구,봉림동,350.75,644.5,350.0,294.5,191.0
2021,5,강서구,봉림동,341.5,619.0,334.5,284.5,187.0
2021,6,강서구,봉림동,340.0,617.5,333.75,283.75,184.75
2021,7,강서구,봉림동,339.25,613.0,331.5,281.5,184.25
2021,8,강서구,봉림동,338.5,613.5,332.0,281.5,183.75
2021,9,강서구,봉림동,339.5,614.25,331.25,283.0,183.75
2021,10,강서구,봉림동,338.0,611.0,330.5,280.5,184.0
2022,5,강서구,봉림동,335.25,599.5,328.0,271.5,185.25
2022,6,강서구,봉림동,337.25,599.5,327.5,272.0,187.5
2022,7,강서구,봉림동,337.5,598.5,326.75,271.75,188.0
2022,8,강서구,봉림동,338.5,600.5,327.0,273.5,188.0
2022,9,강서구,봉림동,336.0,594.5,324.0,270.5,187.5
2022,10,강서구,봉림동,332.5,591.0,323.0,268.0,185.25
2023,5,강서구,봉림동,327.0,581.5,319.5,262.0,182.5
2023,6,강서구,봉림동,324.25,576.25,318.0,258.25,179.75
2023,7,강서구,봉림동,322.25,572.25,316.25,256.0,177.75
2023,8,강서구,봉림동,319.25,567.75,313.75,254.0,175.75
2023,9,강서구,봉림동,319.0,568.0,314.0,254.0,175.5
2023,10,강서구,봉림동,319.0,567.25,314.25,253.0,176.75
2024,5,강서구,봉림동,314.5,560.0,309.75,250.25,176.0
2024,6,강서구,봉림동,312.75,556.0,306.75,249.25,174.75
2024,7,강서구,봉림동,312.5,554.5,306.5,248.0,175.5
2024,8,강서구,봉림동,313.75,553.25,306.25,247.0,177.25
2024,9,강서구,봉림동,312.5,552.0,304.75,247.25,175.75
2024,10,강서구,봉림동,311.75,550.5,305.25,245.25,176.75
2020,5,강서구,식만동,350.5,654.25,352.5,301.75,187.0
2020,6,강서구,식만동,351.0,652.25,352.5,299.75,188.25
2020,7,강서구,식만동,351.0,649.75,352.25,297.5,188.75
2020,8,강서구,식만동,351.25,648.0,350.0,298.0,189.0
2020,9,강서구,식만동,351.0,645.25,349.0,296.25,190.0
2020,10,강서구,식만동,350.75,644.5,350.0,294.5,191.0
2021,5,강서구,식만동,341.5,619.0,334.5,284.5,187.0
2021,6,강서구,식만동,340.0,617.5,333.75,283.75,184.75
2021,7,강서구,식만동,339.25,613.0,331.5,281.5,184.25
2021,8,강서구,식만동,338.5,613.5,332.0,281.5,183.75
2021,9,강서구,식만동,339.5,614.25,331.25,283.0,183.75
2021,10,강서구,식만동,338.0,611.0,330.5,280.5,184.0
2022,5,강서구,식만동,335.25,599.5,328.0,271.5,185.25
2022,6,강서구,식만동,337.25,599.5,327.5,272.0,187.5
2022,7,강서구,식만동,337.5,598.5,326.75,271.75,188.0
2022,8,강서구,식만동,338.5,600.5,327.0,273.5,188.0
2022,9,강서구,식만동,336.0,594.5,324.0,270.5,187.5
2022,10,강서구,식만동,332.5,591.0,323.0,268.0,185.25
2023,5,강서구,식만동,327.0,581.5,319.5,262.0,182.5
2023,6,강서구,식만동,324.25,576.25,318.0,258.25,179.75
2023,7,강서구,식만동,322.25,572.25,316.25,256.0,177.75
2023,8,강서구,식만동,319.25,567.75,313.75,254.0,175.75
2023,9,강서구,식만동,319.0,568.0,314.0,254.0,175.5
2023,10,강서구,식만동,319.0,567.25,314.25,253.0,176.75
2024,5,강서구,식만동,314.5,560.0,309.75,250.25,176.0
2024,6,강서구,식만동,312.75,556.0,306.75,249.25,174.75
2024,7,강서구,식만동,312.5,554.5,306.5,248.0,175.5
2024,8,강서구,식만동,313.75,553.25,306.25,247.0,177.25
2024,9,강서구,식만동,312.5,552.0,304.75,247.25,175.75
2024,10,강서구,식만동,311.75,550.5,305.25,245.25,176.75
2020,5,강서구,죽동동,350.5,654.25,352.5,301.75,187.0
2020,6,강서구,죽동동,351.0,652.25,352.5,299.75,188.25
2020,7,강서구,죽동동,351.0,649.75,352.25,297.5,188.75
2020,8,강서구,죽동동,351.25,648.0,350.0,298.0,189.0
2020,9,강서구,죽동동,351.0,645.25,349.0,296.25,190.0
2020,10,강서구,죽동동,350.75,644.5,350.0,294.5,191.0
2021,5,강서구,죽동동,341.5,619.0,334.5,284.5,187.0
2021,6,강서구,죽동동,340.0,617.5,333.75,283.75,184.75
2021,7,강서구,죽동동,339.25,613.0,331.5,281.5,184.25
2021,8,강서구,죽동동,338.5,613.5,332.0,281.5,183.75
2021,9,강서구,죽동동,339.5,614.25,331.25,283.0,183.75
2021,10,강서구,죽동동,338.0,611.0,330.5,280.5,184.0
2022,5,강서구,죽동동,335.25,599.5,328.0,271.5,185.25
2022,6,강서구,죽동동,337.25,599.5,327.5,272.0,187.5
2022,7,강서구,죽동동,337.5,598.5,326.75,271.75,188.0
2022,8,강서구,죽동동,338.5,600.5,327.0,273.5,188.0
2022,9,강서구,죽동동,336.0,594.5,324.0,270.5,187.5
2022,10,강서구,죽동동,332.5,591.0,323.0,268.0,185.25
2023,5,강서구,죽동동,327.0,581.5,319.5,262.0,182.5
2023,6,강서구,죽동동,324.25,576.25,318.0,258.25,179.75
2023,7,강서구,죽동동,322.25,572.25,316.25,256.0,177.75
2023,8,강서구,죽동동,319.25,567.75,313.75,254.0,175.75
2023,9,강서구,죽동동,319.0,568.0,314.0,254.0,175.5
2023,10,강서구,죽동동,319.0,567.25,314.25,253.0,176.75
2024,5,강서구,죽동동,314.5,560.0,309.75,250.25,176.0
2024,6,강서구,죽동동,312.75,556.0,306.75,249.25,174.75
2024,7,강서구,죽동동,312.5,554.5,306.5,248.0,175.5
2024,8,강서구,죽동동,313.75,553.25,306.25,247.0,177.25
2024,9,강서구,죽동동,312.5,552.0,304.75,247.25,175.75
2024,10,강서구,죽동동,311.75,550.5,305.25,245.25,176.75
2020,5,강서구,죽림동,350.5,654.25,352.5,301.75,187.0
2020,6,강서구,죽림동,351.0,652.25,352.5,299.75,188.25
2020,7,강서구,죽림동,351.0,649.75,352.25,297.5,188.75
2020,8,강서구,죽림동,351.25,648.0,350.0,298.0,189.0
2020,9,강서구,죽림동,351.0,645.25,349.0,296.25,190.0
2020,10,강서구,죽림동,350.75,644.5,350.0,294.5,191.0
2021,5,강서구,죽림동,341.5,619.0,334.5,284.5,187.0
2021,6,강서구,죽림동,340.0,617.5,333.75,283.75,184.75
2021,7,강서구,죽림동,339.25,613.0,331.5,281.5,184.25
2021,8,강서구,죽림동,338.5,613.5,332.0,281.5,183.75
2021,9,강서구,죽림동,339.5,614.25,331.25,283.0,183.75
2021,10,강서구,죽림동,338.0,611.0,330.5,280.5,184.0
2022,5,강서구,죽림동,335.25,599.5,328.0,271.5,185.25
2022,6,강서구,죽림동,337.25,599.5,327.5,272.0,187.5
2022,7,강서구,죽림동,337.5,598.5,326.75,271.75,188.0
2022,8,강서구,죽림동,338.5,600.5,327.0,273.5,188.0
2022,9,강서구,죽림동,336.0,594.5,324.0,270.5,187.5
2022,10,강서구,죽림동,332.5,591.0,323.0,268.0,185.25
2023,5,강서구,죽림동,327.0,581.5,319.5,262.0,182.5
2023,6,강서구,죽림동,324.25,576.25,318.0,258.25,179.75
2023,7,강서구,죽림동,322.25,572.25,316.25,256.0,177.75
2023,8,강서구,죽림동,319.25,567.75,313.75,254.0,175.75
2023,9,강서구,죽림동,319.0,568.0,314.0,254.0,175.5
2023,10,강서구,죽림동,319.0,567.25,314.25,253.0,176.75
2024,5,강서구,죽림동,314.5,560.0,309.75,250.25,176.0
2024,6,강서구,죽림동,312.75,556.0,306.75,249.25,174.75
2024,7,강서구,죽림동,312.5,554.5,306.5,248.0,175.5
2024,8,강서구,죽림동,313.75,553.25,306.25,247.0,177.25
2024,9,강서구,죽림동,312.5,552.0,304.75,247.25,175.75
2024,10,강서구,죽림동,311.75,550.5,305.25,245.25,176.75
