RESPOND_ID,EXAMIN_BEGIN_DE,LSR_CLTUR_ACT_WHOLE_SATSFC_VALUE,LSR_CLTUR_ACT_SATSFC_IMPRTY_RESN_CN,SEXDSTN_FLAG_CD,AGRDE_FLAG_NM,HSHLD_INCOME_DGREE_NM,ANSWRR_OC_AREA_NM
"53358130","20240101","만족하는 편이다","책을 읽고 엽서 보내기하여 상품권을 받앗지요 또 서점에 가서 책을 사와서 읽으면 기쁨이 만족 하답니다","F","60대","없음/모름/무응답","서울"
"53358211","20240101","보통이다","작년과 그리 크게 바뀐게 없다.","M","40대","300~500만원 미만","경기"
"53358297","20240101","보통이다","늘 생활이 일정해서","F","60대","없음/모름/무응답","경기"
"53358362","20240101","보통이다","항상같으니까","M","60대","300만원 미만","충북"
"53358395","20240101","만족하는 편이다","시간적여유가 있어서 언제든지 여가를 즐길수 있다","M","60대","300~500만원 미만","경북"
"53358598","20240101","만족하는 편이다","시간적 여유가 있다","M","50대","700만원 이상","광주"
"53358618","20240101","만족하는 편이다","원하는건 다 할수있움","F","30대","700만원 이상","충북"
"53358654","20240101","만족하는 편이다","날씨가 좋았고 마음이 잘맞는 사람과 함께 해서 좋았어요","M","50대","300~500만원 미만","서울"
"53358677","20240101","만족하는 편이다","스트레스 해소 충족","F","40대","300만원 미만","경남"
"53358696","20240101","만족하는 편이다","Dk","M","19~29세","없음/모름/무응답","강원"
"53359151","20240101","보통이다","특별히 더 하고싶은 활동이 없기 때문에","F","60대","300~500만원 미만","서울"
"53359334","20240101","보통이다","시간이 부족하다","F","50대","700만원 이상","강원"
"53359382","20240101","만족하는 편이다","즐겁게 생활하니까","F","60대","없음/모름/무응답","울산"
"53359486","20240101","매우 만족한다","ㅁㅁㅁ","M","19~29세","300~500만원 미만","서울"
"53359978","20240101","보통이다","다양한 취미활동을 위한 여건부족","M","40대","500~700만원 미만","경남"
"53360124","20240101","만족하는 편이다","교통편리","F","40대","700만원 이상","서울"
"53360292","20240101","불만족하는 편이다","시간적으로 여유가없고쉬고싶음","F","60대","300만원 미만","전북"
"53360511","20240101","만족하는 편이다","경제적으로도 육체적으로 편안함","M","30대","300~500만원 미만","대전"
"53360532","20240101","보통이다","평범한 일상","M","30대","700만원 이상","부산"
"53360697","20240101","만족하는 편이다","친구들과즐거운시간","M","60대","300만원 미만","경남"
"53360864","20240101","보통이다","딱히 아무생각이 없다","F","19~29세","300만원 미만","충남"
"53360925","20240101","보통이다","비용 증가","M","30대","500~700만원 미만","경기"
"53361136","20240101","만족하는 편이다","많은 경험을 했기 때문에","M","19~29세","없음/모름/무응답","경기"
"53361212","20240101","보통이다","비슷합니다 평소랑","M","19~29세","300만원 미만","서울"
"53361270","20240101","만족하는 편이다","만족도가 좋음","F","50대","500~700만원 미만","울산"
"53361462","20240101","만족하는 편이다","다양한 여가생활 가능","F","19~29세","없음/모름/무응답","경남"
"53361552","20240101","만족하는 편이다","평일에 쉴 수 있는 시간에 제가 하고 싶은 활동을 할 수 있어서 만족한다고 답했습니다.","F","19~29세","없음/모름/무응답","충남"
"53361570","20240101","보통이다","경제활동으로인해 시간이부족","F","60대","500~700만원 미만","부산"
"53361684","20240101","보통이다","보통으로 괜찮아서요","F","30대","300만원 미만","충남"
"53361969","20240101","만족하는 편이다","스트레스가 해소될 만큼 충분히 여가시간을 즐길수 있다","F","50대","700만원 이상","인천"
"53362068","20240101","만족하는 편이다","50대후반에 ?정신건강 육체건강 등?건강을 위해 몸으로하는 여가?정신적인 여가 를 해야될것같고 해서 억지로 하루하루 계획을해서 보내고 있음","F","50대","700만원 이상","울산"
"53362298","20240101","만족하는 편이다","오티티가 잘 되어있어서","M","19~29세","500~700만원 미만","경기"
"53362349","20240101","보통이다","경제적 여건 주변 환경 집안 사정","M","40대","300~500만원 미만","부산"
"53362373","20240101","보통이다","변함없이 진행되어서","F","60대","700만원 이상","부산"
"53362578","20240101","만족하는 편이다","요가를40여일못가다6월한달1주일에두번씩꼬박꼬박다니게되며.","F","40대","500~700만원 미만","경기"
"53362669","20240101","보통이다","정보가 너무많아 결정하기가 쉽지않다","F","30대","300~500만원 미만","경기"
"53362938","20240101","불만족하는 편이다","진짜 내시간이 없는 느낌","F","19~29세","300~500만원 미만","서울"
"53363204","20240101","불만족하는 편이다","경제가 어려위서","M","50대","500~700만원 미만","울산"
"53363225","20240101","만족하는 편이다","시간적 제정적으로","F","60대","700만원 이상","경남"
"53363343","20240101","만족하는 편이다","구직 활동 중이라 비교적 여가시간을 활용할 수 있는 시간이 많았다.","F","30대","300~500만원 미만","서울"
"53363364","20240101","보통이다","충분한 여가활동시간이 되어서","F","50대","700만원 이상","경북"
"53363377","20240101","만족하는 편이다","할수있는것에 만족","M","30대","300~500만원 미만","경기"
"53363408","20240101","불만족하는 편이다","바빠서","F","30대","500~700만원 미만","대구"
"53363445","20240101","보통이다","비슷해서","F","40대","300만원 미만","전북"
"53363582","20240101","만족하는 편이다","내가 원할때 언제든 가능","F","50대","700만원 이상","서울"
"53363725","20240101","보통이다","시간없음","M","30대","700만원 이상","울산"
"53363794","20240101","만족하는 편이다","시간적 여유가 많아짐","F","50대","700만원 이상","서울"
"53363933","20240101","만족하는 편이다","자기계발과 자기만족감 상승","M","60대","500~700만원 미만","경남"
"53364076","20240101","보통이다","지난달과비슷하고 앞으로도 비슷할것 같음","F","50대","700만원 이상","경기"
"53364176","20240101","만족하는 편이다","큰비용없이, 원하는 시간, 원하는 장소에서 진행가능","M","30대","700만원 이상","서울"
"53364238","20240101","보통이다","특이사항 없음.","M","60대","700만원 이상","강원"
"53364319","20240101","보통이다","여유가 없다","F","50대","300만원 미만","경북"
"53364344","20240101","만족하는 편이다","운동도 할 수 있었고 생각보다 날씨가 선선했으","F","40대","500~700만원 미만","경기"
"53364388","20240101","보통이다","별 다른 변화가 없어서","M","50대","300~500만원 미만","전북"
"53364534","20240101","만족하는 편이다","커뮤니티 골프렛슨중인데 만족함","F","50대","700만원 이상","강원"
"53364543","20240101","보통이다","시간이 없다ㅠㅠ","F","30대","700만원 이상","서울"
"53364549","20240101","불만족하는 편이다","물가상승","F","50대","500~700만원 미만","서울"
"53364911","20240101","보통이다","경제적으로힘들다","F","60대","300만원 미만","서울"
"53365207","20240101","보통이다","그럭저럭","M","30대","없음/모름/무응답","강원"
"53365218","20240101","만족하는 편이다","급여인상","M","50대","500~700만원 미만","경기"
"53365294","20240101","보통이다","특별한 변화가 없기 때문입니다.","M","60대","700만원 이상","서울"
"53365529","20240101","보통이다","특별히 좋을 것도 나쁠 것도 없으니..","F","60대","500~700만원 미만","강원"
"53365621","20240101","만족하는 편이다","시간적으로나 금전적으로나 쪼들리지않고 편하게 여과생활해서^^","M","50대","300~500만원 미만","인천"
"53365650","20240101","만족하는 편이다","근처에 둘레길이 있어 이용하기 편하다","F","40대","500~700만원 미만","강원"
"53365840","20240101","보통이다","경제적 여건","F","50대","없음/모름/무응답","충남"
"53366146","20240101","만족하는 편이다","가족과 단란한시간을 보냄","F","30대","700만원 이상","충남"
"53366184","20240101","보통이다","변화 없는 같은 일상이 가끔 지루하게 느껴지기도 한다.","F","30대","500~700만원 미만","서울"
"53366292","20240101","만족하는 편이다","배우자와 1박2일 유투브나 블로그 sns의 홍보가 활발하다","M","30대","300~500만원 미만","경북"
"53366331","20240101","보통이다","늘 하는 일 별다른것 없는 보통일 이기에","M","60대","300만원 미만","경기"
"53366480","20240101","보통이다","좋아하는 여행을 건강상 이유로 자주 못가서","F","60대","300~500만원 미만","경기"
"53366635","20240101","불만족하는 편이다","가족돌보기에 시간이 많이 소요되어 여가생활할 시간이 부족했다","F","60대","300~500만원 미만","울산"
"53366801","20240101","보통이다","여건을 고려하여 할 수 있는 만큼 하고 있다. 다만 가고싶은 모든 곳에 갈 수는 없으므로 아쉽다","F","30대","300~500만원 미만","서울"
"53366830","20240101","불만족하는 편이다","평일 시간 부족","F","50대","300~500만원 미만","부산"
"53366957","20240101","보통이다","그냥","M","50대","없음/모름/무응답","인천"
"53367065","20240101","매우 만족한다","건강이 허락하여서","F","60대","700만원 이상","서울"
"53367100","20240101","불만족하는 편이다","다른일로 시간부족","M","50대","700만원 이상","경기"
"53367249","20240101","보통이다","시간이 늘지도 줄어들지도 않고 평소와 비슷해서","M","50대","700만원 이상","서울"
"53367258","20240101","보통이다","크게 나쁘지 않으니...","F","60대","300~500만원 미만","서울"
"53367281","20240101","보통이다","물가가 너무 많이 올라서ㅜㅜ","F","30대","500~700만원 미만","충남"
"53367561","20240101","불만족하는 편이다","돈이 없다","F","50대","500~700만원 미만","경북"
"53367631","20240101","만족하는 편이다","시간적 여유가 있다.","M","60대","300~500만원 미만","경기"
"53367660","20240101","보통이다","원하면 할수 있다","F","50대","700만원 이상","경기"
"53367749","20240101","보통이다","큰 불만은 없기 때문에","F","30대","없음/모름/무응답","전남"
"53368306","20240101","만족하는 편이다","요즘은 숙박시설이 많이 좋아졌다","M","50대","300~500만원 미만","서울"
"53368440","20240101","만족하는 편이다","충분하게 행복하다고 느끼고 일단은 건강해서 그거하나만으로도 행복하다","F","50대","300~500만원 미만","전북"
"53368535","20240101","보통이다","예전만큼 여가시간이 없다","F","19~29세","300만원 미만","경기"
"53370145","20240101","매우 불만족한다","시간없음","M","30대","300~500만원 미만","서울"
"53370187","20240101","만족하는 편이다","시간이 여유있어서 만족","F","19~29세","700만원 이상","경북"
"53370384","20240101","만족하는 편이다","시간적 여유가 많다","F","50대","300~500만원 미만","충남"
"53370429","20240101","보통이다","아직 아기가 어려 개인 여가 시간이 부족해서","F","30대","700만원 이상","전남"
"53370921","20240101","만족하는 편이다","대체로 불만없이 비슷한빈도로 하고있다","F","40대","300~500만원 미만","강원"
"53371115","20240101","보통이다","평범한 일정","F","60대","700만원 이상","충남"
"53371186","20240101","보통이다","새로운 여가꺼리가 없음","M","40대","700만원 이상","경기"
"53371241","20240101","불만족하는 편이다","가정사정상","F","50대","없음/모름/무응답","제주"
"53371251","20240101","매우 만족한다","코로나에서 자유로워짐","F","30대","700만원 이상","서울"
"53371576","20240101","불만족하는 편이다","금전적 시간적여유가 매우 줄어듬","F","30대","300~500만원 미만","서울"
"53371613","20240101","보통이다","특별한이유없음","M","50대","300만원 미만","부산"
"53371850","20240101","보통이다","최근 1개월간 바빠서 여가생활을 잘 즐기지 못했다","F","30대","없음/모름/무응답","서울"
"53371875","20240101","불만족하는 편이다","시간부족","M","40대","300만원 미만","부산"
"53371968","20240101","보통이다","크게 좋지도 나쁘지도 변화가 없어서","F","40대","300~500만원 미만","인천"
"53372034","20240101","만족하는 편이다","특별한이유는없음 그냥 만족스러움","F","50대","300~500만원 미만","대전"
"53372041","20240101","불만족하는 편이다","코로나로 인하여","M","40대","300~500만원 미만","제주"
"53372213","20240101","매우 만족한다","아이들이 점차 성장하면서 함께 여행을 다닐수 있는 기회가 증가","M","30대","500~700만원 미만","서울"
"53372322","20240101","만족하는 편이다","하고 싶은걸 하니까","M","60대","700만원 이상","인천"
"53372652","20240101","보통이다","아이를 위한 활동이 많다보니 나를 위한 시간을 만들기 쉽지 않다","F","40대","500~700만원 미만","제주"
"53372899","20240101","만족하는 편이다","특별히 비용이 발생하는 활동을 하지 않아서","M","30대","700만원 이상","서울"
"53373138","20240101","보통이다","비용이 많이 들어서","M","50대","700만원 이상","강원"
"53373194","20240101","만족하는 편이다","주변환경에접근성양호","M","50대","300~500만원 미만","광주"
"53373412","20240101","보통이다","특별히 달라진 점이없음","M","60대","500~700만원 미만","대구"
"53373423","20240101","보통이다","바빠서","F","40대","300만원 미만","서울"
"53373440","20240101","만족하는 편이다","행복한 시간으로 여겨져서","F","30대","300만원 미만","서울"
"53373662","20240101","만족하는 편이다","만족하고 있기에...","F","40대","500~700만원 미만","전남"
"53373836","20240101","만족하는 편이다","시간적 여유","M","40대","300~500만원 미만","전남"
"53373941","20240101","만족하는 편이다","큰 불만이 없으면 만족하는 편이다","M","40대","300만원 미만","서울"
"53374030","20240101","보통이다","딱히 나쁘지않음","F","30대","700만원 이상","경기"
"53374031","20240101","만족하는 편이다","시간 경제적으로 가능한 환경임","F","40대","700만원 이상","경남"
"53374041","20240101","만족하는 편이다","건강하고 마음의여유가있고 가족 과 같이 즐기고...","M","60대","700만원 이상","서울"
"53374331","20240101","만족하는 편이다","시간만 있으면 할수있는 여가생활이라 만족.","M","50대","700만원 이상","경기"
"53374670","20240101","보통이다","월급빼고 다오름 투잡하면 시간없음","M","30대","300~500만원 미만","경기"
"53374827","20240101","만족하는 편이다","정서적 만족감","M","50대","700만원 이상","경기"
"53374831","20240101","불만족하는 편이다","경제적이유","M","50대","없음/모름/무응답","경기"
"53374888","20240101","만족하는 편이다","시간과 비용 모두 괜찮아서","M","40대","700만원 이상","경기"
"53374980","20240101","보통이다","날씨영향으로 밖을 나가지 않음","F","40대","700만원 이상","충남"
"53374996","20240101","보통이다","부족하지 않고 적당하다","F","30대","700만원 이상","경기"
"53375126","20240101","만족하는 편이다","가족여행을 해서 만족합니다","F","50대","300~500만원 미만","울산"
"53375189","20240101","보통이다","없음","M","30대","없음/모름/무응답","경기"
"53375520","20240101","보통이다","보통","M","40대","500~700만원 미만","서울"
"53375565","20240101","보통이다","전과 비슷","M","30대","300~500만원 미만","경남"
"53375591","20240101","만족하는 편이다","하고푼 대로 여가를 즐기고 있다","M","60대","300만원 미만","서울"
"53375691","20240101","만족하는 편이다","특별한 불만이 없습니다","F","60대","300~500만원 미만","경기"
"53375758","20240101","만족하는 편이다","아내와 같이하는건 모두 즐겁다","M","60대","300만원 미만","전남"
"53375958","20240101","보통이다","딱히 재미있지 않고 시간때우는것같다","M","30대","700만원 이상","경기"
"53376109","20240101","매우 불만족한다","경제적인 상황도 여유롭지 못하고 그러므로 인해 일하는 시간이 많다보니 여가를 보낼 시간이 부족하다","M","40대","300~500만원 미만","강원"
"53376122","20240101","만족하는 편이다","정년퇴직으로 시간이 많아짐","F","60대","500~700만원 미만","강원"
"53376282","20240101","보통이다","비슷한 시기에 비슷한경로로 여행을 다니기때문이다.","M","50대","500~700만원 미만","충북"
"53376301","20240101","매우 만족한다","없음","M","40대","300만원 미만","광주"
"53376321","20240101","불만족하는 편이다","경제적으로","F","30대","300만원 미만","경기"
"53376521","20240101","보통이다","생활의 변화로(파트타임) 여유적인 시간이 부족한 상태로 전환 되었기 때문에 ~~","F","50대","300~500만원 미만","경북"
"53376640","20240101","만족하는 편이다","하고 싶은 건 다 할 수 ?어서","F","19~29세","300만원 미만","경기"
"53376643","20240101","만족하는 편이다","원할때 할 수가 있가","M","40대","500~700만원 미만","충남"
"53376709","20240101","만족하는 편이다","무난함","M","30대","없음/모름/무응답","경기"
"53376750","20240101","만족하는 편이다","즐겁게 생활한다.","M","50대","300~500만원 미만","경기"
"53376754","20240101","만족하는 편이다","없음","M","50대","700만원 이상","부산"
"53377043","20240101","만족하는 편이다","원하는시간에 할수있어서","M","40대","300~500만원 미만","전북"
"53377126","20240101","보통이다","건강문제로 활동하기가 좀 힘들었음","F","60대","700만원 이상","경기"
"53377385","20240101","만족하는 편이다","저녁시간에 헬스 요가 댄스 등 다양한 운동을 할 수있어서 좋아요","F","50대","300만원 미만","대구"
"53377405","20240101","만족하는 편이다","자주할수있어서","M","30대","700만원 이상","서울"
"53377461","20240101","만족하는 편이다","여가 시간을 즐길 수 있는 시간적 여유가 상승함","F","19~29세","300만원 미만","경북"
"220015","20240108","매우 만족한다","재밋음","F","19~29세","300~500만원 미만","전남"
"335203","20240108","보통이다","여가를 즐길만한 상황이 아니다","F","19~29세","없음/모름/무응답","경남"
"381473","20240108","만족하는 편이다","적당한 비용과 시간이 허용 되어서.","M","60대","500~700만원 미만","경기"
"410595","20240108","보통이다","추워져서","F","60대","700만원 이상","서울"
"419675","20240108","만족하는 편이다","내가 원하는 곳으로 여행을 다녀와서","F","40대","500~700만원 미만","전남"
"427475","20240108","만족하는 편이다","시간 경제적 친구와 같이","F","60대","500~700만원 미만","경북"
"429782","20240108","보통이다","지방이라 시설이 없음","F","40대","없음/모름/무응답","전북"
"441078","20240108","보통이다","늘지도 줄지도 않음","F","50대","500~700만원 미만","경기"
"447315","20240108","보통이다","그저 그렇다","M","19~29세","없음/모름/무응답","부산"
"452901","20240108","불만족하는 편이다","물가 상승으로 인해 경제적 부담감 증가","F","30대","없음/모름/무응답","경기"
"463013","20240108","만족하는 편이다","제주도 가족여행 4박5일 다녀왔음","M","19~29세","300만원 미만","경기"
"467090","20240108","보통이다","특별한 만족감이나 불만이 없어서","M","40대","700만원 이상","충북"
"467988","20240108","보통이다","숙박시설비가 부담이 있고 음식비지출비가 물가상승으로 부담이 크다","F","50대","300~500만원 미만","경남"
"53322238","20240108","불만족하는 편이다","날씨가 않좋아서, 건강이 않좋아서 여가활동을 제대로 하지못함","M","60대","300~500만원 미만","서울"
"53322432","20240108","매우 불만족한다","경제적이유","F","50대","300만원 미만","전남"
"53322452","20240108","불만족하는 편이다","인프라부족 홍보부족","F","19~29세","없음/모름/무응답","광주"
"53322457","20240108","보통이다","특별히변한거없음","M","60대","없음/모름/무응답","대구"
"53322733","20240108","보통이다","없음","F","50대","300~500만원 미만","전북"
"53322749","20240108","불만족하는 편이다","일이 바빠서 시간이 안난다","M","40대","300~500만원 미만","경기"
"53322851","20240108","만족하는 편이다","지출이 늘었다","M","40대","700만원 이상","서울"
"53322868","20240108","보통이다","걍 하던건데 이유가 뭐가잇노","M","19~29세","없음/모름/무응답","제주"
"53322943","20240108","만족하는 편이다","하고싶은 여가는 대부분 한 것 같다","F","19~29세","300~500만원 미만","강원"
"53323114","20240108","만족하는 편이다","여가시간에 게임하는걸 와이프가 뭐라안했음","M","40대","300~500만원 미만","경기"
"53323309","20240108","만족하는 편이다","가성비 충족","M","60대","없음/모름/무응답","인천"
"53323331","20240108","보통이다","변화가 없어서","M","30대","없음/모름/무응답","서울"
"53323543","20240108","보통이다","항상 하던거라 큰 감흥이 없음","M","19~29세","700만원 이상","제주"
"53323602","20240108","보통이다","여가활동에대한 구체적계획은 없다 그때 그때 시간이 있을때 하고있다.","M","60대","300~500만원 미만","충북"
"53323604","20240108","보통이다","커다란 변화가 없어서","M","60대","300~500만원 미만","인천"
"53323796","20240108","만족하는 편이다","월요일에 크게 힘들지 않다","M","40대","500~700만원 미만","서울"
"53323973","20240108","보통이다","저렴하고 다양한 콘텐츠가 더 많았으면","F","60대","700만원 이상","강원"
"53324089","20240108","보통이다","여가생활 시간은 증가하였으나 지출이 부담스러워서","M","40대","300~500만원 미만","경남"
"53324122","20240108","만족하는 편이다","시간과 경제적인 여유가 있어서 대체로 만족하는 편입니다.","F","30대","300만원 미만","경북"
"53324391","20240108","보통이다","구체적 이유는 딱히 없음","F","19~29세","없음/모름/무응답","경북"
"53324428","20240108","보통이다","해보고 싶은것들을 시도할 수 있는 시간적 여유는 많아졌으나 경제적인 부담이 강해짐.","F","40대","700만원 이상","경기"
"53324729","20240108","만족하는 편이다","불편함 없이 즐겁다","M","30대","500~700만원 미만","경기"
"53325078","20240108","불만족하는 편이다","주야 교대근무 이직으로 인한 여가시간 급감소","F","19~29세","700만원 이상","경기"
"53325224","20240108","불만족하는 편이다","경제적 이유","M","19~29세","없음/모름/무응답","충남"
"53325235","20240108","만족하는 편이다","하고싶은 만큼 할수 있으니까.","M","60대","300만원 미만","세종"
"53325523","20240108","보통이다","아이방학으로 개인생활이 줄어들었음","F","40대","300~500만원 미만","경기"
"53325543","20240108","만족하는 편이다","지금 상황에서 최선을 다하고 있는중이라....","F","50대","700만원 이상","경기"
"53325651","20240108","매우 불만족한다","비싸","M","50대","300만원 미만","경기"
"53325791","20240108","만족하는 편이다","여가생활을 즐김","F","30대","700만원 이상","대구"
"53325817","20240108","보통이다","시간적 경제적고려할때 보통입니다","F","50대","500~700만원 미만","경기"
"53325912","20240108","보통이다","진짜보통임","M","30대","300만원 미만","강원"
"53326004","20240108","만족하는 편이다","쉬고 싶을때 좋아하는 것을 하며 쉴수 있는 여건이 된점","F","40대","300~500만원 미만","경북"
"53326113","20240108","보통이다","나름대로 만족 합니다","M","60대","500~700만원 미만","전남"
"53326175","20240108","보통이다","돈과 시간이 부족하다","F","50대","없음/모름/무응답","서울"
"53326376","20240108","보통이다","자영업이라 시간부족","M","40대","300~500만원 미만","전남"
"53326565","20240108","보통이다","그냥 보통임","M","40대","700만원 이상","서울"
"53326688","20240108","보통이다","보통정도임","F","60대","300~500만원 미만","부산"
"53326711","20240108","만족하는 편이다","거주지 주변 인프라가 점점 나아지고 있다","M","50대","300만원 미만","충북"
"53326716","20240108","보통이다","남들만큼 하고 있어서","M","30대","700만원 이상","충남"
"53326800","20240108","보통이다","특별히 좋거나 나쁜 점이 없다","F","30대","500~700만원 미만","경남"
"53326967","20240108","보통이다","딱히 달라진게 없기 때문...","M","30대","300~500만원 미만","인천"
"53327401","20240108","보통이다","평소와 비슷해서","M","40대","없음/모름/무응답","충남"
"53327495","20240108","보통이다","생활패턴이 비슷해서 달라진게 없다","M","30대","500~700만원 미만","서울"
"53327529","20240108","보통이다","주로 혼자서 생활을 하고 있어요 ㆍ","M","50대","300만원 미만","서울"
"53327638","20240108","만족하는 편이다","원하는 여가 활동을 원하는 기간에 할 수 있었음","F","40대","300~500만원 미만","경기"
"53327714","20240108","만족하는 편이다","마음의 여유가 있어서","F","60대","300~500만원 미만","대전"
"53327833","20240108","보통이다","일상적으로 하던거 한다는 생각","M","40대","700만원 이상","경기"
"53327888","20240108","만족하는 편이다","근린공원이 가까워 이용하기 편리해서.","M","60대","700만원 이상","서울"
"53327922","20240108","보통이다","시간의 부족","M","40대","700만원 이상","전남"
"53327969","20240108","보통이다","꾸준히 하는데 건강을 위해","M","60대","300~500만원 미만","인천"
"53328203","20240108","보통이다","달라진게 없다","M","40대","300~500만원 미만","대구"
"53328242","20240108","보통이다","경제적으로 어려워서","M","19~29세","300~500만원 미만","대전"
"53328354","20240108","만족하는 편이다","스트레스 없음","M","30대","700만원 이상","경기"
"53328533","20240108","보통이다","여가시간 만들기 힘들다","M","30대","500~700만원 미만","인천"
"53328583","20240108","보통이다","바빠서 지난해와 비슷하게 행 없음","M","60대","300만원 미만","충남"
"53328648","20240108","보통이다","특별한점 없음","M","50대","500~700만원 미만","경북"
"53328731","20240108","보통이다","경제적여건이 뒷받침 부족","F","50대","700만원 이상","대구"
"53329139","20240108","만족하는 편이다","자차 운전시 과속 단속하는 경찰이 길가에 없다.암행단속","M","50대","500~700만원 미만","인천"
"53329184","20240108","만족하는 편이다","삶의 질향상에 도움","F","19~29세","700만원 이상","서울"
"53329303","20240108","불만족하는 편이다","경제적으로 안됨","F","60대","300~500만원 미만","인천"
"53329305","20240108","만족하는 편이다","주변 인프라를 통해 충분히 즐기고 있다","M","50대","300~500만원 미만","서울"
"53329400","20240108","만족하는 편이다","행복함","F","19~29세","300~500만원 미만","경기"
"53329496","20240108","만족하는 편이다","경제적여유","M","50대","700만원 이상","충남"
"53329595","20240108","보통이다","새로운 변화가 없다","F","50대","300~500만원 미만","인천"
"53329614","20240108","보통이다","그냥그래요..","F","19~29세","500~700만원 미만","경기"
"53329805","20240108","보통이다","수입","M","40대","없음/모름/무응답","서울"
"53329824","20240108","보통이다","당뇨가있어서료","M","50대","300만원 미만","부산"
"53329925","20240108","보통이다","평소와 별 다를게 없이 여가생활함","F","40대","300~500만원 미만","경기"
"53330023","20240108","보통이다","크게 다를게 없다","M","30대","300~500만원 미만","인천"
"53330093","20240108","매우 만족한다","즐겁게 하고있으니 만족합니다","F","30대","500~700만원 미만","경기"
"53330240","20240108","만족하는 편이다","다양한 인프라가 갖춰있다. 수영 에어로빅 요가 필라테스 등","F","40대","300만원 미만","경기"
"53330322","20240108","만족하는 편이다","좋은 인프라와 가족이 있어서 만족","M","40대","300~500만원 미만","인천"
"53330420","20240108","보통이다","요새 뭘 하지도 않는 좋지도 나쁘지도 않은 상태라서","M","19~29세","300~500만원 미만","서울"
"53330601","20240108","보통이다","시간여유부족","M","60대","300~500만원 미만","충남"
"53330774","20240108","만족하는 편이다","시간 자금이 가능","M","40대","500~700만원 미만","부산"
"53330824","20240108","보통이다","항상비숫해서","F","60대","300~500만원 미만","인천"
"53331001","20240108","보통이다","내가 원할때마다 즐길수 없어서","F","50대","500~700만원 미만","경북"
"53331026","20240108","보통이다","나쁜것도아니고좋은것도아니라서","F","50대","300만원 미만","부산"
"53331074","20240108","보통이다","별다른 발전이 없다","M","40대","300~500만원 미만","인천"
"53331083","20240108","만족하는 편이다","마음적 신체적 편안한 건강함을 느낀다","M","60대","300~500만원 미만","인천"
"53331252","20240108","만족하는 편이다","시간.경제적인 여유와 같이하는 가족이 있어서","M","50대","없음/모름/무응답","서울"
"53331291","20240108","보통이다","크게 달라진것도 없고","F","50대","500~700만원 미만","부산"
"53331425","20240108","보통이다","전반적인 비용 부담 및 시간적 여유 부족","M","19~29세","없음/모름/무응답","대구"
"53331437","20240108","불만족하는 편이다","자영업시간부족","M","50대","500~700만원 미만","대전"
"53331490","20240108","보통이다","나쁘지도 좋지도 않음","M","30대","300만원 미만","경기"
"53331528","20240108","보통이다","결혼 준비로 조금 바빴음","F","19~29세","700만원 이상","서울"
"53331704","20240108","만족하는 편이다","행복하고 여유로움을 느껴서","F","40대","300~500만원 미만","충남"
"53331787","20240108","보통이다","특별한것이 없어서","M","40대","500~700만원 미만","광주"
"53331884","20240108","불만족하는 편이다","비용 부담 증가(물가 상승)","F","30대","300만원 미만","강원"
"53331936","20240108","보통이다","생활의 변화가 없었어요","F","60대","500~700만원 미만","강원"
"53332115","20240108","보통이다","심리적 불안","F","50대","300만원 미만","대전"
"53332222","20240108","보통이다","작년과 비슷한 생활","M","30대","300~500만원 미만","서울"
"53332295","20240108","만족하는 편이다","원하는 강좌 수강","F","60대","300만원 미만","부산"
"53332314","20240108","보통이다","시설부족","F","40대","700만원 이상","충남"
"53332352","20240108","만족하는 편이다","내가 하고자 하는것에 만족하기에","M","60대","700만원 이상","서울"
"53332414","20240108","만족하는 편이다","무직으로서 충분한 시간적 여유가 있었다","M","19~29세","700만원 이상","서울"
"53332495","20240108","매우 만족한다","여가생활에 필요한 시간과 경제력에 큰 어려움이 없으니 매우 만족하는 중임.","M","40대","700만원 이상","서울"
"53332541","20240108","만족하는 편이다","양호한편","M","30대","300~500만원 미만","경기"
"53332637","20240108","보통이다","시간적여유부족","M","50대","500~700만원 미만","서울"
"53332672","20240108","보통이다","여가시간이 비슷하였기에","M","50대","700만원 이상","경기"
"53332673","20240108","보통이다","별차이가 없어요","F","30대","없음/모름/무응답","강원"
"53332681","20240108","불만족하는 편이다","경제적 여건으로 집에서 가능한 여가생활 위주로만 하기때문에","F","40대","300~500만원 미만","경기"
"53332840","20240108","만족하는 편이다","건강에 비하여 만족","M","60대","300~500만원 미만","대구"
"53333065","20240108","보통이다","반복된일상","M","60대","700만원 이상","서울"
"53333166","20240108","보통이다","하고싶은것이 더 많은데 지방이라 시설이 갖추어져있지 않은 점과 비용의 과다로","F","40대","500~700만원 미만","경북"
"53333224","20240108","보통이다","하고싶을때 하고픈건 한다","F","40대","300~500만원 미만","충북"
"53333337","20240108","보통이다","여가 시간대비 잘 즐겨서","F","30대","300만원 미만","경기"
"53333420","20240108","보통이다","변한것이 없음","M","40대","500~700만원 미만","경기"
"53333436","20240108","만족하는 편이다","스트레스해소","F","60대","500~700만원 미만","경기"
"53333496","20240108","만족하는 편이다","재미있었고 유익했음","M","19~29세","300만원 미만","서울"
"53333946","20240108","만족하는 편이다","행복해용","M","19~29세","없음/모름/무응답","경북"
"53333951","20240108","보통이다","비슷해서","F","40대","500~700만원 미만","인천"
"53333960","20240108","보통이다","비슷해서 그렇습니다","M","30대","300~500만원 미만","전남"
"53333991","20240108","불만족하는 편이다","관심분야도 하고픈것도 많지만 생계가 우선이고 시간과 경제적으로 여유가 없어서 ?","F","60대","300만원 미만","부산"
"53334018","20240108","보통이다","경재적 부담","M","50대","300~500만원 미만","경북"
"53334097","20240108","보통이다","불만도 없고 그렇다고 막 좋지도 않고","M","50대","500~700만원 미만","경기"
"53334205","20240108","보통이다","시간부족","F","50대","500~700만원 미만","대구"
"53334455","20240108","만족하는 편이다","주변 인프라가 잘 갖춰져 있어서","F","19~29세","없음/모름/무응답","경남"
"53334505","20240108","보통이다","크게 증가하거나 감소한 적이 없어서","M","40대","없음/모름/무응답","강원"
"53334524","20240108","보통이다","별다른게 없음으로","M","40대","300만원 미만","광주"
"53334538","20240108","불만족하는 편이다","상승한 물가 대비 급여 부족","M","30대","없음/모름/무응답","서울"
"53334587","20240108","매우 만족한다","매우만족","M","40대","300~500만원 미만","부산"
"53334684","20240108","만족하는 편이다","마음이 맞는 친구들과 여행다녀와서","F","30대","300~500만원 미만","전남"
"53334790","20240108","만족하는 편이다","시간적여유, 주변 인프라가 좋은편입니다.","F","50대","없음/모름/무응답","경북"
"53334887","20240108","보통이다","여가를 즐길수는 있지만 여건이 충분하지 않아서","F","40대","700만원 이상","경기"
"53334921","20240108","보통이다","공휴일 외에는 여가시간이 많지않음","M","50대","700만원 이상","경기"
"53335025","20240108","보통이다","티비 시청시간을 줄이고 독서량을 늘려야겠다","M","40대","300만원 미만","인천"
"53335032","20240108","보통이다","아이가 있어서 무조건 월 1회는 여가생활을 할 수 밖에 없기 때문에","F","40대","700만원 이상","경기"
"53335077","20240108","보통이다","경비가 많으들어서 맘껏 못해서","F","50대","500~700만원 미만","서울"
"53335130","20240108","보통이다","휴직기간이라서","M","50대","없음/모름/무응답","부산"
"53335252","20240108","보통이다","생각하는것보다 더 많이 하지 않아서","M","30대","300~500만원 미만","광주"
"53335474","20240108","보통이다","업무가 바쁨","M","60대","500~700만원 미만","강원"
"53335596","20240108","보통이다","무언가 특별하거나 인상깊은것이 없음","M","40대","300~500만원 미만","울산"
"53335699","20240108","보통이다","옛날에 비해 재미가 없고 귀찮다","F","19~29세","없음/모름/무응답","서울"
"53335714","20240108","보통이다","만족하기에","F","30대","500~700만원 미만","서울"
"53336278","20240108","보통이다","시간이 없지만 짬내서 하는 여가활동에 만족한다","F","30대","700만원 이상","경북"
"53336386","20240108","불만족하는 편이다","정보도 없고 재정도 부족해서 그렇다","F","40대","300만원 미만","서울"
"53336471","20240108","보통이다","날씨와 여건상 힘들다","M","50대","300만원 미만","울산"
"53336536","20240108","매우 만족한다","시간여유가 있고 경제적 여유가 있어서 여유롭게 다닐수 있게되었다","F","50대","없음/모름/무응답","경북"
"53336741","20240108","보통이다","좋음","F","40대","300~500만원 미만","세종"
"53336897","20240108","만족하는 편이다","여가시간이 생길때 가족과 드라이브 산책을 다니며 맛집도 방문하고 예쁜카페를 가는등 소중한시간을 보냈기때문입니다.","M","30대","500~700만원 미만","인천"
"53337031","20240108","매우 만족한다","내가 하고 싶은 여가생활을 했기 때문이다.","M","19~29세","없음/모름/무응답","세종"
"53337300","20240108","보통이다","같은 페턴으로 움직이는데 비용 급 증가 넘 비싸요","F","60대","700만원 이상","서울"
"53337575","20240108","보통이다","새로운 여가활동을 한 것이 없음","F","30대","500~700만원 미만","경남"
"53337737","20240108","만족하는 편이다","자기만족","M","40대","500~700만원 미만","서울"
"53337749","20240108","만족하는 편이다","자만추","M","40대","없음/모름/무응답","강원"
"53337811","20240108","만족하는 편이다","더운 날씨여두 걸음으로써 땀 빼구 뿌듯함 주말 2회 수영은 성취감","M","19~29세","300만원 미만","경기"
"53338130","20240108","불만족하는 편이다","경제적.시간적 여유부족.기간시설부족","M","40대","300만원 미만","충남"
"53338153","20240108","만족하는 편이다","만족보다는 딱히 불편함을 느낀적없음","F","30대","300만원 미만","충남"
"53338160","20240108","매우 만족한다","가족들과 힐링할수 있었어요","M","50대","300~500만원 미만","경기"
"53338366","20240108","매우 만족한다","충분한시간과 비용이 들지않아서","F","50대","500~700만원 미만","대전"
"53338376","20240108","매우 만족한다","즐거운 즐길 거리가 많았고 함께하는 사람들이 재밌어서 즐거웠다","F","19~29세","700만원 이상","서울"
"53338416","20240108","보통이다","최근 한달안엠 특별한 여가생활이 없는듯하다","F","40대","300~500만원 미만","경기"
"53338649","20240108","보통이다","만족 하니까","F","50대","700만원 이상","인천"
"53338751","20240108","보통이다","큰 차이는 없다. 직장생활에 피로도해소와 가족같에 이야기하는 시간이다","M","30대","700만원 이상","서울"
"53339081","20240108","만족하는 편이다","시간과 경제적 여유, 지적 호기심","F","60대","300~500만원 미만","인천"
"53339297","20240108","보통이다","시간부족","F","30대","300~500만원 미만","경기"
"53339301","20240108","보통이다","비슷해서","F","40대","없음/모름/무응답","경기"
"53339547","20240108","불만족하는 편이다","경제 횔동을 하느라 시긴이 없다","F","40대","300~500만원 미만","경남"
"53339576","20240108","만족하는 편이다","근접 산책로 많고 도서관 자료 이용 편리","F","50대","300~500만원 미만","강원"
"53339603","20240108","보통이다","그냥 그렇다","F","19~29세","없음/모름/무응답","울산"
"53339647","20240108","만족하는 편이다","밖에 나가면 즐겁다","F","60대","300만원 미만","서울"
"53339658","20240108","만족하는 편이다","스트레스 해소와 건강을 위해 활동 했으므로","F","40대","300만원 미만","경남"
"53339741","20240108","만족하는 편이다","즐기면서 하고 있고 주변에 인프라가 잘 형성되어 있다","M","30대","500~700만원 미만","서울"
"53339748","20240108","보통이다","다양하게 특별한 활동이 아니라 일상적인 활동이라 그저 그렇다","M","19~29세","500~700만원 미만","대전"
"53339780","20240108","만족하는 편이다","하고싶은 건 다해서","F","30대","500~700만원 미만","인천"
"53339835","20240108","만족하는 편이다","원하는걸 할 시간이많음","M","30대","700만원 이상","강원"
"53339924","20240108","보통이다","크게 변화가 없고 정형적인 패턴이다","M","30대","없음/모름/무응답","강원"
"53339929","20240108","만족하는 편이다","내 위주로 여유시간을 배정해 여가활동을 선택할 수 있었다","F","50대","300~500만원 미만","경기"
"53339988","20240108","보통이다","예전에 비해 특별히 좋아진게 없다","M","40대","500~700만원 미만","전북"
"53340053","20240108","만족하는 편이다","모자란거 없이 하고 싶은 거 다 하면서 살았음","M","19~29세","300만원 미만","부산"
"53340518","20240108","보통이다","시간적 금전적으로 부족하다 생각해서","F","30대","500~700만원 미만","전남"
"53340649","20240108","보통이다","올해와 작년에 특별히 여가활동 변경사항이 없음","M","40대","500~700만원 미만","경기"
"53340719","20240108","보통이다","무난했음","F","30대","700만원 이상","서울"
"53340728","20240108","만족하는 편이다","내가 느끼기에 만족스러워서","F","40대","300~500만원 미만","전남"
"53340732","20240108","만족하는 편이다","재미","F","50대","700만원 이상","충남"
"53340755","20240108","만족하는 편이다","돈 들이지 않고 가까이에 운동하기 좋은 곳이 있으니까","F","60대","500~700만원 미만","경남"
"53340893","20240108","보통이다","작년과비슷하다.모든게...","M","40대","없음/모름/무응답","광주"
"53341386","20240108","불만족하는 편이다","여가 활동을 못해서","M","40대","300~500만원 미만","경기"
"53341425","20240108","만족하는 편이다","가고 싶은곳 하고 싶은것 할 수 있어 좋 습니다","F","60대","300만원 미만","경기"
"53341801","20240108","보통이다","별로 즐기지 못함","M","30대","700만원 이상","서울"
"53341863","20240108","보통이다","경기침체로 수입 감소","F","50대","700만원 이상","강원"
"53342002","20240108","보통이다","늘 일상의 반복이다.","M","50대","700만원 이상","경기"
"53342026","20240108","매우 만족한다","날씨","F","50대","500~700만원 미만","대구"
"53342169","20240108","보통이다","특히 만족 하지 않다","M","60대","300만원 미만","서울"
"53342236","20240108","만족하는 편이다","늘 해오던 것이라 친밀도와 숙련도가 높다","F","50대","300만원 미만","경남"
"53342239","20240108","만족하는 편이다","연말 연초에 공연이 많았고 가족들과 오랜만에 여유로운 시간도 보냈습니다. 각자 다른 지역 사는 친구들과 모임도 가졌었습니다.","F","19~29세","300~500만원 미만","서울"
"53342288","20240108","만족하는 편이다","여유시간에 맞추어서 할수있어서","M","60대","300만원 미만","세종"
"53342391","20240108","만족하는 편이다","내가 좋아하는 것을 하기 때문","F","60대","700만원 이상","충남"
"53342827","20240108","보통이다","특별히 만족할만한 이유가없음","F","60대","300만원 미만","대전"
"53342913","20240108","보통이다","특별하게 변함이 없음","M","60대","없음/모름/무응답","대구"
"53342960","20240108","만족하는 편이다","베트남 하노이여행을 10일간 다녀오고. 주말마다 가족들과 스키장에서 보냄","F","60대","700만원 이상","경기"
"53343078","20240108","보통이다","반반이다","M","19~29세","300만원 미만","경기"
"53343126","20240108","보통이다","특별한거없이 비슷","F","40대","300~500만원 미만","서울"
"53343219","20240108","만족하는 편이다","잘다녔다","F","19~29세","700만원 이상","경기"
"53343327","20240108","만족하는 편이다","마음의 여유","F","30대","300만원 미만","서울"
"53343520","20240108","보통이다","괜찬게보냈음","M","30대","300~500만원 미만","인천"
"53343756","20240108","만족하는 편이다","이완","F","50대","700만원 이상","서울"
"53343831","20240108","보통이다","퇴근하면 시간이 없지만 돈 드는 취미가 없어서 그저그렇다","F","19~29세","없음/모름/무응답","제주"
"53343964","20240108","만족하는 편이다","심리적 만족도(스트레스 유무 안정감 등의 면에서) 높음","F","19~29세","300만원 미만","대전"
"53343968","20240108","만족하는 편이다","마음이 풍성해진다","F","60대","300~500만원 미만","인천"
"53343969","20240108","보통이다","경제적요소와 여유시간적요스가적절","M","60대","700만원 이상","경남"
"53343995","20240108","보통이다","주변에 주민센터가 저렴해서 다닌다.","F","50대","500~700만원 미만","경기"
"53344067","20240108","만족하는 편이다","체중감소와 운동에대한 필요성 인지","F","60대","300~500만원 미만","전북"
"53344210","20240108","만족하는 편이다","주변환경이잘되어있다","F","60대","300~500만원 미만","경기"
"53344251","20240108","보통이다","계속 꾸준하게 해서","F","50대","700만원 이상","경남"
"53344252","20240108","불만족하는 편이다","인프라 및 시간 부족","M","30대","300만원 미만","경북"
"53344309","20240108","불만족하는 편이다","수입이적다","F","40대","300만원 미만","전남"
"53344327","20240108","보통이다","특별히 큰 문제가 없어서","F","40대","300~500만원 미만","전북"
"53344431","20240108","만족하는 편이다","혼자만의 시간을 가져서 조용하게 보내서 좋다","F","50대","500~700만원 미만","경북"
"53344449","20240108","만족하는 편이다","즐겁고 향복하고 체워지기 때문이다.","M","19~29세","없음/모름/무응답","서울"
"53344488","20240108","만족하는 편이다","마음이 편안해서","M","50대","300~500만원 미만","서울"
"53344742","20240108","만족하는 편이다","이정도 시간과 비용을 들여서 즐기는비용이작아서","F","40대","700만원 이상","경기"
"53345137","20240108","만족하는 편이다","퇴직 후 휴식기라 시간이 많습니다","F","60대","300~500만원 미만","충북"
"53345188","20240108","만족하는 편이다","원하는만큼 즐김","F","40대","없음/모름/무응답","강원"
"53345386","20240108","만족하는 편이다","적절하게 시간을 잘 이용하고 있다","F","19~29세","없음/모름/무응답","인천"
"53345415","20240108","만족하는 편이다","나의 계획대로 진행되고 또 특별히 많이 아쁜곳이 없기에 여가생활도 가능한거 같다.","F","50대","700만원 이상","경기"
"53345555","20240108","만족하는 편이다","연인과 헤어지고 자유롭게 내가 원하는 여가생활을 하며 지내는중이다!!","F","19~29세","700만원 이상","경북"
"53345635","20240108","만족하는 편이다","맨발걷기여행을 20일 다녀와서","F","60대","300만원 미만","인천"
"53345810","20240108","만족하는 편이다","시간 충분 시설 충분 경제적 여유 있음","F","60대","700만원 이상","부산"
"53345899","20240108","만족하는 편이다","행복을 느끼니까","F","60대","500~700만원 미만","강원"
"53345973","20240108","매우 만족한다","재수 후 하고싶은 것들을 대부분 다 경험함","M","19~29세","700만원 이상","서울"
"53346038","20240108","보통이다","특별한것이 없음","F","60대","500~700만원 미만","경북"
"53346309","20240108","보통이다","특별히 만족되는게 없어서","M","30대","300만원 미만","경기"
"53346448","20240108","만족하는 편이다","특별히 아픈데가 없어서 여가생활이 가능","M","60대","300만원 미만","경북"
"53346546","20240108","보통이다","비슷한 생활","M","50대","500~700만원 미만","전남"
"53346561","20240108","보통이다","작년과 비교해서 생활환경이 비슷하기때문임","M","60대","300만원 미만","광주"
"53346615","20240108","만족하는 편이다","여가활동 시간이 충분하여서 만족합니다.","F","60대","300만원 미만","경기"
"53346620","20240108","보통이다","출장이 많아서 여기시간이 일정하지도 않음","M","30대","700만원 이상","부산"
"53346653","20240108","보통이다","경제적인것과 시간부족","F","50대","300~500만원 미만","울산"
"53346702","20240108","보통이다","예전과 비교해 비슷한 만족도이다.","F","30대","700만원 이상","경기"
"53346745","20240108","만족하는 편이다","집에서 가까운 곳에서 여가생활을 즐길수있어서 좋다","F","30대","500~700만원 미만","서울"
"53346874","20240108","보통이다","시간 및 비용 문제","M","30대","700만원 이상","경기"
"53346994","20240108","보통이다","ㄹ","F","30대","300~500만원 미만","서울"
"53347142","20240108","만족하는 편이다","별탈 없이 시간적인 여유나 금전적인 여유도 있어서","F","30대","700만원 이상","부산"
"53347211","20240108","보통이다","시간부족","M","30대","500~700만원 미만","부산"
"53347359","20240108","만족하는 편이다","돈과 시간의 여유와 주변분위기","M","40대","700만원 이상","충남"
"53347911","20240108","보통이다","물가상승","F","30대","300만원 미만","경기"
"53347932","20240108","보통이다","여가생활을 만족할 정도로 하고 있지도 만족하지 못할 정도로 안하고 있지도 않기 때문입니다. 그리고 경제적인 수준과 시간적 여유도 중간 수준이기 때문입니다.","F","19~29세","300~500만원 미만","제주"
"53347935","20240108","보통이다","충분한 만족도가 없음","M","60대","300만원 미만","대전"
"53347995","20240108","만족하는 편이다","1주일에 3시간 정도는 시간을 낼수있음","M","50대","300~500만원 미만","부산"
"53348098","20240108","보통이다","크게 변한게x","M","19~29세","없음/모름/무응답","서울"
"53348125","20240108","불만족하는 편이다","많은 시설들이 휴폐업상태","M","50대","300~500만원 미만","경북"
"53348153","20240108","보통이다","이유 없음","M","40대","500~700만원 미만","강원"
"53348173","20240108","만족하는 편이다","시간적인 여유","M","50대","700만원 이상","서울"
"53348273","20240108","만족하는 편이다","시간여유가 있음","F","40대","500~700만원 미만","전북"
"53348356","20240108","만족하는 편이다","일이 줄어든만큼 시간적인 여유가 생겨서","M","40대","500~700만원 미만","경기"
"53348456","20240108","불만족하는 편이다","시간의 여유가 없다","M","40대","700만원 이상","세종"
"53348683","20240108","불만족하는 편이다","금전적으로 부족해서","F","40대","500~700만원 미만","대구"
"53348880","20240108","보통이다","평범해서","M","19~29세","500~700만원 미만","서울"
"53348976","20240108","보통이다","마음적으로 특별한 것이 없으므로","M","60대","300~500만원 미만","서울"
"53349014","20240108","만족하는 편이다","하고자 하는 활동이 용이함","M","40대","700만원 이상","강원"
"53349193","20240108","보통이다","특별한 증감이 없음","M","40대","500~700만원 미만","부산"
"53349385","20240108","만족하는 편이다","여가 생활에 필요한 시간 돈 건강에 있어 부족함을 별로 느끼지못함","F","50대","500~700만원 미만","울산"
"53349464","20240108","보통이다","시골이고 농사활동량때문","M","60대","300만원 미만","충북"
"53349586","20240108","보통이다","잘하는것도아니고 못하는것도아님","F","60대","300~500만원 미만","부산"
"53349609","20240108","불만족하는 편이다","비용이 증가하였습니다","M","40대","700만원 이상","서울"
"53349659","20240108","만족하는 편이다","여가시간을 자유롭게 쓰고 쉴수 있어서","F","50대","500~700만원 미만","경남"
"53349668","20240108","보통이다","특별한 이유없음","M","60대","없음/모름/무응답","경북"
"53349822","20240108","만족하는 편이다","지금의 모든 경제적 시간적 여건 등을 고려할 때 여가생활을 최대한 누리고 있기 때문에","M","50대","500~700만원 미만","서울"
"53349991","20240108","만족하는 편이다","분야에 집중할 수 있었기 때문입니다. 특히, 친구나 가족과 함께한 시간이 많았고, 새로운 경험을 통해 일상의 활력을 찾을 수 있었습니다. 여가 시간 동안 실내외 활동을 균형 있게 즐기며, 건강 관리나 자기 계발에도 기여하는 시간을 보낼 수 있어 만족스러웠습니다.","M","19~29세","300만원 미만","제주"
"53350059","20240108","만족하는 편이다","내가 쉬고 싶은 시간에 쉬고 시청하고 할수있어서","F","60대","700만원 이상","인천"
"53350122","20240108","만족하는 편이다","다니가가 편해서","F","50대","500~700만원 미만","서울"
"53350156","20240108","보통이다","시간 부족","F","30대","없음/모름/무응답","서울"
"53350204","20240108","만족하는 편이다","원하는 여가활동은 충분히 할 수 있었고 비용 또한 크게 비싸지 않았음","M","19~29세","300~500만원 미만","충남"
"53350211","20240108","보통이다","변화가 없어서","F","50대","300만원 미만","대구"
"53350346","20240108","만족하는 편이다","시간적 여유가 있는편","M","50대","300만원 미만","서울"
"53350406","20240108","보통이다","그저그래요","F","50대","300~500만원 미만","경기"
"53350469","20240108","보통이다","이전과 동일한 정도","M","50대","700만원 이상","경기"
"53350545","20240108","만족하는 편이다","시간이 충분","M","50대","700만원 이상","경기"
"53350550","20240108","만족하는 편이다","하고싶은 것을 하고싶을 때 할 수 있어서","M","19~29세","없음/모름/무응답","대전"
"53350552","20240108","보통이다","거주지에 여가생활할 만한게 없어서","F","30대","300만원 미만","충남"
"53350554","20240108","만족하는 편이다","고정적인 출퇴근 시간으로 계획을 세우기 용이합니다","M","30대","300~500만원 미만","광주"
"53350608","20240108","보통이다","크게 증가하거나 줄지 않아서","M","40대","300~500만원 미만","부산"
"53350660","20240108","보통이다","변한게없음","M","60대","700만원 이상","충남"
"53350753","20240108","보통이다","무난한 생활로 인함.","M","50대","없음/모름/무응답","광주"
"53350946","20240108","만족하는 편이다","코로나이후 나아짐.","M","30대","300만원 미만","대전"
"53350974","20240108","만족하는 편이다","하고싶은거 다 했음","F","40대","700만원 이상","충남"
"53351000","20240108","만족하는 편이다","맘의 여유를 가질 충분한 여가 활동을 하고 있어서","F","40대","700만원 이상","대구"
"53351111","20240108","보통이다","무의미한 시간소비가 많았음","M","50대","700만원 이상","서울"
"53351319","20240108","보통이다","영화(넷플릭스)등 좋은 프로가 많이 상영되었음","M","60대","500~700만원 미만","대구"
"53351322","20240108","매우 만족한다","아파트 커뮤니티 이용","F","40대","700만원 이상","강원"
"53351343","20240108","만족하는 편이다","하고싶은 걸 할 수 있기 때문","M","30대","300~500만원 미만","경남"
"53351356","20240108","보통이다","비슷해서","M","30대","300~500만원 미만","충남"
"53351409","20240108","만족하는 편이다","시간. 비용이 적절하고 정신 육체적 건강유지에 도움이 된다","M","60대","300~500만원 미만","인천"
"53351431","20240108","만족하는 편이다","마음이 편해서","M","40대","500~700만원 미만","인천"
"53351438","20240108","보통이다","장애인이라서활동범위가작아서","F","50대","300만원 미만","부산"
"53351525","20240108","보통이다","변화가 없고 재미가 없어서","F","60대","500~700만원 미만","서울"
"53351702","20240108","만족하는 편이다","스트레스가 풀렸음","M","40대","700만원 이상","부산"
"53351739","20240108","만족하는 편이다","건강을위해 하는 운동중 건강하단고 생각한다","M","50대","없음/모름/무응답","경북"
"53351803","20240108","만족하는 편이다","시간이많고 날씨가좋았다","M","50대","700만원 이상","경남"
"53351834","20240108","보통이다","보통이므로","M","40대","300~500만원 미만","서울"
"53351866","20240108","만족하는 편이다","원하는시간에 원하는일을 하고있다","F","40대","700만원 이상","경기"
"53352113","20240108","보통이다","시간이 많지않음","F","40대","700만원 이상","경북"
"53352173","20240108","매우 불만족한다","비용이 너무 비싸다","M","30대","없음/모름/무응답","대구"
"53352301","20240108","보통이다","모르겠다","F","60대","300만원 미만","경기"
"53352444","20240108","보통이다","금전","M","40대","700만원 이상","울산"
"53352496","20240108","보통이다","오프라인은 대부분 인프라가 갖춰있지 않아서 즐기기 힘들고 온라인은 즐기기 가능해서","F","19~29세","없음/모름/무응답","전남"
"53352537","20240108","보통이다","항상같음","M","40대","없음/모름/무응답","광주"
"53352568","20240108","보통이다","부족한 부분이 있다","M","30대","700만원 이상","대전"
"53352617","20240108","만족하는 편이다","마음의여유때문에","F","50대","500~700만원 미만","경기"
"53352696","20240108","만족하는 편이다","가족과 화목하게 보내기 괜찮았던 거 같아서.","M","40대","500~700만원 미만","부산"
"53352854","20240108","보통이다","M","M","19~29세","없음/모름/무응답","전남"
"53352892","20240108","보통이다","유투브 시청","F","50대","300~500만원 미만","대전"
"53352977","20240108","보통이다","내수준에 마쳐서한다","M","60대","300~500만원 미만","경기"
"53353045","20240108","보통이다","크게한게 없음","F","40대","500~700만원 미만","대구"
"53353123","20240108","불만족하는 편이다","비용부담","F","40대","500~700만원 미만","전북"
"53353303","20240108","만족하는 편이다","서예를 향교에서 무료로 배울 수 있어서 매우 좋다","M","60대","500~700만원 미만","인천"
"53353397","20240108","보통이다","물가가비싼것도있고?여유가없다","F","50대","500~700만원 미만","전북"
"53353480","20240108","만족하는 편이다","여가생활할수 있는 시간이 많아져서","F","19~29세","300~500만원 미만","충북"
"53353867","20240108","보통이다","적당히 했음","M","19~29세","없음/모름/무응답","경기"
"53354028","20240108","만족하는 편이다","건강과 경제적으로 감당이 되어 만족하는 편이다","F","60대","700만원 이상","서울"
"53354037","20240108","보통이다","시간이 너무 없음...","F","30대","300~500만원 미만","광주"
"53354126","20240108","보통이다","시간부족 및 비용문제","M","40대","700만원 이상","서울"
"53354167","20240108","매우 만족한다","여가생활를 여유있게 즐길수 있었다","M","50대","300만원 미만","서울"
"53354282","20240108","만족하는 편이다","시간 / 경제적 여유","F","19~29세","700만원 이상","인천"
"53354356","20240108","매우 불만족한다","경제적이유","F","50대","300만원 미만","전남"
"53354389","20240108","보통이다","바쁘게살다보니 여가생활을 잘 못하기도 하는데 가끔 틈이나면 좋아하는것들을 하지만 시간적으로나 금전적으로 충분하지않아 엄청불만이지도, 엄청만족이지도 않음","F","40대","500~700만원 미만","울산"
"53354543","20240108","보통이다","적절한 시간과 비용이 들어서","F","40대","없음/모름/무응답","대구"
"53354561","20240108","만족하는 편이다","시간적 여유와 마음적 편안과 작은 경제적 힘이 도움을 준다","F","50대","700만원 이상","경북"
"53354605","20240108","보통이다","없다","M","50대","500~700만원 미만","충남"
"53354760","20240108","보통이다","항상그대로 변한게없음","M","40대","300~500만원 미만","경기"
"53354819","20240108","보통이다","멀리 가지 못해서","F","40대","300~500만원 미만","경기"
"53354831","20240108","매우 불만족한다","경제적으로 힘듦","M","50대","300만원 미만","부산"
"53354839","20240108","보통이다","시간과 정보가 많지않다","F","50대","500~700만원 미만","서울"
"53354858","20240108","보통이다","허리가아픈관계로 삶의질이 조금 떨어짐","F","60대","300~500만원 미만","울산"
"53354940","20240108","보통이다","변화 없음","M","40대","700만원 이상","경기"
"53355187","20240108","만족하는 편이다","그래보여서","M","19~29세","300~500만원 미만","강원"
"53355336","20240108","보통이다","일이 바쁘다","M","30대","700만원 이상","강원"
"53355464","20240108","만족하는 편이다","나름 괜찮게 살고 있어소","F","19~29세","없음/모름/무응답","서울"
"53355666","20240108","보통이다","툭별한 흥미는 없었음","F","50대","700만원 이상","경남"
"53355790","20240108","보통이다","항상 비슷해서","F","50대","300~500만원 미만","경기"
"53355797","20240108","보통이다","시간부족","M","50대","500~700만원 미만","울산"
"53356042","20240108","보통이다","여가를 즐기기에 충분한 생활력이 안됨","F","30대","500~700만원 미만","충북"
"53356065","20240108","만족하는 편이다","주변 인프라 나의 건강. 시간적 경제적 여유등에서 만족한다","F","60대","700만원 이상","충남"
"53356355","20240108","만족하는 편이다","충분해서","M","19~29세","500~700만원 미만","서울"
"53356433","20240108","보통이다","횟수가 변함이 없어서","M","30대","없음/모름/무응답","서울"
"53356453","20240108","만족하는 편이다","금전적으로 제약을 많이 받지않는 여가 생활이라","F","40대","500~700만원 미만","인천"
"53356458","20240108","만족하는 편이다","경제적 여유도 있고 시간도 넉넉해서 바쁘지않게 여가를 보내고있다","M","60대","500~700만원 미만","제주"
"53356763","20240108","만족하는 편이다","아이들이 즐거워해서","M","30대","700만원 이상","경기"
"53356993","20240108","불만족하는 편이다","시간이 부족함","F","19~29세","300만원 미만","경북"
"53357048","20240108","보통이다","특별히한게 없음","M","40대","500~700만원 미만","강원"
"53357215","20240108","만족하는 편이다","하고싶은거 할 수 있어서","F","19~29세","없음/모름/무응답","서울"
"53357234","20240108","보통이다","없음","M","19~29세","500~700만원 미만","서울"
"53357455","20240108","보통이다","그냥 이래저래","F","19~29세","없음/모름/무응답","경북"
"53357536","20240108","만족하는 편이다","비용대비해서 많은 것을 얻을 수 있기 때문에","M","40대","500~700만원 미만","인천"
"53357675","20240108","보통이다","일상 비슷해서","M","50대","700만원 이상","서울"
"53357688","20240108","만족하는 편이다","인프라가 좋음","M","40대","300~500만원 미만","대구"
"53357703","20240108","만족하는 편이다","비용 대비 효과에 만족 함","M","60대","700만원 이상","서울"
"53357778","20240108","만족하는 편이다","가족과 같이 있는시간에 소중함","M","50대","700만원 이상","강원"
"53357889","20240108","보통이다","유가의 변동성과 고물가 때문에","M","50대","300~500만원 미만","대전"
"53357891","20240108","보통이다","내 마음의 여유가 부족해서","M","50대","700만원 이상","세종"
"53358021","20240108","만족하는 편이다","여가활동하며 스트레스가풀림","F","40대","500~700만원 미만","서울"
"53358212","20240108","만족하는 편이다","내가 보고 싶은 것들은 시간을 내어서 모두 볼 수 있어서","F","50대","없음/모름/무응답","서울"
"53358290","20240108","보통이다","소비여력","M","30대","300만원 미만","서울"
"53358323","20240108","보통이다","많은 시간을 할애하지 못해서","M","60대","500~700만원 미만","서울"
"53358490","20240108","보통이다","그냥 저냥 여행 가능","M","40대","300만원 미만","부산"
"53358521","20240108","보통이다","달러진게 없응","M","30대","300만원 미만","울산"
"53358624","20240108","보통이다","특별한게 없음","M","40대","700만원 이상","대전"
"53358764","20240108","보통이다","평범한것같아서","F","30대","500~700만원 미만","경남"
"53359298","20240108","만족하는 편이다","작년보다 여가시간이 늘어서","F","60대","500~700만원 미만","대전"
"53359422","20240108","보통이다","잦은 비와 더위로 모든 활동이 줄었기 때문입니다","M","60대","300만원 미만","충북"
"53359469","20240108","보통이다","보통이다","M","30대","300만원 미만","경기"
"53359750","20240108","만족하는 편이다","해외여행다녀옴","F","40대","500~700만원 미만","서울"
"53359777","20240108","보통이다","특별히 기억에 남는 여가활동이 없었음","F","30대","500~700만원 미만","인천"
"53359856","20240108","만족하는 편이다","근접성 좋은곳에 가족들과 체험할 만 한곳이 있음","M","30대","500~700만원 미만","경기"
"53359858","20240108","만족하는 편이다","규칙적인 생활을 할수 있어서 만족 합니다","M","50대","500~700만원 미만","대구"
"53359907","20240108","보통이다","항상 같은것만해서","M","50대","300~500만원 미만","부산"
"53359967","20240108","만족하는 편이다","여유시간이 많아져서","M","19~29세","없음/모름/무응답","서울"
"53359968","20240108","만족하는 편이다","회사 야근 및 주말 출근이 없어서 시간적 여유가 생겨서","M","50대","700만원 이상","인천"
"53360057","20240108","보통이다","개인 상황상 여가 생활을 충분히 또는 안정적으로 가질 수 없다","F","50대","700만원 이상","경기"
"53360059","20240108","만족하는 편이다","원할때 어디서든 뭐든 할수 있다","F","50대","700만원 이상","인천"
"53360126","20240108","보통이다","특별히 변화 사항이 없다","M","40대","700만원 이상","서울"
"53360159","20240108","만족하는 편이다","하고싶은건 다 할수있어서","F","40대","500~700만원 미만","경기"
"53360214","20240108","보통이다","별로 달라진 것 없이 늘 비슷하니까.","M","50대","700만원 이상","경기"
"53360247","20240108","불만족하는 편이다","시간적 경제적 여유가 ?다","F","40대","500~700만원 미만","경기"
"53360299","20240108","불만족하는 편이다","신청 때를 놓쳐 신청을 못하여서","F","60대","없음/모름/무응답","대전"
"53360434","20240108","불만족하는 편이다","경제력부족","M","60대","300만원 미만","전북"
"53360939","20240108","만족하는 편이다","주변인프라가 우수한 편","F","50대","700만원 이상","인천"
"53361091","20240108","보통이다","민족한만큼야가활동을 하지못했사","M","19~29세","300~500만원 미만","전남"
"53361099","20240108","만족하는 편이다","폰바꾸고 게임이 좀 편해짐","F","19~29세","500~700만원 미만","서울"
"53361104","20240108","만족하는 편이다","함쎄할 시간적 여유","F","40대","500~700만원 미만","경북"
"53361126","20240108","보통이다","할게 없다","M","19~29세","300만원 미만","광주"
"53361204","20240108","만족하는 편이다","좋아하는 취미 활동이니까","F","60대","300만원 미만","서울"
"53361250","20240108","만족하는 편이다","시간이나 경험이 모두 만족함","F","50대","700만원 이상","경북"
"53361304","20240108","만족하는 편이다","시간과 함께 하는 사람들이 충분하다.","M","60대","700만원 이상","경기"
"53361428","20240108","만족하는 편이다","시간과 경제적 여유","M","50대","700만원 이상","경북"
"53361608","20240108","보통이다","여가활용이 다양하지않아서","F","60대","300~500만원 미만","인천"
"53361727","20240108","보통이다","더운날씨로 인해 움직임이 줄었다","F","60대","300만원 미만","대전"
"53361806","20240108","보통이다","크게 극적으로 재미있진 않고 시간을 보내는 의미가 크기 때문이다","M","30대","300~500만원 미만","경기"
"53361855","20240108","보통이다","시간이 생각보다 촉박하다","M","19~29세","700만원 이상","경기"
"53361856","20240108","만족하는 편이다","휴직중","F","50대","300~500만원 미만","경남"
"53361899","20240108","보통이다","한달동안 달라진게 없음","M","30대","500~700만원 미만","부산"
"53361968","20240108","만족하는 편이다","자기만족","M","30대","300~500만원 미만","경남"
"53361984","20240108","만족하는 편이다","시간이 더 많아져서 휴식시간이 많아졌댜","M","50대","700만원 이상","대구"
"53362003","20240108","만족하는 편이다","좋은계절이라 산책 여행 클래식공연등 여러가지 활동을 했다","F","60대","700만원 이상","서울"
"53362054","20240108","만족하는 편이다","여유로운 여가를 보냄","M","30대","700만원 이상","경기"
"53362103","20240108","매우 불만족한다","히","M","30대","없음/모름/무응답","강원"
"53362312","20240108","보통이다","편찮으신 엄마 케어로 여가시간 불충분","F","60대","500~700만원 미만","경기"
"53362499","20240108","보통이다","그냥","M","30대","없음/모름/무응답","인천"
"53362519","20240108","보통이다","특별한거 없이 비슷하게 흘러간다.","M","40대","300~500만원 미만","경남"
"53362527","20240108","보통이다","시간적 여유가 없어서 아기 낳고 직장 다니다보니","M","30대","300~500만원 미만","경기"
"53362574","20240108","보통이다","시간적인여유가없다","M","60대","500~700만원 미만","서울"
"53362590","20240108","만족하는 편이다","호수공원이 인접","F","50대","700만원 이상","경기"
"53362736","20240108","만족하는 편이다","즐겁고 스트레스를 많이 품","M","19~29세","500~700만원 미만","서울"
"53362820","20240108","보통이다","전년도랑 비슷하다","F","50대","500~700만원 미만","인천"
"53362822","20240108","보통이다","항상해왔기때문","M","60대","300~500만원 미만","경기"
"53362923","20240108","만족하는 편이다","경제적 여유와 시간이 된다","F","60대","700만원 이상","대구"
"53362980","20240108","만족하는 편이다","코로나 시국때보다는 다양하게 많은 매체를 통해 참여 및 즐기고 있어 만족하고있다.","F","30대","500~700만원 미만","인천"
"53363313","20240108","보통이다","보통은 보통이니까요","M","30대","700만원 이상","경북"
"53363502","20240108","만족하는 편이다","자주는 아니지만 확실한편","M","40대","300~500만원 미만","경기"
"53363716","20240108","만족하는 편이다","가족모두여행이즐거웠어요","F","50대","300만원 미만","충북"
"53363749","20240108","보통이다","실망스럽지 않고 생각햇던거와 같아","F","60대","300~500만원 미만","광주"
"53363750","20240108","만족하는 편이다","생각하던 대로 거의 진행되는 편이다.","F","60대","700만원 이상","경기"
"53363835","20240108","보통이다","생활이 비슷해서 보통","M","40대","500~700만원 미만","부산"
"53363848","20240108","보통이다","없음","M","19~29세","없음/모름/무응답","경기"
"53363855","20240108","보통이다","특별한 이유 없이","M","60대","300만원 미만","경기"
"53364056","20240108","보통이다","단조로움","M","30대","700만원 이상","강원"
"53364189","20240108","보통이다","실제로 그렇게 느껴서","F","19~29세","300만원 미만","전북"
"53364196","20240108","보통이다","회사일이 많아 여가를 즐길 시간이 부족하다.","M","40대","700만원 이상","전남"
"53364377","20240108","보통이다","항상 하는것이라!","M","50대","없음/모름/무응답","강원"
"53364397","20240108","만족하는 편이다","시간적 경제적 여유가 있어서 그렇다","M","50대","300~500만원 미만","서울"
"53364454","20240108","만족하는 편이다","하고싶은것들을 마음만 먹으면 할수있어서요","F","30대","500~700만원 미만","세종"
"53364467","20240108","만족하는 편이다","대체로 접근성이 좋다","F","30대","없음/모름/무응답","강원"
"53364544","20240108","보통이다","모르겟어요","M","19~29세","500~700만원 미만","서울"
"53364722","20240108","보통이다","너무 재밌지만 감성적이기때문에","M","19~29세","700만원 이상","인천"
"53364756","20240108","보통이다","예년에 비해 차이를 못느낍니다","M","60대","300만원 미만","경기"
"53365033","20240108","매우 불만족한다","시간이없어요","M","30대","500~700만원 미만","서울"
"53365253","20240108","보통이다","피곤해서 즐기지 못함","F","40대","500~700만원 미만","경기"
"53365272","20240108","보통이다","시간의 제약","M","40대","300만원 미만","경북"
"53365373","20240108","보통이다","대체로 주도적 보다는 능동적으로 하고 있음.","F","60대","300만원 미만","서울"
"53365437","20240108","보통이다","시간과 경제적인 여유가 부족하다.","F","60대","700만원 이상","서울"
"53365495","20240108","보통이다","비슷해서","M","40대","500~700만원 미만","울산"
"53365550","20240108","만족하는 편이다","건강이 다소 회복되면서 활동량 늘어났기 때문","M","50대","700만원 이상","서울"
"53365829","20240108","만족하는 편이다","여가 활동비용이 적게 들어서","M","60대","300~500만원 미만","광주"
"53366085","20240108","만족하는 편이다","요리에 관심이 많다","F","60대","700만원 이상","서울"
"53366134","20240108","만족하는 편이다","그냥 만족할 만큼 보고 즐겨서","M","30대","없음/모름/무응답","경남"
"53366206","20240108","만족하는 편이다","비교적 자유롭게 다녀서","F","19~29세","없음/모름/무응답","충남"
"53366215","20240108","만족하는 편이다","퇴근을 일찍해서 시간이 많다","F","50대","700만원 이상","서울"
"53366250","20240108","만족하는 편이다","시간과 즐길 거리가 다양해서 좋다","F","50대","500~700만원 미만","강원"
"53366529","20240108","보통이다","시간적 경제적 높아진 물가","F","50대","700만원 이상","경기"
"53366542","20240108","보통이다","항상하는거라서","M","50대","700만원 이상","경기"
"53366575","20240108","만족하는 편이다","혼자서의 등산이나 걷기등 혼자하는 여가활동이좋아지고 있다","M","19~29세","700만원 이상","서울"
"53366856","20240108","보통이다","여가생활 장소가 멀다","F","50대","300만원 미만","경남"
"53367005","20240108","만족하는 편이다","스트레스 해소가 많이되서","M","40대","500~700만원 미만","충남"
"53367177","20240108","보통이다","특별한거 없었다","F","40대","없음/모름/무응답","서울"
"53367195","20240108","보통이다","시간적인 여유부족","F","40대","500~700만원 미만","경남"
"53367202","20240108","보통이다","삶의 즐거움이 예전보다 보퉁이여서","F","50대","500~700만원 미만","울산"
"53367359","20240108","보통이다","특별히 변화된게 없음","F","60대","700만원 이상","경기"
"53367567","20240108","만족하는 편이다","가성비","M","50대","300~500만원 미만","경북"
"53367914","20240108","만족하는 편이다","불편함을 느끼지 못함","M","40대","700만원 이상","서울"
"53368199","20240108","보통이다","피곤","M","50대","300~500만원 미만","전남"
"53368293","20240108","만족하는 편이다","큰 기대가 없으므로","M","50대","700만원 이상","경기"
"53368347","20240108","보통이다","피로가 느껴져서","F","50대","300만원 미만","부산"
"53368372","20240108","만족하는 편이다","재미있고 유익했다","F","40대","300~500만원 미만","경기"
"53368399","20240108","보통이다","이동 시간","F","60대","300만원 미만","강원"
"53368464","20240108","만족하는 편이다","비슷","M","30대","없음/모름/무응답","충남"
"53368588","20240108","만족하는 편이다","소유 시간과 비용이 적당","M","50대","500~700만원 미만","서울"
"53368592","20240108","보통이다","시간이 부족","M","30대","500~700만원 미만","울산"
"53368784","20240108","보통이다","마음의 여유가 부족한것 같다","F","60대","500~700만원 미만","제주"
"53369014","20240108","만족하는 편이다","건강을 위해 헬스장 등록하고 운동중임","F","60대","300~500만원 미만","서울"
"53369153","20240108","만족하는 편이다","부부동반 숙박 국내여행","M","60대","700만원 이상","서울"
"53369417","20240108","보통이다","별로 특별하지 않다","F","60대","300만원 미만","강원"
"53369531","20240108","만족하는 편이다","가족과함께라서","M","40대","500~700만원 미만","강원"
"53369535","20240108","보통이다","시간이 부족해 충분히 만족할수가없어서","F","30대","700만원 이상","강원"
"53369881","20240108","만족하는 편이다","집사람과 같이하는 시간에대한 만족감","M","40대","700만원 이상","대구"
"53369980","20240108","만족하는 편이다","충분히 하고싶은것을 다 해서","F","19~29세","없음/모름/무응답","서울"
"53370012","20240108","보통이다","산책시 더움","F","40대","300~500만원 미만","인천"
"53370016","20240108","만족하는 편이다","재밌게 잘 즐겨서","F","30대","700만원 이상","서울"
"53370217","20240108","보통이다","평소와 비슷한 수준의 여가문화생활을 즐기고 있음","M","60대","700만원 이상","서울"
"53370236","20240108","불만족하는 편이다","시간부족","F","60대","300~500만원 미만","강원"
"53370397","20240108","매우 불만족한다","경제적여유와 시간적여유가 없다","F","60대","300만원 미만","서울"
"53371419","20240108","만족하는 편이다","시간적 여유가 충분하다","M","60대","없음/모름/무응답","강원"
"53371755","20240108","보통이다","여가시간의 변동이 심하고 미리 계획 할수가 없어서","M","50대","700만원 이상","인천"
"53371846","20240108","만족하는 편이다","시간적 여유가 있어서","F","50대","700만원 이상","울산"
"53371953","20240108","불만족하는 편이다","물가상승 및 소득불안정","M","50대","300~500만원 미만","경기"
"53371983","20240108","만족하는 편이다","여가생활이 건강에 긍정적 마인드로 다가와 만족하는 편이다.","F","60대","300만원 미만","서울"
"53372070","20240108","보통이다","만족할만한 요소가 부족하다","F","30대","700만원 이상","경북"
"53372175","20240108","보통이다","특별한 이유 없음","F","50대","500~700만원 미만","강원"
"53372314","20240108","만족하는 편이다","시간적여유가있음","F","40대","300~500만원 미만","경기"
"53372596","20240108","보통이다","시간적여유와 경제적으로 지출이 많았음","F","40대","500~700만원 미만","부산"
"53372758","20240108","보통이다","그냥 그래서","M","40대","300만원 미만","대구"
"53372819","20240108","보통이다","나라 수선","F","30대","없음/모름/무응답","강원"
"53372938","20240108","불만족하는 편이다","시간부족 경제적 부담","M","40대","500~700만원 미만","경기"
"53373002","20240108","보통이다","가면은 좋은데 자주는 못가는 편이다","M","60대","300~500만원 미만","강원"
"53373196","20240108","만족하는 편이다","시간적인 여유가 많아짐","M","19~29세","300만원 미만","강원"
"53373257","20240108","만족하는 편이다","시간과 금전적인여유가 생겨서.","M","60대","300만원 미만","광주"
"53373448","20240108","보통이다","늘 변함없는 일상이라","M","19~29세","300~500만원 미만","인천"
"53373562","20240108","만족하는 편이다","행복해서 만족","M","30대","300만원 미만","인천"
"53373665","20240108","만족하는 편이다","사전준비를해서 만족도가 큰듯합니다","M","50대","300~500만원 미만","대구"
"53373857","20240108","만족하는 편이다","편하게 할 수 있었다","M","40대","700만원 이상","서울"
"53373908","20240108","만족하는 편이다","접근성이 유리하다","M","50대","없음/모름/무응답","경기"
"53374388","20240108","보통이다","넉넉지 않은 살림에 근심이 많은 편입니다.","M","40대","300~500만원 미만","전북"
"53375026","20240108","보통이다","경기가 많이 않조은탓이다ㆍ","M","60대","300만원 미만","경기"
"53375095","20240108","보통이다","변화없이 하고 있어서","F","50대","500~700만원 미만","충북"
"53375289","20240108","만족하는 편이다","비슷하기때문에","M","19~29세","300만원 미만","충남"
"53375321","20240108","만족하는 편이다","여가를 즐기기 위한 시간과 여유가 모두 있다","F","19~29세","500~700만원 미만","전북"
"53375371","20240108","보통이다","바쁘기도했고 시간적여유가없어서","F","50대","300만원 미만","경기"
"53375571","20240108","불만족하는 편이다","시간 여유 없음","M","40대","500~700만원 미만","경기"
"53375729","20240108","보통이다","부모님 간병 때문에 개인적인 시간을 활용하는데 제약이 있다","F","50대","700만원 이상","서울"
"53375874","20240108","만족하는 편이다","할수있을때 할수 있은깐...","M","50대","300~500만원 미만","광주"
"53375953","20240108","보통이다","특별히 이런 것을 고민한 적이 없다","M","50대","700만원 이상","대전"
"53376164","20240108","보통이다","그닥 즐겁지가 않아서","M","50대","없음/모름/무응답","세종"
"53376171","20240108","만족하는 편이다","여가활동을 할수있다는 것에 만족한다","F","40대","700만원 이상","울산"
"53376443","20240108","보통이다","똑같은 패턴이라","M","19~29세","300만원 미만","경기"
"53376612","20240108","만족하는 편이다","육아에서 벗어나 내 시간이 만들수있어 평소에 하고 싶었던 것들을 할수있었다.","F","40대","300~500만원 미만","경북"
"53376639","20240108","보통이다","만족도 불 만족도 아님.","M","60대","300~500만원 미만","대구"
"53376775","20240108","만족하는 편이다","건강증진 친목강화","M","60대","700만원 이상","부산"
"53376961","20240108","만족하는 편이다","원하는 여가생활을 대체로 즐긴편이다","M","40대","700만원 이상","경기"
"53377099","20240108","보통이다","시간이 부족하지도않앗고 충분히 여가활동을 즐기지도않아서","F","19~29세","700만원 이상","서울"
"53377305","20240108","보통이다","보통","M","40대","300만원 미만","경기"
"53377357","20240108","보통이다","나쁘지도 좋지도 않아서이다","F","40대","500~700만원 미만","울산"
"306059","20240115","보통이다","크게변화한게없어서","M","60대","500~700만원 미만","부산"
"332991","20240115","만족하는 편이다","시간이 많아서","F","19~29세","300~500만원 미만","광주"
"423907","20240115","보통이다","그렇게 좋지도 나쁘지도 않다","F","19~29세","500~700만원 미만","경기"
"424932","20240115","만족하는 편이다","나의 상황에 맞게 여가를 보내고 있어서","F","50대","없음/모름/무응답","서울"
"444295","20240115","보통이다","하는일이 있어서 시간 내기가 어려워서","F","60대","300만원 미만","전남"
"452077","20240115","불만족하는 편이다","물가가 너무올라서","M","30대","500~700만원 미만","서울"
"454830","20240115","보통이다","시간이 부족 .비용이 많이 늘어나고 개인적으로 바뻐졌음","M","60대","700만원 이상","경기"
"459319","20240115","보통이다","특별한 일없이 평범하기때문","F","50대","300만원 미만","경기"
"460366","20240115","보통이다","시간 경제력에 비하여 만족하면서 생활함","F","60대","300~500만원 미만","경기"
"53322246","20240115","매우 만족한다","여가시간이 충분하고 내 취향에 맞는 것들이어서 매우행복","F","60대","700만원 이상","세종"
"53322254","20240115","매우 만족한다","캠핑을 다니기 때문","M","40대","없음/모름/무응답","강원"
"53322646","20240115","보통이다","특별히 만족할만한 게 없습니다.","M","30대","500~700만원 미만","인천"
"53322817","20240115","매우 불만족한다","시간이 없어 여가 시간이 없음","F","30대","500~700만원 미만","인천"
"53322895","20240115","보통이다","가족이 항상 집에 있어서 식사를 챙겨야해서 긴 시간의 여가활동은 부족하다.","F","60대","700만원 이상","서울"
"53322910","20240115","만족하는 편이다","원하는 것을 하고 있고 하고나면 즐겁다","F","50대","700만원 이상","서울"
"53322952","20240115","보통이다","많이 참여하지 않음","F","50대","700만원 이상","대전"
"53322964","20240115","불만족하는 편이다","직장다니느라시간이모자람","F","60대","300~500만원 미만","강원"
"53322987","20240115","만족하는 편이다","저녁이후 퇴근이후 쉴수있다","M","40대","500~700만원 미만","부산"
"53323177","20240115","만족하는 편이다","여가시간보유","M","19~29세","300만원 미만","경기"
"53323201","20240115","만족하는 편이다","시간 하고 주변 인프라가 좋아졌다","M","50대","500~700만원 미만","경기"
"53323315","20240115","만족하는 편이다","굿","M","19~29세","없음/모름/무응답","서울"
"53323334","20240115","불만족하는 편이다","비용 및 시간 부족","F","30대","300만원 미만","서울"
"53323421","20240115","보통이다","평소랑 크게 다르지않아서","F","30대","500~700만원 미만","경남"
"53323462","20240115","만족하는 편이다","내가 하고싶은 시간대에 할 수 있어서.","M","60대","300만원 미만","충북"
"53323483","20240115","만족하는 편이다","마음의 여유가 생겼기 때문이고 시설도 어느정도 괜찮았습니다...","M","50대","300만원 미만","경남"
"53323516","20240115","만족하는 편이다","가족과 함께 할수있어서","M","60대","300~500만원 미만","대구"
"53323586","20240115","보통이다","큰 변화가 없어서 입니다.","F","50대","없음/모름/무응답","인천"
"53323745","20240115","만족하는 편이다","즐겁게 불만없이 할 수 있는 비용과 시간이 제공됩니다.","M","40대","300~500만원 미만","경기"
"53324009","20240115","만족하는 편이다","그냥 만족해서 .","M","50대","300만원 미만","경기"
"53324432","20240115","매우 불만족한다","아무것도 할 수가 없었다","F","30대","300~500만원 미만","경기"
"53324456","20240115","보통이다","그저그럼","F","30대","없음/모름/무응답","충남"
"53324737","20240115","보통이다","비용","M","60대","700만원 이상","부산"
"53324803","20240115","보통이다","육아와 직장을 병행으로 시간적으로 여유롭지 않음","F","40대","700만원 이상","경남"
"53324844","20240115","매우 만족한다","당근마켓우로 헬스장 이용권을 정상가보다 6만원 싸게 양도 받았다.","F","19~29세","없음/모름/무응답","대구"
"53324870","20240115","보통이다","여가생활 나이먹고 공윈산책 걷기 자전거 타기 등","M","60대","300만원 미만","경남"
"53324872","20240115","만족하는 편이다","하고싶은거 다하고 행복했다","F","30대","없음/모름/무응답","서울"
"53324937","20240115","만족하는 편이다","딱히 불편함을 못느낌","M","19~29세","300~500만원 미만","경기"
"53324945","20240115","보통이다","주변인프라 부족","F","50대","300~500만원 미만","울산"
"53325027","20240115","만족하는 편이다","시간에 큰 구애받지않고 적당히 시간분배하며여가를즐기기 때문","F","50대","700만원 이상","충남"
"53325049","20240115","보통이다","그냥 보통으로 만족한다","M","19~29세","300만원 미만","경북"
"53325115","20240115","보통이다","시간적 경제적 예유가없다","F","50대","300~500만원 미만","전북"
"53325147","20240115","만족하는 편이다","시간이 많아서","M","19~29세","500~700만원 미만","경기"
"53325328","20240115","만족하는 편이다","1달간 해외여행 다녀와서","F","19~29세","없음/모름/무응답","서울"
"53325502","20240115","만족하는 편이다","스트레스 해소에 큰 도움","M","30대","300~500만원 미만","제주"
"53325652","20240115","보통이다","보통","M","40대","300~500만원 미만","경기"
"53325655","20240115","만족하는 편이다","원하는 것을 편리하게 이용","F","60대","300~500만원 미만","서울"
"53325656","20240115","보통이다","육아","M","30대","300~500만원 미만","경기"
"53325668","20240115","보통이다","여기시간이 없어서","M","50대","500~700만원 미만","강원"
"53325760","20240115","보통이다","별로 변화가 없기 때문에","M","60대","700만원 이상","경남"
"53326003","20240115","보통이다","없음","F","19~29세","없음/모름/무응답","경기"
"53326271","20240115","보통이다","티켓값이너무비싸서 경제적으로도 고려해야해서 못간공연도 있었음","F","50대","700만원 이상","경기"
"53326347","20240115","만족하는 편이다","시간은 부족하지만 시간이 있다면 하고싶은걸 할 수있음","M","19~29세","없음/모름/무응답","서울"
"53326348","20240115","만족하는 편이다","없음니다","M","40대","500~700만원 미만","광주"
"53326383","20240115","보통이다","삶의 여유가 없음","F","40대","500~700만원 미만","전남"
"53326478","20240115","보통이다","그냥그렇딘","M","30대","300만원 미만","전남"
"53326638","20240115","만족하는 편이다","시간","M","50대","700만원 이상","경기"
"53326747","20240115","만족하는 편이다","비용에는 제약이 있지만 시간은 충분하다고 생각하기 때문에","M","30대","500~700만원 미만","경기"
"53326762","20240115","만족하는 편이다","여행도 가고 추억도 많이 쌓고 좋았습니다","F","30대","300만원 미만","강원"
"53326808","20240115","매우 불만족한다","생계를 목적으로 여가시간 활용이 어려워졌다.","M","50대","300만원 미만","경기"
"53327042","20240115","보통이다","더한것도없고?덜한것도없어서","F","60대","500~700만원 미만","경북"
"53327211","20240115","보통이다","만족하는 부분도 있고 아닌 부분도 있어서","F","30대","없음/모름/무응답","경북"
"53327421","20240115","만족하는 편이다","여유롭게 여가생활을 할 수 있어서","F","19~29세","500~700만원 미만","부산"
"53327513","20240115","만족하는 편이다","없음","M","19~29세","300~500만원 미만","제주"
"53327524","20240115","보통이다","운동은 하는데 효과가 잘 없는 것 같음","M","19~29세","300~500만원 미만","인천"
"53327549","20240115","만족하는 편이다","내가 원하는곳에 적당한 가격의 숙박 시설이용 장소이용 등에대해 만족","F","50대","없음/모름/무응답","세종"
"53327865","20240115","보통이다","큰 변화없이 좀 단조롭게 여가생활이 유지되는중","M","40대","700만원 이상","서울"
"53327943","20240115","보통이다","보통","F","19~29세","없음/모름/무응답","서울"
"53327948","20240115","만족하는 편이다","시간이 많은편.","F","50대","없음/모름/무응답","인천"
"53328108","20240115","만족하는 편이다","아이가 자라면서 여가시간이 늘어남에 따라 나에게 투자할 시간이 충분해져서","F","40대","500~700만원 미만","서울"
"53328199","20240115","불만족하는 편이다","시간이 없고 주변 인프라도 충분하지 않다","M","30대","없음/모름/무응답","강원"
"53328236","20240115","만족하는 편이다","여가 활동으로 쉼과 에너지 충전 스트레스 해소됨을 느낌","F","50대","300~500만원 미만","서울"
"53328278","20240115","보통이다","시간적 여유가 부족한 편이다","M","60대","300만원 미만","대전"
"53328299","20240115","보통이다","갑자기 취직하여 여가생활이 줄어들었다","F","40대","700만원 이상","경기"
"53328321","20240115","보통이다","시간이 없어 자주 못함","M","40대","500~700만원 미만","충남"
"53328334","20240115","만족하는 편이다","가을이어서 날씨 덕분에 만족이 증가함.","F","50대","700만원 이상","강원"
"53328430","20240115","보통이다","중간임","M","60대","300~500만원 미만","경기"
"53328564","20240115","불만족하는 편이다","시간적여유와경제적여유없응","F","50대","500~700만원 미만","서울"
"53328617","20240115","만족하는 편이다","내가 원하는 시간에 즐겨할 수 있는 활동을 충분히 할 수 있어서","F","30대","300~500만원 미만","제주"
"53328643","20240115","보통이다","없음","M","40대","없음/모름/무응답","인천"
"53328686","20240115","만족하는 편이다","여가시간을 잘 활용해 아주 만족하고있음","F","60대","700만원 이상","대구"
"53328870","20240115","만족하는 편이다","스스로를 돌아보고 나아갈 방향에 대해 생각하고 대비하는 시간을 가지게 되어서","M","50대","500~700만원 미만","부산"
"53328925","20240115","만족하는 편이다","만적한다","M","19~29세","700만원 이상","경기"
"53328959","20240115","만족하는 편이다","시간여유가 충분했음","M","30대","700만원 이상","서울"
"53329033","20240115","만족하는 편이다","시간이 많음","F","30대","700만원 이상","경북"
"53329099","20240115","보통이다","특별한것이없음","M","60대","300~500만원 미만","제주"
"53329542","20240115","만족하는 편이다","주변에 여가를 즐길수 있는 인프라가 잘 갖추어져 있다","F","60대","500~700만원 미만","경기"
"53329548","20240115","매우 만족한다","기분이좋아짐!","M","19~29세","없음/모름/무응답","서울"
"53329755","20240115","만족하는 편이다","지인들과의 어행 또는 산행 트레킹의 만족도가 아주 높아서","F","60대","500~700만원 미만","경기"
"53329858","20240115","만족하는 편이다","축제가 많아서 원하는곳에 갈수있다","F","50대","700만원 이상","대구"
"53329970","20240115","만족하는 편이다","자유롭게 시간조정이 가능합니다","F","40대","300만원 미만","경남"
"53329985","20240115","보통이다","크게 변화가 없다.","F","40대","500~700만원 미만","서울"
"53330107","20240115","만족하는 편이다","아이들이 아주 좋아해요","M","40대","500~700만원 미만","제주"
"53330480","20240115","만족하는 편이다","크게 불만일 부분이 없어서","F","19~29세","300~500만원 미만","서울"
"53330594","20240115","보통이다","보통","M","30대","없음/모름/무응답","강원"
"53330685","20240115","만족하는 편이다","시간을 잘 활용해 여가활동을 하고싶은것을 함","F","40대","700만원 이상","전북"
"53330723","20240115","불만족하는 편이다","육아하느라 시간이 없다","F","30대","500~700만원 미만","세종"
"53330760","20240115","만족하는 편이다","생각나면 바로 쉽게 접근할 수 있는 여가 생활을 주로 이루고 있어서 접근성이 매우 좋으면서도 경제적이어서 매우 만족한다. 다만 날씨등의 영향으로 조금 힘이 든적이 있던것도 사실이지만 그런것들은 천재지변이라고 봐야해서...","M","30대","없음/모름/무응답","강원"
"53330768","20240115","보통이다","시간적 경제적 여유가있음","F","40대","300~500만원 미만","충남"
"53330821","20240115","만족하는 편이다","해외여행이 좋았음","M","40대","700만원 이상","서울"
"53330997","20240115","보통이다","평소와다름없이 쳇바퀴 돌듯 휴식하며 운동하고 즐긴다","M","60대","500~700만원 미만","강원"
"53331048","20240115","보통이다","경비가 부담스럽다","F","40대","500~700만원 미만","경북"
"53331121","20240115","보통이다","글쎄요","M","60대","300만원 미만","대구"
"53331123","20240115","보통이다","크게 변동이없어서","M","19~29세","300만원 미만","경기"
"53331146","20240115","만족하는 편이다","기본적으로 밖에 나가기 보가는 집에서 여가생활을 하기 때문","F","19~29세","300만원 미만","전남"
"53331279","20240115","만족하는 편이다","하고 싶은 때 할수있어서","M","50대","300~500만원 미만","서울"
"53331351","20240115","불만족하는 편이다","근무시간 때문에 시간적여유와 경제적 여유가 없다","F","50대","300~500만원 미만","전북"
"53331420","20240115","만족하는 편이다","대인관계의 확장, 자기계발의 성취","F","19~29세","없음/모름/무응답","충남"
"53331503","20240115","만족하는 편이다","자유롭게 원하는것을 할수 있어서","F","50대","500~700만원 미만","전남"
"53331567","20240115","만족하는 편이다","비용이 저렴하다","M","50대","300~500만원 미만","경기"
"53331575","20240115","불만족하는 편이다","시간 비용 부족","M","19~29세","700만원 이상","인천"
"53332196","20240115","보통이다","그냥저냥이라서","M","40대","300~500만원 미만","강원"
"53332440","20240115","불만족하는 편이다","여가시간이 줄었다","M","50대","300만원 미만","경기"
"53332543","20240115","보통이다","자유로움","M","50대","700만원 이상","서울"
"53332776","20240115","매우 만족한다","내가 하고싶을때 가능했다","F","40대","300~500만원 미만","대구"
"53332912","20240115","만족하는 편이다","시간 장소 금전적 으로 든 딱히 어려운점이 없었다","F","40대","700만원 이상","경기"
"53333059","20240115","보통이다","좋지도 안좋지도 않아서","M","30대","없음/모름/무응답","광주"
"53333110","20240115","보통이다","특별한 변동사항이 없다.","M","50대","없음/모름/무응답","세종"
"53333133","20240115","만족하는 편이다","힐링이 됨","F","50대","700만원 이상","전남"
"53333260","20240115","보통이다","생활상 크게 변화가 없어서...","M","60대","300만원 미만","경기"
"53333341","20240115","만족하는 편이다","서로 친하게 지내면서 마음이 통하기 때문","M","60대","300~500만원 미만","부산"
"53333345","20240115","보통이다","주변환경이 좋지않다.","M","60대","300~500만원 미만","경북"
"53333438","20240115","보통이다","겨울철이라 산책만하고 있음","F","50대","300만원 미만","인천"
"53333439","20240115","보통이다","윤매국노가 나라망치고 있어서","M","40대","300~500만원 미만","경북"
"53333471","20240115","보통이다","시간을 보내다는 느낌이라","F","60대","700만원 이상","대전"
"53333649","20240115","보통이다","주변 문화시설이 턱없이 부족한 편","M","40대","700만원 이상","인천"
"53333675","20240115","보통이다","잘모름","M","50대","300~500만원 미만","서울"
"53333753","20240115","매우 불만족한다","일하누라 여가를 보낼 시간이 없음","F","19~29세","300~500만원 미만","경기"
"53333806","20240115","만족하는 편이다","파크골프에 입문해서 비용 시간에 제약을 받지않아 좋다","F","60대","300~500만원 미만","경기"
"53334016","20240115","보통이다","더 증가하지못해서","F","30대","없음/모름/무응답","경남"
"53334024","20240115","만족하는 편이다","시간,경비가 적당","M","60대","700만원 이상","강원"
"53334166","20240115","보통이다","시간이 여유가 별로 없어서 많이 하지 못합니다","F","60대","500~700만원 미만","부산"
"53334187","20240115","보통이다","평범하다","M","19~29세","300만원 미만","서울"
"53334197","20240115","만족하는 편이다","영화관이 가깝고 산책길도 잘 나있다.","F","19~29세","300만원 미만","전북"
"53334353","20240115","만족하는 편이다","공연 영화 관람을 하고싶은데로 할수있고 판소리도 배우고있기에 만족학고있는편이다","F","30대","300만원 미만","경기"
"53334384","20240115","만족하는 편이다","시간과 공간이 확보되어서","F","60대","없음/모름/무응답","충북"
"53334508","20240115","보통이다","큰변화가 없음","M","40대","700만원 이상","서울"
"53334565","20240115","만족하는 편이다","해외여행과 자전거타기 등을 이용했기에~~","M","50대","300~500만원 미만","강원"
"53334620","20240115","보통이다","경제활동에 큰변화가 없기때문이다","M","60대","300만원 미만","전북"
"53334624","20240115","보통이다","없음","M","30대","없음/모름/무응답","울산"
"53334672","20240115","보통이다","물가가많이오르고 오른만큼서비스적이부분들은 똑같거나 불친절해졌다","M","40대","300~500만원 미만","강원"
"53334738","20240115","보통이다","항상같은관점이라서","F","50대","300~500만원 미만","대구"
"53334886","20240115","보통이다","보통이다","M","60대","300만원 미만","충남"
"53334957","20240115","보통이다","여유있게 즐기지 못한 것","F","50대","300만원 미만","경기"
"53335075","20240115","불만족하는 편이다","시간과돈이없다","M","40대","300만원 미만","경기"
"53335169","20240115","만족하는 편이다","가고싶은 여행을 갈수있어서?","F","50대","500~700만원 미만","전남"
"53335528","20240115","만족하는 편이다","대체적으로 시간과 장소 접근에 불리함이 없음","M","40대","500~700만원 미만","경남"
"53335634","20240115","보통이다","특별하게 느껴지지 않고 일상적인 느낌이었다","M","30대","없음/모름/무응답","부산"
"53336096","20240115","만족하는 편이다","컨텐츠가 다양해졌다","M","50대","700만원 이상","강원"
"53336238","20240115","만족하는 편이다","특별한 변화 없이 계획하던 일상을 차질없이 진행할 수 있었기에","M","50대","500~700만원 미만","경기"
"53336311","20240115","보통이다","동절기로 추워서...","M","50대","300~500만원 미만","서울"
"53336411","20240115","보통이다","시간이 다소 적어져서","F","19~29세","300만원 미만","경기"
"53336413","20240115","만족하는 편이다","여유시간 활용 친구들과 친목도모","M","40대","300~500만원 미만","울산"
"53336587","20240115","보통이다","똑같음. 변하는거 극혐","F","40대","300만원 미만","부산"
"53336824","20240115","만족하는 편이다","건강한 편으로 다니는데 불편함이 없고 연금소득 등으로 자녀들의 도움에 의존하지 않고 여가활동을 할수있음","M","60대","300~500만원 미만","경기"
"53336978","20240115","보통이다","적당하게 여가를 즐기고 있어서","F","19~29세","700만원 이상","경북"
"53337587","20240115","보통이다","시간적 경제적 여유가 있어 다양한 것을 경험하지 못하는 것이 아쉬운 반면에 적게라도 여가활동을 하고 있어 해당응답을 하게 되었습니다.","M","40대","300~500만원 미만","경기"
"53337701","20240115","보통이다","항상 비슷하다","M","40대","300~500만원 미만","전남"
"53337708","20240115","보통이다","변함없음","M","19~29세","300만원 미만","부산"
"53337765","20240115","보통이다","계획대비 실행 비율이 낮음","M","50대","700만원 이상","서울"
"53337850","20240115","보통이다","생활에 무리없게 즐길 수 있는 정도라서","F","30대","없음/모름/무응답","강원"
"53337855","20240115","만족하는 편이다","환경적으로 좋아서","F","19~29세","700만원 이상","서울"
"53337890","20240115","보통이다","경제적으로나 시간적으로 여유가 없어서","M","40대","300~500만원 미만","대전"
"53337940","20240115","보통이다","적당히 다닌듯합니다.","M","30대","없음/모름/무응답","세종"
"53337955","20240115","매우 불만족한다","돈 시간 정신적여유없다","F","60대","700만원 이상","서울"
"53337965","20240115","만족하는 편이다","내가 시간될때 할수있어서","F","40대","300~500만원 미만","경북"
"53338224","20240115","보통이다","만족하지도 불만족하지도 않음","M","30대","없음/모름/무응답","경기"
"53338225","20240115","보통이다","내가 살고 있는 지역 주변에 여가생활을 할수있는 충분한 조건을 갖추고 있지 않아 보통이다","F","60대","700만원 이상","서울"
"53338271","20240115","보통이다","그럭저럭 휴식을 취하고 있습니다.","M","40대","300~500만원 미만","경기"
"53338292","20240115","보통이다","시간적 경제적여유 부족","F","40대","700만원 이상","대구"
"53338428","20240115","보통이다","잘모름","M","19~29세","300만원 미만","서울"
"53338554","20240115","불만족하는 편이다","시간.여유가 없다","F","30대","300만원 미만","대구"
"53338595","20240115","매우 만족한다","마음 맞는 친구가 있고 시간적 여유가 생겼고 수입도 나아졌다","F","50대","300만원 미만","부산"
"53338610","20240115","만족하는 편이다","여유 활동 시간이 어느 정도 있고 여유 있어서","M","19~29세","300만원 미만","경기"
"53338919","20240115","보통이다","특별히 달라진것도 없고 특별한것도 없음","F","40대","500~700만원 미만","충남"
"53339120","20240115","보통이다","시간부족","F","50대","700만원 이상","충남"
"53339147","20240115","만족하는 편이다","무리하지않고 여유롭게 하려고하니 큰 부담없이 할수있어서임","M","50대","300~500만원 미만","경기"
"53339154","20240115","만족하는 편이다","하고 싶은 것을 하고 싶을 때 한다","F","50대","700만원 이상","강원"
"53339186","20240115","만족하는 편이다","세종시에서 하는 연극. 뮤지컬. 합창. cgv가 가까이 있고 국립세종도서관과 행정복지센터 주민프로그램이 다양하게 있어 만족함.","F","60대","300만원 미만","세종"
"53339296","20240115","보통이다","여가생활 시간이 전반적으로 부족함","F","19~29세","300~500만원 미만","경북"
"53339320","20240115","불만족하는 편이다","여러사유로 관람이 힘들어서","M","40대","없음/모름/무응답","서울"
"53339524","20240115","만족하는 편이다","적당히 쉬면서 적당히 여행계획을 짜가지고 가니깐","M","40대","300~500만원 미만","경기"
"53339534","20240115","매우 불만족한다","비용","F","30대","없음/모름/무응답","충남"
"53339615","20240115","보통이다","보통이라","F","30대","500~700만원 미만","경기"
"53339667","20240115","보통이다","자격증 취득에 시간을 많이 쓰고 있음","F","19~29세","700만원 이상","서울"
"53339952","20240115","만족하는 편이다","편한 시간을 보내서","F","30대","500~700만원 미만","광주"
"53340016","20240115","만족하는 편이다","좋은지인들이많아봉사활동도증가하고 산책및영화관람도가까워 편리해서","M","60대","700만원 이상","인천"
"53340138","20240115","매우 만족한다","시간적 여유가 있어서","F","19~29세","없음/모름/무응답","부산"
"53340141","20240115","보통이다","시간이 있을 때 마땅히 할 게 없거나 할 게 있으면 시간이 없거나","F","50대","700만원 이상","경남"
"53340175","20240115","보통이다","이전과 비슷해서","F","40대","700만원 이상","인천"
"53340226","20240115","만족하는 편이다","충분한 환경","F","19~29세","700만원 이상","서울"
"53340452","20240115","만족하는 편이다","시간적여유가있었음","F","40대","500~700만원 미만","충북"
"53340763","20240115","만족하는 편이다","행사 다양성이나 횟수가 점차 증가되어 있고 sns 중심으로 정보 공유가 잘 되어 접근성이 용이. 미세먼지 없는 날씨로 야외활동과 이동하기 좋아 더욱 다양하게 여가활동을 할 수 있었음.","F","30대","700만원 이상","서울"
"53340790","20240115","만족하는 편이다","내 시간을 구속하는 시간대를 벗어나서 활용하기에 만족한다","F","60대","500~700만원 미만","서울"
"53340871","20240115","보통이다","변화되는것이 없었다","F","40대","700만원 이상","경기"
"53340950","20240115","만족하는 편이다","시간적여유가 있어서","M","60대","300~500만원 미만","충남"
"53341106","20240115","보통이다","없음","M","40대","500~700만원 미만","울산"
"53341460","20240115","만족하는 편이다","시간적 경제적여유","F","50대","700만원 이상","서울"
"53341467","20240115","보통이다","영상 시청의 비중이 큰 편인데 다른게 할게 없어서 많은 비중을 차지하는 느낌","M","19~29세","300만원 미만","전북"
"53341515","20240115","보통이다","항상 비슷한 여가 생활이 지속되고 새로운 것이 없어서","F","50대","500~700만원 미만","경북"
"53341537","20240115","만족하는 편이다","하고싶은 운동 하고 가고싶은곳 다니고 있으니까","F","60대","300만원 미만","대구"
"53341562","20240115","만족하는 편이다","시설도 개선되고 프로그램도 늘었어요","F","60대","500~700만원 미만","서울"
"53341623","20240115","만족하는 편이다","시간구애 받지않고 자유롭게 즐김","M","50대","300~500만원 미만","서울"
"53341636","20240115","만족하는 편이다","남편과 재밌게 보낼수있어서","F","50대","700만원 이상","경기"
"53341837","20240115","만족하는 편이다","가성비","M","60대","700만원 이상","제주"
"53341858","20240115","보통이다","특별한건 없음","F","19~29세","없음/모름/무응답","강원"
"53342027","20240115","보통이다","경제적 부담","F","50대","500~700만원 미만","서울"
"53342403","20240115","보통이다","부족함이 없어서","M","60대","700만원 이상","강원"
"53342494","20240115","불만족하는 편이다","최근 취업해 쉬는 날이 없다","F","19~29세","300~500만원 미만","전남"
"53342506","20240115","보통이다","소득이 증가하지 않아 여가활동의 제약이 있으며. 물가가 너무 오른 이유도 있습니다.","M","60대","300~500만원 미만","경남"
"53342561","20240115","보통이다","그런대로 즐겁다","M","60대","300~500만원 미만","대전"
"53342573","20240115","만족하는 편이다","연극 운동 게임 다양하게 하는중","F","19~29세","500~700만원 미만","충남"
"53342643","20240115","보통이다","평범했어","M","50대","300~500만원 미만","경기"
"53342734","20240115","만족하는 편이다","주변여건 조성","M","50대","700만원 이상","경기"
"53342806","20240115","만족하는 편이다","생활에 활력을 줄만큼은 되기때문에","F","40대","300~500만원 미만","대구"
"53342816","20240115","만족하는 편이다","원하는 매체에 잔뜩 접근할 수 있어서","M","19~29세","500~700만원 미만","경북"
"53343080","20240115","보통이다","시간 부족","M","40대","700만원 이상","대구"
"53343114","20240115","불만족하는 편이다","더 나은 환경을 추구함","M","30대","없음/모름/무응답","인천"
"53343179","20240115","만족하는 편이다","원하는 시간에 충분히 할수 있었다","F","60대","700만원 이상","강원"
"53343263","20240115","보통이다","루틴한 활동","M","50대","700만원 이상","충남"
"53343282","20240115","만족하는 편이다","하고있는 취미생활을 계속하고 있으므로","F","60대","300만원 미만","전남"
"53343338","20240115","만족하는 편이다","체력을 다시 회복할 시간이 되었고 다양한 활동을 통해 스트레스를 풀 수 있었다","F","30대","300~500만원 미만","서울"
"53343430","20240115","불만족하는 편이다","육아 때문에 여가생활이 거의 없음","F","30대","700만원 이상","대구"
"53343431","20240115","만족하는 편이다","불만이 딱히 없어서","F","19~29세","500~700만원 미만","경기"
"53343436","20240115","보통이다","최근에는 자격증 취득관련으로 공부에 집중한다고 여가시간이 편중되어 만족하지 못하고 있음","F","40대","500~700만원 미만","경북"
"53343439","20240115","보통이다","이전에 했던 여가생활과 비교했을 때 큰 변화가 없어서","M","30대","300~500만원 미만","서울"
"53343648","20240115","만족하는 편이다","시간적 여유가 많음","M","40대","300만원 미만","충북"
"53343705","20240115","보통이다","경제적으로 여유가 부족하다","M","50대","300~500만원 미만","세종"
"53343733","20240115","보통이다","시간이 부족해서","F","50대","700만원 이상","제주"
"53343781","20240115","만족하는 편이다","전보다 많은시간을 갖음","M","30대","300~500만원 미만","광주"
"53343787","20240115","만족하는 편이다","경제적인 여유로","M","60대","700만원 이상","부산"
"53343789","20240115","만족하는 편이다","ㅅ","F","19~29세","500~700만원 미만","부산"
"53343805","20240115","만족하는 편이다","아이들이 커서 시간적여유가 많아졌습니다.","F","40대","700만원 이상","충남"
"53343958","20240115","보통이다","작년과 그다지 변함이 없어서","F","40대","300만원 미만","경북"
"53344005","20240115","보통이다","감기로 인해","M","50대","300~500만원 미만","경기"
"53344087","20240115","보통이다","시간과건강","M","60대","300~500만원 미만","제주"
"53344114","20240115","보통이다","주기적인모임으로 움직여서","M","40대","300~500만원 미만","충남"
"53344230","20240115","보통이다","여가생활에 특별한 의미를 두지 않는다","M","60대","700만원 이상","강원"
"53344233","20240115","만족하는 편이다","가고 싶을 때 시간이 가능해서","F","40대","700만원 이상","대구"
"53344438","20240115","보통이다","이사를 와서 항상 같이하던 친구들이 없이 혼자하는게...","F","50대","700만원 이상","서울"
"53344441","20240115","매우 만족한다","업무상 출장겸 해외 여행 PC게임을 위한 컴퓨터 구매","M","19~29세","없음/모름/무응답","경기"
"53344701","20240115","만족하는 편이다","시간적 여유","M","40대","500~700만원 미만","전남"
"53344982","20240115","보통이다","특별하게 변함이 없다","M","50대","300만원 미만","대전"
"53345193","20240115","보통이다","학교를 다니고 있어 바쁘지만 저녁에 귀가해서는 여가생활을 1시간이라도 하고 있기 때문.","F","19~29세","700만원 이상","제주"
"53345212","20240115","보통이다","그냥저냥 똑같아서","F","19~29세","300만원 미만","경기"
"53345346","20240115","보통이다","시간이 없어서","F","30대","500~700만원 미만","서울"
"53345383","20240115","만족하는 편이다","다양한 활동을 접할 인프라가 가까이 있어서","F","19~29세","없음/모름/무응답","서울"
"53346170","20240115","만족하는 편이다","작년보다 많이 여가활동을해서","F","60대","300만원 미만","충북"
"53346410","20240115","불만족하는 편이다","비용","M","50대","없음/모름/무응답","서울"
"53346428","20240115","보통이다","특별히 재미있는 것은 아님","M","60대","300~500만원 미만","강원"
"53346582","20240115","보통이다","특별한 계기가 없다","F","60대","500~700만원 미만","전남"
"53346602","20240115","보통이다","여가시간이 충분하지 않음","M","30대","300~500만원 미만","충남"
"53346616","20240115","만족하는 편이다","평생학습관에 매일 다니면서 배움","M","60대","500~700만원 미만","경북"
"53346635","20240115","보통이다","특별히 달라진게 없어서","F","40대","300~500만원 미만","서울"
"53346825","20240115","보통이다","일병행","M","50대","500~700만원 미만","서울"
"53346834","20240115","만족하는 편이다","요리가 생각보다 잘만들어저서","M","40대","없음/모름/무응답","인천"
"53346845","20240115","만족하는 편이다","나이들어 다양하게 공부할 수 있어서 좋았다","F","60대","300만원 미만","서울"
"53346866","20240115","보통이다","여가시간의 여유가없음","M","50대","500~700만원 미만","경기"
"53347097","20240115","만족하는 편이다","여가생활을 하는데 있어서 시간이 되기 때문에 만족하는 편입니다.","M","40대","300만원 미만","서울"
"53347230","20240115","보통이다","수입이 늘지가 않아서 지출을 줄이고 있어서 할수있는 것을 집주변으로 축소해 즐기는 편이라 보통이라고 느낌","M","30대","300만원 미만","경기"
"53347300","20240115","보통이다","콘텐츠 부족","M","50대","300~500만원 미만","충북"
"53347386","20240115","보통이다","크게 달라지지않음","F","40대","300~500만원 미만","부산"
"53347628","20240115","불만족하는 편이다","경제적 여유 부족","F","19~29세","300만원 미만","서울"
"53347665","20240115","보통이다","합리적 지출","M","60대","700만원 이상","경남"
"53347709","20240115","만족하는 편이다","가족과 관람후 식사와 대화 시간이 많았음 최근 클래식 공연 관람후 다음 공연을 확인하고 왔음(공연관람약속)","M","60대","700만원 이상","인천"
"53347764","20240115","보통이다","시간과 경제적상황에 맞게 하고 있기때문","F","60대","300만원 미만","울산"
"53347795","20240115","만족하는 편이다","여유있는 시간 언제든 만날수 있는 친구","M","60대","300~500만원 미만","충북"
"53347891","20240115","불만족하는 편이다","체력 부족","M","30대","300~500만원 미만","서울"
"53348294","20240115","보통이다","36개월미만의 두 아이 육아","F","30대","500~700만원 미만","서울"
"53348324","20240115","불만족하는 편이다","시간 및 비용 부족","M","19~29세","300만원 미만","울산"
"53348345","20240115","매우 만족한다","인프라가 잘 갖춰짐.","M","30대","300~500만원 미만","충북"
"53348510","20240115","보통이다","비슷한 생활","M","30대","300~500만원 미만","경기"
"53348520","20240115","만족하는 편이다","오랜만에 친구들과 여행","F","40대","300~500만원 미만","대전"
"53348557","20240115","만족하는 편이다","시설만족 ? 필요할때 이요할수 있다","M","50대","700만원 이상","충남"
"53348603","20240115","만족하는 편이다","해외여행 재미있게 다녀와서 만족스럽다","F","19~29세","500~700만원 미만","강원"
"53348643","20240115","불만족하는 편이다","경제ㆍ시간적 이유","F","50대","없음/모름/무응답","인천"
"53348747","20240115","보통이다","언제든지 원하는 영화를 넷플릭스를 통해 잘 보기때문","F","60대","700만원 이상","경기"
"53348839","20240115","만족하는 편이다","좋아요","F","60대","500~700만원 미만","경기"
"53349120","20240115","보통이다","보통이니까","M","30대","700만원 이상","경남"
"53349178","20240115","만족하는 편이다","제약이 없음","M","30대","700만원 이상","충북"
"53349215","20240115","보통이다","이사하느라 시간이 부족해서 못즐김","F","19~29세","300만원 미만","서울"
"53349334","20240115","만족하는 편이다","특별한 비용을 투자 하지않고 만족하기 때문","M","60대","300~500만원 미만","충남"
"53349335","20240115","만족하는 편이다","가족끼리 여행을 다녀와서","F","30대","300~500만원 미만","대전"
"53349356","20240115","보통이다","보통의 여가생활을 하는 것으로 생각함","M","50대","700만원 이상","강원"
"53349623","20240115","보통이다","만족도가보통이라서","M","40대","300~500만원 미만","경기"
"53349955","20240115","보통이다","적당한 시간적 여유가 있기 때문이다","F","50대","300만원 미만","인천"
"53350025","20240115","보통이다","평범함","M","50대","없음/모름/무응답","강원"
"53350087","20240115","보통이다","그럭저럭 다른활동을 하는것과 별반차이가 없는것 같아서","M","19~29세","300만원 미만","경기"
"53350147","20240115","만족하는 편이다","적정한 퇴근시간후 여유가 있어서","M","40대","500~700만원 미만","대전"
"53350161","20240115","보통이다","여가나 경제력 한도내에서 여가생활을 하기 때문에","F","60대","300만원 미만","대전"
"53350203","20240115","보통이다","특별이유 없음","M","50대","700만원 이상","서울"
"53350344","20240115","보통이다","주로 집에서 휴식위주로 여가활동을 함","M","50대","700만원 이상","서울"
"53350582","20240115","매우 만족한다","말이필요없다","M","19~29세","없음/모름/무응답","경기"
"53350788","20240115","보통이다","없음","M","19~29세","500~700만원 미만","충북"
"53350879","20240115","보통이다","여행을 못갔어요","F","40대","700만원 이상","전남"
"53350889","20240115","만족하는 편이다","내가 원하는 시간에 좋은 친구들이 함께해서","F","50대","없음/모름/무응답","강원"
"53350891","20240115","보통이다","돈","F","40대","300~500만원 미만","경기"
"53350940","20240115","만족하는 편이다","시간적 여유","F","19~29세","300만원 미만","서울"
"53351304","20240115","매우 불만족한다","경제적 여유 부족","M","30대","없음/모름/무응답","경북"
"53351371","20240115","보통이다","시간부족","M","60대","300만원 미만","경북"
"53351448","20240115","매우 불만족한다","이동거리가 멀어서","F","50대","300~500만원 미만","전북"
"53351526","20240115","보통이다","이전과 비슷해서 보통임","M","40대","500~700만원 미만","인천"
"53351806","20240115","보통이다","그럭저럭 괜찮습니다","F","19~29세","300만원 미만","전북"
"53351902","20240115","보통이다","적당히 즐기고 있음","M","40대","700만원 이상","경기"
"53351988","20240115","보통이다","경제적으로 여유롭지 못해서 맘껏누릴수없음","F","30대","300만원 미만","인천"
"53352014","20240115","보통이다","시간과 금전적 여유가 부족","M","50대","500~700만원 미만","충남"
"53352159","20240115","보통이다","여가를 위한 새로운 활동을 찾아나서지 않아도 이대로 편하기 때문에","F","40대","300만원 미만","서울"
"53352205","20240115","보통이다","달라진게 없음","M","40대","700만원 이상","제주"
"53352407","20240115","보통이다","지난해와 별 다른 여유가 없가 때문","F","60대","300만원 미만","대구"
"53352432","20240115","불만족하는 편이다","시간이 없음","M","30대","500~700만원 미만","경기"
"53352465","20240115","보통이다","특별한이유없음","F","60대","300~500만원 미만","인천"
"53352700","20240115","만족하는 편이다","여가시간이 늘어서 가족과 시간을 더 보낼 수 있게 되어서 만족","F","40대","300~500만원 미만","부산"
"53352799","20240115","보통이다","충분히 질적인 여가활동을 하지못하고있음","F","30대","700만원 이상","서울"
"53352833","20240115","매우 만족한다","국내 태백 여행 성공적 및 집 근처 수영 시설 활용","M","30대","300~500만원 미만","서울"
"53352933","20240115","만족하는 편이다","지난해에비해 시간적으로나경제적으로 좀 여유로워졌기때문","F","60대","300~500만원 미만","인천"
"53352970","20240115","만족하는 편이다","근처에 요가학원이있고 선생님도 잘가르쳐주심 합창도 지휘자샘이 잘 가르침","F","50대","300~500만원 미만","대구"
"53352986","20240115","만족하는 편이다","잘 즐기고있다","F","30대","500~700만원 미만","경남"
"53352995","20240115","보통이다","비용","M","50대","500~700만원 미만","강원"
"53353072","20240115","보통이다","이전과 변화 된것이 없기 때문에","F","50대","500~700만원 미만","경기"
"53353245","20240115","보통이다","지금 만족스럽다","M","19~29세","없음/모름/무응답","강원"
"53353515","20240115","보통이다","건강이 좋지않아 관굉지를 많이 방문하지 못해서","F","60대","300만원 미만","경남"
"53353523","20240115","보통이다","여가활동에돈이 부족해서","M","50대","300만원 미만","광주"
"53353681","20240115","만족하는 편이다","시간여유 경제적인 부담 없음","F","50대","700만원 이상","충남"
"53353928","20240115","만족하는 편이다","원하는 시간에 원하는 취미 생활을 할 수 있어서","M","50대","500~700만원 미만","서울"
"53353957","20240115","만족하는 편이다","나의 삶에 만족하는편이다.","M","50대","300만원 미만","서울"
"53353974","20240115","만족하는 편이다","여가생활이 여유롭게 할 수 잇어서 좋다","M","60대","700만원 이상","경기"
"53354015","20240115","만족하는 편이다","시간적으로 여유가 생겼고 건강에 관심이 높아져 여가 활동을 하고 있음","F","50대","300만원 미만","인천"
"53354018","20240115","만족하는 편이다","시간과 돈이 충분해서","M","40대","700만원 이상","경기"
"53354179","20240115","만족하는 편이다","하고싶은거 다 해서","F","19~29세","700만원 이상","경기"
"53354571","20240115","불만족하는 편이다","문화생활을 하고싶으나 기회가 적고 시간이없음","F","30대","300만원 미만","전남"
"53354719","20240115","보통이다","나쁘지도 좋지도 않은 중간정도이기 때문이다","F","30대","300만원 미만","충남"
"53355142","20240115","보통이다","글쎄요 그저 보통이기에 보통이라고 적었습니다만","M","50대","300~500만원 미만","부산"
"53355192","20240115","만족하는 편이다","동호회가입으로 활동이 쉬워짐","M","40대","300~500만원 미만","경기"
"53355214","20240115","보통이다","그냥 평소랑 같아서 딱히 달라진것도 특별한것도 없다.","F","40대","300~500만원 미만","경기"
"53355261","20240115","보통이다","물가상승","F","40대","500~700만원 미만","부산"
"53355403","20240115","보통이다","크게 변하지 않아서","M","50대","700만원 이상","경북"
"53355571","20240115","만족하는 편이다","아이가 커서 함께 할수 있는 것도 많아지고 시간적 여유가 생겨서","F","50대","500~700만원 미만","경기"
"53355578","20240115","보통이다","크게 비용이 들지않아서","M","30대","300~500만원 미만","대전"
"53355680","20240115","보통이다","내맘","M","19~29세","없음/모름/무응답","경기"
"53355850","20240115","보통이다","그냥 그렇다","M","19~29세","300~500만원 미만","인천"
"53356071","20240115","만족하는 편이다","애니메이션 콘서트 처음접해봤는데 흥미롭고 추억이 새록새록 난다","M","40대","500~700만원 미만","울산"
"53356159","20240115","보통이다","평일 시간이 없고 주말도 여유가 있는편이 아님","M","30대","500~700만원 미만","경기"
"53356414","20240115","보통이다","좀 더 시간이 많았으면 좋겠다","M","30대","없음/모름/무응답","제주"
"53356420","20240115","만족하는 편이다","본인의건강증진","M","60대","500~700만원 미만","충북"
"53356456","20240115","보통이다","더 하고싶은데 체력이 안따라주는것도 있고 정보도 부족하여 약간 아쉬운 마음에 보통이다 를 선택함","F","40대","300만원 미만","전북"
"53356487","20240115","만족하는 편이다","마음 편히 쉴수있었기 때문","F","30대","300~500만원 미만","대전"
"53356522","20240115","보통이다","경제적 으로 여유가 없어서","M","40대","300만원 미만","전남"
"53356573","20240115","보통이다","전반기와 비교시 큰차이 없음","M","30대","500~700만원 미만","대전"
"53356598","20240115","보통이다","크게 변화 내용이없음","M","30대","500~700만원 미만","인천"
"53356656","20240115","만족하는 편이다","계획한 활동들을 잘 실행중이다","M","40대","500~700만원 미만","광주"
"53356801","20240115","보통이다","시간이모자라서","M","60대","300만원 미만","강원"
"53356963","20240115","보통이다","물가인상","M","50대","300만원 미만","경기"
"53357036","20240115","불만족하는 편이다","시간과 정보부족","M","50대","700만원 이상","충남"
"53357044","20240115","보통이다","변화없음","F","19~29세","없음/모름/무응답","광주"
"53357169","20240115","만족하는 편이다","건강도 챙기면서 즐길 수 있어서","F","60대","300만원 미만","인천"
"53357176","20240115","보통이다","사는게비슷함","F","60대","300만원 미만","부산"
"53357327","20240115","만족하는 편이다","시간과 경제력을 갖고 있어서","F","40대","700만원 이상","강원"
"53357420","20240115","만족하는 편이다","시간및 금전적인 여유가 생겨서","M","40대","300~500만원 미만","부산"
"53357471","20240115","보통이다","최근에는 시간적인여유가 부족하였음","F","60대","300~500만원 미만","전남"
"53357605","20240115","불만족하는 편이다","시간에 ?긴다","F","50대","500~700만원 미만","강원"
"53357864","20240115","매우 불만족한다","아이가 7개월이라 가정에 신경쓰는 중이라 나에게 쓸 시간이 부족하다.","M","19~29세","500~700만원 미만","충남"
"53357904","20240115","만족하는 편이다","가족과의 시간 증가 할수있는 액티비티 증가","M","30대","300~500만원 미만","경남"
"53358031","20240115","보통이다","즐기고싶은 것들이 지방에는 부족하고 금전적 여유가 없다","F","30대","300~500만원 미만","충남"
"53358233","20240115","보통이다","특별히 관심을 갖지 않고 건강상 하고 있기 때문.","F","60대","300~500만원 미만","광주"
"53358236","20240115","만족하는 편이다","여가를 즐길 시간이 많다","F","19~29세","300만원 미만","서울"
"53358410","20240115","매우 불만족한다","경제적 여건 부족","F","30대","없음/모름/무응답","경남"
"53358419","20240115","보통이다","큰변화없이 하던데로 한다","M","50대","700만원 이상","서울"
"53358480","20240115","만족하는 편이다","여가생활을 하고 나면 멈이 편안해진다","F","50대","없음/모름/무응답","서울"
"53358493","20240115","보통이다","주변에 크게 갈만한 곳이 없고 움직이면 비용이 많이 소요됨","M","40대","500~700만원 미만","서울"
"53358510","20240115","보통이다","특별히 무언가를 갈망하지 않아서","M","40대","없음/모름/무응답","서울"
"53358726","20240115","보통이다","진짜 보통","M","30대","300만원 미만","서울"
"53358801","20240115","불만족하는 편이다","경제 물가지수 증가로 아르바이트를 하지않으면 현재생활 유지불가로 현강정부의 무능함에 개탑스럽고 힘들어서 여가따위는 앞으로 더 없을것이란 미래가 암울하다","M","40대","없음/모름/무응답","경기"
"53358855","20240115","보통이다","주변 인프라 부족. 쇼핑몰등이 도보권에 없음","F","40대","300~500만원 미만","경기"
"53359179","20240115","만족하는 편이다","나를 위해서 하고싶은걸 맘껏 할수있다 현재까지는","M","19~29세","700만원 이상","부산"
"53359199","20240115","보통이다","매일매일 꾸준히 생활을 하고 있어요","M","50대","300만원 미만","광주"
"53359554","20240115","보통이다","만족까지는 없음","F","30대","500~700만원 미만","충북"
"53359587","20240115","보통이다","다른것을 해보고싶다","M","50대","300~500만원 미만","충남"
"53359656","20240115","만족하는 편이다","가족들과 함께 차를 마시며 진솔한 대화의시간을 가질수 있어서","M","50대","700만원 이상","전남"
"53359954","20240115","만족하는 편이다","보다수준이높은 내용이 많아서","M","60대","500~700만원 미만","경북"
"53359965","20240115","만족하는 편이다","평소에 즐기는 등산, 산책 모두 만족하며 즐기는중","F","40대","700만원 이상","서울"
"53360041","20240115","만족하는 편이다","시간과 경제적 여유","M","40대","700만원 이상","경남"
"53360310","20240115","보통이다","물가가 비싸고 써비스질이 낮다","F","50대","700만원 이상","강원"
"53360323","20240115","보통이다","하고자했을 때 특별히 제한을 받지 않았다.","F","50대","500~700만원 미만","경기"
"53360335","20240115","만족하는 편이다","가격이 만족","F","50대","500~700만원 미만","인천"
"53360429","20240115","만족하는 편이다","응원 팀인 기아 타이거즈의 우승","M","19~29세","700만원 이상","전북"
"53360486","20240115","만족하는 편이다","운동을 하고 충분히 휴식을 취해서","F","50대","300~500만원 미만","대구"
"53360539","20240115","만족하는 편이다","시간 여유","M","50대","300만원 미만","서울"
"53360885","20240115","보통이다","특별한 점이 없어서","F","60대","300~500만원 미만","서울"
"53360967","20240115","매우 만족한다","해외여행을 다녀옴","F","60대","500~700만원 미만","서울"
"53361006","20240115","보통이다","그냥 좋지도 안좋지도 않아요.","F","19~29세","500~700만원 미만","경남"
"53361380","20240115","보통이다","하려면 할 수 있다고 생각해서","F","30대","없음/모름/무응답","충남"
"53361520","20240115","보통이다","시간과 돈이 점점 부족","M","40대","300~500만원 미만","경기"
"53361542","20240115","보통이다","부족하지도 많지도않다","F","19~29세","없음/모름/무응답","경북"
"53361605","20240115","만족하는 편이다","원할 때 할 수 있음","F","30대","300~500만원 미만","대전"
"53361738","20240115","만족하는 편이다","여가생활을 즐길시간이 충분함","F","19~29세","없음/모름/무응답","경남"
"53361810","20240115","보통이다","인프라는 좋아졌지만 전반적으로 물가가 상승하여 여가비용지출이 증가했기 때문입니다.","F","30대","700만원 이상","경기"
"53361826","20240115","만족하는 편이다","하고싶은걸 할 수 있어서","M","30대","500~700만원 미만","광주"
"53361846","20240115","만족하는 편이다","불편함이 없고 스스로 즐기고 있음","M","50대","700만원 이상","대전"
"53361901","20240115","불만족하는 편이다","경제적 여유가 없음","M","30대","300~500만원 미만","대구"
"53362096","20240115","불만족하는 편이다","시간 부족","M","40대","없음/모름/무응답","서울"
"53362428","20240115","보통이다","질적으로 더 나은 여가시간을 즐기고 싶음","F","30대","없음/모름/무응답","울산"
"53362451","20240115","불만족하는 편이다","시간이 없다","F","50대","700만원 이상","전남"
"53362480","20240115","보통이다","딱히 특별할건 없었어서.. 그전과 비교해서 느끼는 만족도가 크게 증가한건 아니고 비슷하게 만족해서","F","19~29세","없음/모름/무응답","경기"
"53362551","20240115","만족하는 편이다","휴일이 많아서","M","40대","300만원 미만","부산"
"53362599","20240115","불만족하는 편이다","즐거움이나 건강을 위한 활동이 없고 혼자 집에서 그냥 쉬면서 하는것들이라..","F","40대","300~500만원 미만","경기"
"53362810","20240115","만족하는 편이다","내 시간과 선호하는 활동 범위 내에서 했기 때문","F","60대","700만원 이상","경기"
"53362889","20240115","불만족하는 편이다","여유시간과 인프라 부족","M","50대","500~700만원 미만","제주"
"53362893","20240115","보통이다","특별한 제약없이 하고플땐 만들어서 한다","M","50대","700만원 이상","충남"
"53362930","20240115","만족하는 편이다","스포츠 관람 및 시청과 국내여행 을 하게 되서","M","60대","300~500만원 미만","경기"
"53363028","20240115","만족하는 편이다","가고 싶고 하고 싶은것을 모두 이행함","M","50대","700만원 이상","대구"
"53363114","20240115","보통이다","매너리즘","M","30대","없음/모름/무응답","경기"
"53363129","20240115","매우 불만족한다","출산고ㅏ 육아로 인해 개인적인 생활이 여과생활이 불만족 스럽다","F","30대","300~500만원 미만","대구"
"53363155","20240115","보통이다","시간이 많이 나진 않지만 아이들이 어린이집 가는 시간을 이용하 여가 활동을 함","F","40대","500~700만원 미만","전북"
"53363239","20240115","불만족하는 편이다","경제적 및 인프라","M","50대","300~500만원 미만","경기"
"53363361","20240115","만족하는 편이다","시간작여유와 시설","M","19~29세","300만원 미만","울산"
"53363531","20240115","보통이다","쉴때 무엇을 해야할지 막상 모르겠다.","M","40대","300~500만원 미만","서울"
"53363591","20240115","매우 만족한다","개인목표를 향해","M","40대","500~700만원 미만","경기"
"53363653","20240115","보통이다","피로누적으로 건강을 위해 억지로 함으로.","F","50대","500~700만원 미만","경남"
"53363693","20240115","보통이다","시간적 여유가 좀 더 있으면 좋겠습니다","F","60대","500~700만원 미만","부산"
"53363768","20240115","만족하는 편이다","인프라 좋음","M","40대","700만원 이상","경기"
"53363818","20240115","보통이다","다른 활동도 즐기고 싶으나 경제적 여건이 좋지 못함","M","30대","300만원 미만","강원"
"53364086","20240115","보통이다","비슷한 생활패턴","M","30대","300만원 미만","인천"
"53364168","20240115","매우 불만족한다","경제적 적자","F","50대","300만원 미만","경기"
"53364175","20240115","보통이다","여가생활에 특별한 변화가 없음","M","50대","700만원 이상","서울"
"53364266","20240115","만족하는 편이다","마음에 여유를가지려하니까","M","60대","500~700만원 미만","전남"
"53364316","20240115","불만족하는 편이다","시간 비용부족","F","60대","없음/모름/무응답","서울"
"53364530","20240115","만족하는 편이다","좋아하는 영화가 많이 개봉한 데다가 스포츠 해외리그 중계도 많이 이루어지는 등 접근성이 향상되었기 때문이다.","M","19~29세","300~500만원 미만","서울"
"53364608","20240115","만족하는 편이다","여유시간 남","M","50대","300만원 미만","경기"
"53364700","20240115","보통이다","항상하던대로 여건에 따라 하니","M","60대","700만원 이상","충남"
"53365047","20240115","보통이다","물가상승폭이 너무 큼","F","50대","300~500만원 미만","경기"
"53365158","20240115","매우 불만족한다","업무에 치임","M","19~29세","없음/모름/무응답","인천"
"53365471","20240115","만족하는 편이다","떠올려보면 행복했음","M","19~29세","없음/모름/무응답","서울"
"53365608","20240115","보통이다","변함이 없어사","F","19~29세","700만원 이상","충북"
"53366068","20240115","만족하는 편이다","원할 때 자유롭게 여가활동을 할 수 있음","M","60대","700만원 이상","강원"
"53366188","20240115","보통이다","빈도가 적어 만족도에 영향 없음","M","30대","없음/모름/무응답","서울"
"53366407","20240115","보통이다","안전과 관련된 인프라가 부족한듯함","M","60대","700만원 이상","경북"
"53366448","20240115","보통이다","크게 만족을 느끼지못하여서","M","50대","700만원 이상","충북"
"53366499","20240115","불만족하는 편이다","경제적여유","M","40대","300~500만원 미만","서울"
"53366648","20240115","만족하는 편이다","지금 겨울방학 중이어서 시간적인 여유가 있는편임","F","60대","700만원 이상","부산"
"53366778","20240115","보통이다","질병이 생겨 원하는 만큼 못함","F","60대","300~500만원 미만","인천"
"53366871","20240115","보통이다","시간 여유부족","F","50대","300~500만원 미만","서울"
"53366938","20240115","불만족하는 편이다","경제적 여건이 좋지 않다","M","30대","300만원 미만","경북"
"53367029","20240115","불만족하는 편이다","돈 부족","M","30대","300~500만원 미만","대구"
"53367051","20240115","만족하는 편이다","시간과 비용에 대해 전반적으로 원할 때 할 수 있는 편이라서","M","30대","300~500만원 미만","제주"
"53367084","20240115","보통이다","평상시와 동일해서","M","30대","300~500만원 미만","경기"
"53367123","20240115","보통이다","하고 싶은거 할 수 있는 시간이 있어서","F","40대","300~500만원 미만","경기"
"53367188","20240115","보통이다","자금 부족","F","40대","300~500만원 미만","인천"
"53367528","20240115","만족하는 편이다","여가시설 이용 및 시간을 자유롭게 활용할 수 있음","M","50대","700만원 이상","경기"
"53367538","20240115","만족하는 편이다","야구를 보는것이 더 재미있어요","M","50대","500~700만원 미만","경남"
"53367755","20240115","만족하는 편이다","마음이 편하다","F","50대","300만원 미만","부산"
"53367759","20240115","보통이다","특별히 만족이나 불만족이 없었다.","F","60대","300만원 미만","강원"
"53367879","20240115","보통이다","비슷해서","F","50대","500~700만원 미만","경남"
"53368098","20240115","보통이다","같으곳으로왔다같다함","M","50대","없음/모름/무응답","인천"
"53368099","20240115","만족하는 편이다","할수있는것을 크게 제한없이 하고 있어서","M","19~29세","없음/모름/무응답","충남"
"53368140","20240115","만족하는 편이다","여가시간 발생이 충분, 주변 인프라 좋음","M","50대","500~700만원 미만","충북"
"53368150","20240115","만족하는 편이다","잘 즐기고 있어서 정보도 충분하다","M","30대","700만원 이상","충남"
"53368278","20240115","보통이다","시간 및 비용이 따라주지 않아서","M","19~29세","없음/모름/무응답","경기"
"53368318","20240115","보통이다","너무 집에서맘 있어서","F","19~29세","300~500만원 미만","경남"
"53368387","20240115","보통이다","전년도와 비교햇을때 달라진게 없어서","M","30대","300만원 미만","부산"
"53368654","20240115","불만족하는 편이다","시간이 없어서","M","40대","300~500만원 미만","서울"
"53368725","20240115","보통이다","이전과 큰 변화없음","M","50대","없음/모름/무응답","서울"
"53368870","20240115","보통이다","별로 한게 없다","F","40대","500~700만원 미만","서울"
"53369333","20240115","만족하는 편이다","자유","M","60대","700만원 이상","강원"
"53369490","20240115","매우 만족한다","여가 환경이 생활 주변에서 바로 접할 수 있음","M","60대","300만원 미만","전남"
"53369814","20240115","만족하는 편이다","육아휴직중이라 근무 할때보다 여유가 있어서","F","30대","700만원 이상","경기"
"53369878","20240115","만족하는 편이다","얼마전 해외여행을 다녀옴","M","30대","500~700만원 미만","충북"
"53370118","20240115","보통이다","크게 달라진게 없다","F","30대","700만원 이상","세종"
"53370336","20240115","보통이다","매일이 변화가 별로 없고 똑같은 날이 반복되므로","F","60대","300만원 미만","강원"
"53370720","20240115","보통이다","달라진점없음","M","40대","없음/모름/무응답","울산"
"53370909","20240115","만족하는 편이다","싫어야","M","30대","700만원 이상","경기"
"53370948","20240115","보통이다","건강하지못해서","F","60대","없음/모름/무응답","부산"
"53371017","20240115","만족하는 편이다","계획한대로 수행했음","F","60대","없음/모름/무응답","강원"
"53371079","20240115","만족하는 편이다","불편함이 없어습니다","M","40대","300~500만원 미만","강원"
"53371248","20240115","만족하는 편이다","최근에 자주 나가서 산책도 하고 운동도 하면서 게임을 즐기니 건강하게 생활하는 것 같아서","F","19~29세","700만원 이상","경기"
"53371301","20240115","보통이다","적절하게 시간소요","M","30대","300~500만원 미만","경남"
"53371434","20240115","보통이다","많이쉬질못해서","M","19~29세","700만원 이상","경기"
"53371525","20240115","만족하는 편이다","편안한 상태","F","60대","700만원 이상","서울"
"53371582","20240115","보통이다","변화가 거의 없어서","F","50대","500~700만원 미만","광주"
"53371783","20240115","보통이다","시간적 여유","F","50대","700만원 이상","경기"
"53371834","20240115","만족하는 편이다","다양한 활동을 접할수있었다.","F","40대","300~500만원 미만","광주"
"53371960","20240115","만족하는 편이다","건강을 위해서","M","50대","300~500만원 미만","충남"
"53372098","20240115","만족하는 편이다","시간과 비용 및 장소에 제한 없이 여가활동 하고 있음","M","60대","700만원 이상","경기"
"53372126","20240115","만족하는 편이다","편안하다","F","50대","500~700만원 미만","전북"
"53372247","20240115","보통이다","더 많은 취미 활동을 하고 싶지만 시간적 여유가 없어서","F","19~29세","300만원 미만","대전"
"53372283","20240115","보통이다","평소와 다르지않고 평범했다","M","40대","500~700만원 미만","부산"
"53372465","20240115","보통이다","특별한 변화가 없었아","M","30대","300~500만원 미만","서울"
"53372547","20240115","보통이다","그냥보통","M","30대","없음/모름/무응답","강원"
"53372687","20240115","만족하는 편이다","시간적 공가적 제한이 크게 없이 할수있어서","F","40대","500~700만원 미만","인천"
"53372708","20240115","불만족하는 편이다","직장의 업무량 증가로 시간이 부족함","F","40대","300~500만원 미만","경기"
"53372813","20240115","불만족하는 편이다","경제적으로 어려워서","F","50대","300~500만원 미만","충북"
"53373085","20240115","보통이다","일이 바빠서","M","19~29세","700만원 이상","광주"
"53373096","20240115","보통이다","여가활동시간이 부족하여서","F","60대","300~500만원 미만","인천"
"53373558","20240115","만족하는 편이다","친환경적인 산책 문학 모임에서의 찬목","F","60대","300만원 미만","경남"
"53373666","20240115","보통이다","크게불만족 만족없음","F","30대","500~700만원 미만","경남"
"53374084","20240115","보통이다","하고자하면 할수있지만 경제적 여건상 자주하지못함","M","30대","300만원 미만","부산"
"53374227","20240115","만족하는 편이다","시간적 여유가 많아서","M","50대","500~700만원 미만","광주"
"53374291","20240115","보통이다","더 많은걸 하고싶지만 금전적으로 여유가 없음","M","40대","500~700만원 미만","서울"
"53374359","20240115","만족하는 편이다","만족해서","M","30대","300~500만원 미만","경기"
"53374610","20240115","만족하는 편이다","눈덮힌 한라산","F","60대","300~500만원 미만","서울"
"53374674","20240115","보통이다","변화가업다","M","50대","700만원 이상","경남"
"53374804","20240115","불만족하는 편이다","돈이없어요. 백수탈출 이제 한달됐습니다.","M","30대","300만원 미만","경기"
"53374917","20240115","매우 만족한다","볼링에 흥미를 느끼고있고 새로운 동호회사람들과 어울려서","M","19~29세","300만원 미만","부산"
"53374947","20240115","보통이다","비슷해서","M","40대","700만원 이상","서울"
"53374986","20240115","만족하는 편이다","날씨가 좀 플려서 야회활동이 좋아요","F","50대","500~700만원 미만","경북"
"53375132","20240115","매우 만족한다","현재 직장을 그만두고 시간적이나 금전적인 여유가 충분한 상태여서","F","19~29세","700만원 이상","경남"
"53375163","20240115","보통이다","활동시간이 비슷","M","50대","700만원 이상","울산"
"53375375","20240115","만족하는 편이다","시간적여유","F","60대","700만원 이상","대구"
"53375443","20240115","보통이다","평소 해오던생활이라서","M","60대","300~500만원 미만","경기"
"53375451","20240115","만족하는 편이다","시간이 여유가생김","M","60대","500~700만원 미만","경기"
"53375454","20240115","보통이다","시간이 비슷하다","M","30대","300~500만원 미만","서울"
"53375578","20240115","만족하는 편이다","영화관람횟수가 늘었음","F","60대","300~500만원 미만","서울"
"53375673","20240115","매우 만족한다","시간적 여유","M","50대","없음/모름/무응답","서울"
"53375770","20240115","보통이다","이전과 변화가 없어서","M","30대","700만원 이상","광주"
"53375870","20240115","만족하는 편이다","이직후 가족과 보내는시간이 증가함","M","40대","700만원 이상","경기"
"53376011","20240115","만족하는 편이다","정신건강에 좋다","M","19~29세","300만원 미만","서울"
"53376127","20240115","보통이다","여가시간이 비슷해다","F","60대","300~500만원 미만","강원"
"53376254","20240115","매우 만족한다","내용 시설 강사 우수함","F","60대","700만원 이상","경기"
"53376317","20240115","만족하는 편이다","금전적여유와시간적여유","M","40대","700만원 이상","충남"
"53376546","20240115","보통이다","비용 건강상태","M","40대","300만원 미만","경기"
"53376586","20240115","만족하는 편이다","보고 싶은 영화를 많이 보아서","F","60대","300만원 미만","경기"
"53376699","20240115","보통이다","비슷해서","F","30대","300만원 미만","경남"
"53376749","20240115","보통이다","경제적힘들어서","M","50대","300~500만원 미만","경기"
"53376803","20240115","만족하는 편이다","시간적 여유가 있고 인프라가 잘 갖추어져 있다","M","50대","700만원 이상","서울"
"53377129","20240115","보통이다","기온상승과 장마로 실외스포츠 여건제한","M","50대","700만원 이상","대구"
"53377251","20240115","보통이다","특별할게없다","F","30대","700만원 이상","강원"
"53377330","20240115","보통이다","경제적 시간적으로 여유가 없어서","F","60대","700만원 이상","경기"
"4449","20240122","만족하는 편이다","내시간을 하고자하느것을 하기때문에 만복","M","30대","500~700만원 미만","경기"
"140744","20240122","보통이다","크게 변화가 없어서..","F","40대","없음/모름/무응답","대구"
"190077","20240122","보통이다","작년과 여건 환경등이 비슷하기 때문","M","60대","500~700만원 미만","강원"
"194194","20240122","보통이다","평일에 일을하다보니 시간적 여유가 부족하다","F","50대","300~500만원 미만","경남"
"196290","20240122","보통이다","특별히 만족, 불만족스럽지 않음","F","40대","없음/모름/무응답","세종"
"290920","20240122","보통이다","그낭","F","40대","300만원 미만","세종"
"299795","20240122","불만족하는 편이다","시간이없어요","F","19~29세","500~700만원 미만","서울"
"332642","20240122","보통이다","아이랑 함께 하는 곳으로만 찾아다니고 있어서 정작 나 자신의 쉼이 필요합니다 용인시 교통이 불편해 아이를 데리고 대중교통으로 다니기 어렵습니다","F","30대","700만원 이상","경기"
"338185","20240122","만족하는 편이다","일이 바쁘지 않음","M","19~29세","500~700만원 미만","부산"
"360518","20240122","보통이다","전과 다름 없어서","M","60대","700만원 이상","경기"
"366631","20240122","만족하는 편이다","여가생활을 하기에 불편한 점이 없다.","M","60대","없음/모름/무응답","서울"
"367251","20240122","보통이다","실력부족","M","19~29세","700만원 이상","대전"
"411040","20240122","불만족하는 편이다","경제적인 이유로 여유가ㅈ없어짐","F","50대","300~500만원 미만","경기"
"420941","20240122","보통이다","시간적 경제적으로 제약을 받아서","F","40대","300~500만원 미만","경남"
"421494","20240122","만족하는 편이다","하고싶은건 다 할수 있어서","F","19~29세","500~700만원 미만","전북"
"421584","20240122","만족하는 편이다","스트레스 해소","M","40대","300만원 미만","서울"
"425081","20240122","불만족하는 편이다","즐길수있는 컨텐츠 부족 시설부족 홍보부족","M","40대","300~500만원 미만","충북"
"425939","20240122","보통이다","편해서","M","50대","500~700만원 미만","부산"
"431072","20240122","불만족하는 편이다","인프라가 없다","M","30대","700만원 이상","경북"
"431336","20240122","보통이다","경제적인 여유","F","50대","없음/모름/무응답","강원"
"434662","20240122","보통이다","예전과비슷하기때문","M","40대","700만원 이상","세종"
"434948","20240122","불만족하는 편이다","시간이 부족함","F","30대","500~700만원 미만","광주"
"435555","20240122","보통이다","딱히 없습니다","F","19~29세","500~700만원 미만","충북"
"443855","20240122","매우 만족한다","삶의 원동력이기때문","M","19~29세","700만원 이상","전북"
"445375","20240122","만족하는 편이다","적당한 비용과 시간을 활용 했습니다","M","50대","300~500만원 미만","인천"
"445650","20240122","보통이다","그냥","F","19~29세","없음/모름/무응답","경북"
"451634","20240122","만족하는 편이다","시간적여유가많아져서","F","40대","700만원 이상","서울"
"452730","20240122","보통이다","작년과비슷함","M","40대","300만원 미만","서울"
"458382","20240122","만족하는 편이다","강사님이 마음에 들어서","F","50대","300~500만원 미만","서울"
"460273","20240122","만족하는 편이다","인프라가 충분해서","M","50대","500~700만원 미만","충남"
"462468","20240122","보통이다","시간적 여유가 없어 집에서 즐길거리를 찾는중","M","40대","500~700만원 미만","경북"
"463687","20240122","만족하는 편이다","운동하며 건강을 챙길수있었다","F","40대","500~700만원 미만","인천"
"463855","20240122","보통이다","시간적여유가 없음","F","40대","700만원 이상","울산"
"464152","20240122","만족하는 편이다","스트레스 해소에 도움이 되였습니다","F","50대","500~700만원 미만","서울"
"464235","20240122","매우 불만족한다","시간이 적다","M","19~29세","300만원 미만","광주"
"467471","20240122","보통이다","시간과 비용의증가","F","40대","500~700만원 미만","경북"
"467912","20240122","매우 불만족한다","기족입원으로 시간이 부족하였음","F","60대","300~500만원 미만","경남"
"472856","20240122","불만족하는 편이다","심적으로 여가를 즐기기에 여의치 않은 상황임","M","30대","없음/모름/무응답","경기"
"53322184","20240122","만족하는 편이다","만족","M","50대","300~500만원 미만","인천"
"53322349","20240122","보통이다","내가 시간나는대루 하는편","M","60대","300~500만원 미만","전북"
"53322389","20240122","만족하는 편이다","여가생활을 하면서 정서적 심리적으로 만족감을 얻어서 입니다","F","30대","300만원 미만","경북"
"53322501","20240122","보통이다","하고싶은걸 하지못함","M","19~29세","300~500만원 미만","서울"
"53322809","20240122","보통이다","늘상 비슷한 루트, 다양성이 줄어듬","M","40대","500~700만원 미만","서울"
"53322994","20240122","만족하는 편이다","별문제없이 즐길수있어서","F","60대","300~500만원 미만","대전"
"53322995","20240122","보통이다","직장인이고 시골에 살다보니 인프라가 거의 없다","F","50대","300만원 미만","충북"
"53323024","20240122","보통이다","내가 언제든 여가 생활을 할수 있기에","F","50대","700만원 이상","경기"
"53323087","20240122","매우 만족한다","백수라 행복하다","F","19~29세","300만원 미만","대전"
"53323089","20240122","만족하는 편이다","자기만족","M","50대","없음/모름/무응답","경북"
"53323247","20240122","만족하는 편이다","내생활 형편에 따라서 하니까","F","60대","700만원 이상","세종"
"53323354","20240122","보통이다","크게 달라진게 없음","M","40대","500~700만원 미만","경기"
"53323379","20240122","만족하는 편이다","즐겁게 했다","F","50대","700만원 이상","인천"
"53323423","20240122","만족하는 편이다","하고싶은만큼 할수있어서","M","50대","300~500만원 미만","경기"
"53323480","20240122","만족하는 편이다","충분히 만족합니다","M","40대","500~700만원 미만","서울"
"53323537","20240122","만족하는 편이다","여유시간이 많아서","F","30대","300만원 미만","경기"
"53323775","20240122","만족하는 편이다","행복함","F","30대","없음/모름/무응답","경북"
"53323852","20240122","만족하는 편이다","시간적인 여유가 있어서","M","50대","700만원 이상","서울"
"53323871","20240122","만족하는 편이다","내가 하고 싶은거 하고 즐기며 살 려고 한다","F","60대","300만원 미만","경기"
"53323912","20240122","만족하는 편이다","하고싶은걸 고민없이 하는편이라 만족","M","30대","700만원 이상","서울"
"53324069","20240122","만족하는 편이다","여행도 다녀오고 하고 싶은걸 하고 있음","F","40대","700만원 이상","서울"
"53324087","20240122","만족하는 편이다","여유","M","60대","700만원 이상","대전"
"53324126","20240122","보통이다","스스로 만족을 못하는 것임","M","60대","300~500만원 미만","경남"
"53324171","20240122","만족하는 편이다","아이가 커서 활동량이 증가 편해졌다","F","40대","300~500만원 미만","경기"
"53324222","20240122","만족하는 편이다","함께하는 사람이 좋아서","F","19~29세","없음/모름/무응답","서울"
"53324242","20240122","보통이다","매인ㆍ 생활패턴이 비슷해서","F","40대","300~500만원 미만","경남"
"53324297","20240122","만족하는 편이다","시간을 내서 내가 만들면되?가요","F","60대","700만원 이상","전북"
"53324371","20240122","보통이다","똑같아","M","60대","300~500만원 미만","전북"
"53324526","20240122","불만족하는 편이다","금전 시간 다 여유가 없음.","F","50대","700만원 이상","경기"
"53324543","20240122","보통이다","평일엔 근무로 인해 시간부족","F","30대","500~700만원 미만","경기"
"53324609","20240122","보통이다","큰 변화가 없어서","F","40대","없음/모름/무응답","울산"
"53324727","20240122","보통이다","특별한게 없어서","F","19~29세","없음/모름/무응답","부산"
"53324754","20240122","불만족하는 편이다","여가할수있는 비용이 적어서","F","30대","300만원 미만","전북"
"53324828","20240122","보통이다","증가한것이 없어서","F","40대","300~500만원 미만","강원"
"53324859","20240122","만족하는 편이다","시간이 많음~~","F","60대","700만원 이상","전북"
"53324938","20240122","만족하는 편이다","재미있었다","F","40대","500~700만원 미만","전남"
"53324965","20240122","보통이다","만족스럽지도 불만족스럽지도 않아서","F","19~29세","300만원 미만","서울"
"53325150","20240122","만족하는 편이다","여가생활을 즐길 수 있는 시간이 많아서 다양한 여가생활을 경험했기 때문에","F","19~29세","300~500만원 미만","경기"
"53325218","20240122","만족하는 편이다","적당히?김","F","40대","300~500만원 미만","대구"
"53325768","20240122","보통이다","더 나아지지도 안좋아지지도않음","F","19~29세","없음/모름/무응답","인천"
"53325891","20240122","불만족하는 편이다","시간과 돈 부족","F","30대","700만원 이상","경북"
"53325929","20240122","매우 만족한다","즐거웠다","M","19~29세","300~500만원 미만","서울"
"53325939","20240122","만족하는 편이다","여가시간날때마다할수있어서","F","60대","300만원 미만","서울"
"53325967","20240122","보통이다","비용이 충분치 않아 적당히 즐기고 있다","M","19~29세","500~700만원 미만","경기"
"53325988","20240122","만족하는 편이다","여건이 잘 되어있어 접근성이 좋다","F","19~29세","300만원 미만","대구"
"53325996","20240122","불만족하는 편이다","야가누일을 하다보니 시간여유가 충분하지 못하고 경제적 여유 또한 빈약하다","F","50대","300만원 미만","전북"
"53326146","20240122","불만족하는 편이다","시간적 여유가 없다","F","50대","300~500만원 미만","부산"
"53326288","20240122","만족하는 편이다","휴직중이라 원하는 프로그램을 활동 할수 있다","F","50대","300~500만원 미만","부산"
"53326411","20240122","보통이다","돈이 문제","M","40대","300~500만원 미만","경기"
"53326517","20240122","보통이다","여유의시간이 별로 없어서요","M","60대","300만원 미만","대전"
"53326524","20240122","보통이다","시간과 금전적인 여유가 그리 많지 않다","M","40대","300~500만원 미만","서울"
"53326571","20240122","보통이다","달라진 점이 없음","M","19~29세","없음/모름/무응답","전남"
"53326632","20240122","만족하는 편이다","가족들과의 여행(계획잡고 다같이 갈수 있는 여건)","M","40대","700만원 이상","서울"
"53326938","20240122","매우 불만족한다","돈이없다","F","30대","300만원 미만","강원"
"53326944","20240122","보통이다","시간이 없음","M","50대","700만원 이상","서울"
"53327097","20240122","만족하는 편이다","시간적 여유도 조금 생기고 경제적으로도 안정되어가는중이라서","F","40대","300~500만원 미만","경기"
"53327134","20240122","보통이다","없음","F","40대","500~700만원 미만","경기"
"53327274","20240122","만족하는 편이다","칭구들과 제주도여행 가족들과 맛집탐방 둘레길산책등 평온한 날들이라 만족스럽다","F","60대","700만원 이상","경기"
"53327363","20240122","보통이다","너무 좋아지지도 나빠지지도 않아서","F","50대","500~700만원 미만","경남"
"53327447","20240122","보통이다","경제적 어려움","M","40대","300~500만원 미만","인천"
"53327467","20240122","만족하는 편이다","시간적 여유가 많다","M","40대","300만원 미만","경기"
"53327497","20240122","만족하는 편이다","장소.시설연계.티켓팅 어플 다양.카드행사.","F","40대","700만원 이상","울산"
"53327568","20240122","매우 만족한다","하고 싶은것이 많아서","F","30대","없음/모름/무응답","서울"
"53327615","20240122","만족하는 편이다","관심있는 밴드의 공연이 자주 열리고 여러 행사에 참여하여 즐길 수 있는 빈도가 많았음","F","19~29세","없음/모름/무응답","서울"
"53327697","20240122","만족하는 편이다","좋아?","F","19~29세","없음/모름/무응답","세종"
"53327939","20240122","보통이다","시간적 여유가 있다면 좀 더 활동적으로 여가생활을 즐길 수 있을 것 같다.","F","30대","700만원 이상","강원"
"53327990","20240122","만족하는 편이다","이사후 갈 곳이 더 많아져서","F","50대","700만원 이상","서울"
"53328086","20240122","만족하는 편이다","부족함을 느끼지 못함","F","19~29세","없음/모름/무응답","전북"
"53328163","20240122","보통이다","무미건조한하루하루","F","40대","없음/모름/무응답","대구"
"53328271","20240122","보통이다","모르겟우용","M","19~29세","700만원 이상","대구"
"53328467","20240122","보통이다","여가시간이 충분치 못함","M","30대","300~500만원 미만","서울"
"53328577","20240122","보통이다","그냥 만족감이 보통이다.","M","50대","300~500만원 미만","광주"
"53328719","20240122","보통이다","별차이없음","M","40대","300~500만원 미만","경북"
"53328736","20240122","보통이다","주로 하던 활동을 비슷하게 하기 때문에","M","30대","300~500만원 미만","경기"
"53328758","20240122","불만족하는 편이다","바빠서","F","60대","300~500만원 미만","서울"
"53328888","20240122","만족하는 편이다","생활에 여유가 있어서","M","60대","300만원 미만","경기"
"53328909","20240122","보통이다","경제적으로 여유가 없어서 만족할만 한 여가를 보내지 못하","M","60대","500~700만원 미만","경기"
"53329277","20240122","만족하는 편이다","스트레스 해소","F","40대","500~700만원 미만","전북"
"53329376","20240122","만족하는 편이다","주변 산책환경이 좋은편임","F","50대","300~500만원 미만","경기"
"53329451","20240122","보통이다","좀더 즐거운 여가 활동을 하고 싶지만 경제적 사정 등 여러 이유로 제약이 있다","M","40대","300만원 미만","인천"
"53329701","20240122","만족하는 편이다","즐거운 시간","F","40대","700만원 이상","서울"
"53329874","20240122","보통이다","만족도에 대해 크게 생각해 본 적이 없기 때문이고, 불편하거나 반대로 크게 좋았다거나 등을 느끼지 못했기 때문입니다.","F","19~29세","없음/모름/무응답","대구"
"53329884","20240122","보통이다","크게 기대감이 없이 평범하게 생활하기 때문에","M","60대","300~500만원 미만","강원"
"53329921","20240122","보통이다","가정생활에 크게 변화를 주지않는다","M","60대","없음/모름/무응답","충남"
"53330089","20240122","보통이다","시간 대비 만족도","F","40대","없음/모름/무응답","세종"
"53330244","20240122","불만족하는 편이다","다 멀고 시간없다","M","40대","700만원 이상","경기"
"53330395","20240122","만족하는 편이다","비용 및 시간에 대한 여유가 있고 또한 유대감 향상","M","50대","700만원 이상","경북"
"53330432","20240122","보통이다","시간이 부족하다.","M","60대","700만원 이상","서울"
"53330433","20240122","보통이다","여유가 없어서 가까운 곳 위주로 갑니다.","M","40대","500~700만원 미만","전남"
"53330526","20240122","만족하는 편이다","해외여행, 캠핑, 국내여행, 뮤지컬관람, 콘서트 관람을 모두 하게 됨.","F","19~29세","없음/모름/무응답","강원"
"53330620","20240122","만족하는 편이다","시간과비용 모두 적정했었기에 만족하는편이다","F","50대","500~700만원 미만","경기"
"53330762","20240122","만족하는 편이다","시간 경제 인프라구축 등에 만족","F","60대","500~700만원 미만","서울"
"53330784","20240122","보통이다","특별한 건 없음","M","60대","700만원 이상","강원"
"53330817","20240122","보통이다","여유자금이 부족하다","F","50대","300만원 미만","경기"
"53330819","20240122","만족하는 편이다","크게 돈 쓰지않고 즐길 수 있어 만족","M","19~29세","700만원 이상","울산"
"53331178","20240122","보통이다","날씨.쾌적한 공간 미흡","F","60대","300만원 미만","경기"
"53331406","20240122","보통이다","보고싶은 연극과 뮤지컬, 연주회가 있었고, 미술(그림 그리기-유화, 수채화 등)활동과 어학 공부, 여행을 가고 싶었지만 경제적인 문제로 연극 관람만 가능했음. 그럼에도 '보통이다' 한 것은 짬을 내어 자원봉사 활동을 할 수 있었고, 마을극장과 도서관에서 공연하는 연극에서 배우로 참여하며 과정과 결과에 만족했기에 '보통이다' 응답했음.","F","60대","300만원 미만","강원"
"53331504","20240122","만족하는 편이다","크게 불만족은 없습니다","F","50대","300만원 미만","경기"
"53331549","20240122","만족하는 편이다","딱히 불만족하지 않는다","F","19~29세","없음/모름/무응답","인천"
"53331683","20240122","보통이다","너무 더워서 여행도 포기하고 집에서만 지냄","F","50대","300~500만원 미만","서울"
"53331703","20240122","보통이다","흥미를 이끌만한 것이 많이 없어졌다. 반복적인 여가생활이 지루하다.","F","19~29세","없음/모름/무응답","강원"
"53331795","20240122","보통이다","하고싶은여행을하고싶은대로하지만코로나이전보다많은프로그램이없었다","F","60대","500~700만원 미만","제주"
"53331838","20240122","보통이다","크게 활동이 없어서","M","40대","300~500만원 미만","인천"
"53331932","20240122","만족하는 편이다","시간적 여유","F","40대","700만원 이상","서울"
"53331988","20240122","보통이다","딱히 크게 한게 없음","M","19~29세","없음/모름/무응답","서울"
"53332236","20240122","보통이다","제대로 즐기지 못했다","F","30대","300~500만원 미만","전남"
"53332333","20240122","만족하는 편이다","많이 즐긴 것 같음","F","19~29세","700만원 이상","경기"
"53332460","20240122","불만족하는 편이다","여가시간이 없이 바쁘다","F","60대","500~700만원 미만","강원"
"53332745","20240122","만족하는 편이다","시간 및 여건이 충족","M","60대","700만원 이상","서울"
"53332763","20240122","만족하는 편이다","집에 있으면 무료하고 게을러지는 경향이 있으나 여가를 밖에서 즐기면 엔돌핀이 생겨서 좋음","M","60대","500~700만원 미만","경기"
"53332915","20240122","불만족하는 편이다","비가 많이와서 산책시간이 줄었습니다","F","30대","300~500만원 미만","경기"
"53332946","20240122","보통이다","변한게없음","M","60대","300만원 미만","강원"
"53333053","20240122","보통이다","아이들도 등교등들을 봐줘야하고 남는시간에 여가를즐기기엔 보통입니다.","F","40대","300~500만원 미만","경북"
"53333245","20240122","보통이다","활동에 크게 변동사항 없음","F","30대","500~700만원 미만","충남"
"53333334","20240122","만족하는 편이다","시간적 여유가 많이 증가하여서 만족도가 높다","F","30대","300만원 미만","광주"
"53333411","20240122","만족하는 편이다","본인이 선호하는 분야일 뿐만아니라 직접 참여하기 때문","M","60대","300~500만원 미만","부산"
"53333413","20240122","만족하는 편이다","코로나 이후 활발","M","30대","없음/모름/무응답","전북"
"53333472","20240122","보통이다","여가생활을하면서 크게 만족함을 느끼지 못해서","M","60대","300~500만원 미만","충남"
"53333644","20240122","만족하는 편이다","짧은시간도 친구 친지 가족과의 즐거운만남을할수있었습니다.","F","50대","300만원 미만","충남"
"53334111","20240122","만족하는 편이다","시간여유가 있어서 여가 즐길수 있다","M","50대","300만원 미만","경남"
"53334265","20240122","만족하는 편이다","주변여건에 불편함이 없고 규칙적으로 잘 하고있어서 만족한다","F","60대","700만원 이상","울산"
"53334310","20240122","만족하는 편이다","적당한 기회와 적당한 비용 괜찮은 볼거리가 있음","M","40대","700만원 이상","광주"
"53334522","20240122","매우 만족한다","휴가가 길어서 국내여행과 공연관람이 많았습니다","F","40대","700만원 이상","서울"
"53334660","20240122","만족하는 편이다","스트레스 해소하는데 자연경관을 보며 날리고 행복한 마음이 들었다","F","60대","300~500만원 미만","경기"
"53334831","20240122","만족하는 편이다","내가 원하는 시간에 하고자 하는 활동을 할 수 있었다","M","40대","700만원 이상","전북"
"53334934","20240122","보통이다","변경이 없으니","F","60대","300만원 미만","서울"
"53335148","20240122","만족하는 편이다","시간이 많아짐","F","40대","700만원 이상","서울"
"53335163","20240122","불만족하는 편이다","날씨가 춥다","M","50대","300~500만원 미만","경기"
"53335212","20240122","불만족하는 편이다","몸도아픈데 집안일은해야하고 경조사도가야하고 시간은부족하니까","F","60대","300만원 미만","경북"
"53335270","20240122","만족하는 편이다","최근에 자본이 증가해 여가를 상대적으로 많이 즐겼다","M","19~29세","300만원 미만","경기"
"53335331","20240122","보통이다","시간이 없어서","F","19~29세","없음/모름/무응답","강원"
"53335831","20240122","보통이다","경제적인 여유에서 만족하지는 못하지만 휴식은 필수적으로 있어야 삶이 조금은 원활하다 느껴 하지않을수없다고 느끼기때문에","F","40대","없음/모름/무응답","강원"
"53335925","20240122","불만족하는 편이다","시간적여유도많이없고경제적으로너무심들어서마음의여유가생기질않는다","F","40대","500~700만원 미만","경기"
"53335951","20240122","보통이다","여유가 충분하지는 않음","M","50대","500~700만원 미만","서울"
"53335985","20240122","보통이다","평소 생각한대로 진행되고 있어서","M","60대","500~700만원 미만","부산"
"53336221","20240122","보통이다","다양한 활동","M","30대","700만원 이상","서울"
"53336323","20240122","보통이다","그냥 그렇다","F","60대","없음/모름/무응답","강원"
"53336385","20240122","보통이다","내 생활형편에서 가능한 정도의 여가생활을 즐기긴 하였지만 인간은 늘 이상을 추구하기 때문에 바라는 점들이 있음","F","19~29세","300~500만원 미만","서울"
"53336448","20240122","보통이다","좀더 여유로운 하고싶은데 그렇치 못했다","M","60대","700만원 이상","강원"
"53336664","20240122","불만족하는 편이다","여가생활을 즐길 시간이 없기 때문","F","19~29세","없음/모름/무응답","대전"
"53336711","20240122","보통이다","별다를바가 없기때문","F","50대","300만원 미만","경북"
"53336770","20240122","매우 만족한다","좋은 사람과 함께하면 행복하기 때문에","F","19~29세","700만원 이상","대전"
"53336806","20240122","보통이다","더 많은 여가시간이 부족해서","M","50대","500~700만원 미만","서울"
"53336955","20240122","만족하는 편이다","무난하다","M","19~29세","300~500만원 미만","인천"
"53336966","20240122","만족하는 편이다","전보다 다양한 여가생활을 즐기고 있어서","M","40대","300~500만원 미만","서울"
"53337041","20240122","보통이다","시간이 잘 안나서","F","40대","없음/모름/무응답","서울"
"53337072","20240122","만족하는 편이다","하고 싶은 걸 할 수 있었음","F","19~29세","700만원 이상","서울"
"53337159","20240122","보통이다","특별하게 한게 없다","M","30대","300만원 미만","인천"
"53337168","20240122","만족하는 편이다","생활권내에 도보로 이용할수있는 장소가 많음","F","40대","700만원 이상","부산"
"53337245","20240122","만족하는 편이다","공연장 미술관 박물관이 가까이 있어 언제든 관람이 가능해서","F","60대","300~500만원 미만","서울"
"53337367","20240122","보통이다","다리를 다쳐 밖으로 나갈수가 없어 집콕만 하고 있습니다","F","40대","700만원 이상","경남"
"53337411","20240122","만족하는 편이다","주말을 충분히활용한다","F","60대","500~700만원 미만","서울"
"53337434","20240122","만족하는 편이다","내가 원하는 것들을 할수있는 시간적 금전적 여유가 있어서","M","40대","300만원 미만","서울"
"53337524","20240122","만족하는 편이다","시간적 경제적 심리적 여유가 있음","F","30대","700만원 이상","세종"
"53337638","20240122","만족하는 편이다","원하는 시간에 원하는 비용을 들여 스트레스를 해소할 수 있어서","M","40대","700만원 이상","대구"
"53337839","20240122","불만족하는 편이다","경제력이 떨어져서 하고싶은 활동을 못해서","F","50대","300~500만원 미만","경기"
"53337851","20240122","만족하는 편이다","남편의 병간호를 해야하는 입장에서 같이 이정도 할수있음을 감사합니다","F","60대","300~500만원 미만","대전"
"53337857","20240122","보통이다","비용등 여가생활 부담","M","60대","300~500만원 미만","대구"
"53338052","20240122","보통이다","시간이 없어서","M","30대","300만원 미만","부산"
"53338283","20240122","보통이다","비용과 시간을 충분히 준비할 수 없어서.","M","60대","300~500만원 미만","경기"
"53338460","20240122","만족하는 편이다","계획한 여가생활 거의 다해서","M","50대","300~500만원 미만","부산"
"53338593","20240122","보통이다","차량 정체등","M","50대","없음/모름/무응답","강원"
"53338662","20240122","매우 만족한다","퇴사해서","M","19~29세","700만원 이상","광주"
"53338742","20240122","만족하는 편이다","주변환경이 좋고 시간적 여유가 있다","F","60대","700만원 이상","인천"
"53339059","20240122","보통이다","평소하던데로합니다","M","60대","300~500만원 미만","경북"
"53339391","20240122","보통이다","경제적 여유가 부존해서","M","30대","300만원 미만","충북"
"53339413","20240122","보통이다","여가생활을 보내면서도 충분히 만복하지 않아서 보통이다.","F","19~29세","없음/모름/무응답","서울"
"53339494","20240122","만족하는 편이다","원하는 곳에서 여행을 할수 있어 만족함","M","50대","700만원 이상","전북"
"53339548","20240122","만족하는 편이다","스트레스 해소","M","60대","300~500만원 미만","충남"
"53339632","20240122","보통이다","딱히 기억에 꽂힐만한 활동을 하진 않음","M","40대","700만원 이상","경기"
"53339721","20240122","보통이다","시간적여유가 부족해서","F","30대","700만원 이상","서울"
"53339767","20240122","보통이다","피곤해서 뭘 하기 싫음","F","50대","700만원 이상","인천"
"53339889","20240122","보통이다","더 다양한걸 원함","F","30대","없음/모름/무응답","강원"
"53339900","20240122","보통이다","별 생각없음","F","30대","300만원 미만","경남"
"53340179","20240122","만족하는 편이다","여가생활을 즐길 수 있는 심리적, 시간적 여유가 있었음","F","19~29세","없음/모름/무응답","강원"
"53340209","20240122","보통이다","시간도 없고 경제적인 부분도 있다","F","60대","700만원 이상","서울"
"53340311","20240122","만족하는 편이다","원하는 시간에 원하는 여가활동을 할 수 있어서","M","40대","300~500만원 미만","경기"
"53340337","20240122","보통이다","그럭저럭","M","40대","500~700만원 미만","경기"
"53340466","20240122","보통이다","아기가 태어나고 여가생활을 즐길 여유가없음","F","30대","500~700만원 미만","인천"
"53340512","20240122","만족하는 편이다","가족들고시간을보낼수있어서","M","40대","300~500만원 미만","강원"
"53340515","20240122","보통이다","시간적인여유가 충분하지않다","F","60대","500~700만원 미만","전남"
"53340579","20240122","만족하는 편이다","인프라가 잘 되어 있어서","F","30대","없음/모름/무응답","강원"
"53340866","20240122","만족하는 편이다","시간도 있고 여유가 있어서 마음이 편함","M","40대","300~500만원 미만","부산"
"53340889","20240122","보통이다","항상 비슷한편이라","F","40대","300~500만원 미만","강원"
"53341011","20240122","만족하는 편이다","혼자 살아서 자유롭다","F","19~29세","없음/모름/무응답","서울"
"53341072","20240122","보통이다","마음이 편하지 않다","M","60대","500~700만원 미만","전남"
"53341103","20240122","보통이다","좋지도 않고 나쁘지도 않고 무난했기 때문이다","F","19~29세","700만원 이상","서울"
"53341190","20240122","보통이다","고정적으로 활동","M","40대","300만원 미만","대구"
"53341222","20240122","만족하는 편이다","모든 것들이 가까이 있어서","F","40대","300~500만원 미만","부산"
"53341303","20240122","보통이다","별할일없이 보내서","F","40대","700만원 이상","서울"
"53341339","20240122","만족하는 편이다","시간적 금전적으로 어느정도 여유가 있어서","M","50대","300~500만원 미만","세종"
"53341387","20240122","보통이다","무난하다","F","19~29세","700만원 이상","경북"
"53341508","20240122","보통이다","별무리없이 즐기고있기에","M","60대","700만원 이상","경기"
"53341739","20240122","보통이다","특별히 여가생활에 만족하지 못하므로","M","50대","300~500만원 미만","광주"
"53341793","20240122","만족하는 편이다","지인들과의 여행","F","50대","300~500만원 미만","서울"
"53341815","20240122","불만족하는 편이다","자금부족","M","60대","없음/모름/무응답","서울"
"53341869","20240122","보통이다","현재 위치가 인프라가 갖춰있지않아 만족하는편은 아니다.","F","40대","300만원 미만","경기"
"53341902","20240122","보통이다","보통이라서 (특별히 여가생활을 즐기고 있지 않아서 )","M","40대","700만원 이상","경기"
"53341948","20240122","불만족하는 편이다","다쳐서 수술 입원 재활치료 중이라 특별한 여가활동을 못함.","M","50대","500~700만원 미만","대구"
"53341978","20240122","만족하는 편이다","없음","M","30대","300~500만원 미만","인천"
"53342053","20240122","보통이다","마음은 있는데 몸도 따라주지않고 경제적인여유가 없는것 같다ㆍ","F","50대","300만원 미만","충남"
"53342100","20240122","매우 만족한다","시간적 여유.집 주위 환경좋음","F","50대","500~700만원 미만","강원"
"53342207","20240122","보통이다","그냥요","F","50대","300~500만원 미만","경기"
"53342328","20240122","만족하는 편이다","마음이 편하게","F","60대","300~500만원 미만","강원"
"53342437","20240122","만족하는 편이다","내가 하고자 하는학습을 할 수 있기에. 또한 집에서 충분히 협조해 준다.","F","60대","500~700만원 미만","경북"
"53342526","20240122","보통이다","크게 변화없이 평소대로다","M","19~29세","없음/모름/무응답","서울"
"53342615","20240122","만족하는 편이다","원하는 종목을 찾아 하고있다","F","50대","300만원 미만","충남"
"53342649","20240122","매우 만족한다","시설이 깨끗해지고 분야가 넓어짐","F","19~29세","없음/모름/무응답","서울"
"53342656","20240122","보통이다","좋을 것도 나? 것도 없음","F","19~29세","300~500만원 미만","대전"
"53342712","20240122","보통이다","별다를게 없음","M","19~29세","없음/모름/무응답","경기"
"53342743","20240122","보통이다","여가 생활이라고 해도 매번 하던 거라 그렇게 만족도가 높지는 않다","M","40대","300~500만원 미만","경북"
"53342803","20240122","보통이다","물가상승 여행지의 사람 몰림","M","40대","300~500만원 미만","서울"
"53342809","20240122","보통이다","만족하고지낸다","F","60대","300~500만원 미만","충북"
"53343008","20240122","보통이다","일하는시간으로 인해 시간이부족하고 돈도...........없어요....","F","30대","300~500만원 미만","인천"
"53343032","20240122","만족하는 편이다","가족끼리 해외여행을 즐겁게 다녀와서","M","40대","700만원 이상","경남"
"53343125","20240122","만족하는 편이다","친구들과 어울려서 하는 활동","M","60대","700만원 이상","부산"
"53343777","20240122","매우 만족한다","작년보다 이런저런 취미활동을 더 많이 하고 있기 때문에","F","19~29세","500~700만원 미만","부산"
"53343808","20240122","만족하는 편이다","해보고싶은 일을 가능한 다 한거 같음","M","60대","700만원 이상","강원"
"53343810","20240122","보통이다","비싸다","F","50대","700만원 이상","서울"
"53344004","20240122","만족하는 편이다","충분히 여가 활동을 하고 있기 때문에","F","50대","300~500만원 미만","전남"
"53344088","20240122","만족하는 편이다","시간에 쫓기지 않고 여가활동을 할 수 있어서.","F","30대","300~500만원 미만","경기"
"53344100","20240122","만족하는 편이다","여유있게 지낸다","M","40대","300~500만원 미만","서울"
"53344192","20240122","만족하는 편이다","환경과날씨도 좋았고 주위에 ㄲㆍ","F","60대","300~500만원 미만","서울"
"53344325","20240122","만족하는 편이다","시간과 경제력이 되어서","F","50대","없음/모름/무응답","부산"
"53344329","20240122","만족하는 편이다","여유가 있어서 입니다","F","50대","300만원 미만","경기"
"53344355","20240122","보통이다","현지(여행)갔을때바가지요금이많습니다","M","60대","300~500만원 미만","서울"
"53344598","20240122","매우 만족한다","불편함이 없었다.","F","19~29세","500~700만원 미만","경기"
"53344668","20240122","보통이다","이전에 비해 할 일이 많아서 여가생활 시간에도 제대로 여가생활을 즐기지 못함","F","19~29세","700만원 이상","강원"
"53344678","20240122","보통이다","시간이 없어서","F","50대","없음/모름/무응답","서울"
"53344822","20240122","보통이다","건강상","M","30대","없음/모름/무응답","제주"
"53344997","20240122","보통이다","경제적으로 어려움","M","50대","500~700만원 미만","대전"
"53345047","20240122","만족하는 편이다","비용 대비 만족","M","50대","500~700만원 미만","강원"
"53345071","20240122","보통이다","평범함..변치않음","M","30대","300만원 미만","대전"
"53345123","20240122","만족하는 편이다","재밌어서","M","19~29세","500~700만원 미만","울산"
"53345209","20240122","만족하는 편이다","사람들과 교류하며 공감하는 것에 있어 만족하기 때문","F","19~29세","700만원 이상","서울"
"53345237","20240122","만족하는 편이다","주변 인프라구성이 잘되어 있어서","M","60대","300만원 미만","경북"
"53345541","20240122","매우 만족한다","가족만남","M","40대","없음/모름/무응답","서울"
"53345604","20240122","보통이다","주변에 별다를게 없는 지방 도시라서 매일 같은것만 접함","M","30대","없음/모름/무응답","전북"
"53345680","20240122","만족하는 편이다","즐거운 마음이 들고 스트레스 해소가 됩니다","F","50대","300만원 미만","경남"
"53345758","20240122","만족하는 편이다","스트레스해소","M","40대","300~500만원 미만","대구"
"53346427","20240122","불만족하는 편이다","이직 위해 공부 중이라 여가 활동에 마음의 여유가 없음","F","30대","300~500만원 미만","전북"
"53346581","20240122","보통이다","변화없음","M","30대","300~500만원 미만","광주"
"53346637","20240122","보통이다","더많은 시간을 투자하고 싶은데 시간이 부족함","M","50대","700만원 이상","충남"
"53346730","20240122","보통이다","변화된게 없어서","F","50대","500~700만원 미만","인천"
"53347644","20240122","만족하는 편이다","자기만족","M","50대","700만원 이상","서울"
"53347801","20240122","보통이다","생활이 안정적","M","60대","700만원 이상","부산"
"53348016","20240122","만족하는 편이다","여가시간을 잘 활용해서 재충전하고 있다고 생각함","F","60대","없음/모름/무응답","대구"
"53348029","20240122","만족하는 편이다","하고 싶은 활동을 가능한 할수 있기 때문에","M","60대","700만원 이상","대전"
"53348036","20240122","보통이다","물가","F","40대","300만원 미만","대구"
"53348066","20240122","만족하는 편이다","시간적여유가있어서","F","19~29세","700만원 이상","충북"
"53348103","20240122","만족하는 편이다","수엿","F","40대","500~700만원 미만","강원"
"53348216","20240122","불만족하는 편이다","시간이 없다","M","40대","700만원 이상","충남"
"53348279","20240122","만족하는 편이다","시간적여유와 가족과함꺼하는. 여과를 즐기다보니","M","40대","500~700만원 미만","대전"
"53348405","20240122","만족하는 편이다","공간적 시간적으로 만족합니다.","F","60대","700만원 이상","경남"
"53348511","20240122","보통이다","큰 변화없다","M","50대","700만원 이상","인천"
"53348644","20240122","만족하는 편이다","여가시간동안 내가 하고 싶은걸 한다는게 만족스럽습니다","F","50대","700만원 이상","부산"
"53348714","20240122","만족하는 편이다","시간이 많이 나는편이라서 국내여행을 많이 다니고 있어 만족","F","40대","300~500만원 미만","서울"
"53348847","20240122","만족하는 편이다","삶의 질 향상","M","40대","500~700만원 미만","광주"
"53348899","20240122","불만족하는 편이다","시간","F","19~29세","500~700만원 미만","경기"
"53349045","20240122","만족하는 편이다","내가 하고 싶은 여가활동을 충분히 하고 있다.","M","19~29세","700만원 이상","경기"
"53349066","20240122","만족하는 편이다","직업적 안정으로 인한 시간적 여유 활용가능","F","40대","300~500만원 미만","대구"
"53349212","20240122","만족하는 편이다","평균 수입이 일정해서","M","60대","500~700만원 미만","서울"
"53349345","20240122","만족하는 편이다","적당히 즐기기에 충분하다","F","50대","500~700만원 미만","경기"
"53349357","20240122","매우 만족한다","이사 후 신혼 생활이 즐거움","F","30대","700만원 이상","부산"
"53349358","20240122","만족하는 편이다","시간적 체력적 여유가 있었음","F","19~29세","300만원 미만","강원"
"53349486","20240122","보통이다","일때문에 시간이 없다","M","30대","300~500만원 미만","경북"
"53350014","20240122","보통이다","전과 시간,경제적 여유가 변동이 없음","F","60대","300~500만원 미만","강원"
"53350015","20240122","만족하는 편이다","친지들 만나서 식사하고 대화등 충분한 시간을 깆는다.","M","60대","500~700만원 미만","서울"
"53350486","20240122","보통이다","크게 나쁘지도 크게 좋지도 않아서","F","30대","300~500만원 미만","경기"
"53350769","20240122","보통이다","별다른 변함이 없어서 매년 비슷하기때문에","F","50대","300만원 미만","인천"
"53350809","20240122","만족하는 편이다","즐거웠고 다시하고 싶은 생각이 있다","M","40대","700만원 이상","서울"
"53350831","20240122","보통이다","시간이 부족","M","19~29세","700만원 이상","경기"
"53350856","20240122","보통이다","시간적여유없고금전적여유부족.","M","60대","700만원 이상","서울"
"53350909","20240122","만족하는 편이다","만족스러워서","M","19~29세","없음/모름/무응답","서울"
"53350918","20240122","보통이다","아직 둘째자녀가 어린이집 적응중이라 나도 같이 여가생활을 조금씩 늘려가는 중이다","F","30대","300~500만원 미만","경기"
"53351007","20240122","만족하는 편이다","산에 혼자 걷다보면 잡념이 사라지고 마음의 평화가 옵니다.","M","40대","700만원 이상","경기"
"53351034","20240122","만족하는 편이다","날씨가 좋아져서 외출하기 좋아짐","F","30대","300~500만원 미만","충북"
"53351170","20240122","만족하는 편이다","충분히 여유있게 여가를 즐기고 있기때문에","M","50대","300~500만원 미만","경남"
"53351252","20240122","보통이다","일상생활의 일부분같아서","F","40대","500~700만원 미만","인천"
"53351422","20240122","보통이다","보통이라고 생각하니 보통이지 무슨 이유가 있을까요.","M","60대","300만원 미만","광주"
"53351509","20240122","만족하는 편이다","결과물이 생겨서","M","30대","300~500만원 미만","광주"
"53351547","20240122","보통이다","물가가 너무 오르고 애가 셋임","F","30대","500~700만원 미만","대전"
"53351614","20240122","보통이다","평소와 다름 없다","M","50대","700만원 이상","광주"
"53351691","20240122","보통이다","여가 시간이 많이 없음","F","30대","300~500만원 미만","광주"
"53351693","20240122","보통이다","퇴근후 이루어지는 시간이라 만족도에는 크게 작용하고 있지 않다고 생각함","M","50대","500~700만원 미만","광주"
"53351727","20240122","만족하는 편이다","치료중인데 도움이 되어서","F","40대","700만원 이상","서울"
"53351736","20240122","만족하는 편이다","하고 싶은 일을 한다는 자기성취감을 느껴서","F","60대","500~700만원 미만","인천"
"53351969","20240122","보통이다","재밌었지만 물가가 올라서 비용이 너무 많이 들었다","F","30대","300~500만원 미만","경기"
"53352021","20240122","만족하는 편이다","시간은 없어도 즐길 여건은 되서","M","19~29세","300만원 미만","인천"
"53352248","20240122","보통이다","만족도 불만족도 없다","F","30대","없음/모름/무응답","서울"
"53352276","20240122","만족하는 편이다","댄스나 등산 걷기등 무리가없다","M","60대","300~500만원 미만","경기"
"53352314","20240122","만족하는 편이다","애들이 커서 내 자유 시간이 많음","M","40대","300~500만원 미만","인천"
"53352324","20240122","매우 만족한다","불만이 없어서 만족스럽다","M","30대","500~700만원 미만","대구"
"53352371","20240122","만족하는 편이다","내가 하고 싶은 일은 하고자 라면 할 수 있어서","F","19~29세","없음/모름/무응답","인천"
"53352529","20240122","불만족하는 편이다","경제사정상 원하는 활동을 만족하게 못함","F","50대","300만원 미만","강원"
"53352741","20240122","만족하는 편이다","친구랑 해외여행","F","40대","300만원 미만","충북"
"53352850","20240122","보통이다","별 차이가 없었다","M","30대","700만원 이상","강원"
"53352905","20240122","만족하는 편이다","여행을 다녀와서","M","19~29세","300~500만원 미만","경북"
"53353007","20240122","보통이다","직장이생겼으니까","F","60대","300만원 미만","경남"
"53353134","20240122","만족하는 편이다","불편한것이없어서","M","60대","300~500만원 미만","부산"
"53353256","20240122","만족하는 편이다","여유있다","M","19~29세","300~500만원 미만","인천"
"53353282","20240122","보통이다","자전거도로완성되지않음","F","60대","300만원 미만","경기"
"53353307","20240122","만족하는 편이다","시간과 지출하는 비용 비율적당","F","50대","300~500만원 미만","경기"
"53353504","20240122","보통이다","삶의질이 저하되었고 무엇하나 재미있지 않다","M","30대","300만원 미만","충북"
"53353593","20240122","만족하는 편이다","시간, 경제적여유","F","50대","700만원 이상","인천"
"53353618","20240122","매우 만족한다","피로회봇","M","19~29세","300~500만원 미만","경기"
"53353669","20240122","보통이다","여가시간 많지 않으나 너무 부족하진 않음","M","40대","500~700만원 미만","경기"
"53353765","20240122","매우 만족한다","적은비용으로 큰 만족감을 얻어가는것","F","50대","300만원 미만","부산"
"53354026","20240122","보통이다","평범하기때문","F","40대","300만원 미만","경남"
"53354071","20240122","만족하는 편이다","행복합니다","M","30대","300~500만원 미만","광주"
"53354339","20240122","만족하는 편이다","여유시간 충분","M","40대","500~700만원 미만","경기"
"53354365","20240122","만족하는 편이다","여유롭게 시간적으로","M","50대","700만원 이상","충북"
"53354540","20240122","보통이다","크게 증가하거나 감소하지 않아서","F","30대","300만원 미만","인천"
"53354558","20240122","만족하는 편이다","불편한 상황이 없었음","M","50대","700만원 이상","서울"
"53354601","20240122","만족하는 편이다","가족과 함께해서.즐거웠다","M","60대","700만원 이상","서울"
"53354617","20240122","보통이다","특별한것이없음","M","60대","300~500만원 미만","강원"
"53354886","20240122","보통이다","한결같은 나만의 시간이므로","M","40대","300만원 미만","경북"
"53354914","20240122","보통이다","특별히 생각해본 적없음","F","19~29세","300~500만원 미만","충북"
"53354993","20240122","보통이다","즐겁고 좋지만 여가생활이 부족함","F","30대","300만원 미만","대구"
"53355044","20240122","만족하는 편이다","내가 하고 싶은것을 하고 있다","M","50대","700만원 이상","경남"
"53355231","20240122","불만족하는 편이다","계획대로 되지 않아서","F","60대","300만원 미만","경기"
"53355446","20240122","보통이다","걷기운동을 좋아하는데 날씨 영향으로 많이 못함","F","50대","300~500만원 미만","인천"
"53355448","20240122","만족하는 편이다","내가 하고싶을때 할수있음","F","60대","700만원 이상","경남"
"53355572","20240122","만족하는 편이다","시간적 여유가 생겨서","M","40대","500~700만원 미만","서울"
"53355750","20240122","보통이다","생활 패턴이 크게 달라진 점이 없다","F","40대","300~500만원 미만","경남"
"53355979","20240122","보통이다","여유가 없음","F","40대","700만원 이상","충남"
"53356047","20240122","보통이다","평소랑 별 차이가 없어서","M","40대","300만원 미만","충남"
"53356089","20240122","보통이다","갈곳이없다","M","60대","300~500만원 미만","충북"
"53356151","20240122","만족하는 편이다","효과가 좋다","M","30대","300~500만원 미만","서울"
"53356195","20240122","만족하는 편이다","지근 쉬고 있어서","F","30대","300~500만원 미만","부산"
"53356440","20240122","만족하는 편이다","지인들과 함께 여가활동을 하며 모아둔 회비를 사용","M","50대","300~500만원 미만","인천"
"53356754","20240122","보통이다","할만큼 합니다","M","19~29세","300만원 미만","충남"
"53356891","20240122","보통이다","시간적여유","M","60대","500~700만원 미만","전북"
"53357329","20240122","만족하는 편이다","금전적으로 부담없으며 시간도 여유로운 편이다","F","60대","700만원 이상","부산"
"53357344","20240122","만족하는 편이다","하고자 하는것을 하고 있어서","F","60대","700만원 이상","인천"
"53357470","20240122","만족하는 편이다","수영하고 운동 하는거 자체가 만족이다 코로나때 못하게 하면서 일상이 마비되고 나니 만족한다","F","50대","500~700만원 미만","경기"
"53357478","20240122","보통이다","크게 만족하는 부분 없어서","F","40대","700만원 이상","경남"
"53357602","20240122","만족하는 편이다","없습니다","M","19~29세","없음/모름/무응답","강원"
"53357926","20240122","만족하는 편이다","한번 하고도 만족스러워서","M","30대","500~700만원 미만","서울"
"53357945","20240122","매우 만족한다","동호회 회원들과 평소 가보고싶었던곳을 여행해서 만족한다","F","50대","700만원 이상","대구"
"53358018","20240122","보통이다","코로나때와 비교해서 시간적인 여유는 없으나 수입은 늘어난 것에 있어서 상대적 만족감 충족","F","30대","500~700만원 미만","충북"
"53358059","20240122","보통이다","없음","M","60대","없음/모름/무응답","제주"
"53358136","20240122","보통이다","경제적으로 여유가 없어서","F","50대","500~700만원 미만","강원"
"53358182","20240122","만족하는 편이다","시간여유","F","50대","300~500만원 미만","부산"
"53358394","20240122","만족하는 편이다","사간적 여유가 있다","F","50대","500~700만원 미만","서울"
"53358402","20240122","보통이다","삶이그렇다","M","40대","500~700만원 미만","경기"
"53358409","20240122","만족하는 편이다","지갑 사정도 작년에 비해 비교적 여유가 생김","M","19~29세","300만원 미만","인천"
"53358556","20240122","보통이다","가격면에서 조금 부담되고 혼자서 하려니 조금 심ㅅ","F","40대","500~700만원 미만","서울"
"53358761","20240122","만족하는 편이다","여가시간에 운동을 열심히 해서","F","40대","500~700만원 미만","경기"
"53358837","20240122","보통이다","나만의 시간이 부족하다","M","50대","500~700만원 미만","충남"
"53358904","20240122","만족하는 편이다","직장 워라밸이 좋아 여가시간이 확보됨","F","19~29세","700만원 이상","서울"
"53358922","20240122","보통이다","나이에 비해 시간이 여유롭지만은 않은 거 같아서.","M","50대","700만원 이상","대전"
"53358956","20240122","보통이다","금전적으로 조금어렵다","F","50대","300만원 미만","충북"
"53359132","20240122","불만족하는 편이다","물가상승","M","50대","700만원 이상","광주"
"53359194","20240122","매우 만족한다","여가생활을 즐기는데 충분한 시간적 금전적 여유가 있었기때문이다.","M","40대","300만원 미만","경남"
"53359225","20240122","보통이다","물가상승","M","19~29세","700만원 이상","전북"
"53359683","20240122","보통이다","직업의 변화가 없어서","M","30대","300만원 미만","서울"
"53359801","20240122","불만족하는 편이다","경험할기회가적음","F","30대","없음/모름/무응답","제주"
"53359809","20240122","보통이다","경제적이유","M","40대","300~500만원 미만","서울"
"53360042","20240122","보통이다","그닥 늘어나지도 줄지도않음","M","30대","300~500만원 미만","대구"
"53360072","20240122","만족하는 편이다","하고 싶은거니까","M","19~29세","300만원 미만","서울"
"53360112","20240122","만족하는 편이다","만족","F","19~29세","300만원 미만","서울"
"53360210","20240122","만족하는 편이다","원하는 시간에 예약해서 요가와 여행을 할 수 있었음","F","60대","500~700만원 미만","경남"
"53360307","20240122","보통이다","딱히 하고싶은게 없음","M","19~29세","300만원 미만","서울"
"53360665","20240122","보통이다","경제적 여유가 없음","F","60대","300~500만원 미만","대구"
"53361077","20240122","만족하는 편이다","힐링과 스트레스 해소","M","60대","500~700만원 미만","경북"
"53361147","20240122","만족하는 편이다","시간에 구애를받지 않는다","M","40대","300~500만원 미만","전북"
"53361401","20240122","불만족하는 편이다","인프라부족","M","40대","700만원 이상","강원"
"53361407","20240122","만족하는 편이다","시간이 많았어서","M","30대","700만원 이상","부산"
"53361496","20240122","보통이다","별로 변한게 없어요","M","50대","500~700만원 미만","충북"
"53361646","20240122","만족하는 편이다","아이가 고등졸업후 시간적 여유있음","M","50대","500~700만원 미만","경기"
"53361649","20240122","불만족하는 편이다","시설부족","M","60대","300~500만원 미만","경북"
"53361814","20240122","보통이다","업무가 많아 충분히 쉬지 못한 느낌","F","50대","700만원 이상","울산"
"53362134","20240122","만족하는 편이다","주어진 시간과 비용활용 만족할만한 여가생활을 즐기고 있다고 성각함","M","50대","없음/모름/무응답","충남"
"53362203","20240122","불만족하는 편이다","바빠서 시간이 별로 없음","F","40대","300~500만원 미만","서울"
"53362371","20240122","만족하는 편이다","골프라운드 2회 자격시험 준비","M","60대","700만원 이상","서울"
"53362537","20240122","만족하는 편이다","하고싶은 여가생활을 다 해서","F","19~29세","500~700만원 미만","경남"
"53362584","20240122","만족하는 편이다","집에서 자유롭게 지낼수있는것에 만족한다.","F","60대","300~500만원 미만","전남"
"53362729","20240122","보통이다","경제적인 이유입니다","M","60대","300만원 미만","인천"
"53362786","20240122","만족하는 편이다","시간나는대로 여유롭게 활동해서","M","40대","300~500만원 미만","경기"
"53362791","20240122","만족하는 편이다","횟수도 늘고 점반적으로 만족함","M","40대","500~700만원 미만","인천"
"53362853","20240122","보통이다","경제적인 여유가 더 뒷받침 되었으면 좋겠어서","F","19~29세","500~700만원 미만","경기"
"53362860","20240122","보통이다","마음이 평온","F","60대","없음/모름/무응답","경기"
"53362965","20240122","매우 만족한다","내가 행복하면 만족하는 것","F","19~29세","없음/모름/무응답","서울"
"53363091","20240122","매우 불만족한다","없음","M","60대","300만원 미만","서울"
"53363161","20240122","만족하는 편이다","개인의 장점을 살린 자원봉사를 할수있고 비교적 자유롭게 활동할수 있어서.","M","60대","700만원 이상","대전"
"53363643","20240122","보통이다","시간도 부족하지 않고 그렇다고 시간이 맣지도 않고 그냥 보통으로 만족하고 있다","F","40대","300~500만원 미만","경남"
"53363672","20240122","보통이다","특별한게 없음","M","50대","300~500만원 미만","강원"
"53363675","20240122","만족하는 편이다","평일에 여가시간을 가질수있는 시간적여유가 생겨 여가생활을 즐길수있는 종류가 다양해졌다","F","30대","500~700만원 미만","경남"
"53363692","20240122","만족하는 편이다","경제적 여유 조금 나아짐","F","50대","300만원 미만","서울"
"53363809","20240122","만족하는 편이다","좋아요","F","30대","300~500만원 미만","대구"
"53363826","20240122","보통이다","딱히 없어요","M","50대","300~500만원 미만","서울"
"53364053","20240122","보통이다","평범함","M","19~29세","300~500만원 미만","경기"
"53364122","20240122","만족하는 편이다","여행을 자주 감","F","19~29세","500~700만원 미만","서울"
"53364149","20240122","만족하는 편이다","금전적 여유가 생김","F","19~29세","300만원 미만","경기"
"53364326","20240122","만족하는 편이다","회사를 퇴직하고 시간이 많아져서","F","30대","300~500만원 미만","강원"
"53364509","20240122","보통이다","평범하게 남들처럼 지낸 것 같아서","F","30대","없음/모름/무응답","인천"
"53364517","20240122","만족하는 편이다","불편함없이 내가 좋아하는것을 할수있어서 만족함","F","50대","없음/모름/무응답","제주"
"53364637","20240122","만족하는 편이다","재밌고 즐거웠다는 감상적인 관점에서 좋았다","F","30대","300만원 미만","서울"
"53364673","20240122","보통이다","변동 없음","M","50대","700만원 이상","충북"
"53364708","20240122","매우 만족한다","내가 하고싶은걸 하면서 스트레스를 풀 수 있어서","M","19~29세","300~500만원 미만","경기"
"53364728","20240122","불만족하는 편이다","새로운 것 없이 늘 하는 것만 해서","F","40대","500~700만원 미만","세종"
"53364780","20240122","매우 불만족한다","애 둘 보느라 시간이 1도 없어요","F","40대","700만원 이상","경기"
"53364969","20240122","보통이다","변화없이 늘 하던 것들","M","30대","없음/모름/무응답","경남"
"53365054","20240122","보통이다","좋지도않고 나쁘지더ㅠ않음","M","30대","300~500만원 미만","경북"
"53365123","20240122","보통이다","과거와비교해 크게 달라진점 없음","M","40대","700만원 이상","경기"
"53365649","20240122","만족하는 편이다","가족과 같이 휴식할수 있는 장소(하우스)가 있어서","M","50대","500~700만원 미만","경기"
"53365759","20240122","보통이다","평소와 다르지 안아서","M","50대","없음/모름/무응답","서울"
"53365936","20240122","보통이다","보통이라서","M","19~29세","700만원 이상","경기"
"53366078","20240122","만족하는 편이다","건강하게 좋아하는 독서와 영화를 할 수 있어서 만족해요","F","50대","없음/모름/무응답","전북"
"53366224","20240122","불만족하는 편이다","경제적으로불편하다","F","50대","300만원 미만","경기"
"53366256","20240122","만족하는 편이다","시설은 많지않지만 나의경제적여건이 문제지… 보통이다","F","60대","300~500만원 미만","경기"
"53366282","20240122","보통이다","경제적이유","M","40대","500~700만원 미만","충남"
"53366303","20240122","매우 만족한다","자유롭게 하고싶은것을 할 수 있어 좋습니다","F","19~29세","500~700만원 미만","전남"
"53366422","20240122","만족하는 편이다","일단 시간적여유가 많았고 지인들과의 만남이 많았다","F","50대","700만원 이상","서울"
"53366683","20240122","보통이다","기온변화 날씨가 안좋아서","M","60대","700만원 이상","경기"
"53367161","20240122","보통이다","변화가 없다","M","50대","500~700만원 미만","전북"
"53367302","20240122","만족하는 편이다","호캉스도 즐규 캠핑도 가고 다양한 체험을 하고 있음","F","40대","700만원 이상","서울"
"53367500","20240122","만족하는 편이다","영화관도 가고 나름 여가시간에 만족하며 지내서","M","19~29세","300~500만원 미만","경기"
"53367780","20240122","보통이다","금전적 문제","F","40대","없음/모름/무응답","경기"
"53368124","20240122","만족하는 편이다","즐겁게 잘 해서","M","19~29세","300만원 미만","강원"
"53368253","20240122","보통이다","변화가없어서","F","60대","300~500만원 미만","인천"
"53368309","20240122","보통이다","날씨가 활동하기 어려워서","M","60대","500~700만원 미만","서울"
"53368581","20240122","보통이다","지역 근처에 누릴만한 것이 많지 않지만 경제적 시간적 여유는 괜찮아서","F","40대","500~700만원 미만","충북"
"53368646","20240122","만족하는 편이다","시간을 내기 편했다...할인 행사 이벤트 등등이 있어서 만족","F","30대","500~700만원 미만","경기"
"53368774","20240122","만족하는 편이다","원하는 활동을 충분히 즐겼다.","M","19~29세","500~700만원 미만","경기"
"53368793","20240122","만족하는 편이다","마음이 편안했기 때문","F","40대","700만원 이상","강원"
"53369138","20240122","만족하는 편이다","하고싶은 여가활동을 할 수 있는 시간이 충분하였고 경제적 능력도 뒷받침 되었다.","M","30대","300~500만원 미만","대구"
"53369175","20240122","매우 만족한다","자기계발에","F","50대","700만원 이상","대전"
"53369229","20240122","보통이다","자금부족","M","60대","300만원 미만","부산"
"53369588","20240122","만족하는 편이다","비용을 많이 들이지 않고 내가 필요할때 누릴수 있어서","M","40대","500~700만원 미만","광주"
"53369745","20240122","매우 만족한다","만족스러워서","F","30대","없음/모름/무응답","서울"
"53369824","20240122","보통이다","반복적인 환동","M","60대","700만원 이상","전남"
"53369895","20240122","만족하는 편이다","인프라 많고 시간여유 있음","F","60대","300~500만원 미만","충남"
"53369971","20240122","만족하는 편이다","적은시간 대비 원하는것을 찾아서 하는편이다","F","50대","300~500만원 미만","경기"
"53370100","20240122","보통이다","시간과 경제적인 여유가 많다","F","60대","700만원 이상","서울"
"53370117","20240122","보통이다","섬지역이라","F","50대","700만원 이상","인천"
"53370205","20240122","만족하는 편이다","본인 스스로 조절해서 절제하고 관리하고 살기에 만족하는 것입니다. 외부 문제 아니라 본인 마인드가 탁월합니다.","F","60대","500~700만원 미만","충남"
"53370240","20240122","불만족하는 편이다","경제적으로 안좋아서 소소한 여행도 못해봐서이다","F","50대","500~700만원 미만","충북"
"53370410","20240122","보통이다","육아","M","40대","500~700만원 미만","광주"
"53370430","20240122","불만족하는 편이다","경제적 비용 증가","F","30대","700만원 이상","제주"
"53370486","20240122","만족하는 편이다","라이프스타일에 맞아서","F","60대","300만원 미만","대전"
"53370557","20240122","만족하는 편이다","코로나 소강으로 여가시간 증가","F","40대","700만원 이상","전북"
"53370710","20240122","매우 불만족한다","돈과 시간이없다","M","30대","없음/모름/무응답","서울"
"53370995","20240122","보통이다","시간여유가 많아서","F","40대","500~700만원 미만","대전"
"53371019","20240122","보통이다","여과시간은 줄어들었지만 지금 생활에 만족하고 있어서","F","30대","300만원 미만","경기"
"53371133","20240122","만족하는 편이다","여행지 볼거리 먹을거리가 많음","M","19~29세","300만원 미만","경기"
"53371380","20240122","보통이다","엄마 병간호로 시간적으로 여유가 없었다.","F","60대","300만원 미만","경기"
"53371910","20240122","만족하는 편이다","하고싶은건 다 해본것 같다","F","19~29세","300만원 미만","경북"
"53371948","20240122","만족하는 편이다","주변시설 우수. 시간여유가 많다","F","50대","500~700만원 미만","전북"
"53371999","20240122","보통이다","평년과 다를바없어서","M","19~29세","없음/모름/무응답","강원"
"53372179","20240122","보통이다","경제적인 면","M","60대","300~500만원 미만","대구"
"53372468","20240122","보통이다","더워서 여가를 할 힘이 없었다. 만족할 만한 여가생활을 하기에 경제적 여유가 없다.","F","40대","700만원 이상","서울"
"53372475","20240122","보통이다","변화 없음","M","30대","300만원 미만","경기"
"53372484","20240122","보통이다","평소에 하고 있기때문에 보통입니다","M","40대","500~700만원 미만","전북"
"53372979","20240122","만족하는 편이다","친구모임.계모임.주변에기기들이있다","M","60대","300만원 미만","부산"
"53373166","20240122","보통이다","None","M","19~29세","300~500만원 미만","경기"
"53373944","20240122","보통이다","딱히 변화가 없으므로","M","19~29세","없음/모름/무응답","인천"
"53374053","20240122","보통이다","크게 이유가 없다. 딱히 여가에 대해 단순히 핸드폰 또는 맛집이 다이기 때문","M","30대","300~500만원 미만","인천"
"53374226","20240122","보통이다","특별한게 없어서","F","40대","700만원 이상","인천"
"53374228","20240122","보통이다","날씨가 너무좋지않아서","M","40대","300~500만원 미만","전남"
"53374339","20240122","만족하는 편이다","가고픈곳에 갈수 있어서","F","50대","500~700만원 미만","서울"
"53374602","20240122","보통이다","여가활동에대한 충분한 활용","M","50대","300만원 미만","광주"
"53374719","20240122","보통이다","원하는 여가 활동이 안어서","F","60대","300~500만원 미만","광주"
"53374747","20240122","보통이다","특별히 다르지 않아서","M","60대","700만원 이상","부산"
"53374893","20240122","불만족하는 편이다","일이 우선이라거","M","50대","300~500만원 미만","경북"
"53374984","20240122","보통이다","평소와 비슷한 활동을 했다","M","60대","500~700만원 미만","강원"
"53375106","20240122","만족하는 편이다","여가시간을 보내기위한 정보가 다양하여 가격대비 만족도가 높은 여가시간을 보낼수있었어","F","40대","300만원 미만","인천"
"53375473","20240122","보통이다","다른것보다 관광지 물가가 너무 사악하다","M","50대","700만원 이상","서울"
"53375494","20240122","만족하는 편이다","무난하게 좋았으니까","M","19~29세","700만원 이상","경기"
"53375573","20240122","만족하는 편이다","가족간 즐거운시간을 보내고 있어서","M","30대","300~500만원 미만","울산"
"53375755","20240122","보통이다","딱히 더 새로운게 없음","F","50대","500~700만원 미만","서울"
"53375838","20240122","만족하는 편이다","스트레스해소","M","40대","700만원 이상","대전"
"53376159","20240122","만족하는 편이다","시간도 중분하고 주변환경도 상당히 괜찮은편이다","F","60대","300만원 미만","경남"
"53376217","20240122","만족하는 편이다","독서 운동 혼자하는걸 즐기는 성향ㅇ이라 개인의자유의지로 얼마든지할수있는 여가생활에대한 만족도가 좋은편입니다.","F","40대","700만원 이상","서울"
"53376303","20240122","보통이다","경제적인 여건이 되면 여가시간을 늘리고싶다","F","40대","300~500만원 미만","부산"
"53376373","20240122","매우 불만족한다","물가가 너무 비싸요","M","30대","300만원 미만","세종"
"53376419","20240122","보통이다","만족도 보통","M","30대","300~500만원 미만","경남"
"53376511","20240122","보통이다","예년과 비슷한 수준으로 여가활동을 하고 있어서","M","30대","없음/모름/무응답","서울"
"53376657","20240122","만족하는 편이다","근거리. 적은비용.시간절약","F","60대","300만원 미만","전북"
"53376669","20240122","만족하는 편이다","크게 달라진 거 없이 하고 싶은 활동해서 만족","F","19~29세","없음/모름/무응답","서울"
"53376697","20240122","보통이다","맨발걷기공원이 주변에 잘 조성되어 있습니다.","M","50대","300~500만원 미만","서울"
"53376721","20240122","보통이다","시간이 너무빠르게 지나간다","F","30대","없음/모름/무응답","울산"
"53376744","20240122","보통이다","개인적으로 거의 그렇다고 생각합니다","F","60대","300~500만원 미만","부산"
"53376950","20240122","보통이다","보통","M","40대","300~500만원 미만","전북"
"53377016","20240122","보통이다","변화가 딱히 없음","M","30대","300~500만원 미만","경기"
"53377142","20240122","보통이다","경제적으로 제한있음","F","30대","300~500만원 미만","서울"
"53377150","20240122","만족하는 편이다","하고싶은거할 수 있어서 만족","F","19~29세","700만원 이상","인천"
"53377361","20240122","만족하는 편이다","시간적 공간적으로 활동할수가 있어서..","F","50대","700만원 이상","서울"
"183684","20240129","보통이다","여가시간에 좀 더 많은 시간을 투자하고 싶으나 지리적 여건과 교통편의 불편으로 여가문화시설이 너무 멀리 있어 보통입니다.","M","30대","300~500만원 미만","경기"
"348489","20240129","만족하는 편이다","호수공원이 근처에 있어 시간나면 걷기를한다","F","60대","300만원 미만","서울"
"361055","20240129","매우 불만족한다","육아","M","30대","300~500만원 미만","경기"
"370130","20240129","만족하는 편이다","삶에여유를가지고자하는 마음","M","50대","500~700만원 미만","충북"
"392890","20240129","만족하는 편이다","꾸준히 시간 내서 운동을 하기 때문에","F","40대","300~500만원 미만","경기"
"420068","20240129","만족하는 편이다","스트레스 해소가 가능함","M","60대","300~500만원 미만","서울"
"421251","20240129","만족하는 편이다","인프라가 충분","M","60대","700만원 이상","경기"
"421263","20240129","보통이다","물가가 너무 올랐어요","F","30대","700만원 이상","강원"
"422723","20240129","만족하는 편이다","가족들과 충분히 재밌고 행복한 시간을 보냈다","F","40대","700만원 이상","경기"
"426032","20240129","보통이다","경제적, 심적 여유가 없었음","F","40대","없음/모름/무응답","서울"
"427787","20240129","보통이다","특별히 예전과 달라진게 없어서","F","40대","700만원 이상","경기"
"429940","20240129","보통이다","시간적으로나 경제적으로비슷해서","F","19~29세","300만원 미만","충남"
"433767","20240129","매우 만족한다","여가시간이 넉넉하고 즐길 수 있고 즐기고 누리기 때문이다.","F","50대","300~500만원 미만","광주"
"442125","20240129","보통이다","비교적 만족해서","F","50대","없음/모름/무응답","서울"
"442741","20240129","보통이다","큰 변화없는 생활이라 보통이라 대답함","F","60대","500~700만원 미만","경기"
"445057","20240129","보통이다","평소와 비슷하여서","M","30대","500~700만원 미만","대전"
"450903","20240129","보통이다","날씨가 더워지고 야외활동이 적어지고있어요","M","50대","500~700만원 미만","경남"
"454896","20240129","보통이다","특별한게 없음","M","50대","500~700만원 미만","전남"
"458182","20240129","보통이다","너무적지도 과하지도 않았다,","F","50대","500~700만원 미만","전남"
"459203","20240129","만족하는 편이다","해외 여행을 부족함없이 잘 다녀왔다.","F","40대","300만원 미만","강원"
"460751","20240129","만족하는 편이다","여러가지 공부와 스포츠를 하고있어서","M","40대","300만원 미만","제주"
"462937","20240129","만족하는 편이다","하고 싶은 활동을 해서입니다.","F","19~29세","300만원 미만","경기"
"463661","20240129","보통이다","여유롭지 못해서","M","60대","500~700만원 미만","강원"
"465423","20240129","보통이다","인프라의 부족","M","60대","300~500만원 미만","인천"
"465745","20240129","만족하는 편이다","재미있습니다","M","50대","700만원 이상","서울"
"467322","20240129","보통이다","일상활동","M","60대","300~500만원 미만","경남"
"467945","20240129","보통이다","시간적여유가 부족해서 여가생활을 충분히 할 시간이부족함","F","19~29세","300만원 미만","인천"
"471305","20240129","보통이다","재미있는거리가 없음","M","19~29세","300~500만원 미만","경기"
"473185","20240129","매우 만족한다","시간적 여유도 많고 여가생활을 하는데 아무런 지장이 없기 때문입니다.","M","19~29세","500~700만원 미만","전남"
"53322197","20240129","보통이다","내 마음대로 해서 좋다","F","30대","300만원 미만","서울"
"53322221","20240129","보통이다","전년도에 비해 나이가 들어서 인지 열정이 식는다","M","60대","300~500만원 미만","서울"
"53322329","20240129","불만족하는 편이다","시간적 여유가 없다","M","50대","700만원 이상","서울"
"53322347","20240129","만족하는 편이다","불편함없이 여가생활을 즐기고있다","M","30대","300~500만원 미만","경기"
"53322366","20240129","만족하는 편이다","봄철에 꽃구경 등 실외활동이 많았고 수도권이외의 지역이라 문화체험 대비 자연의 인접성이 높았다","M","40대","300~500만원 미만","경남"
"53322469","20240129","만족하는 편이다","주변에서 운동장임대등 일정들을 관리해주어 준비물과 몸만가면되니까요","M","50대","300~500만원 미만","전북"
"53322629","20240129","보통이다","항상같은패턴으로살기때문","F","60대","300만원 미만","서울"
"53323081","20240129","보통이다","막상 나가면 몸이 피곤해서 육체적으로는 만족하지 않고 정신적으로는 만족해서 보통이라고 응답함","F","30대","300만원 미만","서울"
"53323101","20240129","보통이다","필요한 주변 시설이 부족","F","50대","없음/모름/무응답","울산"
"53323140","20240129","보통이다","보통","M","19~29세","없음/모름/무응답","경기"
"53323335","20240129","보통이다","평상시 생활수준에 있으니까?(경제적으로--)","M","60대","500~700만원 미만","전북"
"53323339","20240129","보통이다","그저그렇다","M","50대","300~500만원 미만","경기"
"53323361","20240129","만족하는 편이다","시간적으로 즐기기에 여유있는편","M","50대","700만원 이상","인천"
"53323478","20240129","만족하는 편이다","내여유자금으로즐길수있어서좋다","M","60대","300~500만원 미만","인천"
"53323535","20240129","만족하는 편이다","내가 좋아하는 것을 함","F","30대","300~500만원 미만","서울"
"53324030","20240129","보통이다","시간적 여유가 많지 않아 아쉬울 때가 있다.","F","40대","700만원 이상","강원"
"53324225","20240129","보통이다","시간적 경제적 여유가 부족함","F","19~29세","300만원 미만","전남"
"53324557","20240129","만족하는 편이다","하고싶은 취미로 자기자신을 개발함으로 인해 기분이 좋다","F","60대","700만원 이상","경기"
"53324661","20240129","만족하는 편이다","낼수있는시간과 금전적여유","F","60대","700만원 이상","세종"
"53324687","20240129","만족하는 편이다","시간여유","M","50대","700만원 이상","경기"
"53324700","20240129","만족하는 편이다","워라벨 적절","F","40대","300~500만원 미만","경북"
"53324823","20240129","만족하는 편이다","시간적여유와. 동호회할동","M","60대","300~500만원 미만","경북"
"53324973","20240129","만족하는 편이다","시간적 여유가 많음","M","60대","700만원 이상","충남"
"53325293","20240129","보통이다","발전된 것은 없어서","M","19~29세","500~700만원 미만","서울"
"53325789","20240129","보통이다","남들과 비슷한 시간","M","40대","500~700만원 미만","서울"
"53326016","20240129","만족하는 편이다","워라벨을 따졌을때 만족한다.","M","19~29세","500~700만원 미만","강원"
"53326018","20240129","보통이다","여유가 줄어듦","M","30대","500~700만원 미만","충남"
"53326150","20240129","보통이다","특별히 더 좋았던 것도 불만족스러운 것도 없어서","M","40대","300~500만원 미만","울산"
"53326184","20240129","만족하는 편이다","경제적으로 부족하지 않아서","F","30대","700만원 이상","서울"
"53326301","20240129","만족하는 편이다","계획하고움직이는거라서","F","50대","700만원 이상","강원"
"53326473","20240129","만족하는 편이다","원할때 할수가 있음","F","40대","500~700만원 미만","경기"
"53326522","20240129","보통이다","남들과 비슷한 정도의 여가시간 활동을 해서","M","40대","500~700만원 미만","경기"
"53326591","20240129","매우 불만족한다","경제불황","M","40대","없음/모름/무응답","제주"
"53326663","20240129","보통이다","시어머니를 돌보고 있기 때문에 시간이 충분하지 못함","F","50대","500~700만원 미만","서울"
"53326684","20240129","만족하는 편이다","힐링이 되고 스트레스 해소에 도움이 된다","M","40대","700만원 이상","대전"
"53326750","20240129","만족하는 편이다","퇴직을 해서","F","50대","500~700만원 미만","강원"
"53326825","20240129","보통이다","현재생활여건대비","M","50대","700만원 이상","서울"
"53326837","20240129","만족하는 편이다","유연근무가 가능해서","M","50대","700만원 이상","경기"
"53326868","20240129","보통이다","별다른 변화도없고 주변 변화도없다","M","60대","300~500만원 미만","경기"
"53326922","20240129","불만족하는 편이다","시간이 부족함","F","19~29세","없음/모름/무응답","제주"
"53326991","20240129","매우 만족한다","원하는시간에 언제든지 가능하므로","F","60대","700만원 이상","경남"
"53327001","20240129","보통이다","시간부족","M","50대","700만원 이상","대구"
"53327091","20240129","보통이다","생산적인 활동이 아니라 소비 위주의 활동으로 보냈기 때문이다.","F","19~29세","없음/모름/무응답","부산"
"53327233","20240129","만족하는 편이다","전반적인 만족도가 높음","M","40대","300~500만원 미만","대구"
"53327286","20240129","만족하는 편이다","불편함 없이 할수 있어서","M","50대","700만원 이상","인천"
"53327329","20240129","매우 만족한다","주민센터에서 웰빙댄스 하는게 넘 즐겁고 (일주일에2번)일요일날 친구와 서울듈레길 도는게 휠링","F","60대","없음/모름/무응답","경기"
"53327355","20240129","만족하는 편이다","여가를 즐기는 동안 내가 만들 수 있는 최대한의 조건 내에서 행복과 즐거움을 느꼈기 때문에","F","19~29세","500~700만원 미만","경남"
"53327369","20240129","보통이다","바뻐서","M","50대","300~500만원 미만","인천"
"53327406","20240129","만족하는 편이다","충분한 시간적 여유와 가족이 함께할 수 있기 때문.","M","60대","700만원 이상","전남"
"53327531","20240129","만족하는 편이다","시간의 자유로움","F","40대","없음/모름/무응답","강원"
"53327643","20240129","보통이다","적당한곳이드물다","M","60대","300만원 미만","서울"
"53327652","20240129","만족하는 편이다","시간적 여유","M","40대","700만원 이상","인천"
"53327805","20240129","만족하는 편이다","시간적 여유를갖고 여행다녀온것이 좋았기때문에","F","60대","500~700만원 미만","경기"
"53327877","20240129","보통이다","시간적인 여유나 경제적 여유가 부족해서","F","30대","500~700만원 미만","강원"
"53327935","20240129","만족하는 편이다","비용적인 부분만 부담될 뿐 원하는것 하고 있고 수영 외에는 대체로 정적이고 실내에서 하는 활동을 좋아한다.","F","40대","700만원 이상","인천"
"53327991","20240129","만족하는 편이다","내가 생각한 비용. 시간 등등 모두만족해서","M","60대","700만원 이상","서울"
"53328016","20240129","보통이다","특별활동을하지않음","F","40대","300~500만원 미만","경기"
"53328286","20240129","보통이다","경제적으로 크게 부족하지않고 여유롭지도 않아서","F","60대","300~500만원 미만","서울"
"53328370","20240129","만족하는 편이다","독서 및 영상시청","F","60대","300만원 미만","대구"
"53328496","20240129","만족하는 편이다","전보다 조금 여가생활이 줄긴 했지만 할 거 하면서 틈틈히 여가생활을 했기 때문에 만족한다","F","19~29세","300~500만원 미만","대구"
"53328568","20240129","보통이다","여가에 특별한 의미가 없다","M","19~29세","300만원 미만","광주"
"53328599","20240129","매우 불만족한다","여가활동의 시간이 없다","F","60대","300만원 미만","충북"
"53328745","20240129","보통이다","특별한 변화가 없다","M","50대","없음/모름/무응답","서울"
"53328787","20240129","보통이다","체력과 경제력 부족으로 계획한 만큼 여가생활을 하지 못함","F","19~29세","없음/모름/무응답","경기"
"53328812","20240129","보통이다","비용증가","F","60대","700만원 이상","부산"
"53328900","20240129","보통이다","시간의부족","F","40대","500~700만원 미만","경남"
"53328902","20240129","만족하는 편이다","출퇴근 시간이 길어져 시간이 부족","F","30대","700만원 이상","전남"
"53328916","20240129","보통이다","여가활동에 특별한 변화가 없어서 만족도도 별반 변동없슴","M","60대","300~500만원 미만","충남"
"53328936","20240129","보통이다","평소와 같아서","F","30대","500~700만원 미만","인천"
"53328960","20240129","보통이다","시간부족","F","40대","500~700만원 미만","광주"
"53329092","20240129","불만족하는 편이다","시간적여유가없다","F","40대","500~700만원 미만","전남"
"53329137","20240129","만족하는 편이다","시골에서 이사를 나오면서 전반적으로 여가생활을 즐길 수 있는 인프라가 생겨 이전 생활에 비하면 이를 즐길 수 있는 시간과 기회가 생겨 만족함","F","30대","300만원 미만","울산"
"53329274","20240129","만족하는 편이다","하고싶은 텃밭을 가꾸면서 생활하고 있다","M","60대","300만원 미만","전남"
"53329369","20240129","보통이다","경제력 부족","M","60대","300~500만원 미만","인천"
"53329431","20240129","보통이다","존나 만적이 안뒤니까","M","19~29세","없음/모름/무응답","강원"
"53329488","20240129","보통이다","시간이 많이 없음","M","30대","300~500만원 미만","경기"
"53329751","20240129","보통이다","다른 큰 변화가 없어서","M","50대","700만원 이상","강원"
"53329809","20240129","보통이다","항상 그럭저럭 빨리 지난간다 주말 순간삭제","F","30대","300만원 미만","경북"
"53329853","20240129","만족하는 편이다","방해받지 않고 편하게 뭐든 할수 있어요","F","40대","500~700만원 미만","전남"
"53329870","20240129","보통이다","시간이 모자라 만족할만큼못함","F","40대","없음/모름/무응답","경남"
"53329888","20240129","보통이다","변한게 없어서","M","19~29세","없음/모름/무응답","경기"
"53329979","20240129","만족하는 편이다","하고싶은것 가고싶은곳 마음먹으면 대체적으로 할 수 있어서 좋습니다.","F","60대","없음/모름/무응답","서울"
"53330035","20240129","만족하는 편이다","요즘 여유로움이 좋다","M","50대","700만원 이상","울산"
"53330565","20240129","보통이다","여유가 적다","F","40대","없음/모름/무응답","경남"
"53330576","20240129","만족하는 편이다","주위환경여건이 좋아서","M","60대","500~700만원 미만","서울"
"53330618","20240129","만족하는 편이다","생활의 여유가 생기고 즐겁다","F","40대","700만원 이상","경기"
"53330670","20240129","만족하는 편이다","자율성과 인프라","F","19~29세","300만원 미만","서울"
"53330711","20240129","보통이다","딱히 좋았던 것이 없음","M","40대","500~700만원 미만","전남"
"53330736","20240129","불만족하는 편이다","돈과 시간","M","50대","300~500만원 미만","인천"
"53331040","20240129","만족하는 편이다","원하는 시간에 적당한 비용으나 시간을 들여서 할 수 있어서","M","60대","700만원 이상","서울"
"53331073","20240129","보통이다","시간.금전적인 여유가 없어서","F","50대","300~500만원 미만","서울"
"53331149","20240129","보통이다","시간이나 금전적 여유가 많지도 적지도 않은 것 같아서","M","40대","500~700만원 미만","울산"
"53331356","20240129","불만족하는 편이다","몸이 아픈 상황임에도 강제로 군복무 (사회복무)를 해야하는 상황이고 스트레스 해소나 꾸준히 가야하는 병원도 자주 못 가는 상황이다. 지병으로 인한 병원비 지출도 많은 상황에 최저시급 조차 받지 못하며 강제 노동을 하고 있어 스트레스에 지병 악화로 자살하고 싶은 마음이 큽니다.","M","19~29세","300만원 미만","경기"
"53331390","20240129","보통이다","경제상황이 나빠져","M","50대","300~500만원 미만","인천"
"53331447","20240129","보통이다","바빠졌다","M","40대","500~700만원 미만","인천"
"53331752","20240129","만족하는 편이다","시간이 많아서","F","19~29세","500~700만원 미만","전남"
"53331954","20240129","보통이다","시간과 경제적인 상황을 고려해서 적당하다고 생각한다","F","50대","300~500만원 미만","부산"
"53332023","20240129","만족하는 편이다","하고싶은건 다 해서","F","30대","500~700만원 미만","전북"
"53332051","20240129","만족하는 편이다","적은 시간이지만 스트레스 관리나 휴식 면에서 효과적이었다","M","40대","없음/모름/무응답","경기"
"53332119","20240129","만족하는 편이다","시간적 여유가 많아서","F","40대","500~700만원 미만","경기"
"53332179","20240129","매우 만족한다","인프라가 잘 갖춰져 있고 여가시간을 보내기에 시간이 넉넉하다.","F","19~29세","300만원 미만","경기"
"53332187","20240129","보통이다","네","M","30대","없음/모름/무응답","서울"
"53332240","20240129","만족하는 편이다","이주전 예약하지 않은상태로 갑자기 캠핑을 하옇는데 만족함","F","60대","300~500만원 미만","세종"
"53332273","20240129","만족하는 편이다","하고싶은 여행과 운동등을 내가 하고싶을때 할수 있어서","F","60대","700만원 이상","강원"
"53332528","20240129","보통이다","변화없음","F","50대","300만원 미만","대구"
"53332537","20240129","보통이다","경제적 부족","M","30대","없음/모름/무응답","경기"
"53332714","20240129","보통이다","반복되는 생활","M","50대","300~500만원 미만","울산"
"53332736","20240129","보통이다","별다른 특징과 변화가 없기때문에","F","50대","300~500만원 미만","경기"
"53332834","20240129","만족하는 편이다","게임하면서 기프티콘을 받는 방법을 알게 돼 게임을 효율적으로 하는 기분이 든다.","F","19~29세","없음/모름/무응답","서울"
"53333150","20240129","보통이다","큰 변화 없음","M","19~29세","없음/모름/무응답","강원"
"53333234","20240129","만족하는 편이다","내가 하고싶은걸 하고있어서..","M","40대","500~700만원 미만","울산"
"53333362","20240129","만족하는 편이다","해보고 싶은 것들이 많았고 도전할 수 있는 기회가 충분했기 때문에","F","19~29세","300만원 미만","서울"
"53333464","20240129","만족하는 편이다","접근성과이용편리성","M","60대","700만원 이상","강원"
"53333746","20240129","보통이다","출산으로 인해 제약","F","30대","500~700만원 미만","강원"
"53333832","20240129","보통이다","조금 더 늘리고싶다","F","30대","300~500만원 미만","서울"
"53333851","20240129","보통이다","겨울이라바깥활동이적었다.","F","60대","300~500만원 미만","경북"
"53333909","20240129","만족하는 편이다","욕심없음","F","30대","300만원 미만","인천"
"53334042","20240129","만족하는 편이다","계획대로 돼서","M","50대","700만원 이상","경기"
"53334071","20240129","매우 만족한다","그냥 좋아서","M","19~29세","300만원 미만","경기"
"53334158","20240129","불만족하는 편이다","여가시간과 가용비용이 줄었다","M","50대","없음/모름/무응답","서울"
"53334338","20240129","보통이다","평소하던대로 늘 하고있습니다","F","60대","300만원 미만","대구"
"53334640","20240129","불만족하는 편이다","시간적여유가없다","F","50대","300만원 미만","서울"
"53334911","20240129","매우 만족한다","최근에 캠핑카를 구입하게 되어서 하나씩 꾸며가는 재미와 다양한 차박 캠핑장을 돌면서 즐기고 있습니다.","M","19~29세","700만원 이상","경남"
"53334992","20240129","보통이다","재미가없더","M","30대","700만원 이상","인천"
"53335223","20240129","보통이다","경제적으로 힘들어 여유가없다","M","30대","500~700만원 미만","대구"
"53335261","20240129","매우 만족한다","취미","M","19~29세","300만원 미만","서울"
"53335389","20240129","보통이다","매년 비슷하게 하기때문","M","50대","500~700만원 미만","서울"
"53335576","20240129","만족하는 편이다","시간금전적으로 안정된생활","M","50대","300~500만원 미만","경남"
"53335586","20240129","보통이다","없는 시간 만들어서 하고있다.","M","40대","700만원 이상","경기"
"53335626","20240129","만족하는 편이다","나만의자유","M","40대","500~700만원 미만","충남"
"53335779","20240129","보통이다","하면서 만족감을 못느낌","M","50대","300~500만원 미만","서울"
"53335797","20240129","만족하는 편이다","여행을 가고 그곳에서 우연치 않게 공연을 보게되기도 하고 관광지 음식 가격과 퀄리티가 적절했음","F","30대","300~500만원 미만","부산"
"53335866","20240129","만족하는 편이다","하고싶은거를 할수 있어 만족한다","M","60대","700만원 이상","서울"
"53335881","20240129","불만족하는 편이다","제대로 쉽을 얻지 못하는 것 같다","M","50대","500~700만원 미만","경기"
"53335887","20240129","만족하는 편이다","전반적으로 만족스러움","F","19~29세","300만원 미만","부산"
"53335970","20240129","보통이다","그다지 변화가 없음","M","30대","300만원 미만","부산"
"53336248","20240129","만족하는 편이다","상대적으로 즐길 시간이 많았기 때문입니다. 대부분의 여가 시간을 좋아하는 아이돌을 보면서 많이보냈었는데 12월에 콘서트를 다녀왔기에 만족했습니다. 하지만 콘서트 티켓 가격이 너무 비싸졌기 때문에 매우 만족이 아닌 만족을 택했습니다. 뿐만 아니라 요즘 아이돌 문화에서 미공개 포토카드 앨범 다량구매 유도 등으로 기이하게 소비를 유발하는 문화가 만연합니다. 이 때문에 100 만족하진 않습니다.","F","19~29세","300~500만원 미만","경남"
"53336497","20240129","불만족하는 편이다","시간이없어 많이 못함","F","30대","500~700만원 미만","경기"
"53336815","20240129","만족하는 편이다","주변시설을 편리하게 이용함","F","40대","700만원 이상","경기"
"53336912","20240129","만족하는 편이다","하고싶은 여가생활을 누릴수 있어서","M","50대","700만원 이상","제주"
"53337023","20240129","보통이다","그냥 대체로 만족하다","M","60대","300~500만원 미만","충북"
"53337025","20240129","보통이다","여가시간이 별로없음","M","40대","500~700만원 미만","충남"
"53337039","20240129","매우 만족한다","스트레스풀리고 침목도모","M","40대","700만원 이상","경기"
"53337042","20240129","보통이다","경제적 여유 변화없음","M","60대","500~700만원 미만","전북"
"53337236","20240129","보통이다","집에서 놀고있으니가 흥미가 없어서","M","60대","300~500만원 미만","경기"
"53337328","20240129","보통이다","황사등의 이유로 야외활동에 제약을 받아서","F","60대","300만원 미만","경기"
"53337429","20240129","보통이다","시간적 경제적 여유 감소","M","30대","300만원 미만","강원"
"53337469","20240129","매우 만족한다","아이들이 좀더커져서 편함","M","30대","500~700만원 미만","충남"
"53337521","20240129","보통이다","크게 좋아지지도 나빠지지도 않아서","F","30대","300~500만원 미만","제주"
"53337576","20240129","보통이다","활동하고 싶은 것이 더 있지만 시간적 경제적 여건으로 인해서 100 만족을 못한거 같아서","M","50대","300만원 미만","대구"
"53337750","20240129","불만족하는 편이다","육아로 인한시간부족","M","30대","500~700만원 미만","경기"
"53337879","20240129","만족하는 편이다","여가생활을 할만한 장소 만족 시간적여유","F","30대","700만원 이상","강원"
"53337889","20240129","만족하는 편이다","불편없이 하고 있음","M","30대","300~500만원 미만","경기"
"53337944","20240129","만족하는 편이다","남편과 함께 근거리 또는 장거리 라도 좋은 곳이 있으면 함께 할 수 있어서","F","60대","300~500만원 미만","서울"
"53338023","20240129","보통이다","모름","M","30대","없음/모름/무응답","강원"
"53338314","20240129","보통이다","비용증가","M","40대","500~700만원 미만","울산"
"53338491","20240129","만족하는 편이다","방학을 이용해서 가족과 함께 다양한 경험을 누릴 수 있었기 때문이다$","F","40대","500~700만원 미만","부산"
"53338529","20240129","보통이다","주중이용에 약간의 제한이 있음.","M","50대","700만원 이상","경기"
"53338682","20240129","보통이다","그럭저럭 재미있게 살고있다","M","19~29세","700만원 이상","경기"
"53338734","20240129","보통이다","별로 달라진게 없어서","M","60대","없음/모름/무응답","강원"
"53338736","20240129","보통이다","특별히 불만인 이유는 없음","F","60대","없음/모름/무응답","전북"
"53338872","20240129","만족하는 편이다","시간적 여유가 있어서","M","50대","300~500만원 미만","경기"
"53338880","20240129","보통이다","같이 여가를 즐길 지인이 결핍","F","40대","700만원 이상","부산"
"53338981","20240129","매우 만족한다","주관적으로 만족하기 때문","M","19~29세","700만원 이상","서울"
"53339075","20240129","보통이다","특별히 달라진게 없어서","F","50대","500~700만원 미만","경기"
"53339093","20240129","불만족하는 편이다","건강이 안 좋고, 비용이 부족","F","60대","300만원 미만","대전"
"53339483","20240129","만족하는 편이다","원하는시간에 인프라구성이 잘되있어서 펀리하다","F","50대","700만원 이상","인천"
"53339691","20240129","만족하는 편이다","하고싶은 시간에 하고싶은 여가종목을 할 수 있어서","F","19~29세","없음/모름/무응답","전북"
"53339886","20240129","보통이다","보통이기 때문에","F","30대","500~700만원 미만","제주"
"53339896","20240129","보통이다","몬노노ㅗㄴ","M","19~29세","없음/모름/무응답","충남"
"53340072","20240129","만족하는 편이다","운동 후스트레스가풀려서","M","60대","300~500만원 미만","서울"
"53340124","20240129","만족하는 편이다","하고싶고 가고싶고 먹고싶은것을 대부분 실행","M","60대","700만원 이상","강원"
"53340187","20240129","보통이다","아무 변함이 없음","M","19~29세","없음/모름/무응답","부산"
"53340202","20240129","보통이다","짜여진 사회활동(근로)으로 만족할만한 여가생활은 아닌듯함","M","60대","300~500만원 미만","서울"
"53340238","20240129","만족하는 편이다","주변 여건이 양호함.","M","60대","300~500만원 미만","경북"
"53340310","20240129","만족하는 편이다","여행을 다녀옴","F","60대","300만원 미만","전남"
"53340321","20240129","보통이다","원하는 것을 원하는 장소에서 원하는 시간에 하기가 쉽지 않아서.","F","50대","700만원 이상","서울"
"53340393","20240129","매우 불만족한다","경제난으로 하고싶은것을 충분히 하지못하고있다","M","50대","300만원 미만","경기"
"53340614","20240129","만족하는 편이다","정신적 시간적 여유","M","30대","700만원 이상","부산"
"53340645","20240129","보통이다","좀더 많은 공연이 없어서","M","50대","500~700만원 미만","대구"
"53340828","20240129","보통이다","없다","M","19~29세","300만원 미만","광주"
"53341022","20240129","불만족하는 편이다","경제적 여유가 없어 충분히 하지 못한다","F","50대","300만원 미만","충남"
"53341168","20240129","만족하는 편이다","가족과 함께 여가생활을 해서","M","40대","700만원 이상","서울"
"53341203","20240129","보통이다","시간적 여유를 적절히 사용","M","50대","700만원 이상","경남"
"53341267","20240129","보통이다","경제적 어려움","M","40대","300만원 미만","경남"
"53341299","20240129","만족하는 편이다","차가 있어 언제든 마음만 먹으면 떠날수 있고 큰돈 들지않고 할수 있는 여유로운 취미를 좋아하므로 접근성이 좋다","F","40대","700만원 이상","대구"
"53341424","20240129","만족하는 편이다","재미있게 활동을 해서","F","19~29세","없음/모름/무응답","서울"
"53341539","20240129","만족하는 편이다","너무 재밌고 좋아해서","M","19~29세","없음/모름/무응답","경기"
"53341556","20240129","불만족하는 편이다","일이 너무 바쁨","M","40대","300만원 미만","부산"
"53341572","20240129","만족하는 편이다","가고싶은곳 먹고 싶은것 있슴 ?아서 잘다님","M","60대","700만원 이상","서울"
"53341677","20240129","만족하는 편이다","산책이나 모바일 게임이라서","M","40대","700만원 이상","경기"
"53342068","20240129","보통이다","날씨","F","30대","300~500만원 미만","전북"
"53342135","20240129","보통이다","좋지도나쁘지도않다","F","40대","500~700만원 미만","인천"
"53342333","20240129","보통이다","재정이 많지 않아서","M","19~29세","300만원 미만","경기"
"53342481","20240129","만족하는 편이다","시간적 여유가 생겨서","M","30대","500~700만원 미만","경기"
"53342564","20240129","불만족하는 편이다","여가시간이 적다","M","60대","500~700만원 미만","인천"
"53342594","20240129","만족하는 편이다","하고싶은것을 편히 한다.","F","40대","없음/모름/무응답","서울"
"53342850","20240129","보통이다","물질적으로 힘들다","F","50대","700만원 이상","강원"
"53342905","20240129","불만족하는 편이다","최근 알바를 시작함","F","60대","없음/모름/무응답","울산"
"53343045","20240129","만족하는 편이다","시간과 여유가많아졌음","F","60대","700만원 이상","경남"
"53343066","20240129","보통이다","이유업ㅅ음","M","40대","없음/모름/무응답","서울"
"53343133","20240129","만족하는 편이다","불편함이나 아쉬움 없이 즐기고 있어서","F","60대","300~500만원 미만","서울"
"53343176","20240129","만족하는 편이다","신체가 편안하다.","F","50대","700만원 이상","전북"
"53343351","20240129","만족하는 편이다","시간적 여유와 경제적 여유로 하고싶은 여가활동을 할 수 있어서","F","60대","300~500만원 미만","경남"
"53343475","20240129","만족하는 편이다","업무로 받은 스트레스 해소","M","50대","500~700만원 미만","경기"
"53343709","20240129","만족하는 편이다","시간적인 여유와 주변 지인들의 도움으로 바깥 활동이 많아짐","F","50대","700만원 이상","경남"
"53343710","20240129","만족하는 편이다","다른 신경쓸일없이 즐기고있어서","F","40대","500~700만원 미만","경남"
"53343734","20240129","보통이다","크게 만족도 불만족도 없다","F","30대","300~500만원 미만","대구"
"53343809","20240129","보통이다","경제적 시간적 상황이 비슷함","M","40대","700만원 이상","전남"
"53343850","20240129","만족하는 편이다","필요할때 하니까 만족한다고 느낀다","F","40대","500~700만원 미만","제주"
"53343854","20240129","불만족하는 편이다","일을 갖게되 시간이부족해서","F","60대","없음/모름/무응답","경기"
"53343862","20240129","보통이다","시간에 ?기고 여휴가 많이없어서","M","50대","300~500만원 미만","경북"
"53343943","20240129","불만족하는 편이다","시간부죄","F","40대","500~700만원 미만","충남"
"53343967","20240129","보통이다","갑자기 사업 시작으로 시간이 많이 줄얻 ㅁ","M","50대","300~500만원 미만","울산"
"53344092","20240129","보통이다","시간이 충분하지 않다","F","40대","300~500만원 미만","광주"
"53344103","20240129","만족하는 편이다","스트레스 해소","M","50대","500~700만원 미만","충북"
"53344211","20240129","매우 만족한다","하고싶은걸 해서","M","19~29세","없음/모름/무응답","충남"
"53344234","20240129","불만족하는 편이다","시간과돈이 없다","F","30대","300만원 미만","서울"
"53344360","20240129","보통이다","그냥","F","50대","700만원 이상","서울"
"53344503","20240129","만족하는 편이다","시간적여워가 있고 가까운곳에 시설들이있어만족하는편임","F","50대","500~700만원 미만","광주"
"53344602","20240129","만족하는 편이다","주변 상황이 좋아서","M","60대","700만원 이상","서울"
"53344638","20240129","보통이다","단풍철이라 풍경은 좋은데 많이 못놀러갔네요 아쉽고 보통이에요","M","40대","700만원 이상","강원"
"53344644","20240129","보통이다","바뀐게없음","M","19~29세","없음/모름/무응답","광주"
"53344657","20240129","불만족하는 편이다","켱제적 시간적 여유가없어서","M","50대","300~500만원 미만","경기"
"53344920","20240129","만족하는 편이다","거주하고있는 종로구는 타지역에 비해 문화시설과 행사가 많습니다. 참여하고자 한다면 충분히 즐길 수 있는 지역이라 만족합니다.","F","50대","500~700만원 미만","서울"
"53344970","20240129","불만족하는 편이다","집주변 인프라가 부족하고 경제적 여유도 없어서","F","60대","300만원 미만","강원"
"53345158","20240129","보통이다","그냥","M","19~29세","없음/모름/무응답","서울"
"53345222","20240129","보통이다","근무 시간 외로 시간을 잡기가 힘들고 경제적으로 힘들어서.","F","50대","500~700만원 미만","인천"
"53345523","20240129","만족하는 편이다","하고 싶은건 해서","F","40대","500~700만원 미만","경북"
"53346052","20240129","보통이다","나의 경제적 시간 등 여러가지를 생각해서이다","F","60대","300만원 미만","경기"
"53346096","20240129","만족하는 편이다","시간과 비용","M","50대","700만원 이상","서울"
"53346493","20240129","보통이다","시간이 많지 않다","M","60대","700만원 이상","강원"
"53346815","20240129","보통이다","경제적인 여유가 부족하다","M","60대","300만원 미만","제주"
"53346886","20240129","보통이다","반복되는 일상생활","M","40대","300만원 미만","경북"
"53346960","20240129","보통이다","코로나전보다 시간이 줄어서","M","50대","500~700만원 미만","전북"
"53347464","20240129","만족하는 편이다","여행 등 주말이용 여가활동 충분","M","40대","700만원 이상","경북"
"53347497","20240129","만족하는 편이다","코로나 이후 마음적으로 여유","F","40대","700만원 이상","서울"
"53347634","20240129","만족하는 편이다","시간적 여유","M","60대","700만원 이상","서울"
"53347693","20240129","만족하는 편이다","나름시간도되고 경제력도조금은된다고봄","M","60대","700만원 이상","서울"
"53347763","20240129","불만족하는 편이다","여유도 없고 돈도없고","M","19~29세","300~500만원 미만","경기"
"53347977","20240129","매우 만족한다","가족과의 해외여행","F","30대","700만원 이상","서울"
"53347998","20240129","보통이다","크게 변함 없다","F","50대","500~700만원 미만","경기"
"53348046","20240129","보통이다","일이 있어 마음대로 하지 못한것이 불만이다","M","60대","300~500만원 미만","전북"
"53348322","20240129","보통이다","큰변화가없음","M","50대","500~700만원 미만","강원"
"53348371","20240129","만족하는 편이다","시간과 장소가적절했다","M","60대","300~500만원 미만","제주"
"53348399","20240129","불만족하는 편이다","발목 골절","M","50대","300만원 미만","서울"
"53348432","20240129","불만족하는 편이다","경제적 부담","M","50대","300~500만원 미만","대구"
"53348494","20240129","만족하는 편이다","여가 시간에 내 시간이 많아졌다","M","40대","500~700만원 미만","인천"
"53348653","20240129","매우 만족한다","시간을 많이 투자할 수 있어서","M","30대","300만원 미만","서울"
"53348706","20240129","만족하는 편이다","휴직을 하여 시간이 여유로웠습니다.","M","30대","없음/모름/무응답","경북"
"53348729","20240129","매우 불만족한다","시간이 부족하다","F","30대","500~700만원 미만","경기"
"53348801","20240129","만족하는 편이다","어렵지않은 취미들이라서","F","30대","300~500만원 미만","서울"
"53348978","20240129","만족하는 편이다","자유롭게 사용할수 있다","F","40대","300~500만원 미만","인천"
"53349078","20240129","만족하는 편이다","하고싶은 것을 해서","F","40대","300만원 미만","부산"
"53349165","20240129","보통이다","선뜻 할 수가 없었기에","F","60대","300만원 미만","서울"
"53349171","20240129","보통이다","같은 생활 반복","M","50대","300~500만원 미만","서울"
"53349324","20240129","만족하는 편이다","업무상 여유","M","19~29세","300만원 미만","서울"
"53349366","20240129","만족하는 편이다","일과 여가생활의비율이어느정도 맞다","F","19~29세","없음/모름/무응답","강원"
"53349405","20240129","만족하는 편이다","그냥","M","30대","700만원 이상","대구"
"53349523","20240129","불만족하는 편이다","가정상황","F","30대","없음/모름/무응답","서울"
"53349861","20240129","만족하는 편이다","시간적으로나 금전적으로나 마음만 먹으면 언제든 할 수 있어서","M","50대","700만원 이상","강원"
"53349936","20240129","보통이다","그저그렇다","F","30대","300만원 미만","경북"
"53349966","20240129","보통이다","시간이부족하다","F","50대","500~700만원 미만","경기"
"53350067","20240129","보통이다","자녀 육아로 인해 여가활동이 다소 제한됨","M","30대","300~500만원 미만","경기"
"53350180","20240129","보통이다","그냥 보통임","M","30대","300~500만원 미만","충남"
"53350228","20240129","보통이다","고물가와 개인 여건상 여가활동을 할 여유가 점점 줄어들고 있어서","F","40대","700만원 이상","부산"
"53350284","20240129","보통이다","여가생활 시간 부족","F","30대","300~500만원 미만","서울"
"53350411","20240129","보통이다","휴식을 위주로 하니까 비슷","M","60대","300~500만원 미만","서울"
"53350439","20240129","만족하는 편이다","시간적 여유","M","40대","700만원 이상","강원"
"53351055","20240129","만족하는 편이다","시간과 장소가 가까운곳에 의치","F","50대","없음/모름/무응답","서울"
"53351640","20240129","매우 만족한다","그냥 만족스럽다","F","30대","300~500만원 미만","서울"
"53351655","20240129","만족하는 편이다","시설이우수했고 준비를잘했다","M","50대","700만원 이상","경기"
"53352003","20240129","불만족하는 편이다","금전적인 여유","F","60대","300~500만원 미만","서울"
"53352010","20240129","보통이다","시간적으로 부족하고 경제적도 어려워 진편이다","F","50대","300만원 미만","충남"
"53352152","20240129","만족하는 편이다","없음","M","19~29세","300~500만원 미만","경남"
"53352280","20240129","만족하는 편이다","금전적으로 여유가 있어서","M","19~29세","300만원 미만","대구"
"53352339","20240129","보통이다","새로운 활동이 없어서","F","30대","없음/모름/무응답","경기"
"53352364","20240129","보통이다","나쁘지 않아서","M","19~29세","300만원 미만","경북"
"53352447","20240129","만족하는 편이다","근무패턴이 바뀌면서 여가시간이 조금 더 생긴 편이기 때문","M","30대","300~500만원 미만","광주"
"53352518","20240129","보통이다","예전만큼열심히 못한것갔다","F","60대","700만원 이상","서울"
"53352536","20240129","보통이다","크게 변하거나 새로운것이 없기 때문","M","30대","300~500만원 미만","경남"
"53352544","20240129","보통이다","딱히 변화가 없기 때문이다","F","60대","300~500만원 미만","서울"
"53352692","20240129","만족하는 편이다","여가시간이 작년보다 늘어난것같다","F","30대","300~500만원 미만","경기"
"53352870","20240129","보통이다","특별히 새롭거나 흥미 있는것이 없었음","F","60대","300~500만원 미만","제주"
"53352996","20240129","만족하는 편이다","시설위치가 접근이 용이하고 주변 환경이 깨끗하다","M","60대","300만원 미만","경기"
"53353005","20240129","불만족하는 편이다","경제적 시간적 정보부족","F","60대","500~700만원 미만","경기"
"53353025","20240129","만족하는 편이다","꾸준하게 운동하면서 체력이 늘어 피로도도 상대적으로 덜하고 여가를 보내는 시간이 즐거워졌다.","F","19~29세","500~700만원 미만","충북"
"53353058","20240129","만족하는 편이다","내가 하고 싶은 것은 할 수 있었음","F","40대","700만원 이상","울산"
"53353122","20240129","불만족하는 편이다","경제적 아유","F","50대","300~500만원 미만","경기"
"53353185","20240129","불만족하는 편이다","일을하니 시간이없다","F","30대","300만원 미만","대구"
"53353364","20240129","만족하는 편이다","친구와차마시고 지역축제놘람","F","60대","500~700만원 미만","강원"
"53353385","20240129","보통이다","특별하게 여가활동은 보내는것아님","M","60대","300만원 미만","울산"
"53353426","20240129","보통이다","지난 여가와 별 차이가 없음","M","50대","700만원 이상","충남"
"53353434","20240129","불만족하는 편이다","자금여력","M","50대","없음/모름/무응답","경북"
"53353553","20240129","불만족하는 편이다","시간이없어서","M","30대","300만원 미만","서울"
"53353796","20240129","불만족하는 편이다","시간이 없어서","M","19~29세","없음/모름/무응답","대전"
"53353829","20240129","매우 만족한다","이곳에 오래 살았기에 모든 장비.장치를 잘알고 걷기 코스나 모든것을 잘 알고있음.","M","60대","300만원 미만","부산"
"53353908","20240129","매우 불만족한다","육퇴를 못하는중","M","30대","300~500만원 미만","경남"
"53353954","20240129","보통이다","여가활동에 들어가는 비용이 증가하고 있어서","F","60대","500~700만원 미만","경기"
"53353986","20240129","불만족하는 편이다","일때문에 시간이 없으며 볼거리는 다 서울이나 대도시에만 집중되어 있어 접근성이 좋지않다.","F","30대","700만원 이상","경남"
"53354034","20240129","만족하는 편이다","편해서","F","19~29세","없음/모름/무응답","경북"
"53354102","20240129","만족하는 편이다","내가원하는시간에 활동하고 느낄수있ㅇ니까 좋다.","M","60대","300만원 미만","경남"
"53354569","20240129","만족하는 편이다","만족해서","M","19~29세","700만원 이상","충남"
"53354726","20240129","보통이다","무난한것 같아서","M","19~29세","없음/모름/무응답","경기"
"53354748","20240129","만족하는 편이다","주변에 요가활동을 하면서 만족합니다.","F","40대","700만원 이상","충남"
"53354784","20240129","보통이다","평일 시간적은 여유가 없다... 주말에만 갈수있으니 주말엔 사람들이 너무 많다 ㅠ","F","50대","500~700만원 미만","경북"
"53354869","20240129","보통이다","하고싶을때 재밌게보낸다","F","60대","300~500만원 미만","서울"
"53354904","20240129","만족하는 편이다","대체적으로 만족","F","40대","300만원 미만","경남"
"53355101","20240129","보통이다","시간적 여유가 좀 적었음","F","50대","500~700만원 미만","강원"
"53355339","20240129","보통이다","만족","M","19~29세","300만원 미만","경기"
"53355356","20240129","만족하는 편이다","사전에 직접 계획을 세우고 준비하는 편이라 결과에 만족함","M","60대","300만원 미만","서울"
"53355509","20240129","만족하는 편이다","시간적 이유가 조금 더 생겼음","F","40대","700만원 이상","경남"
"53355530","20240129","보통이다","기반시설이 충분하지 않음","F","50대","700만원 이상","경기"
"53355758","20240129","보통이다","작년이랑 비슷","M","30대","없음/모름/무응답","세종"
"53355796","20240129","만족하는 편이다","큰 비용이 들지 않아서","M","19~29세","300~500만원 미만","부산"
"53355908","20240129","만족하는 편이다","돈과 시간의 여유정도에 만족함","F","30대","300~500만원 미만","경남"
"53356046","20240129","만족하는 편이다","계획되었던 일정대로 실천하는것","M","60대","500~700만원 미만","경남"
"53356082","20240129","보통이다","시간 부족","M","40대","500~700만원 미만","울산"
"53356135","20240129","보통이다","크게 불편한것이 없어서","M","19~29세","없음/모름/무응답","대구"
"53356145","20240129","만족하는 편이다","원하는 것을 시도 할 수 있다. 동네 주변에 다양하게 있음","M","30대","500~700만원 미만","경기"
"53356180","20240129","보통이다","크게 만족하지도 않지만 딱히 불만족스럽지도 않다","M","40대","300만원 미만","경기"
"53356512","20240129","불만족하는 편이다","직장생활이 많이 바빠서","M","50대","300~500만원 미만","경남"
"53356736","20240129","만족하는 편이다","영화관람도 여유있개 할 수 있고 다양한 즐길거리가 많아서 선택하기 좋다","F","40대","300~500만원 미만","서울"
"53356821","20240129","보통이다","생활패턴의 변화가 거의 없음","M","30대","300~500만원 미만","경기"
"53357660","20240129","만족하는 편이다","주변에 간섭없이 즐길수 있어 좋다","M","60대","300~500만원 미만","경기"
"53357806","20240129","보통이다","시간 없고 돈도 여유가 없으니","F","60대","없음/모름/무응답","서울"
"53358012","20240129","만족하는 편이다","원하는시간에 부담없이 할수있어서","M","50대","없음/모름/무응답","경북"
"53358277","20240129","보통이다","자격증 공부로 인한 시간 할애가 많음","F","40대","500~700만원 미만","경남"
"53358488","20240129","보통이다","보통","F","30대","700만원 이상","강원"
"53358492","20240129","매우 만족한다","인프라가 잘되어있음","M","19~29세","700만원 이상","서울"
"53358619","20240129","보통이다","별 다를 것이 없어서","M","40대","700만원 이상","서울"
"53358786","20240129","불만족하는 편이다","직장생활로 여가시간을 즐길 시간이 절대적으로 부족했음","F","19~29세","500~700만원 미만","경기"
"53358798","20240129","보통이다","그럭저럭 잘 지내서","F","30대","500~700만원 미만","전북"
"53358828","20240129","보통이다","겨울철에는 날씨에 영향을 많이 받는것같음","M","50대","500~700만원 미만","강원"
"53358884","20240129","보통이다","늘 하던 여가 생활 이기 때문에","M","19~29세","300~500만원 미만","전남"
"53359383","20240129","불만족하는 편이다","경제적 여유와 시간 부족","M","30대","300~500만원 미만","서울"
"53359517","20240129","만족하는 편이다","가족과 시간을 보냄","M","30대","500~700만원 미만","경북"
"53359540","20240129","만족하는 편이다","야근일수가 많이 줄어 예전보다 여유가 많아짐","M","40대","700만원 이상","인천"
"53359765","20240129","보통이다","나빠지지도 좋아지지도 않았기 때문","F","40대","300만원 미만","경기"
"53359832","20240129","보통이다","일 마치고 퇴근하면 피곤해서 잠 자기 바쁨","F","30대","300~500만원 미만","경남"
"53359836","20240129","보통이다","나쁘지도 좋지도 않음","F","30대","300~500만원 미만","서울"
"53360051","20240129","보통이다","시간이 없음","F","30대","300만원 미만","대전"
"53360243","20240129","만족하는 편이다","은퇴후 여유로운 시간으로 만족하다고 느끼고있습니다","M","60대","300만원 미만","경기"
"53360547","20240129","보통이다","일상여가활동에서의 큰변화를 느끼지 못함","M","60대","300~500만원 미만","서울"
"53360744","20240129","만족하는 편이다","많이 가서","F","19~29세","300만원 미만","강원"
"53360795","20240129","보통이다","평범하다","M","19~29세","300~500만원 미만","경남"
"53360803","20240129","보통이다","동일해서","F","40대","500~700만원 미만","인천"
"53360862","20240129","만족하는 편이다","시간대와 장소가 내 조건에 잘 맞아서","F","30대","700만원 이상","경기"
"53360977","20240129","보통이다","여가를 즐길 시간부족","F","60대","300~500만원 미만","경남"
"53361196","20240129","보통이다","특별히 즐긴 여가가 없었다","F","40대","700만원 이상","전북"
"53361695","20240129","보통이다","시간이 줄어듬","F","30대","700만원 이상","경기"
"53361985","20240129","보통이다","만족스러움","F","30대","700만원 이상","경기"
"53362254","20240129","보통이다","급하지 않게 천천히 여가함","F","60대","300~500만원 미만","서울"
"53362286","20240129","보통이다","일상생활로 생각","M","60대","없음/모름/무응답","전남"
"53362360","20240129","보통이다","보통","M","40대","500~700만원 미만","전남"
"53362387","20240129","불만족하는 편이다","시간부족","M","30대","300~500만원 미만","서울"
"53362475","20240129","만족하는 편이다","주변에 시설이 다양하고 접할디회가많다","M","19~29세","300~500만원 미만","부산"
"53362673","20240129","보통이다","별 다른 이벤트가 없이 똑같았다","F","40대","500~700만원 미만","경남"
"53362717","20240129","만족하는 편이다","좋으니까","M","60대","700만원 이상","인천"
"53362754","20240129","불만족하는 편이다","시간 돈 인프라 부족","F","40대","300~500만원 미만","충남"
"53362794","20240129","만족하는 편이다","하고 싶은건 제한없이하고있어서","F","40대","300만원 미만","경기"
"53362862","20240129","보통이다","없어요","F","30대","500~700만원 미만","충남"
"53362935","20240129","보통이다","거주지 주변 이용시설부족","M","60대","500~700만원 미만","경기"
"53362948","20240129","만족하는 편이다","기분ㅇ좋고 생활에 활력","M","50대","700만원 이상","경남"
"53362958","20240129","만족하는 편이다","여가시간 비교적 잘지난거 같다","F","60대","300만원 미만","강원"
"53363002","20240129","만족하는 편이다","원하는대로 충분히 활동 함","F","50대","500~700만원 미만","서울"
"53363014","20240129","만족하는 편이다","개인 자유를 만끽 할 수 있어서","M","50대","300만원 미만","서울"
"53363027","20240129","보통이다","여느때와 다름없어서","M","19~29세","없음/모름/무응답","제주"
"53363036","20240129","매우 만족한다","원하는 것을 다하고 시간과 자본이 충분했다","M","19~29세","700만원 이상","서울"
"53363064","20240129","매우 불만족한다","시간과 경제적 여유 부족","F","40대","300만원 미만","광주"
"53363081","20240129","만족하는 편이다","큰 부담없이 잘 하고 있기 때문에","M","19~29세","없음/모름/무응답","세종"
"53363266","20240129","보통이다","시간부족","M","40대","500~700만원 미만","부산"
"53363269","20240129","만족하는 편이다","시간적 여유","M","50대","700만원 이상","부산"
"53363335","20240129","불만족하는 편이다","그냥","M","50대","없음/모름/무응답","서울"
"53363473","20240129","매우 만족한다","원하는 만큼 즐김","F","19~29세","500~700만원 미만","경기"
"53363534","20240129","보통이다","크게 변화가 없다","F","50대","700만원 이상","서울"
"53363628","20240129","만족하는 편이다","다양한 활동","F","19~29세","700만원 이상","서울"
"53363717","20240129","보통이다","보통","M","30대","300~500만원 미만","부산"
"53363724","20240129","보통이다","그냥","F","30대","700만원 이상","경기"
"53363789","20240129","만족하는 편이다","약속이 꽤 있는펀","M","19~29세","300~500만원 미만","경기"
"53363850","20240129","만족하는 편이다","즐겁고재미있음","M","60대","300만원 미만","서울"
"53363867","20240129","만족하는 편이다","여유를 가지면 그렇게 됩니다.~~~","M","60대","500~700만원 미만","전북"
"53363871","20240129","보통이다","시간이없다","M","40대","500~700만원 미만","울산"
"53363948","20240129","보통이다","아이들과 보내기위해","F","30대","없음/모름/무응답","충북"
"53364013","20240129","만족하는 편이다","매일 아침 달리기","M","50대","700만원 이상","전남"
"53364016","20240129","만족하는 편이다","활동시간이 충분한 편이다.","M","60대","300~500만원 미만","강원"
"53364019","20240129","불만족하는 편이다","시간이 없어요","F","40대","300만원 미만","충남"
"53364267","20240129","만족하는 편이다","나의 의지대로 할수있어서","M","60대","500~700만원 미만","경기"
"53364411","20240129","보통이다","손주 본다고 시간이부족함니다","F","60대","없음/모름/무응답","경북"
"53364438","20240129","만족하는 편이다","업무로 바쁨에도 여가생활을 즐기려 노력함","F","30대","300만원 미만","전남"
"53364463","20240129","만족하는 편이다","시간적 경제적조금여유가다","F","60대","700만원 이상","경기"
"53364624","20240129","만족하는 편이다","하고 싶은건 하고 하기 싫은건 안 할 수 있는 여건","F","50대","700만원 이상","서울"
"53364680","20240129","보통이다","보통 여가를 보내기 위한 시간이 적당해서","F","19~29세","500~700만원 미만","서울"
"53364887","20240129","보통이다","무리하지 않는선에서 여가","M","50대","700만원 이상","경남"
"53365021","20240129","만족하는 편이다","여가생활을 즐길 수 있는 시간과 돈이 충분한 편이여서","F","19~29세","700만원 이상","서울"
"53365208","20240129","만족하는 편이다","재택근무 실시로 출퇴근시간이 줄어들고 여가시간 증가하여 가족과의시간 많아짐","F","30대","500~700만원 미만","인천"
"53365282","20240129","만족하는 편이다","내가 원하는대로 다 하고 있기 때문에","F","40대","500~700만원 미만","서울"
"53365359","20240129","만족하는 편이다","만족","M","19~29세","500~700만원 미만","울산"
"53365372","20240129","만족하는 편이다","괜찮아서","F","19~29세","700만원 이상","인천"
"53365377","20240129","보통이다","계획한대로 다 실천을 하기때문에.","F","30대","700만원 이상","서울"
"53365604","20240129","만족하는 편이다","하고싶은 활동을 했기 때문에","F","19~29세","없음/모름/무응답","경남"
"53365667","20240129","보통이다","평소와 비슷했다","F","40대","500~700만원 미만","경기"
"53365743","20240129","보통이다","여가시간을 많이 갖고 싶지만 서울로의 출퇴근으로인해 시간이 부족하다고 느껴진다","M","30대","500~700만원 미만","경기"
"53365748","20240129","만족하는 편이다","시간과여유기있어 마움편하게다닐수있어좋아요","F","60대","700만원 이상","충남"
"53365813","20240129","보통이다","여가활동시 사람이 많아서 활동하는데 불편하다","F","50대","700만원 이상","충남"
"53366105","20240129","보통이다","달리 전과 바뀐게 없어서 보통이다라고 했습니다.","M","40대","300~500만원 미만","부산"
"53366190","20240129","불만족하는 편이다","여가생활을 즐길만한 인프라 형성 미흡 하거나 홍보 부족으로 즐길 거리가 별로 없거나 모름","F","50대","700만원 이상","경기"
"53366262","20240129","만족하는 편이다","해보고싶은걸 해봤기에","M","30대","700만원 이상","서울"
"53366398","20240129","보통이다","비슷해서","M","30대","300~500만원 미만","경남"
"53366633","20240129","만족하는 편이다","유럽여행을 장기간 다녀와서","F","50대","없음/모름/무응답","강원"
"53366917","20240129","만족하는 편이다","시간과 금전적여유","F","30대","700만원 이상","경기"
"53366969","20240129","보통이다","시간이 부족","M","50대","700만원 이상","대전"
"53366977","20240129","보통이다","딱히 나쁜점이 없네요 그냥그래요","M","50대","700만원 이상","전북"
"53367306","20240129","만족하는 편이다","하고싶은것 할수있으니까","M","60대","500~700만원 미만","강원"
"53367357","20240129","만족하는 편이다","해외여행을 다녀와서","M","40대","700만원 이상","인천"
"53367860","20240129","보통이다","여가생활 할 시간이 많아서 마음만 먹으면 얼마든지 즐길 수 있어서 만족합니다.","F","60대","300~500만원 미만","충남"
"53367926","20240129","만족하는 편이다","강사의 음악선택이 아주 좋다","F","60대","500~700만원 미만","강원"
"53367982","20240129","만족하는 편이다","시간적여유가있어서","M","50대","500~700만원 미만","경북"
"53368164","20240129","매우 불만족한다","시간과 돈","F","30대","300~500만원 미만","부산"
"53368463","20240129","보통이다","시간여유가적다","M","60대","300~500만원 미만","충북"
"53368608","20240129","만족하는 편이다","시간도 어느정도 확보 되고 하고 싶은 대로 할 수 있는 환경이 갖추어짐.","M","50대","300~500만원 미만","강원"
"53368632","20240129","보통이다","더다양한 여가활동을 접하고싶다","F","40대","700만원 이상","서울"
"53368729","20240129","불만족하는 편이다","시간이없다","M","30대","700만원 이상","전남"
"53368745","20240129","보통이다","비슷한 생활 패턴","F","40대","300만원 미만","전북"
"53368751","20240129","불만족하는 편이다","돈이 많이ㅡ들어서","M","40대","700만원 이상","서울"
"53368766","20240129","만족하는 편이다","스트레스가 풀리고 활력이 되어서","M","60대","500~700만원 미만","강원"
"53368845","20240129","만족하는 편이다","다양한 활동","F","30대","없음/모름/무응답","경북"
"53368846","20240129","보통이다","특별한 변화가 없어서","F","40대","없음/모름/무응답","대구"
"53369200","20240129","만족하는 편이다","여가생활 만족","M","30대","300~500만원 미만","경기"
"53369224","20240129","만족하는 편이다","여유있는 시간이 많아져서 만족함","F","30대","300~500만원 미만","대구"
"53369386","20240129","불만족하는 편이다","주어진 시간에 제약이 많아서","F","40대","300만원 미만","경북"
"53369524","20240129","보통이다","비용증가","F","50대","300~500만원 미만","서울"
"53369658","20240129","보통이다","마음편히 하지를 못함","M","50대","300만원 미만","대전"
"53370263","20240129","만족하는 편이다","스트레스가 많이 해결되니깐","F","50대","700만원 이상","강원"
"53370498","20240129","만족하는 편이다","질이 높움","M","19~29세","500~700만원 미만","세종"
"53371105","20240129","보통이다","물가상승으로 인한 활동비 증가","M","40대","700만원 이상","서울"
"53371112","20240129","만족하는 편이다","힐링받는 느낌","F","40대","없음/모름/무응답","부산"
"53371155","20240129","만족하는 편이다","즐거우니까","F","60대","500~700만원 미만","대구"
"53371255","20240129","보통이다","나의생활에맞춰 피곤하면 집에서 쉬고 컨디션이 허락한다면 지인들과만나 놀러도다니고한다","F","50대","300만원 미만","대구"
"53371283","20240129","보통이다","큰변화가없다","M","50대","300~500만원 미만","서울"
"53371300","20240129","보통이다","특별한 변화가없어서","M","60대","300만원 미만","부산"
"53371539","20240129","만족하는 편이다","시간과 경제적 여유는 약간 부족하지만 나름 잘 즐기고 있기 때문에","M","19~29세","300만원 미만","울산"
"53371614","20240129","불만족하는 편이다","시간 금전적 여유가 없음 위치가 좋지않음","F","40대","500~700만원 미만","서울"
"53371630","20240129","불만족하는 편이다","시간부족","M","40대","300~500만원 미만","경기"
"53371634","20240129","보통이다","뮤지컬을 지방에도 좀더많이했으면좋겠다","M","19~29세","없음/모름/무응답","광주"
"53371757","20240129","보통이다","경제적 어려움","M","30대","300만원 미만","전북"
"53372016","20240129","보통이다","경제적인이유","M","50대","300만원 미만","대구"
"53372073","20240129","보통이다","하고 싶은 여가활동을 할 수 있어서","M","40대","300~500만원 미만","경북"
"53372101","20240129","만족하는 편이다","시간적으로 여유가 있어서 만족하는 편입니다. 경제적으로도 괜찮았던것 같네요.","M","40대","500~700만원 미만","경기"
"53372195","20240129","만족하는 편이다","시간여유","M","50대","700만원 이상","서울"
"53372790","20240129","만족하는 편이다","여가활동 시간 증가","M","30대","300만원 미만","울산"
"53373026","20240129","보통이다","없음","M","50대","300~500만원 미만","인천"
"53373204","20240129","만족하는 편이다","여행다님 ~~","F","60대","700만원 이상","전남"
"53373267","20240129","만족하는 편이다","사진이라는 새로운 취미에 입문했다","M","19~29세","300~500만원 미만","경기"
"53373407","20240129","보통이다","평소 생활과 크게 달라진 게 없음","M","30대","700만원 이상","충북"
"53373437","20240129","만족하는 편이다","즐기면서 지낸거같아서","M","30대","300~500만원 미만","경북"
"53373706","20240129","보통이다","날씨가더워?에서보내는여가시간이줄었다","F","50대","300~500만원 미만","서울"
"53373737","20240129","보통이다","여가시간보다 일상생활의 비중이 더 크기때문에","M","19~29세","없음/모름/무응답","광주"
"53373992","20240129","불만족하는 편이다","시간적 여유가 부족","M","40대","300~500만원 미만","경기"
"53374064","20240129","보통이다","증가하는것도 감소하는것도 없었어요","M","40대","500~700만원 미만","충북"
"53374070","20240129","불만족하는 편이다","일을 시작하면서 뮤지컬보러갈 시간이 안되요","F","40대","700만원 이상","경기"
"53374120","20240129","만족하는 편이다","칼퇴할 수 있는 직장 안정적인 수입으로 인한 전반적인 여가생활 만족","F","30대","700만원 이상","부산"
"53374358","20240129","만족하는 편이다","시간이 없을뿐 시간이 있으면 하고싶은 여가생활을 즐길수 있음","M","30대","700만원 이상","서울"
"53374604","20240129","불만족하는 편이다","여가 시간 부족","F","19~29세","없음/모름/무응답","울산"
"53374692","20240129","보통이다","경제으로 힘이듬","F","60대","300~500만원 미만","인천"
"53374725","20240129","보통이다","시간과 경제적비용면에서 전과 비슷했고 만족도내지 성취도에서도 1개월전과 비슷했기때문","M","60대","300만원 미만","광주"
"53374780","20240129","보통이다","항상 비용고려가 많다","F","40대","700만원 이상","서울"
"53374847","20240129","만족하는 편이다","마음에들어서","F","50대","500~700만원 미만","강원"
"53374852","20240129","보통이다","만족할 여력이 없어서","F","30대","300~500만원 미만","충남"
"53375023","20240129","보통이다","어딜가든 번잡하다","M","50대","500~700만원 미만","충남"
"53375024","20240129","불만족하는 편이다","여유가 없음","M","50대","500~700만원 미만","대구"
"53375148","20240129","불만족하는 편이다","경제적 여건이 좋지 못함","M","50대","700만원 이상","전북"
"53375234","20240129","만족하는 편이다","시간이 부족한 것만 빼면 인프라도 잘 갖춰져 있고 체력도 뒷받침이 되어서 만족하고 있음","F","19~29세","700만원 이상","서울"
"53375508","20240129","보통이다","시간부족","F","50대","300만원 미만","강원"
"53375590","20240129","보통이다","수험생가족","F","50대","300만원 미만","제주"
"53375667","20240129","만족하는 편이다","목표했던 독서량 달성 및 가족 친구들과 즐거운 시간을 평소보다 많이 보냈음","F","40대","700만원 이상","서울"
"53375716","20240129","만족하는 편이다","내가 원하는것을 하고 싶은 만큼 충분히 할수 있어서 만족하는 편이다","F","60대","300~500만원 미만","경기"
"53375790","20240129","보통이다","주로 문화컨텐츠 인프라가 서울에 집중되어 부산에서 서울까지 가는 비용 시간 연차사용 등 불편한 부분이 있음. 문화컨텐츠를 관람 후 느끼는 만족감과 불편함이 상쇄되어 걍 그저그렇다고 느낌.","F","30대","700만원 이상","부산"
"53375985","20240129","보통이다","흥미를 점점 잃어가는 느낌이 들어서","F","50대","300만원 미만","서울"
"53376036","20240129","보통이다","은퇴후 남는 시간에 여유롭게 하다보니 그저그렇다는것","M","60대","500~700만원 미만","인천"
"53376085","20240129","보통이다","늘 반복적으로 하는 일상으로 큰 변ㅇ솨가 없기때문임","F","60대","500~700만원 미만","서울"
"53376132","20240129","만족하는 편이다","하고싶은거 해서","F","40대","700만원 이상","경기"
"53376267","20240129","보통이다","만족도가 크지 않아서임","F","60대","없음/모름/무응답","대전"
"53376427","20240129","만족하는 편이다","내가 원하는 시간에 여유롭게 여가생활을 할수 있어서","F","40대","700만원 이상","경기"
"53376437","20240129","매우 불만족한다","시간. 경제가 없다","F","40대","300만원 미만","경기"
"53376487","20240129","만족하는 편이다","없음","M","60대","500~700만원 미만","서울"
"53376558","20240129","보통이다","그냥 보통","F","19~29세","없음/모름/무응답","서울"
"53376761","20240129","보통이다","생활 전반적으로 변화가 없음","F","50대","300만원 미만","경북"
"53376809","20240129","만족하는 편이다","캠핑 낚시등 여가생활 하기에 좋은 계절이라서","F","40대","300~500만원 미만","충남"
"53376859","20240129","만족하는 편이다","근로외 시간 만족","M","30대","없음/모름/무응답","전남"
"53376912","20240129","보통이다","일상 생활이 특별한 변화가없다","M","50대","300~500만원 미만","서울"
"53377027","20240129","보통이다","변경없음","F","50대","700만원 이상","대전"
"53377207","20240129","만족하는 편이다","하고 싶은건 할수 있는 경제력과 시간이 있음","F","60대","700만원 이상","강원"
"53377530","20240129","만족하는 편이다","생활의 활력소가 되니좋다","F","50대","700만원 이상","서울"
"350800","20240201","불만족하는 편이다","금전","F","30대","300~500만원 미만","충남"
"369223","20240201","만족하는 편이다","쉬는 날이 많아서 휴식을 할수 있어서","M","40대","300~500만원 미만","대구"
"369664","20240201","보통이다","작년과 비슷하고 크게 다를게없다","F","50대","500~700만원 미만","서울"
"382152","20240201","불만족하는 편이다","여유없음","F","40대","500~700만원 미만","대구"
"391206","20240201","보통이다","좀더 시간 여유가 있었으면 좋겠다","F","40대","700만원 이상","서울"
"393338","20240201","보통이다","딱히없음","F","60대","없음/모름/무응답","전남"
"429965","20240201","보통이다","특별한 이유 없음","F","40대","300~500만원 미만","전북"
"432014","20240201","만족하는 편이다","원하는부분 어느정도는 하고있기때문이다.","F","30대","300~500만원 미만","울산"
"433028","20240201","보통이다","크게 변함이 없어서","M","40대","300~500만원 미만","경기"
"444321","20240201","보통이다","체력이 따라주지 않았다","F","40대","300~500만원 미만","경기"
"444657","20240201","보통이다","추워서 밖으로 나가기 어려워서","F","50대","300~500만원 미만","울산"
"444895","20240201","보통이다","우리나라 형편에 비하면 그래도서울은 나은편","M","50대","300만원 미만","서울"
"446951","20240201","만족하는 편이다","나가 하고싶은 만큼 하니까","M","50대","700만원 이상","대전"
"449641","20240201","보통이다","꼭 가야 겠다는 생각이 없기 때문에.","F","50대","500~700만원 미만","서울"
"451495","20240201","만족하는 편이다","시간,경제적으로 만족합니다","F","50대","700만원 이상","경기"
"451958","20240201","만족하는 편이다","여유시간 확보..","M","50대","700만원 이상","서울"
"456323","20240201","불만족하는 편이다","못하고 있으니까","F","19~29세","300만원 미만","서울"
"457128","20240201","보통이다","보통이라서","M","30대","500~700만원 미만","경남"
"457196","20240201","보통이다","전반적으로 경기침체로 인해서...","M","40대","500~700만원 미만","경기"
"458319","20240201","만족하는 편이다","쉬고싶을때 가고싶은곳에가서 쉴수 있었기에..","M","40대","700만원 이상","경기"
"461579","20240201","보통이다","환겨이 크게 좋아 진 부분이 없어서","F","40대","700만원 이상","경기"
"463260","20240201","보통이다","변환된게 없어서","F","40대","700만원 이상","울산"
"464853","20240201","만족하는 편이다","넷플릭스","M","40대","300~500만원 미만","충남"
"465173","20240201","보통이다","시간과 돈","F","40대","300~500만원 미만","충남"
"465516","20240201","보통이다","재원부족으로 한계성","F","50대","300~500만원 미만","강원"
"466254","20240201","보통이다","보통이니깐","M","40대","700만원 이상","경기"
"466459","20240201","보통이다","여가생활시 지출되는 금액이 많어서","M","60대","300~500만원 미만","서울"
"467042","20240201","보통이다","변함없이 똑같다","M","40대","없음/모름/무응답","경북"
"468607","20240201","보통이다","불편하거나 힘들지 않음","F","60대","300~500만원 미만","서울"
"469680","20240201","보통이다","시간 내서 여가생활을 즐기는 편이다","F","30대","없음/모름/무응답","서울"
"469698","20240201","보통이다","시간과 경제적여유가 일치되기 어려움","M","40대","없음/모름/무응답","대구"
"469754","20240201","보통이다","아이가 커서 활동반경은ㅇ넓어?으나 입장료 체험비등이 증가함","F","30대","300~500만원 미만","충북"
"470100","20240201","만족하는 편이다","시간적 여유가 있어 취미생활을 즐길 수 있어서","M","50대","700만원 이상","강원"
"470143","20240201","보통이다","특별한 사항이 없습니다","M","50대","700만원 이상","서울"
"470210","20240201","보통이다","생활에 변화가 없어서","M","60대","없음/모름/무응답","제주"
"470528","20240201","만족하는 편이다","대중교통을 이용해 주말 여가시간을 잘 보냠","F","30대","500~700만원 미만","충남"
"471661","20240201","보통이다","시간부족","M","19~29세","300~500만원 미만","대전"
"471994","20240201","보통이다","시간이 될때 하고 있다","F","50대","300~500만원 미만","제주"
"473302","20240201","보통이다","시간 있을때 잠깐여가생활을 하지만 크게 부족함을 느끼지는 않는다","F","60대","700만원 이상","대구"
"53322370","20240201","보통이다","가족과 함께 할 수 있는 시간이 충분함","M","50대","500~700만원 미만","서울"
"53322707","20240201","보통이다","큰 변화가 없어서","F","60대","300~500만원 미만","서울"
"53322894","20240201","보통이다","내가 하고있는 여가할동이 매일반복되고 특별한게 없으니까요","F","60대","300만원 미만","경남"
"53322903","20240201","만족하는 편이다","주어진 환경에 불만이 없기 때문","M","60대","700만원 이상","서울"
"53323016","20240201","보통이다","거의 매일같다","F","60대","300~500만원 미만","전북"
"53323031","20240201","만족하는 편이다","만족함","F","30대","500~700만원 미만","울산"
"53323105","20240201","불만족하는 편이다","경제적 여유가없어서","F","40대","500~700만원 미만","경기"
"53323227","20240201","보통이다","일정해서","M","30대","300만원 미만","서울"
"53323254","20240201","보통이다","과거와 비슷","M","50대","700만원 이상","서울"
"53323373","20240201","보통이다","보통이다.","F","19~29세","없음/모름/무응답","전북"
"53323411","20240201","보통이다","비슷비슷하다","F","30대","500~700만원 미만","서울"
"53323475","20240201","불만족하는 편이다","시간과 경제적인 여유부족","F","50대","300~500만원 미만","인천"
"53323551","20240201","만족하는 편이다","모름","M","19~29세","700만원 이상","광주"
"53324272","20240201","만족하는 편이다","내가 하고싶은생각은 실천으로 꼭 실행한다.","M","60대","700만원 이상","강원"
"53324319","20240201","보통이다","여유가 많지 않아서","M","40대","없음/모름/무응답","충북"
"53324578","20240201","불만족하는 편이다","육아로 인한 피로도 상승","F","30대","700만원 이상","전북"
"53324908","20240201","보통이다","예전과 크게 바뀐게 없어서","F","19~29세","없음/모름/무응답","세종"
"53325009","20240201","불만족하는 편이다","시간부족","M","30대","300~500만원 미만","대전"
"53325038","20240201","보통이다","시간과 돈 충분하지않아서 좀 아쉬움","F","50대","300~500만원 미만","경기"
"53325165","20240201","보통이다","큰변화가 없음","M","40대","300만원 미만","제주"
"53325532","20240201","보통이다","흥미가 없어서","F","60대","500~700만원 미만","대구"
"53325544","20240201","불만족하는 편이다","시간적 경제적 여유 없음","M","30대","300~500만원 미만","제주"
"53325557","20240201","만족하는 편이다","시간과 물질에 여유가 있으니 만족하는편입니다","F","60대","300~500만원 미만","서울"
"53325800","20240201","불만족하는 편이다","경제적으로여유가없음","F","40대","없음/모름/무응답","충북"
"53325872","20240201","보통이다","패턴 유지","F","50대","300만원 미만","서울"
"53325932","20240201","보통이다","그냥 그래서","M","40대","500~700만원 미만","충남"
"53326048","20240201","보통이다","제대로 된 시설이 갖춰져 있지 않아서","F","19~29세","없음/모름/무응답","대전"
"53326144","20240201","보통이다","비슷해서","M","50대","700만원 이상","경기"
"53326245","20240201","매우 만족한다","우수한 환경 및 인프라","M","30대","없음/모름/무응답","강원"
"53326328","20240201","보통이다","여가시간 없음","F","30대","300만원 미만","경북"
"53326356","20240201","보통이다","시간과 재미가 적절히 존재합니다","M","30대","300만원 미만","강원"
"53326386","20240201","만족하는 편이다","시간과 비용이 적당함","F","60대","300만원 미만","광주"
"53326503","20240201","만족하는 편이다","나이가 들고 경제 활동을 안하는 이유","F","50대","300~500만원 미만","경남"
"53326642","20240201","만족하는 편이다","여가시간이 존재한다","F","30대","300~500만원 미만","서울"
"53326765","20240201","보통이다","기본적으로 시간이 부족하고 건강이 좋지 않아 만족스런 활동을 하지 못하지만 그래도 쉬고 산책하고 하는 것에는 불만이 없기 때문","F","60대","300~500만원 미만","서울"
"53326768","20240201","보통이다","항상 비슷","F","30대","없음/모름/무응답","대구"
"53326867","20240201","보통이다","보통이다","M","40대","700만원 이상","경기"
"53326869","20240201","만족하는 편이다","가족들과함께해서","M","40대","300~500만원 미만","부산"
"53326916","20240201","만족하는 편이다","계획한 대로 원활하게 진행되었다","F","50대","300~500만원 미만","서울"
"53326942","20240201","만족하는 편이다","충분한 여가생활을 누리고 있다고 생각하기 때문에.","F","19~29세","없음/모름/무응답","세종"
"53326954","20240201","만족하는 편이다","개인적인시간이많아져서","F","40대","500~700만원 미만","강원"
"53327003","20240201","보통이다","만족해서","F","19~29세","500~700만원 미만","서울"
"53327087","20240201","보통이다","자영업자라 시간이 부족하다","M","40대","300~500만원 미만","전북"
"53327493","20240201","만족하는 편이다","머든지 긍정적 마인드로 임하는 마음때문","M","60대","500~700만원 미만","서울"
"53327634","20240201","만족하는 편이다","시간및 경제 여건도 부드럽다","F","60대","700만원 이상","경기"
"53327670","20240201","만족하는 편이다","나자신이 만족할수 있는 한계를 채우면서 무리함없는 여건이 갖춰졌기 때문임.","F","60대","500~700만원 미만","경기"
"53327850","20240201","보통이다","시간이 없음","M","19~29세","300~500만원 미만","경기"
"53327956","20240201","보통이다","시간 경제적여유가없어서","M","40대","300~500만원 미만","경기"
"53328253","20240201","보통이다","특별히 없음","F","60대","없음/모름/무응답","강원"
"53328444","20240201","만족하는 편이다","하고싶은거 하며 즐겁게 생활하고 있다","F","40대","700만원 이상","충북"
"53328690","20240201","만족하는 편이다","없다","M","19~29세","없음/모름/무응답","대전"
"53328811","20240201","만족하는 편이다","여가시간","M","30대","300~500만원 미만","서울"
"53328946","20240201","불만족하는 편이다","기타","M","30대","500~700만원 미만","충남"
"53329011","20240201","보통이다","대체적으로 비슷한 수준을 유지하는거 같아서","F","40대","300만원 미만","대구"
"53329286","20240201","보통이다","늘 반복적으로 같기 때문에","M","40대","700만원 이상","경기"
"53329438","20240201","보통이다","평상시와 다를바가 ?어서","M","50대","300~500만원 미만","제주"
"53329596","20240201","매우 불만족한다","시간이 없다","M","19~29세","500~700만원 미만","충남"
"53329638","20240201","만족하는 편이다","가격대비 좋은 만족도를 얻음","M","30대","300~500만원 미만","서울"
"53329674","20240201","보통이다","감사합니다","M","40대","300~500만원 미만","세종"
"53329697","20240201","보통이다","평소와비슷","M","60대","700만원 이상","경기"
"53329699","20240201","보통이다","특별하거나 색다른것이 없음.","M","50대","300~500만원 미만","부산"
"53329810","20240201","보통이다","크게 여가생활에 변화가 없이 일상적으로 흘러가는 모양새라 보통 대답","F","50대","700만원 이상","서울"
"53329883","20240201","만족하는 편이다","행복하다","F","50대","300~500만원 미만","경기"
"53330200","20240201","만족하는 편이다","즐길 시간적 여유가 늘어남","F","40대","700만원 이상","경기"
"53330327","20240201","불만족하는 편이다","경제적 여유 부족","M","50대","300~500만원 미만","대구"
"53330838","20240201","만족하는 편이다","모르는 지역을 가본적있기때문","M","50대","300~500만원 미만","대구"
"53330911","20240201","만족하는 편이다","행복해서","F","30대","700만원 이상","전북"
"53331049","20240201","보통이다","반복되는 패턴이라 변화를 바라지만..","F","60대","700만원 이상","경남"
"53331269","20240201","만족하는 편이다","환경 익숙함","F","30대","300~500만원 미만","충남"
"53331296","20240201","만족하는 편이다","스스로 의지가 많이 바껴가고 있다는걸 느껴서입니다.","F","50대","700만원 이상","경북"
"53331627","20240201","만족하는 편이다","시간적 여유 경제적 여유가됨","F","40대","없음/모름/무응답","인천"
"53331741","20240201","만족하는 편이다","주변 인프라가 잘가추어져있고 여가시간도충분해서","M","60대","700만원 이상","서울"
"53331771","20240201","보통이다","나쁘지도 좋지도","F","40대","700만원 이상","경남"
"53332099","20240201","불만족하는 편이다","정보가 없어서 잘 활용을 못하고 있어요","F","50대","없음/모름/무응답","강원"
"53332122","20240201","보통이다","경제여유가 없어서","F","60대","700만원 이상","서울"
"53332209","20240201","보통이다","자주못해거","F","60대","없음/모름/무응답","경기"
"53332257","20240201","만족하는 편이다","여가생화을 즐기는 동안 육체적 신체적으로 회복된게 느껴졌다","M","19~29세","700만원 이상","경기"
"53332290","20240201","보통이다","경제적 여유가 부족","M","40대","300만원 미만","광주"
"53332581","20240201","만족하는 편이다","시간적여유가있었다","F","50대","300만원 미만","충남"
"53332596","20240201","보통이다","특별나게 활동 하는것이 아니라서","M","60대","500~700만원 미만","충남"
"53332638","20240201","만족하는 편이다","강사님이 열정적이셔서 많은 도움이 되고 있다","F","60대","500~700만원 미만","경기"
"53332646","20240201","만족하는 편이다","시간여유가많아서","F","19~29세","300~500만원 미만","충남"
"53332669","20240201","만족하는 편이다","여유","F","60대","300~500만원 미만","부산"
"53332862","20240201","보통이다","시간이없어서","M","60대","300만원 미만","제주"
"53332869","20240201","불만족하는 편이다","경제적 시간적 여유없음","F","30대","없음/모름/무응답","인천"
"53332916","20240201","만족하는 편이다","내 시간의 자유","F","40대","500~700만원 미만","전북"
"53333742","20240201","만족하는 편이다","시설이 깨끗하게 정비되어있는곳에서 하고있음","F","60대","700만원 이상","경남"
"53333943","20240201","보통이다","경제적 여유가 적어서","M","50대","300만원 미만","경남"
"53333981","20240201","만족하는 편이다","내가 하거싶은거를 자유럽게 할 수 있기때문에","M","19~29세","300~500만원 미만","서울"
"53334057","20240201","보통이다","변화를 못느낌","M","19~29세","없음/모름/무응답","대구"
"53334202","20240201","보통이다","여름이라 너무 더워서 여가생활의 만족도가 보통입니다","M","50대","300~500만원 미만","광주"
"53334252","20240201","만족하는 편이다","수입 증가","F","19~29세","없음/모름/무응답","충남"
"53334297","20240201","만족하는 편이다","근무시간이 9a-5p로 짧은 편에 주말, 공휴일 모두 쉬기에 여가시간을 충분히 즐길 수 있기 때문이다.","F","30대","700만원 이상","서울"
"53334306","20240201","만족하는 편이다","만족합니다","M","60대","700만원 이상","서울"
"53334430","20240201","보통이다","별다른게?","F","50대","300만원 미만","충북"
"53334608","20240201","만족하는 편이다","하고 싶은걸 해서","M","19~29세","없음/모름/무응답","충북"
"53334780","20240201","불만족하는 편이다","여가시간부족","M","30대","300~500만원 미만","충남"
"53334789","20240201","보통이다","큰변화가 없네요","F","50대","300~500만원 미만","경북"
"53334823","20240201","만족하는 편이다","딱히 불만이 없음","M","50대","300~500만원 미만","대전"
"53334864","20240201","보통이다","예년과 비슷하게 하고있어서","F","40대","300만원 미만","경남"
"53334995","20240201","만족하는 편이다","다양한 정보로 부담 적게 누릴수 있다","F","50대","500~700만원 미만","서울"
"53335082","20240201","보통이다","고등학생 자녀 케어하느라 마음의 야유가 없어서 여가 생활을 즐기지 못함","F","40대","300~500만원 미만","서울"
"53335501","20240201","보통이다","그냥","M","30대","700만원 이상","부산"
"53335631","20240201","보통이다","시간때문에 최근 1개월간은 여가생활을 잘 보내지 못함.","M","30대","300만원 미만","서울"
"53335721","20240201","만족하는 편이다","하고 싶은걸 편안하게 함","M","30대","300만원 미만","서울"
"53335753","20240201","보통이다","시간부족","F","50대","700만원 이상","경남"
"53335878","20240201","만족하는 편이다","시간적여유가 많이 생겻다","M","50대","500~700만원 미만","강원"
"53336050","20240201","불만족하는 편이다","심적인 여유(?)가 부족한 탓???","M","50대","700만원 이상","서울"
"53336134","20240201","보통이다","변화없음","M","40대","없음/모름/무응답","강원"
"53336290","20240201","만족하는 편이다","자유롭게 활동할수 있어서","M","50대","700만원 이상","인천"
"53336395","20240201","보통이다","비슷함","M","50대","300~500만원 미만","강원"
"53336453","20240201","만족하는 편이다","자녀들이모두성인이되어서시간이됨","F","50대","500~700만원 미만","충북"
"53336543","20240201","보통이다","경제적 부담","F","50대","300~500만원 미만","서울"
"53336811","20240201","만족하는 편이다","시간 활용도가 높아졌다","F","30대","700만원 이상","강원"
"53336827","20240201","보통이다","그냥","F","30대","300만원 미만","경남"
"53336862","20240201","보통이다","만족안?","M","30대","700만원 이상","서울"
"53337043","20240201","만족하는 편이다","시간도 많고 돈도 많진 않지만 부족하진 않은 정도로 잘 썼었기 때문에","F","19~29세","300~500만원 미만","부산"
"53337095","20240201","보통이다","즐길 시간이 없다","F","40대","700만원 이상","서울"
"53337187","20240201","보통이다","크게 생활에 변화가 없는 편이다","F","60대","500~700만원 미만","광주"
"53337218","20240201","보통이다","등하원 도우미로 좀 바쁜일정소화","F","60대","700만원 이상","강원"
"53337320","20240201","만족하는 편이다","시간과 경제적으로 안정되어 있다.","M","40대","500~700만원 미만","경기"
"53337357","20240201","매우 만족한다","여유가 많다","M","19~29세","없음/모름/무응답","경기"
"53337599","20240201","보통이다","그리크게 만족한적은 없다","M","60대","700만원 이상","서울"
"53337619","20240201","만족하는 편이다","시간나는데로 가기때문이다","F","60대","없음/모름/무응답","전남"
"53337721","20240201","보통이다","바쁘고여유가 없어 그려러니 한다","M","40대","300만원 미만","인천"
"53337804","20240201","만족하는 편이다","내가 원하는 여가생활을 하기에 충분한 인프라가 잘 갖춰져있고 접근성또한 훌륭하다.","F","30대","300~500만원 미만","경기"
"53337837","20240201","보통이다","변화가 없다","M","30대","300~500만원 미만","서울"
"53337871","20240201","만족하는 편이다","재미있고 시간이 아깝지 않음","M","50대","500~700만원 미만","대구"
"53337897","20240201","만족하는 편이다","건강이 허락하는 편이고 혼자서 사색하면서 걷는것도 만족한다","F","60대","700만원 이상","부산"
"53337906","20240201","불만족하는 편이다","즐겁지가 않다. 비용 문제가 항상 걸린다","M","40대","300~500만원 미만","세종"
"53338024","20240201","매우 만족한다","이성친구","M","19~29세","700만원 이상","강원"
"53338043","20240201","보통이다","경제적 침체로 여유부족","M","50대","500~700만원 미만","강원"
"53338063","20240201","매우 만족한다","체육관 시설이 좋다","F","50대","500~700만원 미만","경남"
"53338241","20240201","만족하는 편이다","마음을 다스릴정도의 여유만 즐기므로.","F","40대","300~500만원 미만","충남"
"53338277","20240201","보통이다","비가와서 많이 못 보았다","F","50대","500~700만원 미만","서울"
"53338429","20240201","보통이다","그저그렇다","M","19~29세","300~500만원 미만","경기"
"53338490","20240201","만족하는 편이다","가까운곳에 교우들과 함께 하였던 물놀이가 40년전의 기억을 상기시켜줌","M","60대","700만원 이상","경남"
"53338521","20240201","보통이다","생활주변 시설 부족","F","60대","300~500만원 미만","경기"
"53338531","20240201","매우 불만족한다","경제적감소.퇴사.입원","F","40대","300만원 미만","충북"
"53338807","20240201","만족하는 편이다","건강관리 및 관심도가 높은것 위주로 활동","M","60대","700만원 이상","강원"
"53338826","20240201","보통이다","내가 좋아하는 여가활동 자체가 원할때 할수가 있는것들이라 크게 불만은 없으나 시간적 여유가 많다면 신체활동을 동반한 여가 활동을 하고싶은 아쉬운 마음이 있어서 현재상태가 그저그런편임","M","50대","300~500만원 미만","부산"
"53338881","20240201","매우 불만족한다","퇴사","F","40대","없음/모름/무응답","울산"
"53338908","20240201","보통이다","비슷","M","50대","300~500만원 미만","전남"
"53339129","20240201","만족하는 편이다","가족 동행","M","50대","300~500만원 미만","전북"
"53339242","20240201","보통이다","걍걍걍","M","30대","300만원 미만","대구"
"53339265","20240201","보통이다","큰이슈가 많아서","F","60대","없음/모름/무응답","충남"
"53339450","20240201","만족하는 편이다","적은 비용과 적은 노력으로 누릴 수 있는 시설이 많아요","F","50대","300만원 미만","경기"
"53339542","20240201","보통이다","크게 변함이 없음","M","30대","300~500만원 미만","부산"
"53339606","20240201","보통이다","제대로 활용을 못해서","M","19~29세","없음/모름/무응답","부산"
"53339664","20240201","만족하는 편이다","여유롭지는 않지만 하고 싶은것들을 시간내서 할수 있었기 때문에","M","19~29세","300~500만원 미만","경기"
"53339735","20240201","만족하는 편이다","재밌게즐겼다","M","19~29세","없음/모름/무응답","경기"
"53339771","20240201","만족하는 편이다","즐기고 싶은 여가를 충분히 즐겼다고 생각","M","19~29세","300만원 미만","전남"
"53339844","20240201","만족하는 편이다","시간과 금전적으로 여유로워서","F","50대","700만원 이상","서울"
"53339846","20240201","보통이다","감기가 걸려서 활발한 여가활동을 못했지만 딱히 아쉽진 않다.","M","40대","300~500만원 미만","전남"
"53339932","20240201","만족하는 편이다","적절한 수준으로 즐기고 있기 때문.","M","19~29세","500~700만원 미만","세종"
"53340008","20240201","보통이다","최소한의 문화생활 영위","M","50대","300~500만원 미만","경기"
"53340034","20240201","보통이다","시간이 안맞아서","M","60대","300~500만원 미만","서울"
"53340088","20240201","보통이다","크게 달라지는 사항이 없다.","M","60대","500~700만원 미만","경남"
"53340140","20240201","만족하는 편이다","일을하지안아서 시간이만아졌다","F","50대","300~500만원 미만","경기"
"53340162","20240201","만족하는 편이다","주말에 시간과 돈에 구애받지않고 여가하고있으니 만족한다","F","30대","500~700만원 미만","경남"
"53340249","20240201","만족하는 편이다","보고 싶으면 볼 수 있기 때문에","F","19~29세","없음/모름/무응답","경기"
"53340588","20240201","매우 만족한다","적당히 시간적여유도 있고 같이 할 배우자가 있어서","F","19~29세","500~700만원 미만","경기"
"53340625","20240201","만족하는 편이다","시간적여유 경제적이유","M","60대","700만원 이상","경기"
"53340765","20240201","매우 불만족한다","시간과 돈이 부족하다","M","30대","500~700만원 미만","대전"
"53340890","20240201","만족하는 편이다","친구만나서","F","50대","500~700만원 미만","제주"
"53341034","20240201","만족하는 편이다","집에 있는 것 보다 친구들과 웃고 즐길 수 있어서","M","60대","300~500만원 미만","부산"
"53341110","20240201","만족하는 편이다","특별한 제약이 없었음","M","40대","없음/모름/무응답","경북"
"53341135","20240201","보통이다","큰 변화가 없어서","M","30대","300~500만원 미만","강원"
"53341369","20240201","보통이다","차이가 없음","M","50대","500~700만원 미만","경기"
"53341527","20240201","불만족하는 편이다","시간이없음","F","30대","없음/모름/무응답","충북"
"53341695","20240201","보통이다","접근성과 이용할 수 있는 인구가 많아지도록 더욱 늘려야 한다","M","50대","300~500만원 미만","부산"
"53341744","20240201","보통이다","경제적 문제","F","50대","700만원 이상","인천"
"53341747","20240201","만족하는 편이다","할 수 있는 선에서 할 수 있는 것은 다 한 것 같아서 만족한다","F","19~29세","300만원 미만","경기"
"53341832","20240201","불만족하는 편이다","시간부족","M","60대","700만원 이상","서울"
"53341861","20240201","보통이다","교통편이 다소 불편","F","40대","300~500만원 미만","광주"
"53341865","20240201","보통이다","물가상승","M","30대","없음/모름/무응답","서울"
"53342285","20240201","보통이다","개인개발에 힘쓰고싶은데 그러지못해서","M","60대","700만원 이상","울산"
"53342293","20240201","보통이다","여행 기회가 많으나 시간 맞추기어려움","M","40대","500~700만원 미만","강원"
"53342370","20240201","매우 만족한다","특별히 불편한 점 없었음.","M","19~29세","500~700만원 미만","경기"
"53342480","20240201","보통이다","시간 및 예산부족","M","40대","500~700만원 미만","광주"
"53342533","20240201","만족하는 편이다","시설 우수","M","60대","700만원 이상","경북"
"53342579","20240201","만족하는 편이다","사랑하는 사람들과 거창하진 않아도 외출을 하며 즐기는 편","F","19~29세","500~700만원 미만","충남"
"53342660","20240201","보통이다","뭘 하는지 모르겠어서","M","19~29세","300~500만원 미만","대전"
"53342896","20240201","보통이다","큰변화가없어서","F","50대","300~500만원 미만","경남"
"53342966","20240201","만족하는 편이다","원하는만큼의 시간과 여유가 있었다","F","50대","300~500만원 미만","경기"
"53343134","20240201","불만족하는 편이다","인프라 시간 경제적 여유 부족","M","30대","300만원 미만","경남"
"53343263","20240201","만족하는 편이다","없음","M","19~29세","없음/모름/무응답","서울"
"53343414","20240201","만족하는 편이다","방해요인 없음","F","50대","300~500만원 미만","경남"
"53343480","20240201","보통이다","날마다 걷기운동을 하고 있으며 숙박여행을 못가고 있음","F","50대","300~500만원 미만","광주"
"53343558","20240201","보통이다","시간이 없다","F","40대","300만원 미만","경기"
"53343741","20240201","만족하는 편이다","오래동안 계획했던 포루투갈여행을 했다","F","60대","500~700만원 미만","서울"
"53343807","20240201","보통이다","시간이 많이 없어요","F","60대","700만원 이상","강원"
"53343864","20240201","보통이다","시간여유가 많았다","F","50대","300~500만원 미만","대구"
"53343877","20240201","만족하는 편이다","하고싶은거 할 수 있어서 물론 경제적으로 풍요롭진 않음","M","19~29세","700만원 이상","경기"
"53344144","20240201","만족하는 편이다","원하는 아침시간 시간대에 운동할수있고 낮시간대는 다른 활동들을 할수 있어서 좋다","F","60대","300~500만원 미만","인천"
"53344153","20240201","보통이다","보통이니까 보통인거죠","M","19~29세","300만원 미만","경기"
"53344203","20240201","보통이다","시간은많은데 비용이 비싼편이라 맘껏못함 비용이 안드는 걷기 산책함","F","60대","500~700만원 미만","경기"
"53344242","20240201","만족하는 편이다","비용이 많이 들지만 만족감이 높음","F","19~29세","없음/모름/무응답","서울"
"53344462","20240201","보통이다","딱히 좋지 않았어서","F","19~29세","없음/모름/무응답","제주"
"53344474","20240201","만족하는 편이다","여가를 보내기에 간편하다","M","40대","500~700만원 미만","경북"
"53344575","20240201","보통이다","대체로만족해서","F","50대","700만원 이상","서울"
"53344578","20240201","보통이다","매년 똑같아서","M","50대","300~500만원 미만","경북"
"53344670","20240201","불만족하는 편이다","여가시간이 작년보다 줄어들음","F","19~29세","없음/모름/무응답","서울"
"53344769","20240201","보통이다","그냥 일만 하고 살기도 벅차서","F","30대","500~700만원 미만","서울"
"53344777","20240201","만족하는 편이다","스트레스 해소","M","50대","500~700만원 미만","전남"
"53344867","20240201","보통이다","시간및비용 문제","M","30대","700만원 이상","경기"
"53344884","20240201","보통이다","아직은건강하고 조금은 마음에 여우가있다","M","60대","300~500만원 미만","전북"
"53344893","20240201","보통이다","재미있기도 했지만 아기와 함께 다녀 힘들기도 했습니다","F","30대","500~700만원 미만","경기"
"53344942","20240201","만족하는 편이다","맛있는거 잘먹고 좋은 사람들과 좋은 시간 보냄","M","19~29세","700만원 이상","경기"
"53344979","20240201","보통이다","다른ㅈ운동도 하고 싶지만 비용이 부담스러워 못하고 있기때문에 만족도가 보통입니다","F","40대","300만원 미만","대구"
"53345000","20240201","만족하는 편이다","시간과 주변 정보 수집 등","F","40대","500~700만원 미만","대전"
"53345695","20240201","불만족하는 편이다","물가가너무비싸다","M","50대","300~500만원 미만","경기"
"53345754","20240201","보통이다","같은 여가생활만 하고 있다","M","50대","300만원 미만","대전"
"53345825","20240201","보통이다","특별히 방해받을 일이 없어서","F","50대","700만원 이상","전북"
"53345934","20240201","보통이다","비용 최소화를 고려해야하기에.....","M","60대","300만원 미만","경기"
"53346209","20240201","보통이다","여유가 없음","M","40대","300~500만원 미만","서울"
"53346279","20240201","보통이다","퇴근 후에 규칙적으로 즐기고 있다.","M","30대","700만원 이상","서울"
"53346285","20240201","보통이다","딱히 마음에 여유가 없었다","F","60대","300만원 미만","서울"
"53346304","20240201","만족하는 편이다","집 주변 및 회사 인근에 이용하고자 하는 시설이 많이 있음","M","40대","700만원 이상","경기"
"53346482","20240201","만족하는 편이다","근거리에 여가 즐길 수 있는 여건이 많음","M","30대","300~500만원 미만","부산"
"53346547","20240201","만족하는 편이다","주위환경이 잘갖추어져 있고 시간적 여유가 있는편이다","F","60대","700만원 이상","부산"
"53346643","20240201","보통이다","특이사항없음","M","30대","700만원 이상","서울"
"53346692","20240201","만족하는 편이다","시간의여유","F","19~29세","300~500만원 미만","부산"
"53346717","20240201","만족하는 편이다","가족과함께여서","M","40대","700만원 이상","부산"
"53346799","20240201","보통이다","평소와 별차이 없음","M","60대","300~500만원 미만","세종"
"53347085","20240201","보통이다","노노","M","40대","300만원 미만","경기"
"53347098","20240201","보통이다","시간 경제적 부담등","M","60대","700만원 이상","서울"
"53347104","20240201","보통이다","비슷하다.","M","19~29세","없음/모름/무응답","대전"
"53347176","20240201","만족하는 편이다","경제적 심리적.인적네트워크 여유","M","60대","300만원 미만","경기"
"53347483","20240201","만족하는 편이다","시간과 비용이 적절","F","50대","700만원 이상","경기"
"53347858","20240201","보통이다","경제적인이유","F","60대","300~500만원 미만","인천"
"53347950","20240201","만족하는 편이다","내 생활에 도움도 되고 정신적으로 위로도됨","F","60대","700만원 이상","경기"
"53348065","20240201","보통이다","그냥 soso해서","M","19~29세","300만원 미만","경기"
"53348527","20240201","불만족하는 편이다","시간이없어요","F","40대","500~700만원 미만","인천"
"53348564","20240201","매우 불만족한다","피곤해서 여가활동할 여력이 없다","M","40대","300만원 미만","울산"
"53348776","20240201","보통이다","주변 환경.시설 만족","M","60대","700만원 이상","서울"
"53348824","20240201","보통이다","바쁘다","F","40대","700만원 이상","강원"
"53348828","20240201","불만족하는 편이다","금전문제로 충분히 즐기지 못함","F","19~29세","300~500만원 미만","서울"
"53348860","20240201","만족하는 편이다","대부분 주변에서 가능","M","50대","700만원 이상","충북"
"53349084","20240201","보통이다","경제적 시간적여건이 여유롭지않다","F","50대","700만원 이상","강원"
"53349220","20240201","보통이다","새로운것을 좋아하는데 여가활동을 했지만 새로운게 없어 보통","F","40대","300~500만원 미만","대구"
"53349348","20240201","보통이다","돈이 없어서","M","19~29세","300만원 미만","충남"
"53349372","20240201","보통이다","금전적인 여유 부족","M","30대","없음/모름/무응답","경북"
"53349395","20240201","보통이다","늘 비슷해서","F","30대","없음/모름/무응답","서울"
"53349476","20240201","만족하는 편이다","시간적 경제적으로 여유가 좀 생긴것 같아서","F","40대","500~700만원 미만","대전"
"53349579","20240201","보통이다","평소와 비슷","F","40대","없음/모름/무응답","광주"
"53349724","20240201","매우 만족한다","스트레스 해소","M","50대","500~700만원 미만","서울"
"53349805","20240201","보통이다","비슷한 생활패턴 때문에","M","30대","없음/모름/무응답","부산"
"53349957","20240201","보통이다","시간이 좀 짧다","F","30대","500~700만원 미만","경남"
"53349963","20240201","보통이다","그저그랬음","F","19~29세","500~700만원 미만","충남"
"53350069","20240201","만족하는 편이다","인프라가 잘되어서","M","40대","없음/모름/무응답","경남"
"53350270","20240201","보통이다","쉬고자하는시간에는 쉬는편이다","M","50대","500~700만원 미만","대전"
"53350326","20240201","만족하는 편이다","오산시에서 다양한 교육프로그램/ 장소를 제공해줘서 다양한경험을 해볼 수 있다 집에서 근거리여서 퇴근후 여가시간 활용에 매우편리하고 사설센터들에서 경험하기힘든 수강강좌가 있어 매우 만족스럽다","F","40대","300만원 미만","경기"
"53350351","20240201","만족하는 편이다","시간적 경제적 여유로 인해서","M","40대","700만원 이상","전남"
"53350449","20240201","만족하는 편이다","마음의 여유가 있어서","F","40대","500~700만원 미만","충남"
"53350455","20240201","보통이다","많이못함","F","60대","300~500만원 미만","인천"
"53350495","20240201","보통이다","여유시간 확보","M","50대","700만원 이상","광주"
"53350633","20240201","보통이다","비행기값이 비쌈","M","30대","300만원 미만","전북"
"53350684","20240201","만족하는 편이다","시간적 공간적으로 만족한다.","F","60대","700만원 이상","경남"
"53350754","20240201","보통이다","보통이다","M","19~29세","없음/모름/무응답","서울"
"53350797","20240201","만족하는 편이다","아이가 커서 시간적여유가 생김","F","40대","300~500만원 미만","경기"
"53350923","20240201","만족하는 편이다","생활에 시간적 경제적으로 여유가 생김","M","30대","700만원 이상","서울"
"53351115","20240201","만족하는 편이다","근거리에 내가 할수 있는 시설이 갖추어짐","M","50대","500~700만원 미만","충남"
"53351666","20240201","보통이다","경제적 여유","M","60대","500~700만원 미만","경기"
"53351733","20240201","불만족하는 편이다","인프라 정보부족","M","30대","없음/모름/무응답","세종"
"53351786","20240201","만족하는 편이다","해외여행 으로 충전이.많이 되었다","F","40대","300~500만원 미만","전북"
"53351832","20240201","보통이다","아무것도 안하고 유튜브만 봐서","F","19~29세","없음/모름/무응답","서울"
"53351891","20240201","보통이다","금전적 상황에서 이만큼 밖에 못하지만 나보다 못한 사람도 있을것이여서","F","19~29세","300만원 미만","충북"
"53351954","20240201","보통이다","수입은 거의 변동 없으나 물가가 너무 올라서 여가생활하는데 부담이 심함","M","30대","300만원 미만","대전"
"53351998","20240201","불만족하는 편이다","육아","M","30대","700만원 이상","경기"
"53352055","20240201","불만족하는 편이다","시간적 경제적 여유가 부족해서 여유롭게 느껴지지 않고 충분한 힐링이 안된 기분이든다","M","50대","500~700만원 미만","서울"
"53352102","20240201","만족하는 편이다","약간의여유가 생겨서 즐기는편","F","60대","300~500만원 미만","서울"
"53352256","20240201","만족하는 편이다","즐겁다","F","50대","500~700만원 미만","울산"
"53352286","20240201","보통이다","여가생활을 즐길 돈이 없지만 막상 즐기면 즐겁기 때문이다.","F","19~29세","없음/모름/무응답","서울"
"53352341","20240201","만족하는 편이다","할고싶은건 하려고 하는편입니다. 아여 불가능한건 생각도 안하고요.(예를들면 해외여행)","F","40대","500~700만원 미만","인천"
"53352365","20240201","만족하는 편이다","시간적으로 여유가 있어서","M","50대","300~500만원 미만","서울"
"53352395","20240201","만족하는 편이다","원하는만큼 여행을다녀옴","F","30대","700만원 이상","강원"
"53352655","20240201","불만족하는 편이다","발가락 금가서 집콕중","F","50대","700만원 이상","서울"
"53352682","20240201","만족하는 편이다","시간은 부족하지만 큰 비용을 들이지 않고 여가생활을 누리고 있어서 만족합니다.","M","30대","500~700만원 미만","충남"
"53352697","20240201","보통이다","시간이 없음","F","50대","500~700만원 미만","경기"
"53352836","20240201","보통이다","시간적 여유가 없어서 멀리 나가지못해서 아쉽다 타지역으로 여행을 하고싶은데 자주 나가지못하고있음","F","40대","300~500만원 미만","전북"
"53352940","20240201","보통이다","시간적 경제적 여유","F","50대","300~500만원 미만","대구"
"53353136","20240201","보통이다","예전처럼 흥미가 많지않다","M","40대","700만원 이상","대구"
"53353291","20240201","만족하는 편이다","생각했던대로 실천중임.","M","60대","700만원 이상","인천"
"53353325","20240201","보통이다","충분한 시간이 없음","M","50대","700만원 이상","강원"
"53353359","20240201","보통이다","여유로운 시간이 많지만 특별하게 저큭성을 가지지 않고 있음","M","60대","700만원 이상","전남"
"53353373","20240201","만족하는 편이다","하고 싶은 여가 활동을 할 수 있어서","F","50대","700만원 이상","대전"
"53353452","20240201","만족하는 편이다","일 때문에 바빴지만 바쁜 일이 끝나고 자주 못하던 해외여행을 갔다옴","M","19~29세","없음/모름/무응답","서울"
"53353502","20240201","보통이다","충분히","M","50대","300~500만원 미만","경북"
"53353567","20240201","만족하는 편이다","일을 쉬면서 여가생활할수있는 시간이 늘어남","F","19~29세","300만원 미만","경기"
"53353611","20240201","보통이다","남들 하는만큼 하는듯해서","M","40대","500~700만원 미만","충북"
"53353792","20240201","불만족하는 편이다","정보도 부족하고 시간도 없으며 인프라가 부족해서","F","30대","없음/모름/무응답","울산"
"53353815","20240201","보통이다","짬내서 보내고있고 좀 타이트한데 주말은 그나마 평일보다 여유가있어서","F","40대","없음/모름/무응답","충남"
"53353855","20240201","불만족하는 편이다","네일아트아 뷰티샵 가격이 너무 비싸고 주변 가까이에는 없어서 30준 정도의 이동시간 발생(부평구 부개3동 기준)","F","19~29세","없음/모름/무응답","경북"
"53354107","20240201","만족하는 편이다","시간적여유가생겨 그전보다 즐길시간이충분해서","M","60대","없음/모름/무응답","서울"
"53354171","20240201","만족하는 편이다","마음의 여유가 생김","M","40대","500~700만원 미만","경남"
"53354298","20240201","만족하는 편이다","주위 환경 양호","M","50대","500~700만원 미만","경북"
"53354450","20240201","만족하는 편이다","시간적 여유","M","40대","700만원 이상","경기"
"53354503","20240201","매우 만족한다","만족","M","30대","없음/모름/무응답","서울"
"53354519","20240201","보통이다","매번 똑같으니깐은요","F","60대","300만원 미만","부산"
"53354529","20240201","보통이다","계절적요인","M","50대","300~500만원 미만","경북"
"53354626","20240201","만족하는 편이다","가족들 함께 물놀이 와 손자 손녀 들 같이 즐거운 시간 보내기","M","60대","300만원 미만","대구"
"53354637","20240201","보통이다","시간을 더 낼수가 없어서","M","50대","700만원 이상","경기"
"53355088","20240201","만족하는 편이다","강아지와 함께하는 시간이 늘었음","F","30대","300만원 미만","경기"
"53355215","20240201","보통이다","변화가 크게 없다.","M","50대","500~700만원 미만","서울"
"53355250","20240201","불만족하는 편이다","여가 활동 내용이","M","50대","300~500만원 미만","대전"
"53355303","20240201","보통이다","변화가 없기 때문임","M","60대","700만원 이상","서울"
"53355596","20240201","만족하는 편이다","하고 싶던 활동을 다 해봐서","F","50대","700만원 이상","울산"
"53355751","20240201","보통이다","재미가별로","F","60대","500~700만원 미만","부산"
"53355821","20240201","보통이다","일상으로 함","M","60대","없음/모름/무응답","서울"
"53355902","20240201","보통이다","가끔 환기되는 느낌","F","50대","없음/모름/무응답","강원"
"53355960","20240201","보통이다","가족간 시간 맞추기가 어려움","F","50대","300~500만원 미만","인천"
"53356040","20240201","보통이다","그냥 그렇다","F","30대","500~700만원 미만","충남"
"53356160","20240201","매우 만족한다","내가 원하는 활동에 대한 정보를 접하기도 쉽고 실행하기 편리하며 만족스럽다","F","30대","700만원 이상","부산"
"53356162","20240201","보통이다","건강상 이유","F","60대","700만원 이상","서울"
"53356233","20240201","보통이다","건강이 안좋아서","M","60대","300만원 미만","서울"
"53356333","20240201","만족하는 편이다","원하는 여가활동을 거의 다 할 수 있었기때문에 어느정도 만족하는 편이다","F","19~29세","없음/모름/무응답","경기"
"53356472","20240201","보통이다","평범하다","M","30대","500~700만원 미만","대구"
"53356683","20240201","보통이다","없음","M","40대","700만원 이상","경기"
"53356863","20240201","만족하는 편이다","생활에 지장없고 크게 비용 지출이 부담되지 않기에","M","60대","300~500만원 미만","충북"
"53357041","20240201","만족하는 편이다","내가 좋아하는 하므로 행복하고 만족함으로.","F","60대","300~500만원 미만","광주"
"53357199","20240201","보통이다","향후 3개월간의 여가 생활을 예상해 봤을 때 지금이랑 비슷할 거 같아서","F","30대","500~700만원 미만","부산"
"53357308","20240201","만족하는 편이다","잘 놀러다니는것같아서","F","19~29세","700만원 이상","경기"
"53357500","20240201","보통이다","레이미스테리오 보면서 재미나성ㅅ","M","19~29세","500~700만원 미만","경기"
"53357579","20240201","불만족하는 편이다","시간이 부족해서","F","50대","없음/모름/무응답","대전"
"53357626","20240201","만족하는 편이다","편안하다","F","40대","500~700만원 미만","인천"
"53357725","20240201","보통이다","남자친구와 헤어졌기 때문에..","F","19~29세","없음/모름/무응답","서울"
"53357799","20240201","보통이다","주변에 시설들이 없다","M","60대","300~500만원 미만","경남"
"53357852","20240201","보통이다","늘 그렇듯이 일상같았음","F","30대","700만원 이상","서울"
"53358243","20240201","보통이다","늘 같아서","M","30대","300~500만원 미만","부산"
"53358331","20240201","보통이다","생활이여유롭다","F","30대","없음/모름/무응답","대구"
"53358336","20240201","보통이다","여가를 즐길 여유가 없어서","M","50대","500~700만원 미만","경북"
"53358354","20240201","보통이다","ㅋㅋ","F","50대","300~500만원 미만","경남"
"53358517","20240201","보통이다","경제","F","60대","300~500만원 미만","서울"
"53358711","20240201","만족하는 편이다","가고싶은 공연이나 하고싶은활동은 다해봤음","F","19~29세","300만원 미만","경기"
"53358915","20240201","불만족하는 편이다","경제적여유가많지않음","F","40대","500~700만원 미만","전북"
"53359120","20240201","만족하는 편이다","시간적. 경제적 가능","M","40대","300~500만원 미만","서울"
"53359133","20240201","만족하는 편이다","하고싶은것을 하기때문","F","60대","300~500만원 미만","대전"
"53359244","20240201","보통이다","시간적 여유는 충분하지만 다양한 인프라가 부족해서","F","50대","700만원 이상","충북"
"53359294","20240201","보통이다","충분히 즐기지 못해서","F","50대","700만원 이상","서울"
"53359314","20240201","보통이다","예전과비슷함","M","60대","500~700만원 미만","서울"
"53359345","20240201","보통이다","매일 비슷한 일상 임","F","60대","300~500만원 미만","충북"
"53359535","20240201","만족하는 편이다","돈도 많이 안 들고 힐링이 됨","F","19~29세","500~700만원 미만","대전"
"53359768","20240201","만족하는 편이다","현재 직장을 그만둔 상태이므로","F","50대","300~500만원 미만","부산"
"53359932","20240201","만족하는 편이다","내가행복함","M","40대","없음/모름/무응답","강원"
"53359938","20240201","만족하는 편이다","하고 싶었던 취미 생활을 할수 있게되어서","F","50대","500~700만원 미만","광주"
"53359997","20240201","보통이다","시간적으로 제약을 받기 때문에 여유롭지 못하다","M","60대","700만원 이상","서울"
"53360116","20240201","보통이다","시간적 여유가 없어서 충분히 즐기가가 어려워서","F","60대","300~500만원 미만","충남"
"53360123","20240201","만족하는 편이다","대체적으로 하고싶은대로 하였기 때문에","F","40대","300~500만원 미만","경기"
"53360216","20240201","만족하는 편이다","시간적으로 금전적으로 여유가 있고 하고자하는 시설들이 있기 때문에 언제든 가능하기 때문에","M","50대","700만원 이상","세종"
"53360341","20240201","만족하는 편이다","여유가 생겼다","M","30대","300~500만원 미만","경북"
"53360559","20240201","보통이다","우울증으로 인한 여가시간의 감소","F","40대","300~500만원 미만","경기"
"53360616","20240201","보통이다","비슷해서","M","19~29세","500~700만원 미만","경기"
"53360618","20240201","만족하는 편이다","시간적으로도 경제적으로도 여유가있어서","F","50대","700만원 이상","서울"
"53360627","20240201","만족하는 편이다","편하게 여가생활을하기때문에","F","40대","700만원 이상","서울"
"53360644","20240201","만족하는 편이다","시간날때 아무때나 즐길수있어서","M","60대","700만원 이상","서울"
"53360664","20240201","보통이다","여가시간을 활용하는 것 자체는 나쁘지 않게 하고 있으나 업무 등으로 인해 그 시간이 매우 부족합니다.","F","19~29세","300만원 미만","서울"
"53360742","20240201","매우 만족한다","그냥","F","30대","없음/모름/무응답","서울"
"53360764","20240201","보통이다","시간이부족하다","M","30대","700만원 이상","전북"
"53360901","20240201","보통이다","경제적 여유가 없어서","F","40대","없음/모름/무응답","서울"
"53360914","20240201","보통이다","최근 직장근무로 여가생활을 즐기지 못했기때문에","M","50대","700만원 이상","전남"
"53360932","20240201","매우 만족한다","가족들과 함께해서","M","50대","300~500만원 미만","전북"
"53361035","20240201","보통이다","돈 이없다","M","50대","없음/모름/무응답","대구"
"53361088","20240201","만족하는 편이다","가고싶은 곳을 다녀와서","F","50대","700만원 이상","대구"
"53361129","20240201","만족하는 편이다","스트레스 해소함","M","19~29세","300만원 미만","경기"
"53361326","20240201","만족하는 편이다","워라벨이 좋아서","M","30대","300~500만원 미만","충북"
"53361476","20240201","만족하는 편이다","집 가까이. 헬스장 이. 있어. 하고싶을때. 언제든지 할수있다","F","60대","300~500만원 미만","경기"
"53361655","20240201","보통이다","별다름 없음","F","40대","500~700만원 미만","부산"
"53361701","20240201","보통이다","체력이 약해짐","M","50대","700만원 이상","강원"
"53361834","20240201","만족하는 편이다","여가생활을 즐길 수 있는 시간여유가 생김","M","60대","700만원 이상","서울"
"53361869","20240201","만족하는 편이다","내가 좋아하는 취미를 마음대로 즐길수 있어서","M","60대","300만원 미만","경기"
"53361919","20240201","보통이다","그냥그럼","M","19~29세","700만원 이상","대구"
"53361998","20240201","보통이다","종류 시설등 인프라가 충분치 않다.","M","60대","300~500만원 미만","경남"
"53362100","20240201","보통이다","시간을더늘리고싶어서","F","30대","300~500만원 미만","경남"
"53362114","20240201","만족하는 편이다","여가시간을 여유롭게 보낼수 있어서","M","50대","300~500만원 미만","경기"
"53362347","20240201","만족하는 편이다","시간과 경제적 여유가 있어서","F","60대","500~700만원 미만","충남"
"53362413","20240201","만족하는 편이다","여유로움","M","50대","700만원 이상","울산"
"53362581","20240201","보통이다","체럭이 따라주지 않아서 그런것 같습니다","F","50대","300~500만원 미만","충북"
"53362635","20240201","만족하는 편이다","딱히 불만족스러운 사항은 없음","F","19~29세","없음/모름/무응답","강원"
"53362752","20240201","보통이다","더 쉬고 싶지만 돈 벌어야해서 그럴 수 없기에..","M","30대","500~700만원 미만","강원"
"53362761","20240201","만족하는 편이다","OTT드라마가 좋은 작품이 많이 나왔고 어학 공부도 다시 시작해서.","F","60대","300만원 미만","경기"
"53362785","20240201","매우 만족한다","가족과함께 시간을 보낸점이 좋다","F","50대","300~500만원 미만","대구"
"53362866","20240201","만족하는 편이다","횟수증가","M","40대","700만원 이상","경북"
"53363011","20240201","보통이다","컨텐츠 부족","M","40대","500~700만원 미만","대전"
"53363128","20240201","만족하는 편이다","내가 하고 싶은 활동을 하기때문에","F","60대","없음/모름/무응답","강원"
"53363166","20240201","만족하는 편이다","만족해서","M","19~29세","없음/모름/무응답","경북"
"53363170","20240201","보통이다","평소와 비슷함","M","50대","500~700만원 미만","제주"
"53363357","20240201","보통이다","매일 좋은 좋지도 않은 똑같은 일상","F","19~29세","없음/모름/무응답","경기"
"53363689","20240201","보통이다","비슷함","F","30대","300만원 미만","울산"
"53364099","20240201","보통이다","그냥 보통수준의 만족 같습니다.","F","30대","300만원 미만","경기"
"53364242","20240201","보통이다","시간적여유불충분","F","40대","700만원 이상","서울"
"53364417","20240201","만족하는 편이다","좋다 ~","F","30대","300만원 미만","전남"
"53364492","20240201","보통이다","특별한 내용은 없슴","M","50대","300~500만원 미만","서울"
"53365223","20240201","만족하는 편이다","집근처에 문화공간과 시설이 잘되어 있다","M","50대","300~500만원 미만","광주"
"53365446","20240201","보통이다","본인만족","M","50대","700만원 이상","경북"
"53365503","20240201","보통이다","그냥","F","30대","700만원 이상","서울"
"53365713","20240201","만족하는 편이다","생각지도 않은 시간이 생겨 여행을 많이했다","M","50대","300~500만원 미만","경기"
"53365749","20240201","만족하는 편이다","시간이 충분하고, 경제적으로 힘들지 않고, 산책 정도는 할 수 있는 건강이 있음","F","60대","700만원 이상","제주"
"53365837","20240201","불만족하는 편이다","시간과 인프라부족","F","40대","700만원 이상","부산"
"53365872","20240201","만족하는 편이다","여가생활로 인해 삶의 만족도가 오름","M","19~29세","없음/모름/무응답","충남"
"53365948","20240201","보통이다","평일 이용 시간이 부족","F","50대","700만원 이상","경남"
"53366042","20240201","보통이다","일상적인 활동","M","60대","700만원 이상","충북"
"53366259","20240201","만족하는 편이다","다행스럽게 가까운곳에 문화예술회관이 있어서 가까이 접할 수 있다","F","50대","500~700만원 미만","경기"
"53366451","20240201","보통이다","추워서 만족스럽게 즐기지못함 시간도 부족","F","40대","500~700만원 미만","충남"
"53366783","20240201","만족하는 편이다","그냥있지않고 주변 공원이나 헬스장에서 활동해서","F","30대","300~500만원 미만","경남"
"53367092","20240201","만족하는 편이다","좋아하는것을 경험하게되서","F","50대","300~500만원 미만","대구"
"53367399","20240201","보통이다","그냥 보통이다","F","50대","700만원 이상","대구"
"53367449","20240201","보통이다","생각보다 많은 여가활동을 해서","M","19~29세","없음/모름/무응답","부산"
"53367492","20240201","보통이다","부족하다거나 많다거나 느끼지 않고 무난하다고 느낀다.","M","40대","700만원 이상","충남"
"53367594","20240201","보통이다","평상시와 다를게 별로 없었다","F","40대","300~500만원 미만","광주"
"53367779","20240201","만족하는 편이다","주위에 시설이 잘 갖추어 있음","F","60대","700만원 이상","대구"
"53367798","20240201","불만족하는 편이다","시간부족","M","30대","500~700만원 미만","부산"
"53367812","20240201","만족하는 편이다","하고자했던여가활동다했기때문에","M","60대","500~700만원 미만","경북"
"53367877","20240201","보통이다","그럭저럭해서","M","40대","500~700만원 미만","강원"
"53367984","20240201","만족하는 편이다","다양한 취미를 새마을금고 회원으로 무료로 즐길 수 있어서","F","60대","300만원 미만","대구"
"53368100","20240201","보통이다","여유롭지 않음","F","19~29세","없음/모름/무응답","부산"
"53368398","20240201","만족하는 편이다","지인들과 여유롭고 다채로운 체험을 할수 있어서..","M","60대","300~500만원 미만","부산"
"53368449","20240201","보통이다","좋고 싫음이 없음","M","30대","300만원 미만","경기"
"53368489","20240201","만족하는 편이다","날씨가 좋아서 가고 싶었던 여행지에서 충분히 즐길수 있었다","F","50대","300만원 미만","부산"
"53368596","20240201","매우 불만족한다","시간과 경제적 여유가 없다. 야가시설을 즐길만한 인프라 시설이 동네 주변에 많이 갖추어지지않았다.","F","19~29세","300~500만원 미만","경남"
"53368610","20240201","만족하는 편이다","충분히 힐링 되기 때문","M","50대","없음/모름/무응답","경기"
"53368706","20240201","만족하는 편이다","주변에 좋은 산이 많아서 등산을 자주 할 수 도 있고 헬스 할 장소도 접근성이 좋음","M","60대","300~500만원 미만","인천"
"53368764","20240201","보통이다","작년과 여가생활 비슷함","M","30대","없음/모름/무응답","인천"
"53368923","20240201","만족하는 편이다","시간과 경제적 여유로","M","60대","없음/모름/무응답","광주"
"53368932","20240201","보통이다","시간부족","M","19~29세","300~500만원 미만","대전"
"53369024","20240201","만족하는 편이다","별다른 문제 없이 원하는 활동 진행","M","50대","300~500만원 미만","서울"
"53369198","20240201","불만족하는 편이다","시간 맞추기가 힘듬","M","50대","700만원 이상","충북"
"53369321","20240201","보통이다","일상이 다르지 않아서","M","30대","300~500만원 미만","경남"
"53369432","20240201","만족하는 편이다","시간적 여유가 있어서","F","30대","500~700만원 미만","서울"
"53369607","20240201","보통이다","보텅이라서","M","19~29세","300만원 미만","서울"
"53369774","20240201","보통이다","전문적으로 활동을 안하고 동네 산으로 걷기만 하니까","F","60대","300만원 미만","대전"
"53369837","20240201","보통이다","경제적부담이 생긴다.","F","30대","없음/모름/무응답","대전"
"53369864","20240201","보통이다","별로 변한게 없어요","M","50대","300만원 미만","울산"
"53369978","20240201","만족하는 편이다","내가 할수 있을때 하고 싶을때 할수 있으니까 만족한다","F","60대","300만원 미만","서울"
"53370071","20240201","만족하는 편이다","남는시간에건강을위해서걷기를많이하는편이다","F","60대","300만원 미만","대구"
"53370525","20240201","만족하는 편이다","곧 군 전역을 해서","M","19~29세","300만원 미만","서울"
"53370527","20240201","만족하는 편이다","시간 내에서 충분히 잘 즐기는 듯하여","F","19~29세","없음/모름/무응답","경기"
"53370668","20240201","보통이다","여건내에서 만족","F","40대","300~500만원 미만","대구"
"53370695","20240201","보통이다","시갼나는대로 하고싶을때 할 수 있는편","M","60대","500~700만원 미만","경남"
"53370756","20240201","만족하는 편이다","만족","M","60대","700만원 이상","경북"
"53370771","20240201","보통이다","체력저하로힘들다","F","60대","300만원 미만","강원"
"53370811","20240201","만족하는 편이다","시간 장소","F","50대","700만원 이상","경기"
"53371049","20240201","보통이다","시간나면 잡는다","M","50대","없음/모름/무응답","광주"
"53371130","20240201","만족하는 편이다","건강유지 및 자존감 상승","M","40대","700만원 이상","경기"
"53371137","20240201","만족하는 편이다","여유가 생김","F","30대","300~500만원 미만","인천"
"53371729","20240201","보통이다","없음","M","30대","300~500만원 미만","충남"
"53371730","20240201","불만족하는 편이다","요새 운동장이나 공원엔 철봉이 없다. 나때는 어딜 가나 철봉이 있었는데. 요새 애들은 그런거 있는지나 아나?","M","19~29세","700만원 이상","경기"
"53371760","20240201","매우 만족한다","경제적 여유 증가","F","40대","500~700만원 미만","충남"
"53371828","20240201","보통이다","경제가 안 좋으니 움직이기 힘들다","M","50대","500~700만원 미만","경남"
"53371899","20240201","매우 불만족한다","여가 활동에 드는 비용이 크게 절감됨","F","40대","없음/모름/무응답","경기"
"53371977","20240201","만족하는 편이다","주변 인프라도 충분하고 즐길수있는 여유도 있어서/","F","40대","500~700만원 미만","서울"
"53372139","20240201","매우 만족한다","백수임","F","30대","없음/모름/무응답","강원"
"53372188","20240201","만족하는 편이다","시간에 ?김없이 하고싶은 것들을 취하여 시간.거리.경제적 비용.대상 들이 크게 범주를 벗어나지 않아서 만족함","F","60대","500~700만원 미만","서울"
"53372202","20240201","보통이다","평상시 하는 운동이니까","F","60대","300만원 미만","경기"
"53372316","20240201","만족하는 편이다","해외여행","F","40대","700만원 이상","강원"
"53372488","20240201","만족하는 편이다","시간만 있으면 충분히 즐길수 있음","M","30대","700만원 이상","서울"
"53372516","20240201","보통이다","딱히 불편감은 없다","M","19~29세","500~700만원 미만","서울"
"53373069","20240201","보통이다","똑같은 일상의 반복","M","19~29세","300~500만원 미만","충북"
"53373222","20240201","만족하는 편이다","즐거움","M","30대","300~500만원 미만","서울"
"53373364","20240201","만족하는 편이다","내가 하고싶울때 할수있어 서","F","50대","700만원 이상","강원"
"53373539","20240201","만족하는 편이다","사직하고 시간의 여유가 많음","M","60대","500~700만원 미만","전남"
"53373802","20240201","만족하는 편이다","최대한 시간을 짜내서 단시간에 집중해서 하다보니 만족도 상승한듯","M","30대","500~700만원 미만","경기"
"53374223","20240201","만족하는 편이다","가족들과 같이 3개월전에 예약한 여행을 무사히 탈업이 마쳐서 기분이 좋습니다","F","60대","300~500만원 미만","서울"
"53374326","20240201","만족하는 편이다","시간적 여유가 있다","M","40대","300~500만원 미만","경기"
"53374457","20240201","만족하는 편이다","지인들과 좋은시간도 보내고 여가시간이 넉넉해서","M","50대","300~500만원 미만","충남"
"53374591","20240201","만족하는 편이다","그냥 그저그렇다","F","30대","500~700만원 미만","경남"
"53374624","20240201","보통이다","변함없다","F","40대","500~700만원 미만","충북"
"53375000","20240201","보통이다","날씨가 추워서","M","50대","300만원 미만","제주"
"53375107","20240201","만족하는 편이다","남편과 함께 좋아하는 활동으로 시간을 보내고 건강유지위해 산책 트래킹할수있어 만족한다","F","60대","500~700만원 미만","서울"
"53375236","20240201","매우 불만족한다","경기가 힘들다보니 편하게 여가생활을 즐길 여건이 되지않음","M","50대","없음/모름/무응답","충남"
"53375245","20240201","만족하는 편이다","오랜만에 극장에서 영화 봤는데 영화가 기대보다 재밌고 감동적이어서 만족스러웠고, 놀러간 카페 음료랑 빵도 맛있어서 기분 좋았고, 가챠 결과도 나쁘지 않았으며 매일 즐겨하는 게임도 잘 즐겨서 만족스럽다!","F","19~29세","300~500만원 미만","서울"
"53375600","20240201","매우 만족한다","여유시간이 있어서","M","30대","500~700만원 미만","세종"
"53375651","20240201","보통이다","날씨의 영향으로 실외 활동이 줄어듬","M","50대","300만원 미만","전북"
"53375675","20240201","불만족하는 편이다","너무 바빠서 여가생활을 즐길 시간도 없고 에너지도 없다","F","30대","없음/모름/무응답","전북"
"53375727","20240201","만족하는 편이다","좋은 사람들과 만나면서 즐가운 대화와 맛있는 음식을 먹으며 즐겁게 지내고 있음","F","60대","300~500만원 미만","경기"
"53375744","20240201","만족하는 편이다","시간과 금전적 여유","M","50대","700만원 이상","부산"
"53375766","20240201","매우 만족한다","시간과 돈의 여유가 있다","M","30대","500~700만원 미만","경남"
"53376236","20240201","매우 만족한다","좋아용","F","19~29세","700만원 이상","서울"
"53376313","20240201","만족하는 편이다","다양한시설이있어서","F","60대","없음/모름/무응답","부산"
"53376452","20240201","보통이다","원래 물질적인것에서 만족을 찾는편이 아니고 나이도 있어서인지 체력도 부족해 사유하는 시간이 많아짐을 긍정적으로 생각함.","F","60대","300~500만원 미만","제주"
"53376486","20240201","보통이다","m","F","30대","300~500만원 미만","충북"
"53376514","20240201","보통이다","산책하고 건강챙기기","M","40대","300~500만원 미만","경기"
"53376579","20240201","매우 불만족한다","여가시간부족","F","19~29세","없음/모름/무응답","울산"
"53376609","20240201","보통이다","적지도 많지도 않은 수준 같아서","F","40대","700만원 이상","부산"
"53376856","20240201","보통이다","큰 감흥이 없기 때문","F","19~29세","300만원 미만","경기"
"53376916","20240201","만족하는 편이다","즐거웠던 가족여행","F","50대","없음/모름/무응답","전남"
"53376954","20240201","만족하는 편이다","날이 풀리면서 밖으로 나갈 수 이ㅡ어서","F","50대","300~500만원 미만","인천"
"53377031","20240201","보통이다","생활비를 아껴서 여가 생활을 하기때문","F","50대","500~700만원 미만","서울"
"53377048","20240201","보통이다","평소와다를것이 없어서","M","60대","300~500만원 미만","부산"
"16199","20240208","보통이다","인생이 피곤혀서","M","50대","300~500만원 미만","대전"
"49825","20240208","불만족하는 편이다","육아","F","30대","300만원 미만","부산"
"209309","20240208","불만족하는 편이다","바쁨","M","19~29세","없음/모름/무응답","경기"
"349455","20240208","보통이다","별 다른점이없다","F","40대","500~700만원 미만","서울"
"380151","20240208","만족하는 편이다","하고싶은거 다 해서","F","19~29세","300만원 미만","서울"
"380951","20240208","보통이다","보통","M","40대","300만원 미만","경남"
"401420","20240208","만족하는 편이다","체력 시간 경제적으로 큰 문제없이 여가생활을 영위함","F","30대","300~500만원 미만","서울"
"402376","20240208","보통이다","평범했다","M","40대","700만원 이상","세종"
"409432","20240208","불만족하는 편이다","없다","M","19~29세","없음/모름/무응답","대전"
"410086","20240208","보통이다","조용하게 그림그리고싶은데 한쪽에선 너무떠들고 있으면 정신집중이 안되서 답답하다","F","50대","300만원 미만","서울"
"411797","20240208","보통이다","증가할것 같지?다","F","60대","300만원 미만","전남"
"416206","20240208","만족하는 편이다","후회하지 않아서","F","40대","500~700만원 미만","경기"
"420096","20240208","만족하는 편이다","원하는 시간에 할 수 있으므로","M","40대","500~700만원 미만","서울"
"422200","20240208","보통이다","시간적촉박","M","50대","700만원 이상","경남"
"422345","20240208","만족하는 편이다","원하는 시간에 원하는 여가를 즐길수 있기때문에","M","40대","없음/모름/무응답","대구"
"422456","20240208","보통이다","물가가 너무 올라 아무것도 할 수 없다","F","19~29세","없음/모름/무응답","경기"
"424197","20240208","만족하는 편이다","여가시간을 그렇게 보내고 나서는 후회하지 않았음.","F","19~29세","700만원 이상","충남"
"424682","20240208","보통이다","경제적 여유","F","50대","500~700만원 미만","경북"
"424725","20240208","보통이다","특별히 뭘 더하거나 덜하지않고 비슷함","F","40대","500~700만원 미만","부산"
"429090","20240208","만족하는 편이다","하고싶은 거를 충분히 한다고 느껴서","M","30대","없음/모름/무응답","세종"
"431746","20240208","만족하는 편이다","시간에 구애받지 않고 적당한 비용감수 할 수 있어서 만족합니다","F","50대","700만원 이상","경남"
"437436","20240208","만족하는 편이다","서울올라와서 여러가지를체험해서 좋았다","F","19~29세","300만원 미만","서울"
"443881","20240208","만족하는 편이다","시간적여유","F","60대","700만원 이상","서울"
"445896","20240208","보통이다","보통 이라서","M","50대","없음/모름/무응답","서울"
"446945","20240208","보통이다","시간적 금전적으로 부족하다","M","50대","300~500만원 미만","충남"
"449480","20240208","만족하는 편이다","시설및 인프라가 잘되어 있어서 불편함이 없습니다","M","60대","500~700만원 미만","울산"
"450974","20240208","만족하는 편이다","여행이 주는 즐거움","M","50대","700만원 이상","서울"
"457008","20240208","불만족하는 편이다","육아로 인한 시간 부족","F","19~29세","300만원 미만","경기"
"458270","20240208","만족하는 편이다","날씨도 좋고 코로나도 아니여서 만족합니다","M","30대","300만원 미만","경북"
"458275","20240208","보통이다","여가생활 지출에도 수입이넉넉해서","M","30대","700만원 이상","서울"
"458377","20240208","보통이다","늘 비슷하니까","F","50대","300~500만원 미만","부산"
"462987","20240208","보통이다","늘 같아서","F","60대","없음/모름/무응답","인천"
"463916","20240208","만족하는 편이다","시간이 여유가있음","M","30대","700만원 이상","경북"
"467839","20240208","만족하는 편이다","여가활동을 하고나서 나의 스트레스지수가 낮아져서","F","50대","700만원 이상","부산"
"468683","20240208","보통이다","다양하지 못한편이라서","F","50대","700만원 이상","강원"
"469229","20240208","보통이다","경제적으로 여유가 없어서 원하는만큼 못했으니까","F","50대","300만원 미만","강원"
"469623","20240208","불만족하는 편이다","직장생활로 인한 여가시간 감소","F","19~29세","없음/모름/무응답","경남"
"469755","20240208","만족하는 편이다","많은 시간을 할애하면서. 새로운 것을 배운다는 즐거움이 있고 더불어 새로운 삶의 보람을 얻는것 같아 좋습니댜","F","60대","300~500만원 미만","전북"
"469763","20240208","만족하는 편이다","굳","M","19~29세","없음/모름/무응답","세종"
"472879","20240208","보통이다","평일에 시간을 내기가 많이 버겁다","F","50대","300만원 미만","강원"
"53322595","20240208","만족하는 편이다","계획했던일을 실천","F","50대","700만원 이상","대구"
"53322605","20240208","보통이다","시간적 여유 없음","F","30대","300~500만원 미만","전남"
"53322657","20240208","보통이다","경제적 여유가 좀 더 있으면 여가시간을 더 즐겁게 보낼수 있을 것 같음","F","40대","700만원 이상","경기"
"53322714","20240208","보통이다","특별하게 늘어난것도 줄어든것도 없다","F","40대","300~500만원 미만","서울"
"53322893","20240208","불만족하는 편이다","경제적인 어려움","F","30대","300만원 미만","전북"
"53323098","20240208","만족하는 편이다","만족","F","19~29세","700만원 이상","울산"
"53323152","20240208","만족하는 편이다","충분히 만족감을 느낌","M","30대","300만원 미만","경기"
"53323587","20240208","만족하는 편이다","자기만족","F","50대","700만원 이상","서울"
"53323685","20240208","만족하는 편이다","여유있을때 즐길수있는 시간과 관심이 있다","F","50대","700만원 이상","전북"
"53323723","20240208","불만족하는 편이다","몸이 아프고~경제적인 여유도 없고","F","60대","300~500만원 미만","인천"
"53323783","20240208","만족하는 편이다","기대이상으로 매우 만족스럽습니다","M","30대","300~500만원 미만","서울"
"53324104","20240208","만족하는 편이다","하고싶은 것을 한다","M","50대","700만원 이상","세종"
"53324239","20240208","보통이다","항상변화없이 하니까","M","60대","300만원 미만","서울"
"53324324","20240208","만족하는 편이다","원하는 시간에 활동할 수 있고 지자체 프로그램이 있어 저렴히 이용할 수 있다","F","50대","700만원 이상","경남"
"53324486","20240208","보통이다","시간과 경제적으로 보통으로 만족함","M","60대","300~500만원 미만","경기"
"53324504","20240208","보통이다","수입감소","M","40대","없음/모름/무응답","강원"
"53324585","20240208","만족하는 편이다","만족스럽게 여가생활을 즐겨서","F","19~29세","300만원 미만","경기"
"53324774","20240208","만족하는 편이다","적당한가격에 만족한여행을했어요","F","50대","500~700만원 미만","경기"
"53324934","20240208","불만족하는 편이다","돈","M","50대","700만원 이상","광주"
"53324978","20240208","만족하는 편이다","시간 경제적 능력 정보 모두 만족함","M","50대","700만원 이상","부산"
"53325056","20240208","만족하는 편이다","뚜렷이 시간의 구애를 받지않아요.","F","60대","300~500만원 미만","인천"
"53325222","20240208","보통이다","지역 특성상 다양한 프로그램의 부족","M","50대","500~700만원 미만","제주"
"53325412","20240208","보통이다","전년도하고 생활패턴이 비슷하므로~~","M","60대","300만원 미만","울산"
"53325697","20240208","만족하는 편이다","전반적 만족","M","30대","700만원 이상","서울"
"53325730","20240208","만족하는 편이다","방학 개꿀","F","19~29세","없음/모름/무응답","대구"
"53325905","20240208","보통이다","건강이 안좋아서 시간이 있어도 못하네요","F","50대","500~700만원 미만","제주"
"53325915","20240208","만족하는 편이다","지금 까지 해왔던 거라서","F","60대","300만원 미만","경기"
"53325919","20240208","만족하는 편이다","시간적 여유가 있기 때문에","M","40대","300만원 미만","대전"
"53326008","20240208","만족하는 편이다","퇴직후라 시간적 여유가되어서","F","60대","700만원 이상","경기"
"53326110","20240208","불만족하는 편이다","너무 더워서 야외활동을 많이 할 수 없다","F","40대","500~700만원 미만","서울"
"53326132","20240208","매우 만족한다","충분한 여가 시간","M","30대","500~700만원 미만","경기"
"53326188","20240208","만족하는 편이다","하고 싶은 일을 하였으니","F","50대","500~700만원 미만","경기"
"53326224","20240208","보통이다","가는곳마다 색다른게없는것같아서요","F","60대","700만원 이상","대구"
"53326387","20240208","보통이다","금전적으로 여유가 없어서 좀 그렇지만 그냥 그렇다","M","30대","300만원 미만","서울"
"53326431","20240208","만족하는 편이다","금전적으로 시간적으로 여유가 있어 여가생활에 만족한다","M","40대","700만원 이상","경남"
"53326504","20240208","보통이다","ㄴ","M","19~29세","없음/모름/무응답","경기"
"53326600","20240208","만족하는 편이다","비용부담이 줄어듬","M","19~29세","300만원 미만","경기"
"53326707","20240208","만족하는 편이다","시간과 경제적인 여유. 주변 친구들과의 관계등이 양호함","M","40대","500~700만원 미만","충남"
"53326742","20240208","보통이다","여가활동 시간을 줄여서 생계활동(수입)에 투자하는 시간이 늘어나기 때문이다.물가 폭등이 여가문화생활에 걸림돌이다.","M","60대","500~700만원 미만","서울"
"53327098","20240208","보통이다","똑같은 일상수준","F","30대","300~500만원 미만","부산"
"53327228","20240208","보통이다","직장시간에 맞추다보니 보통수준임","M","60대","300~500만원 미만","인천"
"53327473","20240208","만족하는 편이다","할거 다 할수 있어서","F","19~29세","300~500만원 미만","경남"
"53327494","20240208","보통이다","생활 패턴의 변화가 없어 여가 시간이 충분치 못해서","F","60대","300~500만원 미만","충남"
"53327625","20240208","보통이다","큰변화가 없다","F","50대","300~500만원 미만","전남"
"53327676","20240208","만족하는 편이다","시간적인 여유가있어서 즐기고있는편임","F","40대","700만원 이상","경기"
"53327869","20240208","만족하는 편이다","평소와 같이 늘하는 편이다","M","60대","300~500만원 미만","경북"
"53327925","20240208","보통이다","없음","M","40대","300~500만원 미만","대구"
"53327965","20240208","만족하는 편이다","같이할 수 있는 동료가 있어서","M","60대","500~700만원 미만","서울"
"53328024","20240208","보통이다","소득은 그대론데 물가가 넘 많이 피부에와닿아서~~~ㅓ걱정","F","50대","300만원 미만","충남"
"53328030","20240208","보통이다","공부때문에 맘편하게 놀지 못함","F","19~29세","500~700만원 미만","서울"
"53328489","20240208","불만족하는 편이다","경제적인 여유가없다","F","60대","300~500만원 미만","경기"
"53329220","20240208","보통이다","경저적 부담 때문에","M","60대","700만원 이상","서울"
"53329232","20240208","만족하는 편이다","여가를 제대로 즐긴거같아서","M","40대","300~500만원 미만","충북"
"53329520","20240208","불만족하는 편이다","콘텐츠 부족","M","60대","700만원 이상","서울"
"53329556","20240208","만족하는 편이다","여유롭기때문","F","30대","700만원 이상","전남"
"53329662","20240208","보통이다","건강이 안좋아서","F","60대","300~500만원 미만","전남"
"53329669","20240208","보통이다","전과 다른 특기사항이 없었음","M","60대","700만원 이상","강원"
"53330057","20240208","보통이다","날씨가 좋지 못하다","M","60대","300~500만원 미만","울산"
"53330106","20240208","만족하는 편이다","현재의 상황에 비추어 볼때 개인적으로 만족함.","M","50대","300~500만원 미만","충북"
"53330162","20240208","만족하는 편이다","시간과 돈을 쪼개서라도 힐링하러 가기 때문에","F","40대","700만원 이상","경북"
"53330351","20240208","만족하는 편이다","여가생활을 하면서 내 자신이 행복함을 느끼고 있는 경우가 많습니다.","F","30대","500~700만원 미만","서울"
"53330427","20240208","만족하는 편이다","지인과의 만남으로 힐링","F","50대","없음/모름/무응답","서울"
"53330664","20240208","만족하는 편이다","힐링이 되는 여가라서 만족한다","F","50대","500~700만원 미만","충북"
"53330697","20240208","불만족하는 편이다","시간부족","M","30대","300~500만원 미만","경남"
"53330701","20240208","매우 불만족한다","경제적 어려움","M","40대","300만원 미만","경기"
"53330755","20240208","보통이다","직장생활. 일상생활의 변화가 1개월간 없었습니다.","M","30대","300~500만원 미만","경기"
"53330843","20240208","매우 불만족한다","육아","F","30대","500~700만원 미만","경북"
"53330873","20240208","보통이다","거의비슷해서","M","40대","없음/모름/무응답","경기"
"53330901","20240208","만족하는 편이다","건강해졌다","F","60대","700만원 이상","부산"
"53330965","20240208","만족하는 편이다","주변에 인프라가 충분","M","60대","700만원 이상","인천"
"53331233","20240208","보통이다","보통","M","50대","700만원 이상","전남"
"53331409","20240208","보통이다","변화가 없기때문","F","50대","300만원 미만","서울"
"53331412","20240208","불만족하는 편이다","시간이 부족","F","40대","없음/모름/무응답","전북"
"53331654","20240208","만족하는 편이다","내가하고싶은걸하니깐","M","30대","500~700만원 미만","대전"
"53331759","20240208","불만족하는 편이다","요즘물가상승","F","40대","300만원 미만","대전"
"53331761","20240208","보통이다","그럭저럭 만족해서","F","19~29세","없음/모름/무응답","대전"
"53331799","20240208","만족하는 편이다","여가를 위한 소비와 지출에 따라 받은 보상이 대체적으로 만족스러웠음","M","50대","300~500만원 미만","경기"
"53331905","20240208","만족하는 편이다","활동하고 싶은 것을 활동하고 싶은 시간에 할 수 있다는 것 만으로도 만족합니다","M","40대","500~700만원 미만","서울"
"53331914","20240208","보통이다","가까운 거리에 있는 곳들만 방문해서오","F","40대","300~500만원 미만","전북"
"53332004","20240208","보통이다","크게 만족하지도 불만족하지도 않음.","F","30대","700만원 이상","서울"
"53332100","20240208","불만족하는 편이다","수입은 정해져 있는데 비용 문제 ?","M","50대","300만원 미만","제주"
"53332197","20240208","불만족하는 편이다","시간적이나 경제적으로 여유가 부족해 시간에 ?겨 여가생활을 하는 느낌임.","F","30대","없음/모름/무응답","서울"
"53332269","20240208","보통이다","색다른곳이 없다","F","30대","500~700만원 미만","충북"
"53332338","20240208","불만족하는 편이다","경제적 시간적 여유가 너무없어서","F","40대","없음/모름/무응답","울산"
"53332419","20240208","만족하는 편이다","시간적으로 여유가 있음","M","30대","500~700만원 미만","경기"
"53332436","20240208","만족하는 편이다","저녁있는삶 워라벨","M","40대","없음/모름/무응답","강원"
"53332590","20240208","만족하는 편이다","시긴적여유","F","40대","700만원 이상","경북"
"53332773","20240208","보통이다","평소와 비슷","F","50대","500~700만원 미만","전남"
"53332934","20240208","보통이다","비용과 시간이 부족해 충분한 타인을 만나는 여가 생활보다는 집에서 혼자 할 수 있는 여가생활을 더 많이 고르게 됩니다.","F","19~29세","500~700만원 미만","서울"
"53332971","20240208","만족하는 편이다","학생이라서 아르바이트를 하는데 월급날에 맛있는 음식을 배달시켜먹고 OTT를 보면 소소하지만 확실한 행복에 제 삶에 만족도가 올라갑니다. 남자친구와 장거리연애인데 한달에 만나는 날이면 너무 기쁘고 서로 사랑하는 마음이 느껴져서 스스로가 사랑스러워지기 때문에 만족하는 편입니다.","F","19~29세","300만원 미만","대구"
"53333386","20240208","보통이다","그냥 평범하게 보고 싶은 걸 볼수 있기에.","M","60대","500~700만원 미만","강원"
"53333613","20240208","만족하는 편이다","여가를 즐길 시간적인 여유가 생겼음","M","40대","없음/모름/무응답","서울"
"53333957","20240208","불만족하는 편이다","경제적 여유","F","50대","500~700만원 미만","전남"
"53334096","20240208","매우 만족한다","여유가있어서","M","19~29세","700만원 이상","강원"
"53334179","20240208","만족하는 편이다","일상의 여유가 너무 좋다","M","40대","700만원 이상","경기"
"53334451","20240208","만족하는 편이다","시간도되고 함께할사람들이 있어좋다","F","50대","500~700만원 미만","충북"
"53334489","20240208","불만족하는 편이다","시간 부족","M","40대","500~700만원 미만","인천"
"53334507","20240208","보통이다","한정된 자원 내에서 월세 부과세 등등 고정 지출비용이 빠지면 70만원이라는 돈에서 2명이 생활하는데 식비랑 이동 교통비만 해도 빠듯한 편이라 다른 부분에서 돈을 웬만하면 안 쓰려고 하는 편이다 보니 외출 자체를 꺼리게 되는데 집에만 있다보니 우울증과 같은 문제가 있어 최근들어 일부로라도 운동하고 나가는 편이다. 하지만 한정된 금액외식도 가성비로만 찾게되고 박물관 미술관처럼 관람비용이 3천원 미만인 곳으로 찾다보니 이동시간이 너무 길어지고 더운 날씨에 도보로의 이동이 많다보니 이런 활동에 많이 지침.","F","19~29세","300만원 미만","대구"
"53334607","20240208","보통이다","우","M","19~29세","없음/모름/무응답","부산"
"53334671","20240208","불만족하는 편이다","시간적 경제적 여유가 없음","F","50대","300만원 미만","전남"
"53334721","20240208","보통이다","육아때문에 많이하지못함","M","30대","300만원 미만","충남"
"53334773","20240208","만족하는 편이다","기술자격능력 향상","M","40대","500~700만원 미만","서울"
"53334900","20240208","불만족하는 편이다","몰라요","M","19~29세","300~500만원 미만","강원"
"53335039","20240208","불만족하는 편이다","생활의 여유가없음","F","60대","300만원 미만","전북"
"53335079","20240208","만족하는 편이다","가족과 함께하는 산책 시간이 좋아서","M","40대","300~500만원 미만","경기"
"53335106","20240208","만족하는 편이다","불편함이 없었다","F","50대","700만원 이상","경북"
"53335208","20240208","매우 불만족한다","육아로 인한 여가시간 부족","F","19~29세","300~500만원 미만","경기"
"53335358","20240208","만족하는 편이다","여행을 자주 가서","F","30대","300~500만원 미만","경기"
"53335368","20240208","불만족하는 편이다","금전적 시간적 여유부족","M","40대","500~700만원 미만","부산"
"53335540","20240208","만족하는 편이다","적절한 시간에 내가 하고 싶은 여가를 충분히 누렸긴 때문","F","40대","300~500만원 미만","충남"
"53335553","20240208","보통이다","식당 등에 만족 못하는 부분 있음","F","40대","300만원 미만","전북"
"53335672","20240208","만족하는 편이다","불만 없음","M","30대","700만원 이상","경기"
"53335891","20240208","만족하는 편이다","여행다녀온지 얼마 안되서","M","30대","없음/모름/무응답","전북"
"53335908","20240208","만족하는 편이다","비용도 싸고 시간을 잘맞출수있다","F","60대","500~700만원 미만","경기"
"53336548","20240208","만족하는 편이다","필라테스를 평일에 꾸준히 할수있어서(늦은 시간까지 이용이 가능해서)","F","50대","300~500만원 미만","울산"
"53336650","20240208","보통이다","시설이잘되어서","M","60대","300만원 미만","제주"
"53336738","20240208","보통이다","주변에 특별한 시설이 있는것이 아니라 항상 비슷한 일상이기 때문에 좋을것도 나쁠것도 없는거 같아서요","F","50대","없음/모름/무응답","인천"
"53336835","20240208","만족하는 편이다","시간 보낸 후 마음의 편안함","F","50대","없음/모름/무응답","전북"
"53336954","20240208","만족하는 편이다","남는시간에 이렇게 즐기는게 좋다","F","19~29세","300만원 미만","전북"
"53337298","20240208","보통이다","크게 달라진 점이 없어서..","F","60대","700만원 이상","서울"
"53337356","20240208","만족하는 편이다","내가 원하는 시간대에 즐기는 편이다","M","60대","700만원 이상","부산"
"53337427","20240208","보통이다","금전적 부족함","M","60대","300~500만원 미만","강원"
"53337498","20240208","만족하는 편이다","방해없이 하고싶은것 할수있어서","F","50대","없음/모름/무응답","서울"
"53337772","20240208","보통이다","별 불만이 ㅇㅓㅂㅅ음","F","60대","300~500만원 미만","경기"
"53337781","20240208","보통이다","시간이 없어서","F","50대","300~500만원 미만","경기"
"53338009","20240208","만족하는 편이다","도로망연결잘되어있음","M","60대","700만원 이상","서울"
"53338080","20240208","만족하는 편이다","시간이여유로워서","F","30대","300~500만원 미만","세종"
"53338186","20240208","만족하는 편이다","너무 편란하게 쉬어서","M","19~29세","300~500만원 미만","경북"
"53338293","20240208","보통이다","경제적으로 부담된다","M","50대","없음/모름/무응답","전북"
"53338331","20240208","만족하는 편이다","만족스런 여가활동을 위해 평소 더욱 열심히 일함","M","40대","500~700만원 미만","울산"
"53338382","20240208","만족하는 편이다","스트레스가 풀림","M","50대","500~700만원 미만","경기"
"53338543","20240208","보통이다","늘 같은 활동을지속한다","M","60대","300~500만원 미만","충북"
"53338886","20240208","보통이다","여가를 충분히 모자라지도 않게 활동했기때문","F","60대","300~500만원 미만","충남"
"53338889","20240208","만족하는 편이다","주거지 주변에서 여가생활을 할수 있는 이용시설이 증가했다.","M","60대","500~700만원 미만","경기"
"53339187","20240208","불만족하는 편이다","시간적 여유가 없어서","F","30대","300~500만원 미만","경남"
"53339253","20240208","만족하는 편이다","스트레스를 잘풀고있어서","F","30대","700만원 이상","서울"
"53339347","20240208","보통이다","특별하지도 변화도 없는 일상적인 생활","M","40대","300~500만원 미만","충남"
"53339432","20240208","보통이다","직업상 시간을 내기 어려움","M","60대","300만원 미만","경기"
"53339440","20240208","만족하는 편이다","원하는 시간에 여가 생활 가능","F","40대","300~500만원 미만","경남"
"53339453","20240208","보통이다","큰변화가없음","M","40대","300~500만원 미만","경기"
"53339481","20240208","만족하는 편이다","쉽게 접할수있다","M","40대","없음/모름/무응답","제주"
"53339498","20240208","보통이다","근처에 산책 코스랑 시설이 구체적으로 갖춰지면 좋을거 같아요. 현재는 차도가 가깝고 해서 시끄럽고 공해가 염려됩니다.","F","60대","300만원 미만","경기"
"53339511","20240208","보통이다","경제활동의 감소","M","60대","300만원 미만","전북"
"53339686","20240208","보통이다","평범했음 시간이 감소했으나 만족도가 낮다고 느끼지는 않아서","M","19~29세","300~500만원 미만","경기"
"53339821","20240208","보통이다","아이들을 학교에 보내고 나서 시간을 알차게 쓰는편","F","30대","300~500만원 미만","울산"
"53339996","20240208","보통이다","지난해와비슷","M","40대","없음/모름/무응답","경북"
"53340011","20240208","불만족하는 편이다","주부로서 가족들 에 대한 불화합","F","50대","없음/모름/무응답","충남"
"53340300","20240208","보통이다","딱히 변화가 없어료","M","30대","500~700만원 미만","전북"
"53340500","20240208","만족하는 편이다","자유로운 활동이 좋아요","M","60대","300~500만원 미만","서울"
"53340575","20240208","보통이다","그저그렇다","M","19~29세","없음/모름/무응답","경북"
"53340592","20240208","보통이다","시간여유가 없디","F","50대","300~500만원 미만","경기"
"53340611","20240208","보통이다","마음의 여유가 없음","M","50대","500~700만원 미만","경기"
"53340713","20240208","만족하는 편이다","불편함이 없었다","M","40대","700만원 이상","인천"
"53340752","20240208","보통이다","직장을 다니면서 여가시간이 크게 줄어듬","M","30대","없음/모름/무응답","충남"
"53340895","20240208","보통이다","비슷해서","M","30대","없음/모름/무응답","광주"
"53340938","20240208","만족하는 편이다","충분히 여가를 즐기고있다는 생각이듬","M","50대","700만원 이상","강원"
"53341427","20240208","보통이다","비슷한 일상을 살고 있기때문","F","30대","없음/모름/무응답","경남"
"53341440","20240208","만족하는 편이다","자기계발의 상취도가 만족스럽다","M","40대","300~500만원 미만","서울"
"53341545","20240208","보통이다","영화도 1편보고 평범한 생활을 하였다","M","60대","300~500만원 미만","서울"
"53341643","20240208","만족하는 편이다","개인시간이 충분하고 사는곳이 여가생활하기 좋은곳이기때문","F","60대","700만원 이상","서울"
"53341709","20240208","만족하는 편이다","시간과 비용이 충분했기 때문","M","60대","300~500만원 미만","부산"
"53341726","20240208","매우 만족한다","대학생이라","M","19~29세","700만원 이상","서울"
"53341770","20240208","보통이다","횟수는 증가하여 만족하지만 비욘 또한 증가하여 불만족","M","30대","300만원 미만","경기"
"53342075","20240208","만족하는 편이다","시간이 날 때 마다 여가활동을 즐기기 위해 노력하기 때문에 만족하는 편이라고 답했습니다.","F","19~29세","700만원 이상","대구"
"53342122","20240208","만족하는 편이다","시간의 자유로움","F","50대","500~700만원 미만","경북"
"53342145","20240208","만족하는 편이다","시간과 경제적 여건이 충분하기 때문이다.","F","50대","500~700만원 미만","부산"
"53342279","20240208","보통이다","경제적 형편 및 주거지역 주변 여건을 고려하였을 때 여가생활을 할 상황이 아니지만 이에 대한 불만은 없음.","F","40대","700만원 이상","경기"
"53342334","20240208","만족하는 편이다","행복감을 느끼게 해줘서","F","30대","없음/모름/무응답","경기"
"53342545","20240208","보통이다","몸건강때문","M","50대","300~500만원 미만","충북"
"53342749","20240208","불만족하는 편이다","돈이 없고 일하느라 시간적 여유가 없다","M","30대","300만원 미만","대구"
"53342767","20240208","만족하는 편이다","코로나 이후 자유로운 여가 활동이 가능해졌다","M","40대","700만원 이상","서울"
"53342773","20240208","만족하는 편이다","퀄리티가 나쁘지 않았으니까요","F","30대","300만원 미만","경기"
"53343027","20240208","보통이다","경제적 압박으로 마음이 편치않아서","F","60대","700만원 이상","경기"
"53343089","20240208","보통이다","불쾌한 경험은 없었지만 평생 기억에 남을정도로 강렬한 기억도 없이 적당히 소소하게 행복할정도였어서","F","19~29세","없음/모름/무응답","서울"
"53343170","20240208","불만족하는 편이다","시간부족","F","19~29세","300~500만원 미만","경기"
"53343369","20240208","보통이다","특별히 기억에 남거나 인상적인 것이 없이 평이했음","F","40대","700만원 이상","서울"
"53343450","20240208","보통이다","여러활동을 하기에 시간과 돈이없음","M","19~29세","300만원 미만","경남"
"53343482","20240208","불만족하는 편이다","경제적으로 힘들어서 집에서하는 휴식외에 여가활동을 못하고있음","F","40대","300~500만원 미만","경기"
"53343671","20240208","만족하는 편이다","여유 시간이 조금 나서 여가를 즐길 수 있는 시간이 늘었다.","M","19~29세","없음/모름/무응답","서울"
"53343835","20240208","보통이다","1개월이전과 큰 차이가 없슴.","M","50대","300만원 미만","경기"
"53343883","20240208","매우 불만족한다","대전에는 전시회 박물관 같은 시설이 부족하고 전시횟수도 수도권에 비해 턱없이 적다","F","30대","없음/모름/무응답","대전"
"53343999","20240208","불만족하는 편이다","자영업시작","M","50대","700만원 이상","제주"
"53344006","20240208","불만족하는 편이다","시간과 경제적인 이유로 활동이 줄어서","M","40대","300~500만원 미만","경남"
"53344078","20240208","만족하는 편이다","많은 여가를 즐김","M","19~29세","없음/모름/무응답","대구"
"53344129","20240208","보통이다","보통이다","F","40대","700만원 이상","충북"
"53344138","20240208","보통이다","시간이없고 몸이 피곤하다","F","50대","500~700만원 미만","부산"
"53344236","20240208","보통이다","일단 모든 소비지출 항목들이 올라 단돈 몇만원으로도 가족 식사가 불가능하기 때문 입니다","M","30대","700만원 이상","서울"
"53344393","20240208","만족하는 편이다","주변 공원이 있다","M","50대","500~700만원 미만","제주"
"53344409","20240208","보통이다","보통","F","40대","500~700만원 미만","강원"
"53344440","20240208","보통이다","한가하지만 즐기지는 않아서","M","19~29세","없음/모름/무응답","강원"
"53344474","20240208","보통이다","시간","M","19~29세","없음/모름/무응답","경기"
"53344530","20240208","보통이다","그냥 그래서","M","19~29세","300만원 미만","서울"
"53344764","20240208","보통이다","늘 하는것이다","M","19~29세","300만원 미만","경기"
"53344808","20240208","만족하는 편이다","이 정도면 즐길만한 시간도 꽤 있고 불편함도 없는 편이니 만족한다","M","19~29세","300~500만원 미만","경기"
"53345019","20240208","보통이다","돈,시간 부족","F","50대","300~500만원 미만","울산"
"53345076","20240208","보통이다","몸이 좀 아파서 충분히 즐기지 못한것같음","F","50대","300만원 미만","경북"
"53345396","20240208","불만족하는 편이다","내가 원하는 만큼 즐기지 못함","F","30대","500~700만원 미만","인천"
"53345412","20240208","보통이다","만족할만큼의 여가생활을 못해서..","F","50대","500~700만원 미만","경남"
"53345647","20240208","만족하는 편이다","강사님도 좋고 내스스로 편하게 즐겨서~~","F","50대","700만원 이상","서울"
"53345990","20240208","만족하는 편이다","시간적 여유가 있어 여가를 즐길 수 있는 시간이 충분해서","F","30대","300~500만원 미만","경북"
"53346093","20240208","만족하는 편이다","사간여유","M","40대","500~700만원 미만","서울"
"53346130","20240208","불만족하는 편이다","물가상승으로 인한 여가생활 지출 증가","M","19~29세","없음/모름/무응답","광주"
"53346194","20240208","보통이다","시간이 없어서","M","60대","없음/모름/무응답","인천"
"53346245","20240208","만족하는 편이다","지금 생활로도 만족함","M","19~29세","300만원 미만","서울"
"53346310","20240208","보통이다","더 많이 갖고싶은 여가생활이긴하지만 시간상 그런 여유가 많지 않아서","F","30대","없음/모름/무응답","경기"
"53346545","20240208","보통이다","경제적 여유나 시간의 빈도에따라변화가 큰편이라 만족도의 편차가 커서","F","40대","300만원 미만","광주"
"53346579","20240208","만족하는 편이다","효율적인 비용과 만족도","M","60대","300~500만원 미만","경기"
"53346592","20240208","보통이다","여유시간에 비해 다양한 종류의 여가생활을 하지 않은점과 공연이나 전시회 등을 관람하기 위해 도시로의 이동이 힘들었던 점이다","F","50대","700만원 이상","강원"
"53346646","20240208","만족하는 편이다","시간","M","50대","700만원 이상","부산"
"53346988","20240208","보통이다","거의 비슷한 흐름임","F","30대","700만원 이상","경북"
"53347080","20240208","만족하는 편이다","시간적 여유가 있음","M","30대","500~700만원 미만","충북"
"53347083","20240208","만족하는 편이다","다양한 프로그램이 있어서","F","19~29세","300만원 미만","서울"
"53347140","20240208","보통이다","특이사항이 없어서","F","60대","700만원 이상","경기"
"53347427","20240208","보통이다","특별하지 않다.","M","50대","700만원 이상","강원"
"53347726","20240208","보통이다","없음","F","19~29세","300만원 미만","경기"
"53347880","20240208","불만족하는 편이다","경제적인 여유가 없고 우울한 마음이 많습니다.","M","40대","300~500만원 미만","전북"
"53347881","20240208","만족하는 편이다","여가생활 후 스트레스 풀림의 강도","F","19~29세","700만원 이상","경남"
"53347889","20240208","만족하는 편이다","원하는대로 할수있어서","F","60대","500~700만원 미만","세종"
"53347974","20240208","만족하는 편이다","너무나도여유로워서","M","19~29세","300~500만원 미만","경기"
"53347981","20240208","보통이다","여가를 즐기기위한 물가상승이 좀 심한편이라 만족도가 떨어짐","M","40대","700만원 이상","경북"
"53347986","20240208","보통이다","여유있는 돈이 부족하기때문","F","60대","300~500만원 미만","대구"
"53348143","20240208","만족하는 편이다","휴식을 취함","F","30대","300~500만원 미만","제주"
"53348186","20240208","보통이다","스트레스 풀이는 된거같아서","M","19~29세","300만원 미만","부산"
"53348191","20240208","불만족하는 편이다","여유가 없어서 돈 시간 이 부족해서","M","40대","300~500만원 미만","충남"
"53348253","20240208","만족하는 편이다","건강상태가양호","F","60대","500~700만원 미만","서울"
"53348373","20240208","보통이다","아이 교육문제로","M","50대","700만원 이상","서울"
"53348508","20240208","만족하는 편이다","캠핑의 매력에 빠졌어요","M","30대","500~700만원 미만","경기"
"53348914","20240208","만족하는 편이다","원하는 운동을 저렴한 가격에 이용","F","50대","500~700만원 미만","부산"
"53348946","20240208","만족하는 편이다","집에서도 영화나 드라마 볼수있는게 많아저서 좋음","M","19~29세","없음/모름/무응답","서울"
"53349092","20240208","보통이다","특별한 변화가 없다","F","30대","300만원 미만","경기"
"53349105","20240208","만족하는 편이다","모친의 사망으로 시간적 여유가 많아짐","F","60대","700만원 이상","서울"
"53349170","20240208","불만족하는 편이다","경제적으로 제약을 받아서.","F","60대","300만원 미만","충남"
"53349188","20240208","보통이다","힘듬","F","50대","300만원 미만","경기"
"53349312","20240208","매우 만족한다","시간과 비용 구애받지 않고 모임구성원 간에 신의가 깊어서 만족함","F","50대","700만원 이상","서울"
"53349325","20240208","만족하는 편이다","스트레스 해소 가능","F","19~29세","없음/모름/무응답","경기"
"53349478","20240208","만족하는 편이다","충분한시간","F","19~29세","700만원 이상","경기"
"53349528","20240208","만족하는 편이다","주중에는 수영 그룹 스트레칭 체조를 통해 운동도 하고 함께 운동하는 엄마들과 교제도하고 친교도하고 종교활동으로 영적인 만족도 와 기쁨을 누리고 주말에 남편과 골프 라운드로 시간을 보낸다 아주 좋다 매주 일요일에는 교회에 간다","F","60대","700만원 이상","경기"
"53349576","20240208","만족하는 편이다","여가","M","19~29세","500~700만원 미만","대전"
"53349582","20240208","보통이다","건강문제로 의욕저하","M","60대","300만원 미만","전북"
"53349636","20240208","만족하는 편이다","행복하니까","M","60대","300만원 미만","전남"
"53349707","20240208","만족하는 편이다","주변 골프연습장의 가격인하","M","30대","300만원 미만","경기"
"53349941","20240208","만족하는 편이다","여가활동이 흥미롭습니다","M","19~29세","없음/모름/무응답","강원"
"53350045","20240208","만족하는 편이다","친구랑 자주 볼 시간이 있었고 휴무날이 늘어나서 잘 쉬었던 갓 같아요","F","40대","없음/모름/무응답","경기"
"53350255","20240208","만족하는 편이다","시간적 여유","M","40대","700만원 이상","강원"
"53350329","20240208","보통이다","인근 주변에서 인프라가 부족하여 타지역까지 이동시간이 아깝다","F","50대","없음/모름/무응답","대구"
"53350396","20240208","보통이다","전하고 다르지 않고 앞으로도 그럴것 같아서","F","40대","300~500만원 미만","충남"
"53350434","20240208","보통이다","시간적여유가 필요하지 않고 시설인프라가 이용하지않아서","F","60대","300만원 미만","대전"
"53350555","20240208","만족하는 편이다","건강도 허락하고 시간도 여유있어서","F","60대","500~700만원 미만","서울"
"53350613","20240208","보통이다","즐기고있음","F","19~29세","300만원 미만","대전"
"53350706","20240208","만족하는 편이다","원하는 여가생활을 하였다","M","40대","없음/모름/무응답","전북"
"53350780","20240208","만족하는 편이다","시설","M","50대","300~500만원 미만","부산"
"53350883","20240208","보통이다","평범한 생활을 보내고 있디고 생각해서","F","30대","300~500만원 미만","경북"
"53351030","20240208","불만족하는 편이다","새로운 사람을 만나고싶은데 어디에서 어떻게 만나야 할 지 ㅁㅎ루갰다","F","19~29세","300만원 미만","대전"
"53351049","20240208","만족하는 편이다","내가원하는 시간 장소에서 보고싶은사람들과함께하는것에 만족합니다","F","60대","없음/모름/무응답","서울"
"53351058","20240208","매우 만족한다","해외 여행후 힐링과 삶의 여유가 생긴다.","F","50대","300~500만원 미만","경기"
"53351279","20240208","만족하는 편이다","프리랜서라 여가를 즐길 여유가 많아서","M","40대","300~500만원 미만","충북"
"53351345","20240208","매우 불만족한다","시간상,금전상 여건이 안되서 못하니까","F","60대","없음/모름/무응답","강원"
"53351412","20240208","만족하는 편이다","즐겁게보냅니다","M","60대","300~500만원 미만","강원"
"53351698","20240208","보통이다","크게 변한것이 없기 때문에","M","50대","없음/모름/무응답","제주"
"53351793","20240208","만족하는 편이다","특별히 싫은게없다","M","60대","700만원 이상","경기"
"53351839","20240208","만족하는 편이다","백수라서","M","19~29세","700만원 이상","서울"
"53351893","20240208","만족하는 편이다","여유가 생겨서","M","40대","300~500만원 미만","경기"
"53351986","20240208","보통이다","없음","M","30대","500~700만원 미만","충남"
"53352076","20240208","만족하는 편이다","교통편리와 숙박업소 만족","M","40대","300~500만원 미만","경기"
"53352129","20240208","보통이다","변함이없다","F","40대","700만원 이상","제주"
"53352169","20240208","만족하는 편이다","경치 먹거리","F","60대","없음/모름/무응답","경기"
"53352309","20240208","보통이다","시간 , 여유가 없어서","M","50대","없음/모름/무응답","충북"
"53352405","20240208","보통이다","여유 시간은 많은데 참여가 적었음.","M","60대","300만원 미만","대전"
"53352481","20240208","보통이다","쇼핑 까페이용","F","60대","300만원 미만","경기"
"53352786","20240208","만족하는 편이다","내가원하는시간을보내서","F","50대","없음/모름/무응답","강원"
"53352918","20240208","만족하는 편이다","최근여행이 만족스러워서","F","60대","없음/모름/무응답","강원"
"53353138","20240208","만족하는 편이다","시간적으로 여유가 생김","F","40대","700만원 이상","경남"
"53353396","20240208","보통이다","시간부족","F","50대","없음/모름/무응답","강원"
"53353483","20240208","보통이다","적당하게 생활을 해서 그렇다","M","30대","500~700만원 미만","경기"
"53353549","20240208","만족하는 편이다","최근 여가시간이 많아져서","F","19~29세","없음/모름/무응답","전북"
"53353566","20240208","만족하는 편이다","퇴직후 시간적 여유가 생겨서","M","50대","300~500만원 미만","경기"
"53354021","20240208","보통이다","보통이라서","M","40대","300만원 미만","서울"
"53354260","20240208","보통이다","여유에 맞게 할 수 있어서","F","50대","700만원 이상","대구"
"53354546","20240208","만족하는 편이다","휴직중이라 시간적 여유가 늘어나서","F","40대","없음/모름/무응답","서울"
"53354641","20240208","보통이다","똑같은 일상","M","40대","700만원 이상","서울"
"53354710","20240208","만족하는 편이다","시간과 금액의 적절하게","F","50대","300~500만원 미만","인천"
"53354857","20240208","만족하는 편이다","특별한 무언가를 하지않고 평소에도 할 수 있는 여가활동을 하다보니 만족감을 느끼면서 동시에 무언가 더 하고싶다는 욕심을 내지는 않는 것 같다. 따라서 꽤나 만족하는 편이다","M","19~29세","500~700만원 미만","울산"
"53354910","20240208","보통이다","이직과 새학기가 겹쳐 여행이나 공연 볼 여유도 없고 주말에 거의 산책과 베이킹밖에 하질 못해 만족도는 보통이다","F","40대","300~500만원 미만","경기"
"53354951","20240208","보통이다","특별히 비용을 들여 하는 여가생활이 아닌 집에서 시간 떼우기 식의 여가생활이 대부분이라","F","40대","500~700만원 미만","경기"
"53355068","20240208","만족하는 편이다","시간도 되고 건강도 좋고","M","60대","500~700만원 미만","충남"
"53355185","20240208","보통이다","그냥 일상이니까 특별하지않다","F","50대","700만원 이상","경기"
"53355275","20240208","보통이다","시간이 없어서 잘 못하고 있다","M","60대","700만원 이상","인천"
"53355544","20240208","보통이다","근처에 열린공간이 있는듯 하지만 먼저온 사람들의 차지가되어있어 마땅이 할수있는공간이 안보인다","F","50대","300만원 미만","서울"
"53355840","20240208","보통이다","너무 더워서 못다님","M","50대","700만원 이상","인천"
"53355848","20240208","보통이다","비슷함","M","30대","없음/모름/무응답","경기"
"53356064","20240208","만족하는 편이다","먼족","M","19~29세","300~500만원 미만","울산"
"53356101","20240208","만족하는 편이다","지출이 늘어나지 않고 한도내에서 사용하면서 알차게 보냈기 때문에 만족해요","F","40대","300~500만원 미만","경기"
"53356182","20240208","보통이다","통상적인 여가 문화생활","M","50대","300~500만원 미만","대구"
"53356344","20240208","보통이다","특별한 내용없슴","M","50대","300만원 미만","경기"
"53356391","20240208","보통이다","직장인이라 시간적 제약이 있음.","F","50대","700만원 이상","서울"
"53356570","20240208","만족하는 편이다","계혹한 해외 여행 다녀옴","F","50대","500~700만원 미만","충남"
"53356660","20240208","보통이다","인프리가 크게 만족할 만한 수준은 아니고 시간이 부족하다","M","30대","300만원 미만","서울"
"53356685","20240208","불만족하는 편이다","시간이나 금전적 여유 없음","F","19~29세","300~500만원 미만","광주"
"53356776","20240208","보통이다","시간과 물질이 없는 건 아니라서","F","30대","300만원 미만","경북"
"53356833","20240208","만족하는 편이다","시간을 투자하면 다 즐길슈는 있음","M","19~29세","700만원 이상","대구"
"53356913","20240208","만족하는 편이다","교통편이 좋아서","F","60대","700만원 이상","강원"
"53356949","20240208","만족하는 편이다","시간과 경제적 여유가 있어서","F","19~29세","없음/모름/무응답","전남"
"53356992","20240208","만족하는 편이다","만족","F","50대","700만원 이상","광주"
"53357065","20240208","보통이다","경제적으로 심적으로. 편하지 않아서","F","50대","300~500만원 미만","인천"
"53357072","20240208","보통이다","시간부족","M","19~29세","700만원 이상","경남"
"53357202","20240208","만족하는 편이다","내가 원하는 여가생활을 하는것이기때문에 만족하는편임","F","19~29세","없음/모름/무응답","서울"
"53357228","20240208","보통이다","항상 비슷한삶입니다특별한 변화가 없습니다","F","40대","없음/모름/무응답","경북"
"53357235","20240208","보통이다","변화없음","M","50대","없음/모름/무응답","서울"
"53357260","20240208","만족하는 편이다","즐길 수 있는 학원이 있어서","F","30대","300~500만원 미만","전북"
"53357422","20240208","불만족하는 편이다","드라이브나 여행을 만족 스럽게 하지 못했다","F","50대","500~700만원 미만","서울"
"53357576","20240208","보통이다","시간부족","F","50대","300만원 미만","광주"
"53357633","20240208","보통이다","크게 나쁠것도 크게 나은것도 없음","F","40대","500~700만원 미만","충남"
"53357663","20240208","만족하는 편이다","재밌어서","F","40대","700만원 이상","대전"
"53357672","20240208","보통이다","돈이 없고 함께하는 사람과 일정맞추기 어려움","M","19~29세","500~700만원 미만","서울"
"53357788","20240208","만족하는 편이다","딱히 불만 없어서","F","19~29세","없음/모름/무응답","서울"
"53357863","20240208","보통이다","이유 없음","F","60대","500~700만원 미만","충남"
"53358040","20240208","보통이다","작년과 크게 다르지 않다","M","30대","300~500만원 미만","경기"
"53358061","20240208","보통이다","가성비 있어서","M","30대","500~700만원 미만","서울"
"53358138","20240208","보통이다","인프라 부족","M","50대","500~700만원 미만","경북"
"53358356","20240208","만족하는 편이다","시설이 갖춰져 있고 시간적 여유가 있음","M","40대","700만원 이상","강원"
"53358361","20240208","보통이다","보토미다","M","30대","없음/모름/무응답","울산"
"53358388","20240208","만족하는 편이다","가족과의 시간과여유","M","40대","없음/모름/무응답","경남"
"53358430","20240208","불만족하는 편이다","과도한 업무시간 회사의 포괄임금제 악용","M","30대","500~700만원 미만","서울"
"53358483","20240208","보통이다","평소와 다른점이 없기에","M","50대","300~500만원 미만","인천"
"53358486","20240208","만족하는 편이다","여가활동들이 모두 의미가 있었음","F","50대","300~500만원 미만","전북"
"53359032","20240208","만족하는 편이다","계절 변화에 따른 실내외 인프라가 서울 도심 내에서는 잘 갖춰져 있다고 생각함","M","30대","500~700만원 미만","서울"
"53359075","20240208","만족하는 편이다","시간적으로 여유가 많이 생김","M","30대","500~700만원 미만","부산"
"53359124","20240208","만족하는 편이다","만족","M","40대","700만원 이상","부산"
"53359367","20240208","보통이다","해외를 못감","M","30대","300~500만원 미만","서울"
"53359372","20240208","보통이다","주로 티브시청을 해서","F","50대","500~700만원 미만","경기"
"53359417","20240208","보통이다","큰변화없음","M","40대","300~500만원 미만","경기"
"53359431","20240208","만족하는 편이다","시간및 경제적 여유","M","60대","500~700만원 미만","인천"
"53359509","20240208","보통이다","전과 특별히 변경된것이 없음","M","40대","300~500만원 미만","경기"
"53359544","20240208","보통이다","특별한변화가 없어서","M","60대","500~700만원 미만","경기"
"53359721","20240208","보통이다","더 많은 여가시간을 갖고 싶어서","F","40대","300~500만원 미만","인천"
"53359834","20240208","보통이다","시간이 없어서","M","40대","700만원 이상","서울"
"53359956","20240208","만족하는 편이다","본인이 하고자했을때 최소한 주변활동이 가능하기때문에","M","50대","700만원 이상","경기"
"53359983","20240208","만족하는 편이다","지루함이나 비용에 얽매이지 않고 잘 즐겼기때문","F","19~29세","700만원 이상","서울"
"53360049","20240208","만족하는 편이다","시간적 여유가 많아진편이다","M","50대","500~700만원 미만","제주"
"53360139","20240208","보통이다","물가가 많이 오르긴했어도 경제적으로 부담되지안는선에서 생활유지하려고 노력함","F","60대","300~500만원 미만","경기"
"53360401","20240208","보통이다","전녀도와비슷해서","M","50대","없음/모름/무응답","충남"
"53360443","20240208","보통이다","경제적 이유","M","50대","300~500만원 미만","인천"
"53360508","20240208","불만족하는 편이다","불규칙한 일기예보","M","60대","700만원 이상","경기"
"53360553","20240208","매우 만족한다","거주중인 고양시 여가문화를 즐기기에 인프라가 잘되어있음","M","60대","300~500만원 미만","경기"
"53360637","20240208","보통이다","일상적인 생활의 반복으로 아침 운동 티브나 휴대폰으로 유튜브 시청하고 주말은 종교생활합니다.","M","50대","300~500만원 미만","대구"
"53360682","20240208","만족하는 편이다","생활권에서 가깝고 비용저렴","M","50대","300~500만원 미만","경기"
"53360908","20240208","보통이다","육아로 인한 시간적 여유가 너무 없다","F","40대","없음/모름/무응답","경북"
"53360912","20240208","만족하는 편이다","내가 하고 싶은것을 할수 있는 편이다","M","50대","300만원 미만","경남"
"53361021","20240208","만족하는 편이다","시간과 경제로 부터 자유함","F","60대","300만원 미만","경기"
"53361082","20240208","보통이다","다른게 없다","M","50대","700만원 이상","광주"
"53361086","20240208","보통이다","비용","M","60대","500~700만원 미만","경북"
"53361229","20240208","만족하는 편이다","콘서트 참여","F","40대","300~500만원 미만","광주"
"53361390","20240208","보통이다","변화가 없다","M","50대","500~700만원 미만","경기"
"53361632","20240208","만족하는 편이다","많이 쉬고 있음","M","19~29세","500~700만원 미만","충북"
"53361754","20240208","만족하는 편이다","충분히 스트레스를 해소할수있었음","F","19~29세","없음/모름/무응답","경남"
"53361949","20240208","보통이다","여유기없어서","M","60대","없음/모름/무응답","울산"
"53362288","20240208","보통이다","일도병행해서 시간이부족","F","60대","500~700만원 미만","경기"
"53362366","20240208","보통이다","그냥","M","30대","700만원 이상","서울"
"53362681","20240208","보통이다","시간적 여유가 없다","F","30대","300만원 미만","제주"
"53362835","20240208","만족하는 편이다","좋아하는 콘서트보게되서","F","60대","300만원 미만","경북"
"53362911","20240208","보통이다","좋지도 나쁘지도 않았음","F","40대","300~500만원 미만","경기"
"53362996","20240208","보통이다","평범해서","M","30대","300~500만원 미만","강원"
"53363058","20240208","만족하는 편이다","대학생 신분이다 보니 시간이 여가생활을 보낼 시간이 넉넉한 편입니다","F","19~29세","300~500만원 미만","인천"
"53363106","20240208","불만족하는 편이다","일을하고 있어서 시간적여유가없다","F","60대","없음/모름/무응답","전남"
"53363164","20240208","만족하는 편이다","시기가 좋음. 여유시간이 많아짐.","M","19~29세","700만원 이상","충북"
"53363336","20240208","보통이다","매일 똑같은생활","M","50대","없음/모름/무응답","서울"
"53363475","20240208","매우 만족한다","해외여행이 너무만족스러웠다","F","50대","700만원 이상","서울"
"53363585","20240208","보통이다","생활의 큰 변화가 없어서","F","50대","300~500만원 미만","경기"
"53363592","20240208","만족하는 편이다","시간적으로넉넉한편임","F","60대","300만원 미만","경남"
"53363947","20240208","만족하는 편이다","하고 싶은 여가를 하고 살았다","F","40대","500~700만원 미만","경기"
"53364004","20240208","만족하는 편이다","가족과 즐겁게 시간을 보냄","M","30대","300~500만원 미만","경기"
"53364021","20240208","만족하는 편이다","내가 원하는것은 즐기고 있어서","F","50대","300만원 미만","광주"
"53364027","20240208","만족하는 편이다","여가를 즐길수있어서 만족하는편이다","F","60대","없음/모름/무응답","강원"
"53364043","20240208","만족하는 편이다","관심있는 전시회에 참석하여 관람함","F","50대","300~500만원 미만","인천"
"53364110","20240208","보통이다","다른 사람들에 비해 더 여유롭지도 않았지만 못누리지도 않았기 때문에","F","30대","300만원 미만","경기"
"53364138","20240208","만족하는 편이다","특별히 나쁜건없기 때문. 자산소득이 조금씩 늘어감에 따라 마음의 여유가 생기기 때문인것 같음","M","40대","700만원 이상","인천"
"53364220","20240208","만족하는 편이다","인프라 만족","F","19~29세","700만원 이상","부산"
"53364308","20240208","불만족하는 편이다","더 많은 시간 할애하지 못해서","F","30대","300~500만원 미만","서울"
"53364848","20240208","보통이다","남들과 비슷함","M","19~29세","500~700만원 미만","경기"
"53364865","20240208","만족하는 편이다","적절하게 시간을 이용하여 만족하는편임.","F","60대","300만원 미만","경기"
"53364901","20240208","매우 만족한다","여가 생활을 하는데 불편한게 없어서 만족하고 있어서","M","19~29세","300만원 미만","경기"
"53365079","20240208","보통이다","특별히 만족도 높아지거나 불만족인 경우가 없으므로","M","50대","300~500만원 미만","경남"
"53365143","20240208","만족하는 편이다","부족한 여건이지안 원하는만큼 할수있다","F","40대","300~500만원 미만","제주"
"53365231","20240208","불만족하는 편이다","형편상. 전혀. 거의 못 즐긴다","M","60대","300만원 미만","서울"
"53365396","20240208","만족하는 편이다","시간과 경제적으로 다만족하는편","F","60대","500~700만원 미만","경북"
"53365472","20240208","만족하는 편이다","내가 만족하는 선에서 적당하게 여가생활을 즐겼기 때문","F","19~29세","700만원 이상","서울"
"53365512","20240208","만족하는 편이다","주변에 즐길 수 있는거리가 많아요","M","30대","없음/모름/무응답","제주"
"53365639","20240208","보통이다","쉬는시간이 없다","F","30대","300~500만원 미만","광주"
"53365701","20240208","만족하는 편이다","원하는","F","50대","700만원 이상","서울"
"53365799","20240208","만족하는 편이다","1개월 전에 해외여행 갔다옴","F","50대","500~700만원 미만","경기"
"53365924","20240208","보통이다","신체적 나이가 있어 젊은시절과 만족도는 차이가 많다. 고로 보통이라 새각한다","M","60대","500~700만원 미만","전남"
"53366039","20240208","만족하는 편이다","일상의 스트레스를 여가활동 으로 해소 할수 있어서~~","M","50대","300~500만원 미만","경북"
"53366080","20240208","보통이다","그것이그것인경우","M","60대","700만원 이상","경남"
"53366194","20240208","보통이다","일이바빠서","F","40대","300~500만원 미만","인천"
"53366337","20240208","만족하는 편이다","원하는 시간 원하는 경험 가능","F","40대","300~500만원 미만","강원"
"53366352","20240208","만족하는 편이다","일하고 그에 맞게 적당히 쉴 수 있었다.","F","19~29세","500~700만원 미만","부산"
"53366547","20240208","보통이다","특별한 변화 없음","M","19~29세","700만원 이상","서울"
"53366767","20240208","불만족하는 편이다","시간 비용 부족","M","19~29세","700만원 이상","인천"
"53366798","20240208","보통이다","큰 변화가 없어서","M","50대","300만원 미만","전북"
"53366826","20240208","보통이다","특히 변화 없은","M","60대","700만원 이상","경북"
"53366848","20240208","만족하는 편이다","집에서 터치하지않아서","M","50대","700만원 이상","경기"
"53367041","20240208","보통이다","전과 크게 차이가 없어서","F","19~29세","없음/모름/무응답","대구"
"53367086","20240208","보통이다","평균적이다","F","40대","없음/모름/무응답","경기"
"53367289","20240208","보통이다","전반적으로 변화가 크게 없어서","F","30대","없음/모름/무응답","서울"
"53367351","20240208","보통이다","보통이다","M","40대","300만원 미만","경북"
"53367602","20240208","보통이다","평이한활동으로 댓냑 만족","M","60대","500~700만원 미만","서울"
"53367612","20240208","만족하는 편이다","하고싶을때 한다","M","30대","300~500만원 미만","경기"
"53367628","20240208","보통이다","시간이 제한되어서","F","50대","500~700만원 미만","강원"
"53367657","20240208","보통이다","흥미가 보통이다","M","60대","700만원 이상","서울"
"53367765","20240208","보통이다","야근","M","30대","없음/모름/무응답","경기"
"53367874","20240208","만족하는 편이다","주거 근거지에 산책 등 여건이 좋아서","M","30대","500~700만원 미만","부산"
"53368162","20240208","매우 불만족한다","시간여유도 없고 경제적으로 힘들다","F","40대","300~500만원 미만","대구"
"53368268","20240208","보통이다","시간이 많이 부족하다","F","50대","500~700만원 미만","세종"
"53368284","20240208","만족하는 편이다","만족함","M","50대","300~500만원 미만","부산"
"53368315","20240208","보통이다","육아로인해 힘들어서...","M","19~29세","500~700만원 미만","전남"
"53368362","20240208","매우 만족한다","시험 응시 후 시간이 많음","M","30대","500~700만원 미만","경남"
"53368446","20240208","보통이다","여가생활 즐길 시간부족","F","30대","500~700만원 미만","경기"
"53368531","20240208","보통이다","돈이 없이는 활동이 힘들어서","F","19~29세","300만원 미만","대구"
"53368647","20240208","보통이다","항상 물리적 시간이 부족한 느낌이다..","M","50대","700만원 이상","서울"
"53369191","20240208","매우 불만족한다","군입대","M","19~29세","300~500만원 미만","경기"
"53369243","20240208","보통이다","평균이라서","M","40대","300~500만원 미만","경북"
"53369276","20240208","보통이다","시설 노후로인한보통임","M","60대","300만원 미만","서울"
"53369692","20240208","보통이다","크게 만족하거나 불만족하지않음","F","40대","300~500만원 미만","경북"
"53369855","20240208","보통이다","하고싶은건많고 돈이없다","F","19~29세","없음/모름/무응답","경기"
"53369883","20240208","불만족하는 편이다","직장근무시간으로인해 여가시간이 부족하다","F","40대","300만원 미만","경기"
"53370095","20240208","보통이다","바빠서 하지 못하는 경우가 있음","F","40대","300만원 미만","전남"
"53370285","20240208","만족하는 편이다","만적함","M","19~29세","없음/모름/무응답","서울"
"53370419","20240208","보통이다","항시비슷함","M","60대","300~500만원 미만","전남"
"53370505","20240208","보통이다","최근에 일을 그만두고 쉴시간은 많은데 거의다 자거나 영상시청으로 지겨워서","F","30대","300~500만원 미만","서울"
"53370706","20240208","보통이다","별다르게 달라진게없음","M","30대","300~500만원 미만","경기"
"53370788","20240208","보통이다","특별한것","F","60대","300~500만원 미만","강원"
"53370861","20240208","보통이다","딱히 별생각없음","M","30대","없음/모름/무응답","서울"
"53370946","20240208","불만족하는 편이다","시간부족","M","30대","700만원 이상","경기"
"53371086","20240208","보통이다","평일엔 시간이 없어서","M","40대","700만원 이상","광주"
"53371184","20240208","보통이다","시간도 그리 많지 않고 여유가없어서","M","60대","없음/모름/무응답","서울"
"53371350","20240208","보통이다","여가를 즐길 수 있는 환경이 가까이에 마련되어 있지 않다. 교통편도 불편하고 이동 시간이 많이 걸린다.","F","50대","500~700만원 미만","충남"
"53371439","20240208","보통이다","건강상","F","60대","300~500만원 미만","광주"
"53371494","20240208","보통이다","ㄷ","M","19~29세","없음/모름/무응답","경남"
"53371556","20240208","보통이다","1년전과비교하면변한게없슴","M","60대","300만원 미만","강원"
"53371599","20240208","보통이다","주변에 이용할수있는 시설이 만족스럽지 못하지만있다","M","60대","300~500만원 미만","충북"
"53371637","20240208","만족하는 편이다","여러 여건속에서 꾸준히 편하게 부담없이 즐길수 있음","M","50대","300~500만원 미만","대구"
"53371664","20240208","보통이다","걍","M","30대","300만원 미만","대구"
"53371669","20240208","만족하는 편이다","퇴근 후 외부에서 할수 있는 활동의 최대치를 활용하기에~~","M","60대","300~500만원 미만","서울"
"53371694","20240208","만족하는 편이다","내 마음에 충분히 만족합니다","M","40대","300만원 미만","경기"
"53371695","20240208","보통이다","좋지도싫지도않았다","F","19~29세","없음/모름/무응답","경기"
"53371812","20240208","보통이다","비가많이와서 문화생활을하기에 적합하지않아서","M","30대","300만원 미만","인천"
"53371865","20240208","만족하는 편이다","시간대와 거리가 가까워서 교통비절감","F","50대","300만원 미만","부산"
"53371973","20240208","만족하는 편이다","시간과 경제적인 여유가 있어서","M","60대","300~500만원 미만","경북"
"53372039","20240208","만족하는 편이다","적절한 빈도로 스트레스해소 가능","F","19~29세","없음/모름/무응답","경남"
"53372477","20240208","만족하는 편이다","경제적으로 여유는업지만 아이를위해 뭐든한다","M","40대","500~700만원 미만","세종"
"53372568","20240208","보통이다","자기계발할 여유가 없다","M","30대","300만원 미만","경북"
"53372630","20240208","만족하는 편이다","프로야구 시청을 좋아하는데 매일 퇴근에 맞춰 게임이 열리고 TV방송도하고 있어 휴식하며 시청하고 있습니다.","M","50대","500~700만원 미만","경기"
"53372644","20240208","만족하는 편이다","여름이라서 휴가도 갈수있고 야외활동하기 좋은거같습니다.","M","30대","500~700만원 미만","경남"
"53372845","20240208","보통이다","거주지 근처에 관심이 가는 행사가 없어서","F","19~29세","없음/모름/무응답","제주"
"53373068","20240208","만족하는 편이다","여행도 만족스러웠고 스포츠활동으로 건강해짐을 느낀다","F","40대","없음/모름/무응답","충남"
"53373521","20240208","만족하는 편이다","시간적여유와 주변환경","F","50대","없음/모름/무응답","인천"
"53373800","20240208","보통이다","경제적 여유가 없다","M","50대","300~500만원 미만","서울"
"53373829","20240208","보통이다","여가시간이 좀 더 많았으면 좋겠어요","F","30대","300만원 미만","충남"
"53374213","20240208","만족하는 편이다","시간적 여유","M","50대","없음/모름/무응답","대구"
"53374332","20240208","보통이다","항상 비슷한거 같다","M","50대","300만원 미만","서울"
"53374540","20240208","보통이다","시간이 부족함","F","40대","500~700만원 미만","충남"
"53374598","20240208","불만족하는 편이다","근무시간증가","M","50대","700만원 이상","부산"
"53374728","20240208","보통이다","만족스럽지는 않아서","M","19~29세","300만원 미만","서울"
"53374882","20240208","만족하는 편이다","독서량이 많아지고 흥미를 느끼니까","M","60대","500~700만원 미만","경남"
"53375056","20240208","불만족하는 편이다","자기계발의 시간이 차지하는 비율을 늘리고 싶다","F","40대","300만원 미만","서울"
"53375256","20240208","보통이다","나쁘지 않음","M","60대","700만원 이상","강원"
"53375432","20240208","만족하는 편이다","편의시설과 건강관리","M","50대","300만원 미만","서울"
"53375461","20240208","만족하는 편이다","시간과 여유자금이 있어서 즐기는 생활이 가능했다.","F","40대","500~700만원 미만","강원"
"53375480","20240208","보통이다","차량 이동 비용 외식 물가가 너무 올라서","F","40대","300~500만원 미만","인천"
"53375483","20240208","보통이다","별 이유 없음","M","19~29세","없음/모름/무응답","충남"
"53375493","20240208","보통이다","많이 하지 못함","M","30대","500~700만원 미만","서울"
"53375543","20240208","보통이다","시간이 늘었다","F","40대","없음/모름/무응답","전남"
"53375960","20240208","불만족하는 편이다","여가를 즐길 수 있는 시간이 크게 감소함","F","19~29세","없음/모름/무응답","경북"
"53376375","20240208","만족하는 편이다","이사를 하면서 다니는 문화센터가 가까워졌다","F","19~29세","없음/모름/무응답","경기"
"53376412","20240208","보통이다","평소랑 비슷해서","F","40대","300~500만원 미만","대구"
"53376498","20240208","만족하는 편이다","흥미있는 여가시간을 활용하고있다","M","30대","700만원 이상","부산"
"53376530","20240208","불만족하는 편이다","시간적 경제적 여유 없음","F","60대","300~500만원 미만","경기"
"53376575","20240208","만족하는 편이다","시간적 여유가 생겨서","F","40대","300~500만원 미만","경북"
"53376601","20240208","만족하는 편이다","여가 시긴 충분하고 원하는 것을 원하는 만큼 하고 있어서","F","60대","500~700만원 미만","인천"
"53376719","20240208","만족하는 편이다","주변 문화시설(영화관 쇼핑센터 등)이 아주 가깝지는 않지만 교통이 잘 되어있어 접근하기 좋음.","F","19~29세","300~500만원 미만","서울"
"53376963","20240208","만족하는 편이다","지인들과 함께 라서 좋고 익숙한 모든 조건들이 맞아서","F","60대","500~700만원 미만","전남"
"53377041","20240208","만족하는 편이다","시간적 여유가 많아져서","F","40대","300~500만원 미만","서울"
"53377093","20240208","보통이다","출 퇴근 시간이 오래걸려 시간이 줄어듬","M","30대","700만원 이상","서울"
"53377366","20240208","불만족하는 편이다","모든게귀찬타","F","50대","300만원 미만","경북"
"348124","20240215","보통이다","나의 여가활동이 과거와 현재에 별 변화없이 여가생활이 이루어지기 때문임.","F","60대","300~500만원 미만","광주"
"360310","20240215","만족하는 편이다","여유","F","40대","700만원 이상","강원"
"361156","20240215","보통이다","경제적어려움","F","40대","300~500만원 미만","강원"
"388978","20240215","불만족하는 편이다","경제적으로 부담스러워서.","F","50대","500~700만원 미만","인천"
"392715","20240215","보통이다","여가생활은 즐거우나 즐기기에 언제나 시간이 부족함","F","30대","없음/모름/무응답","제주"
"401179","20240215","만족하는 편이다","나쁘다는 생각은 안든다.","F","19~29세","300만원 미만","부산"
"402134","20240215","보통이다","베ㅇ비용","F","50대","700만원 이상","경기"
"421376","20240215","만족하는 편이다","시간과 경제적으로 가능한범위내에서 하기때문에","F","60대","없음/모름/무응답","서울"
"422095","20240215","만족하는 편이다","내가 원하는 활동을 할수 있어서","M","19~29세","300만원 미만","인천"
"422770","20240215","보통이다","늘 변함없는 루틴처럼 하고 있기 때문입니다","M","40대","500~700만원 미만","부산"
"423897","20240215","보통이다","만족한다","F","40대","700만원 이상","충남"
"427161","20240215","보통이다","늘 시간이 부족하기도 하고 즐길 수 있는 프로그램이 적음","F","40대","300~500만원 미만","대구"
"432168","20240215","만족하는 편이다","즐겁게 즐기며 참여할수있어서","F","40대","700만원 이상","서울"
"434348","20240215","만족하는 편이다","가성비 좋은 여가를 충실하게 즐기고 있다고 생각함","M","50대","700만원 이상","경기"
"436431","20240215","만족하는 편이다","시간 경제적인 여유가 많다","M","60대","300~500만원 미만","인천"
"442800","20240215","보통이다","줄었음","M","50대","300~500만원 미만","대구"
"447243","20240215","보통이다","기본적 여가활동은 함","M","50대","300~500만원 미만","서울"
"451630","20240215","보통이다","특별히 달라진 것이 없음.","F","60대","없음/모름/무응답","울산"
"452919","20240215","보통이다","그냥","F","19~29세","없음/모름/무응답","서울"
"454865","20240215","보통이다","뮤직 페스티벌에 참가하고 싶은데 주변에서 안함","M","19~29세","300만원 미만","대구"
"463230","20240215","만족하는 편이다","시간적 여유가 있음","F","30대","300만원 미만","인천"
"466896","20240215","불만족하는 편이다","주위에 인프라 부족","F","30대","없음/모름/무응답","충남"
"467666","20240215","보통이다","여가시간이 부족하다","M","40대","300~500만원 미만","경남"
"469479","20240215","보통이다","경제 인프라 부족","F","60대","없음/모름/무응답","서울"
"470029","20240215","보통이다","아직 여가의 정보 도 없고 참여하지 않는중","F","60대","300만원 미만","경기"
"471779","20240215","만족하는 편이다","최근 다양한 여가생활을 경험했기 때문에","F","19~29세","없음/모름/무응답","서울"
"473123","20240215","보통이다","그저그렇다","M","60대","300~500만원 미만","전남"
"53322439","20240215","보통이다","평범해서","F","19~29세","300만원 미만","서울"
"53322442","20240215","만족하는 편이다","다양한 문화 생활 시간이 충분해서","M","50대","700만원 이상","서울"
"53322685","20240215","보통이다","잡생각제거","M","50대","700만원 이상","강원"
"53322774","20240215","만족하는 편이다","주말부부","M","40대","700만원 이상","경기"
"53322797","20240215","보통이다","그냥해요","M","40대","300~500만원 미만","제주"
"53322944","20240215","보통이다","전반적 물가상승으로 여가활동비용도 증가해서 덜 하게 됨","F","50대","500~700만원 미만","경남"
"53322974","20240215","만족하는 편이다","시간 여유가 많음","M","19~29세","300만원 미만","경기"
"53323102","20240215","매우 만족한다","가족괴 함께 여가를 많이보내서","M","50대","없음/모름/무응답","경남"
"53323194","20240215","보통이다","좋은것도 나쁜것도 없다","F","19~29세","없음/모름/무응답","경남"
"53323239","20240215","매우 만족한다","댄스 프로그램 적극적으로 활동함","F","60대","500~700만원 미만","서울"
"53323333","20240215","보통이다","늘 규정대로진행","M","50대","700만원 이상","서울"
"53323802","20240215","만족하는 편이다","더 많은 활동을 하게 됨","F","19~29세","300만원 미만","충북"
"53323811","20240215","불만족하는 편이다","특별한 계획이 있지도 않은 점도 있고 노력도 하지 않은것 같아요.","F","50대","300~500만원 미만","경기"
"53323916","20240215","보통이다","그냥","F","30대","500~700만원 미만","경남"
"53323931","20240215","만족하는 편이다","생활이 즐거워서","F","60대","300~500만원 미만","부산"
"53323956","20240215","만족하는 편이다","자유시간이 많다","M","50대","없음/모름/무응답","경기"
"53323980","20240215","만족하는 편이다","시간과 비용 건강 잘 맞아서 만족하ㅈ는 편이다","F","60대","700만원 이상","충북"
"53323990","20240215","보통이다","크게 변함이 없다","M","60대","300만원 미만","서울"
"53324039","20240215","불만족하는 편이다","시간적 여유 부족","M","19~29세","500~700만원 미만","경기"
"53324042","20240215","보통이다","감소하지않아 다행","F","40대","없음/모름/무응답","강원"
"53324058","20240215","보통이다","대체적으로 만족한다","F","40대","500~700만원 미만","충남"
"53324102","20240215","보통이다","금전적 여유가 생겨 만족스럽게 활동 하기를 증가 시키는중이므로","F","40대","300~500만원 미만","경기"
"53324388","20240215","보통이다","다양한 활동을 하지 못하여서","F","30대","300~500만원 미만","경기"
"53324670","20240215","보통이다","잘라진거 없ㅇ 늘 같은 패턴이므로 ..","M","60대","없음/모름/무응답","대구"
"53324784","20240215","만족하는 편이다","시간이 많아 구애받지않고 여가를 즐길수 있다","F","60대","500~700만원 미만","경기"
"53324786","20240215","만족하는 편이다","무난하다","M","50대","700만원 이상","대전"
"53324912","20240215","보통이다","그냥 언제나 비슷하기 때문","F","19~29세","300~500만원 미만","서울"
"53325079","20240215","보통이다","특별한게 없어서","M","40대","700만원 이상","인천"
"53325110","20240215","만족하는 편이다","정신적.신체적으로 질적 향상됨","M","60대","300만원 미만","경남"
"53325247","20240215","만족하는 편이다","워라벨 보장","M","40대","700만원 이상","경기"
"53325282","20240215","만족하는 편이다","시간 충분","M","30대","없음/모름/무응답","제주"
"53325330","20240215","매우 불만족한다","육아","F","30대","500~700만원 미만","광주"
"53325450","20240215","보통이다","그전보다 나아지지도 못하지도 않음","F","19~29세","700만원 이상","경북"
"53325464","20240215","보통이다","별로 달라진게 없어서","M","30대","700만원 이상","전북"
"53325650","20240215","보통이다","평소와 똑같아서","F","40대","없음/모름/무응답","강원"
"53325797","20240215","보통이다","좋다","F","19~29세","300~500만원 미만","전남"
"53325823","20240215","만족하는 편이다","충분히하고있어서","M","19~29세","500~700만원 미만","세종"
"53325974","20240215","보통이다","친정엄마가 편찮으셔서 돌보느라...","F","60대","500~700만원 미만","경기"
"53326023","20240215","만족하는 편이다","지루하지 않았어서","F","19~29세","500~700만원 미만","경기"
"53326024","20240215","만족하는 편이다","주변에 여가생활을 즐길 수 있는 인프라가 갖춰져 있고 같이 할 수 있는 친구가 있기 때문","F","60대","500~700만원 미만","서울"
"53326433","20240215","만족하는 편이다","내가 행복하다고 생각하니까","F","30대","없음/모름/무응답","대구"
"53326483","20240215","보통이다","육아활동으로 인해 시간적인 여유가 없어서","M","40대","300~500만원 미만","대구"
"53326511","20240215","보통이다","더 경제적으로 돈이 있음 좋을것 같아서","F","19~29세","300만원 미만","서울"
"53326576","20240215","만족하는 편이다","운동과 독서를 충분히 하고 있어서","F","40대","700만원 이상","경기"
"53326620","20240215","만족하는 편이다","별로 불편한 것이 없었음","F","50대","500~700만원 미만","부산"
"53326843","20240215","보통이다","등산 걷기등을 주로하는데 만족도가 작년이니 똑같다.","M","60대","700만원 이상","서울"
"53326857","20240215","보통이다","혼자만의 여가 활동이 아니기 때문입니다.","F","50대","300만원 미만","서울"
"53327063","20240215","만족하는 편이다","일을 쉬니까 시간이 많아서 뭘해도 만족스러움","F","19~29세","500~700만원 미만","경기"
"53327399","20240215","만족하는 편이다","시간여유","M","40대","300~500만원 미만","경기"
"53327468","20240215","보통이다","시간 경제적 여유 부족","M","50대","300~500만원 미만","부산"
"53327816","20240215","만족하는 편이다","간간히하기 때문에","M","40대","300만원 미만","경북"
"53327927","20240215","만족하는 편이다","적당한 여가생활이라서","M","19~29세","없음/모름/무응답","경남"
"53328047","20240215","만족하는 편이다","시간이 여유가있다","M","60대","300~500만원 미만","광주"
"53328104","20240215","보통이다","보통 하루에 적당함","M","60대","500~700만원 미만","전북"
"53328221","20240215","만족하는 편이다","일에대한스트레스나 피로가 확풀리기때문","F","50대","300~500만원 미만","부산"
"53328267","20240215","보통이다","보통","M","40대","300만원 미만","경북"
"53328374","20240215","불만족하는 편이다","비용이 너무 비싸서 정보는 많지만 모두 참여하기 어려움","F","30대","500~700만원 미만","경기"
"53328446","20240215","보통이다","보통이다","M","40대","300만원 미만","서울"
"53328480","20240215","만족하는 편이다","내가 하고싶은 것은 할 수 있어서","F","50대","300~500만원 미만","경기"
"53328765","20240215","만족하는 편이다","시간적인 여유가 있고 건강도 양호하여 선호하는 여가생활을 즐기고 있음","F","60대","500~700만원 미만","서울"
"53329015","20240215","만족하는 편이다","가족과 함께하는 즐거운 시간","M","30대","300~500만원 미만","경남"
"53329261","20240215","만족하는 편이다","시간적으로 여유가 많은편","M","60대","500~700만원 미만","대구"
"53329316","20240215","매우 만족한다","좋았으니 ?","M","19~29세","700만원 이상","광주"
"53329440","20240215","보통이다","시간적인 여유가별로","M","60대","500~700만원 미만","전남"
"53329467","20240215","보통이다","시간적 공간적으로 부족","M","40대","500~700만원 미만","인천"
"53329475","20240215","만족하는 편이다","스트레스가 줄어들어서 입니다.","M","40대","300만원 미만","경남"
"53329502","20240215","만족하는 편이다","내가 좋아하는 것이니까","F","40대","300~500만원 미만","광주"
"53329533","20240215","만족하는 편이다","야구경기 현장관람을 자주감","M","30대","700만원 이상","부산"
"53329590","20240215","보통이다","여가시간을 보내는 것이 늘 비슷해서","M","40대","없음/모름/무응답","인천"
"53329903","20240215","보통이다","보통이니까","M","60대","없음/모름/무응답","경남"
"53329984","20240215","만족하는 편이다","코로나로 주춤했던 외부활동을 많이 하는편이기때문","F","40대","500~700만원 미만","경기"
"53329987","20240215","만족하는 편이다","시간적여유가많아서","M","19~29세","300~500만원 미만","강원"
"53330099","20240215","보통이다","특별히 바뀐 패턴이 없음","F","40대","300~500만원 미만","경기"
"53330121","20240215","보통이다","시간이 많지는 않지만 나름 즐기고 있음","M","19~29세","700만원 이상","서울"
"53330394","20240215","만족하는 편이다","자유시간 확대됨","F","40대","300~500만원 미만","서울"
"53330460","20240215","불만족하는 편이다","자격증취득으로 여가시간이 부족함","M","19~29세","700만원 이상","경기"
"53330483","20240215","불만족하는 편이다","시간부족","M","40대","700만원 이상","경북"
"53330559","20240215","보통이다","경제적 사정에 의하여 적극적으로 못하고있다","M","60대","300만원 미만","경북"
"53330792","20240215","보통이다","시간이 조금 부족해서","M","19~29세","없음/모름/무응답","대전"
"53330853","20240215","만족하는 편이다","내가 만족하니까요~^^","M","40대","700만원 이상","경기"
"53331002","20240215","만족하는 편이다","마음적을 편안하며 즐기는중이다","M","50대","500~700만원 미만","서울"
"53331012","20240215","보통이다","변한거 없음","M","19~29세","300~500만원 미만","서울"
"53331298","20240215","만족하는 편이다","시간 증가","M","60대","700만원 이상","서울"
"53331485","20240215","만족하는 편이다","바빴지만 여가시간을 즐길 만큼 즐겼기 때문에","F","19~29세","300만원 미만","경북"
"53331655","20240215","불만족하는 편이다","직장","M","60대","300만원 미만","경북"
"53331667","20240215","만족하는 편이다","원하는것을 할수 있다","F","50대","700만원 이상","서울"
"53331723","20240215","보통이다","일 학업 때문에 여가생활에 집중하지 못함","F","19~29세","700만원 이상","인천"
"53331949","20240215","만족하는 편이다","시간이나 관람 후 만족도가 높다","M","60대","700만원 이상","서울"
"53332025","20240215","불만족하는 편이다","시간과 돈이 없다","F","30대","500~700만원 미만","울산"
"53332058","20240215","보통이다","평소와 다름이 없어 보통이라 생각합니다.","M","60대","300만원 미만","강원"
"53332145","20240215","보통이다","내가 맘먹으면 충분히 할 수 있는 여가 생활이라 딱히 좋지도 싫지도 않음","F","50대","300만원 미만","경기"
"53332369","20240215","만족하는 편이다","그냥 활동을 쉬지 않고 할 수 있어서","F","50대","300~500만원 미만","광주"
"53332425","20240215","만족하는 편이다","만족함","M","60대","700만원 이상","서울"
"53332741","20240215","보통이다","작년과 별반 차이가 없어서","M","50대","300만원 미만","광주"
"53332782","20240215","보통이다","시간부족","M","50대","700만원 이상","경기"
"53332805","20240215","보통이다","비슷한 것만 하게 됨","F","30대","없음/모름/무응답","강원"
"53333007","20240215","보통이다","특별히 더 뭔가 한게 없음","F","30대","500~700만원 미만","강원"
"53333011","20240215","만족하는 편이다","직장주변에서 접할수 있어 가기가!!편하다","M","60대","300만원 미만","울산"
"53333155","20240215","보통이다","일상생활로 그닥 특별함이 없음","F","50대","300만원 미만","전남"
"53333240","20240215","만족하는 편이다","안내","M","60대","없음/모름/무응답","울산"
"53333302","20240215","만족하는 편이다","a","F","19~29세","300만원 미만","서울"
"53333324","20240215","불만족하는 편이다","시간부족","F","30대","500~700만원 미만","강원"
"53333405","20240215","보통이다","주변시설이 부족하고 시간이 부족하다","F","30대","300만원 미만","전북"
"53333407","20240215","만족하는 편이다","보고싶을때 볼수 있고 시간여유도 풍족해 만족","F","60대","없음/모름/무응답","세종"
"53333418","20240215","보통이다","그저그래서 일상 이기 때문에...","M","50대","500~700만원 미만","서울"
"53333488","20240215","만족하는 편이다","나름대로 근력도 생기고 대화시 책에서 읽은 내용을 간간이 응용해서 대화를 할수 있기때문이다 그리고 다른 친구들은 무릎이 아프다 어디가 아프다 하면서 걷기조차 귀찮아 하는데 나는 아직 모든것을 할 수 있기 때문이다","M","60대","300만원 미만","충북"
"53333569","20240215","만족하는 편이다","좋아하는것을 할수있엇ㆍ","F","50대","300만원 미만","경기"
"53333654","20240215","불만족하는 편이다","시간이 점점 줄고 있어서","M","19~29세","300~500만원 미만","경기"
"53333854","20240215","보통이다","별 나아지는게 없음 경제문제","M","40대","300~500만원 미만","서울"
"53333992","20240215","보통이다","특별히 만족도 그렇다고 불만족 스러운것도 없어서","M","60대","300~500만원 미만","서울"
"53334161","20240215","만족하는 편이다","거슬리는 일이 딱히 없었다.","F","19~29세","없음/모름/무응답","전북"
"53334211","20240215","만족하는 편이다","시간을 내기 때문","F","19~29세","없음/모름/무응답","전북"
"53334491","20240215","보통이다","어딜가도 웨이팅이있어서 가는걸 망설이게된다","F","30대","없음/모름/무응답","서울"
"53334510","20240215","보통이다","평균 수준","M","19~29세","700만원 이상","전남"
"53334579","20240215","보통이다","시간적여유가 없어서 최근여가 활동시간 부족","M","60대","300만원 미만","경기"
"53334605","20240215","보통이다","특별히 변화가 없고 소득도 늘어나지않아서","F","50대","300만원 미만","경기"
"53334710","20240215","만족하는 편이다","하고싶은 거 다 하고있음","M","30대","없음/모름/무응답","서울"
"53334895","20240215","만족하는 편이다","보는것 먹는것다맞음","M","50대","500~700만원 미만","충남"
"53335092","20240215","만족하는 편이다","여가시간이 늘어났고 그만큼 여유가 생겼다","F","19~29세","300~500만원 미만","서울"
"53335122","20240215","불만족하는 편이다","여건이 따라주지 않으므로","M","40대","700만원 이상","서울"
"53335637","20240215","만족하는 편이다","시간적으로 괜찮다","F","19~29세","500~700만원 미만","인천"
"53335719","20240215","보통이다","근양","M","19~29세","없음/모름/무응답","서울"
"53335896","20240215","보통이다","똑같기 때문에","F","19~29세","없음/모름/무응답","전북"
"53335920","20240215","불만족하는 편이다","물가가올라서","F","30대","500~700만원 미만","경기"
"53336101","20240215","만족하는 편이다","스","F","19~29세","없음/모름/무응답","대전"
"53336247","20240215","보통이다","시간적 여유와 경제력의 저하로 여전처럼 하지 못함","M","60대","없음/모름/무응답","대구"
"53336277","20240215","만족하는 편이다","컴퓨터가있어서","M","19~29세","없음/모름/무응답","경기"
"53336314","20240215","만족하는 편이다","날이 따듯해져서 라운딩이 가능해서","M","50대","300만원 미만","대구"
"53336389","20240215","보통이다","주수입원에 부수입 활동으로 인한 여가시간 부족","M","50대","700만원 이상","경기"
"53336406","20240215","보통이다","시간이 너무 없어서 애매한 여가생활","F","30대","500~700만원 미만","전남"
"53336521","20240215","보통이다","없음","M","30대","없음/모름/무응답","울산"
"53336527","20240215","보통이다","특별한 변화가 없어서","M","50대","300~500만원 미만","서울"
"53336560","20240215","보통이다","충분한 여가활동없음","M","50대","300~500만원 미만","부산"
"53336596","20240215","만족하는 편이다","열정대로 할수 있어서요","F","60대","없음/모름/무응답","울산"
"53336844","20240215","보통이다","시간이 많을때는 문화시설이 부족한 본가에 살아서 여가시간을 잘 활용하지못했으나 서울 거주중인 현재는 시간이 없음","F","19~29세","300만원 미만","서울"
"53337024","20240215","불만족하는 편이다","불만족이라","F","19~29세","300~500만원 미만","경기"
"53337107","20240215","보통이다","좋지도 나쁘지도 않다","F","30대","700만원 이상","서울"
"53337250","20240215","보통이다","특별히 달라진게 없어서","M","60대","500~700만원 미만","서울"
"53337455","20240215","만족하는 편이다","육체적.시간적으로 부담이없으므로","F","60대","없음/모름/무응답","부산"
"53337494","20240215","보통이다","경제적으로 여유부족","M","40대","500~700만원 미만","충남"
"53337504","20240215","만족하는 편이다","시간에 구애?지 않고 쾌적한환경에서 여가 생활을즐길수있고 건강도챙기고 만족합니다","F","50대","700만원 이상","대구"
"53337694","20240215","보통이다","주변 여건이 부족하여서.","F","40대","500~700만원 미만","경북"
"53337816","20240215","보통이다","시간은 없고 인프라 부족해서","M","40대","300~500만원 미만","광주"
"53337919","20240215","만족하는 편이다","주말에 좋은 친구들과 모임도 하고 형제들과 식사도 같이 했다.","F","60대","300~500만원 미만","경기"
"53337998","20240215","불만족하는 편이다","여가생활을 즐길 수 있는 시간이 적어서","F","19~29세","300~500만원 미만","서울"
"53338181","20240215","보통이다","특별한 변동 사항이 없습니다","F","40대","700만원 이상","경기"
"53338295","20240215","만족하는 편이다","원하는 날짜에 원하는 것을 할수 있음","F","60대","300만원 미만","대전"
"53338390","20240215","보통이다","별다른 변화가 없슴","M","50대","700만원 이상","경기"
"53338478","20240215","보통이다","특별한 것이 없이 매번하는 것이다","M","60대","500~700만원 미만","경기"
"53338571","20240215","만족하는 편이다","원하는시간에원하는걸할수있어서","M","40대","없음/모름/무응답","서울"
"53338767","20240215","보통이다","시간이없다","F","30대","500~700만원 미만","경남"
"53338861","20240215","만족하는 편이다","접할수있는 기회가많다","M","19~29세","500~700만원 미만","강원"
"53338870","20240215","만족하는 편이다","남편과 함께 여유있는 시간이 많아서","F","60대","없음/모름/무응답","대구"
"53338939","20240215","보통이다","큰변화없음","M","50대","700만원 이상","인천"
"53338975","20240215","매우 만족한다","하고싶은 걸 충분히해서","M","30대","500~700만원 미만","세종"
"53339035","20240215","매우 불만족한다","사기를 크게 당해서 아무런 여력이 없다","F","50대","300만원 미만","경기"
"53339121","20240215","보통이다","그저그럼","M","30대","300~500만원 미만","부산"
"53339179","20240215","보통이다","그냥 항상 똑같아서","F","60대","700만원 이상","전북"
"53339348","20240215","보통이다","경제적 여유가 없어서","F","50대","300~500만원 미만","충북"
"53339590","20240215","보통이다","나드리","M","50대","500~700만원 미만","충남"
"53339608","20240215","보통이다","시설부족","M","40대","500~700만원 미만","전남"
"53339776","20240215","만족하는 편이다","재미있다","M","30대","300~500만원 미만","강원"
"53339832","20240215","보통이다","그다지 변화가 없어서","M","50대","300~500만원 미만","강원"
"53339941","20240215","불만족하는 편이다","시간적 경제적으로 충분하지 않아서","F","60대","없음/모름/무응답","제주"
"53340125","20240215","불만족하는 편이다","여가활용시간부족","M","60대","없음/모름/무응답","서울"
"53340239","20240215","만족하는 편이다","적당한 시간에 다양한 활동을 즐겨서","M","19~29세","700만원 이상","서울"
"53340257","20240215","만족하는 편이다","전보다는 경제적으로 빠듯하진 않음","F","19~29세","300~500만원 미만","충북"
"53340276","20240215","보통이다","특별한 구섬이없이 일상이단조롭다","M","60대","300~500만원 미만","경북"
"53340305","20240215","보통이다","평소 하던대로 하고 있어서","F","60대","300만원 미만","전북"
"53340324","20240215","보통이다","변함이 없다","M","60대","300만원 미만","서울"
"53340457","20240215","보통이다","변화가별로없다","M","60대","500~700만원 미만","전북"
"53340479","20240215","보통이다","현생이 바빠서","M","19~29세","없음/모름/무응답","강원"
"53340644","20240215","만족하는 편이다","언제든지 하고싶은 활동을 할 수 있다","M","60대","700만원 이상","부산"
"53340923","20240215","보통이다","여름 더위로 인한 피로도 때문이다","F","60대","300~500만원 미만","경기"
"53340925","20240215","만족하는 편이다","원하는 활동을 할 시간이 있어서","F","50대","500~700만원 미만","경남"
"53341018","20240215","보통이다","항상같다","F","60대","500~700만원 미만","경북"
"53341070","20240215","보통이다","적당한 아이템을 찾지 못했다","M","40대","500~700만원 미만","울산"
"53341146","20240215","보통이다","생활의 여유가 별로 없음","F","60대","300만원 미만","서울"
"53341178","20240215","보통이다","변화가 별로 없어서","M","60대","300만원 미만","부산"
"53341518","20240215","만족하는 편이다","경제적인 부분 시간적인 부분에서 불편함이 없다.","M","40대","700만원 이상","강원"
"53341624","20240215","만족하는 편이다","딱히 불편한 점이 없어서","F","19~29세","700만원 이상","경기"
"53341697","20240215","만족하는 편이다","여가생활 비용과 시간이 여유가 있음","F","50대","700만원 이상","경남"
"53341710","20240215","불만족하는 편이다","주위에 여가생활을 위한 인프라가 부족하다","M","50대","500~700만원 미만","대전"
"53341873","20240215","만족하는 편이다","운동을 하면서 건강해진걸 느끼고 있다","F","19~29세","300만원 미만","경북"
"53341941","20240215","보통이다","랄수있는만큼만하기때문","F","60대","700만원 이상","충남"
"53341998","20240215","만족하는 편이다","학교생활로 즐길에너지부족","M","19~29세","없음/모름/무응답","경남"
"53342042","20240215","만족하는 편이다","네","M","19~29세","500~700만원 미만","대전"
"53342120","20240215","보통이다","시간부족","F","50대","300만원 미만","경기"
"53342190","20240215","보통이다","이사로 바빴음","M","50대","700만원 이상","강원"
"53342212","20240215","보통이다","여유도 즐거움도 딱히 없다.","M","30대","500~700만원 미만","서울"
"53342361","20240215","보통이다","특수한 사정으로 충분히 즐기지 못함","M","60대","300~500만원 미만","울산"
"53342377","20240215","보통이다","전반적인 경기가 안 좋고 물가상승이 여가활동에 부정적인 영향을 끼침","M","40대","700만원 이상","경남"
"53342443","20240215","보통이다","돈으로 연결돼니 부담이돼서","M","60대","300~500만원 미만","경남"
"53342466","20240215","보통이다","돈이 많이 들어서","F","19~29세","없음/모름/무응답","서울"
"53342562","20240215","만족하는 편이다","가족과 함께 보낼수 있어서","F","50대","500~700만원 미만","서울"
"53342605","20240215","만족하는 편이다","휴식이 필요했는데, 적당한 휴식을 취했음","M","40대","300~500만원 미만","충남"
"53342756","20240215","불만족하는 편이다","시간과 돈이 없음","M","40대","없음/모름/무응답","강원"
"53342908","20240215","불만족하는 편이다","아무것도 안 하고 시간만 지났다는 생각이 들어요","M","30대","300만원 미만","서울"
"53342961","20240215","보통이다","시간 비용대비 만족도가 크지 않아서요","F","40대","300~500만원 미만","인천"
"53343070","20240215","보통이다","변화가 없는것 같음","F","40대","없음/모름/무응답","서울"
"53343109","20240215","만족하는 편이다","시간과 자금이 만족할만큼 있다","M","19~29세","없음/모름/무응답","경남"
"53343121","20240215","보통이다","업무상 여가시간 활용의 폭이 줄었으나 깊이는 늘었기 때문입니다.","M","30대","300~500만원 미만","서울"
"53343266","20240215","보통이다","돈의 여유가 없어서","F","19~29세","300~500만원 미만","부산"
"53343281","20240215","보통이다","비용","M","50대","없음/모름/무응답","경북"
"53343416","20240215","만족하는 편이다","여유로움","M","30대","300만원 미만","서울"
"53343449","20240215","보통이다","평소와 같아서","M","60대","500~700만원 미만","서울"
"53343459","20240215","보통이다","다른 활동으로 시간의 여유부족","F","60대","500~700만원 미만","강원"
"53343541","20240215","만족하는 편이다","생활에 여유가 생겨서","F","60대","700만원 이상","부산"
"53343576","20240215","보통이다","우울하다","F","40대","300~500만원 미만","경남"
"53343659","20240215","보통이다","만족","M","30대","500~700만원 미만","경기"
"53344082","20240215","보통이다","보통입니다","M","19~29세","300만원 미만","경북"
"53344095","20240215","보통이다","걍","M","30대","없음/모름/무응답","경남"
"53344165","20240215","보통이다","근접성이 떨어짐","F","30대","300만원 미만","경북"
"53344320","20240215","보통이다","보통생각으로 보통","M","40대","300만원 미만","강원"
"53344328","20240215","보통이다","자주 못해봤다","M","50대","300만원 미만","경북"
"53344386","20240215","만족하는 편이다","희망하는 활동을 제약없이 할 수 있었음.","F","19~29세","700만원 이상","서울"
"53344621","20240215","만족하는 편이다","잘 즐기고 있음","M","19~29세","없음/모름/무응답","강원"
"53344794","20240215","보통이다","크게 변화한 것이 없어서","F","30대","500~700만원 미만","경기"
"53344823","20240215","보통이다","전과비교해서 달라진것두 없고 달라질것두 없어서","M","50대","300~500만원 미만","강원"
"53344833","20240215","보통이다","퇴근후 시간부족","F","50대","500~700만원 미만","강원"
"53344841","20240215","만족하는 편이다","일부러라도 시간을 내어 취미활동을 하려고 한 노력이 마음에 든다!","F","30대","700만원 이상","전남"
"53345162","20240215","보통이다","보통이다","F","30대","300만원 미만","경북"
"53345329","20240215","보통이다","시간적으로 즐길 여유가 없었다","F","40대","300~500만원 미만","서울"
"53345619","20240215","보통이다","여가 경제적 여유가 부족하기에","M","50대","300만원 미만","전북"
"53345702","20240215","만족하는 편이다","경제적으로 부족하지않고 생활환경이 좋다 ㅡ 도서관시설","F","50대","700만원 이상","경북"
"53346100","20240215","보통이다","최고","M","40대","500~700만원 미만","대전"
"53346174","20240215","만족하는 편이다","건강해지는느낌이고 시간을 알차게 보내고 있다","F","60대","300~500만원 미만","충북"
"53346179","20240215","만족하는 편이다","은퇴로 시간적 여유가 생겨서","F","60대","700만원 이상","인천"
"53346212","20240215","보통이다","육아하느라 시간은 없다","M","30대","500~700만원 미만","경기"
"53346287","20240215","불만족하는 편이다","경제적으로힘들어서","F","50대","300만원 미만","서울"
"53346331","20240215","보통이다","아기 키우느라 어쩔수없음..","M","30대","300만원 미만","제주"
"53346454","20240215","만족하는 편이다","주민지치센터에서운영하는동오회","F","60대","300만원 미만","경기"
"53346725","20240215","보통이다","크게 변동 사항이 없어서","F","30대","700만원 이상","강원"
"53346949","20240215","만족하는 편이다","출퇴근시 운동겸 활용","M","50대","300~500만원 미만","대전"
"53346979","20240215","만족하는 편이다","국내여행","M","60대","300~500만원 미만","전남"
"53346997","20240215","만족하는 편이다","하고 싶은 일들을 많이 했기 때문이다","F","19~29세","300만원 미만","경기"
"53347032","20240215","매우 만족한다","시간적 여유 금전적 여유가 생겼기 때문","F","19~29세","없음/모름/무응답","인천"
"53347153","20240215","만족하는 편이다","즐거운시간","M","60대","없음/모름/무응답","서울"
"53347173","20240215","보통이다","시간과 돈이 부족했다 물가가 많이 오른것 같다","M","19~29세","300만원 미만","서울"
"53347374","20240215","보통이다","특별히 새로운 것은 없고 늘 하던 대로의 방식이라~~","F","60대","500~700만원 미만","경기"
"53347572","20240215","보통이다","비슷한것같습니다","M","19~29세","700만원 이상","서울"
"53347753","20240215","만족하는 편이다","내가 원하는 시간에 비용들지 않고 할수 있어서","M","40대","300만원 미만","대전"
"53347770","20240215","만족하는 편이다","내가 할수있는최선에서 만족하며 지내고 있다","M","40대","없음/모름/무응답","서울"
"53347775","20240215","만족하는 편이다","내가 필요한시간에 예약고 실행할수 있으니까","M","60대","300~500만원 미만","인천"
"53347857","20240215","보통이다","특이사항이 없기 때문","M","30대","500~700만원 미만","세종"
"53347938","20240215","보통이다","변화가없어서","F","19~29세","300~500만원 미만","제주"
"53348010","20240215","만족하는 편이다","현재 거주지역(청주) 아닌 보다 다양한 스포츠 관람 등 문화생활이 가능한 대도시(부산)에 잠시 머물며 경기를 직접 관람하고 문화생활을 즐기고 있음","F","19~29세","300만원 미만","충북"
"53348353","20240215","만족하는 편이다","자기계발에저큭적","M","60대","500~700만원 미만","서울"
"53348368","20240215","만족하는 편이다","여행에 대한 갈증 해소","F","19~29세","300~500만원 미만","서울"
"53348369","20240215","보통이다","없음","F","19~29세","700만원 이상","서울"
"53348409","20240215","만족하는 편이다","크게 불편함 없음","F","30대","300~500만원 미만","전남"
"53348505","20240215","보통이다","여가를 충분히 즐길 만큼 시간적 경제적 여유 부족","F","50대","700만원 이상","경북"
"53348545","20240215","불만족하는 편이다","시간 여유 없음","M","40대","300~500만원 미만","서울"
"53348650","20240215","보통이다","취업 준비 중이라서","M","30대","700만원 이상","대구"
"53348767","20240215","만족하는 편이다","잠깐의 스트레스 해소 및 힐링이 됩니다","M","30대","300~500만원 미만","강원"
"53348813","20240215","보통이다","시간이 생각보다 없어서","M","40대","700만원 이상","서울"
"53348857","20240215","불만족하는 편이다","실질적 소득 감소(물가 및 연봉동결)","M","40대","300만원 미만","경기"
"53348926","20240215","만족하는 편이다","주변 인프라 충족과 동호회 활동 만족","M","60대","300~500만원 미만","경기"
"53348962","20240215","만족하는 편이다","즐거워서","F","30대","300만원 미만","경기"
"53349015","20240215","보통이다","보통입니다","M","40대","500~700만원 미만","제주"
"53349023","20240215","불만족하는 편이다","육아로 인해 시간이 없어서","M","40대","500~700만원 미만","경기"
"53349225","20240215","보통이다","큰 변화가 없었으니까.","F","60대","300만원 미만","전북"
"53349323","20240215","매우 만족한다","즐겁게 참여하고 시간여유 있어서","F","60대","300~500만원 미만","충남"
"53349503","20240215","보통이다","무난한 분위기","M","40대","700만원 이상","전북"
"53349538","20240215","만족하는 편이다","ㅂ","F","50대","700만원 이상","경남"
"53349553","20240215","불만족하는 편이다","경제적인 여유","F","40대","500~700만원 미만","광주"
"53349613","20240215","보통이다","큰 변화가 없음","M","50대","500~700만원 미만","경기"
"53349639","20240215","매우 불만족한다","경제적 및 시간적 이유 부족함","F","40대","300~500만원 미만","서울"
"53349749","20240215","만족하는 편이다","스트레스 해소","M","30대","500~700만원 미만","경남"
"53349777","20240215","만족하는 편이다","특별한 변화를 좋아하는편이 아님","M","50대","300~500만원 미만","대구"
"53349786","20240215","만족하는 편이다","건강하면 주변에서 즐길수 있는게 많다고 생각함","F","60대","300만원 미만","서울"
"53349835","20240215","만족하는 편이다","그냥 없으면 없는대로 살기 때문","F","19~29세","없음/모름/무응답","전남"
"53350060","20240215","만족하는 편이다","평소때꼭하고싶었던활동들이었음","F","60대","없음/모름/무응답","서울"
"53350174","20240215","만족하는 편이다","내가 좋아하는 거니까","F","50대","700만원 이상","경기"
"53350321","20240215","보통이다","건강과여유","F","60대","300만원 미만","인천"
"53350336","20240215","보통이다","크게 증가하지 않았다","M","19~29세","300만원 미만","충남"
"53350400","20240215","보통이다","ㅅ","F","40대","300~500만원 미만","강원"
"53350646","20240215","만족하는 편이다","시간적여유가있어서하고싶은걸할수있다","F","40대","없음/모름/무응답","강원"
"53350682","20240215","만족하는 편이다","집 주변 산책로가 잘돼있고, 박물관 관람을 통해 정보를 알 수 있었다.","M","19~29세","500~700만원 미만","전남"
"53350687","20240215","만족하는 편이다","시간이 충분","F","30대","300~500만원 미만","경기"
"53350722","20240215","만족하는 편이다","요가교실을 저렴하게 이용할수가 있어서","F","60대","700만원 이상","경기"
"53350767","20240215","보통이다","크게 변화된게없어서","M","30대","없음/모름/무응답","강원"
"53350803","20240215","불만족하는 편이다","주말 이외 시간이 부족함","M","40대","없음/모름/무응답","서울"
"53350867","20240215","만족하는 편이다","장애인활동지원","M","30대","700만원 이상","대구"
"53350868","20240215","만족하는 편이다","시간이 여유있고 맛집탐방이 성공적이다","F","50대","700만원 이상","서울"
"53351163","20240215","보통이다","손주 등하원을 돕고 있어서 자유롭지 못해서","F","60대","300~500만원 미만","경기"
"53351184","20240215","만족하는 편이다","비교적 시간이 많아 여유롭다","M","50대","700만원 이상","강원"
"53351222","20240215","만족하는 편이다","만족합니다","M","40대","700만원 이상","경기"
"53351229","20240215","보통이다","시간도 .마음의 여유도. 경제적 측면에서도 더 나아진 것도.나빠진 것도 없음","F","40대","700만원 이상","서울"
"53351258","20240215","보통이다","대체적으로 같다","M","50대","300~500만원 미만","부산"
"53351506","20240215","보통이다","평소 하던대로 합니다","M","50대","500~700만원 미만","대구"
"53351722","20240215","보통이다","일하느라바빠시간내기가어려워","F","50대","300~500만원 미만","대전"
"53351732","20240215","보통이다","일상적으로 생활 하는 가운데 큰 변화는 없고 항상 반복되는 하루하루이다","F","50대","700만원 이상","서울"
"53351759","20240215","보통이다","시간여유가 없다","M","60대","없음/모름/무응답","서울"
"53351771","20240215","보통이다","시간 구애는 큰 편은 아니지만 의사결정에 있어 에너지소모가 다소 있어서","F","30대","300~500만원 미만","서울"
"53352030","20240215","보통이다","경적제여유","F","40대","없음/모름/무응답","충남"
"53352292","20240215","보통이다","특별한 여가생활을 하지 않았고 가벼운 운동과 독서로 여가시간을 보냈기 때문입니다.","M","40대","없음/모름/무응답","충남"
"53352411","20240215","만족하는 편이다","여가 시간을 보낸후 활력이 생긴다","F","40대","300~500만원 미만","경남"
"53352633","20240215","매우 만족한다","주말에는 가족과 함께하니좋았다","M","50대","500~700만원 미만","강원"
"53352834","20240215","만족하는 편이다","스테레스해소에 도움됨","F","30대","없음/모름/무응답","경기"
"53352859","20240215","만족하는 편이다","명절로 충분한 가족모임","F","30대","없음/모름/무응답","경남"
"53352896","20240215","보통이다","체력이 부족한느낌이 들어서..","F","50대","700만원 이상","경기"
"53352972","20240215","보통이다","경제적으로부족해서","F","50대","300만원 미만","경북"
"53352981","20240215","만족하는 편이다","시간적 경제적","F","60대","700만원 이상","경남"
"53353115","20240215","보통이다","이직 준비중이라 온전히 못 보냄","M","19~29세","300만원 미만","서울"
"53353172","20240215","보통이다","새롭게한 활동이없어서","F","30대","700만원 이상","경기"
"53353233","20240215","보통이다","여가생활이 특별히 좋지도 나쁘지도 않기때문","F","40대","300~500만원 미만","대전"
"53353242","20240215","불만족하는 편이다","시간적 신체적 문제로 인해 불만족스러뉴ㅓㅆ움","M","30대","300~500만원 미만","경남"
"53353244","20240215","보통이다","바쁘지만 잘 챙김","M","30대","300~500만원 미만","경기"
"53353255","20240215","만족하는 편이다","내가 할수있는 시간과 여건이 충분하기에","F","60대","700만원 이상","전북"
"53353306","20240215","보통이다","청양은 시골이다 보니 여가생활의 다양성이 부족해서","F","30대","300만원 미만","충남"
"53353537","20240215","보통이다","그저그래서","M","19~29세","300만원 미만","경기"
"53353802","20240215","만족하는 편이다","평소에도 집에서 여가생활을 많이 보내서","F","19~29세","500~700만원 미만","경남"
"53353866","20240215","불만족하는 편이다","나이가 있으니까 금전적인 문제로","M","60대","300만원 미만","충남"
"53354008","20240215","만족하는 편이다","시간적 여유때문에 만족한다","F","19~29세","없음/모름/무응답","전남"
"53354010","20240215","만족하는 편이다","시간이있어니까 내가 하고자하면 할수있기때문이다.","F","60대","300만원 미만","경기"
"53354215","20240215","만족하는 편이다","내가 하고싶을때 할수있으니","F","40대","500~700만원 미만","서울"
"53354347","20240215","만족하는 편이다","시간적 여유가 많아서","F","60대","300만원 미만","경기"
"53354530","20240215","만족하는 편이다","친구들과 자주만나 지내는편이다.","F","50대","500~700만원 미만","경기"
"53354589","20240215","보통이다","여가시간을 충분히 즐길 시간이 부족했던 것 같아서","F","19~29세","500~700만원 미만","제주"
"53354622","20240215","만족하는 편이다","시간적 경제적 환경등등 하고 불편함?이 할수 있음","F","50대","700만원 이상","전남"
"53354814","20240215","불만족하는 편이다","불친절","M","60대","300만원 미만","부산"
"53354844","20240215","만족하는 편이다","집에 있는 시간이 많다보니 시간도 보내고 운동도하고 독서등도 하면서 시간을 보내고 있다","M","50대","300~500만원 미만","경기"
"53355056","20240215","보통이다","공휴일이 없는 날은 여가생활을 즐길 시간이 대체적으로 부족합니다.","F","30대","700만원 이상","경기"
"53355154","20240215","만족하는 편이다","내가 만족스럽기 때문에","F","30대","300~500만원 미만","제주"
"53355435","20240215","만족하는 편이다","마음이편해서","M","60대","700만원 이상","경기"
"53355606","20240215","만족하는 편이다","시간이 부족하지 않음","F","30대","500~700만원 미만","경남"
"53355782","20240215","보통이다","직장다니느라고 여유를 즐길시간이 별로없다","F","60대","500~700만원 미만","부산"
"53356273","20240215","보통이다","그냥 그래서","F","19~29세","300만원 미만","서울"
"53356389","20240215","보통이다","경제적으로 수입이 감소된것이 가장큰원인이다","M","50대","300~500만원 미만","서울"
"53356454","20240215","만족하는 편이다","시간 활용을 적절히 잘했음","M","50대","700만원 이상","경남"
"53356755","20240215","보통이다","시간이없다","F","40대","500~700만원 미만","전북"
"53356927","20240215","보통이다","맞벌이부부로 시간적 여유가없다","F","30대","300만원 미만","충북"
"53356995","20240215","만족하는 편이다","적당한 휴식과 적당한 오락의 균형을 유지하고 있어 스트레스 해소가 잘 되고있음","M","19~29세","500~700만원 미만","서울"
"53357108","20240215","만족하는 편이다","돈 여유를 가지고 즐겼기때문","F","19~29세","없음/모름/무응답","경기"
"53357184","20240215","만족하는 편이다","적당한지출과 시간이 좋았다","F","50대","300~500만원 미만","경남"
"53357196","20240215","만족하는 편이다","하고 싶은 거 적당히 하면서 지내는 중","F","19~29세","500~700만원 미만","인천"
"53357246","20240215","보통이다","주5일근무로 주말에는 자유롭게 활동이 가능하고 시내에도 다양한 시설이 있어 근거리에 여가활동을 할 수 있으므로","F","30대","700만원 이상","부산"
"53357457","20240215","만족하는 편이다","마음만 먹어면 할수 있어서","M","60대","500~700만원 미만","충남"
"53357550","20240215","만족하는 편이다","하고싶은거를 할수있어서","M","50대","300만원 미만","울산"
"53357568","20240215","보통이다","경제적여유가 없음","F","40대","500~700만원 미만","충남"
"53357712","20240215","만족하는 편이다","부족함이 없다","F","50대","500~700만원 미만","경남"
"53357840","20240215","보통이다","전과 큰 차이가 나지 앉아서","M","50대","700만원 이상","충북"
"53358186","20240215","만족하는 편이다","즐겁게 배우고 있으므로","F","40대","700만원 이상","강원"
"53358279","20240215","만족하는 편이다","인터넷이 가능한 환경에서 여가를 즐기기엔 충분하다","M","40대","700만원 이상","전북"
"53358482","20240215","불만족하는 편이다","남원 버스 대대적으로 개편이 필요합니다 거주지가 남원세무소 바로 옆인데도 남원 시내 버스터미널 남원역 어느 단 한곳도 바로가는 버스가 없습니다 심각합니다 이런데 어떻게 여가생활을 즐길 수 있단 말입니까?","F","19~29세","없음/모름/무응답","전북"
"53358638","20240215","보통이다","경제적 이유, 물가상승","M","40대","500~700만원 미만","경기"
"53358976","20240215","만족하는 편이다","지방에 직접경험가능한 시설과 컨텐츠가 지속적으로 이루어져있고 차타고 2시간내에 다른지역으로 가기에도 용이하다","F","30대","300~500만원 미만","전남"
"53359228","20240215","만족하는 편이다","횟수를 줄였지만 하고싶은거 하고 있어서..","F","30대","500~700만원 미만","경기"
"53359350","20240215","보통이다","시간적 경제적 여력이 충분치 않음","F","50대","500~700만원 미만","경기"
"53359353","20240215","만족하는 편이다","본인이 마음으로 행하고 싶어서 하기때문","F","60대","300~500만원 미만","대구"
"53359393","20240215","만족하는 편이다","교통이 편리하고 레슨 비용이 많이 들지않는다","F","40대","300~500만원 미만","경기"
"53359406","20240215","만족하는 편이다","삶에만족","F","40대","300~500만원 미만","경기"
"53359439","20240215","보통이다","충분히즐기고있다고생각해서","F","30대","500~700만원 미만","강원"
"53359487","20240215","매우 만족한다","스트레스해소","M","19~29세","300만원 미만","서울"
"53359514","20240215","보통이다","소득이 안 좋아서","M","50대","300~500만원 미만","서울"
"53359586","20240215","보통이다","크게 달라진게 없다","F","40대","500~700만원 미만","울산"
"53359852","20240215","보통이다","경제적 시간적 여유가 부족","M","30대","700만원 이상","충남"
"53360184","20240215","만족하는 편이다","자녀들이커서시간이많음","F","50대","500~700만원 미만","울산"
"53360475","20240215","보통이다","좋지도 나쁘지도 않음","M","40대","300~500만원 미만","경기"
"53360629","20240215","만족하는 편이다","내가 마음 편히 할 수 있어서","M","30대","300~500만원 미만","부산"
"53360685","20240215","만족하는 편이다","걍","M","19~29세","300만원 미만","인천"
"53360869","20240215","보통이다","수입보다 물가 상승이 높아 나름 절약하여 여가 생활중이라서....","M","50대","300~500만원 미만","부산"
"53360887","20240215","보통이다","양육의 문제로 여가시간이 감소 등으로 그냥 보통이라고생각함","M","30대","300만원 미만","경남"
"53361019","20240215","보통이다","부상으로 맘껏 누리지 못함","F","60대","300만원 미만","서울"
"53361130","20240215","보통이다","작년이랑 비슷하게 즐겨서","M","30대","500~700만원 미만","제주"
"53361172","20240215","보통이다","딱히 즐겁지가 않아서","M","40대","500~700만원 미만","강원"
"53361193","20240215","보통이다","항상하는거라 딱히 마족도가 있늘까 싶네요... 그때그때 다를듯..","M","50대","500~700만원 미만","전북"
"53361258","20240215","보통이다","그저그런 여가활동이었음","F","19~29세","300만원 미만","광주"
"53361311","20240215","매우 불만족한다","고물가로 도저히 할수 없다","M","40대","없음/모름/무응답","대전"
"53361365","20240215","보통이다","변함없는생활방식","M","60대","300~500만원 미만","충남"
"53361413","20240215","보통이다","직장관계로 충분한 시간을 갖지 못한다","F","60대","700만원 이상","경남"
"53361573","20240215","보통이다","시간적 금전적인여유가 충분치않아서","F","50대","300~500만원 미만","경기"
"53361740","20240215","보통이다","어깨수술로인해만족한활동을할수없었다 보통이최선이었다^^","F","60대","300만원 미만","경기"
"53361907","20240215","보통이다","아이들과 함께 여행할수있어서","F","40대","500~700만원 미만","경남"
"53362019","20240215","보통이다","더 놀고 싶어서","F","19~29세","없음/모름/무응답","경기"
"53362173","20240215","보통이다","시간 여유","M","50대","300만원 미만","경북"
"53362198","20240215","보통이다","배우는 악기 연주회가 끝나서 2-3주 정도 쉬었음","F","40대","500~700만원 미만","서울"
"53362490","20240215","불만족하는 편이다","육아","F","30대","500~700만원 미만","인천"
"53362558","20240215","만족하는 편이다","원하는 여가생활을 잘 즐기고 있어서","M","30대","500~700만원 미만","경남"
"53362666","20240215","보통이다","여가 생활 할수 있는 것 만으로 만족","F","60대","500~700만원 미만","강원"
"53362743","20240215","보통이다","비슷하다","F","30대","300만원 미만","전북"
"53362827","20240215","보통이다","무리하지 않은편에서 잘 즐김","M","30대","300~500만원 미만","광주"
"53362964","20240215","보통이다","크게 바뀐게 없음","M","30대","500~700만원 미만","대구"
"53363130","20240215","보통이다","언제나 루틴대로 활동하고있음","M","60대","300~500만원 미만","경기"
"53363378","20240215","보통이다","돈","F","40대","500~700만원 미만","서울"
"53363460","20240215","보통이다","크게 나쁘지도 좋지도 않아서","M","30대","500~700만원 미만","전남"
"53363678","20240215","만족하는 편이다","작년보다 많이좋아짐","M","30대","300~500만원 미만","경북"
"53363722","20240215","보통이다","없음","M","40대","300만원 미만","부산"
"53363732","20240215","만족하는 편이다","충분한 시간적 여유가 있었다","F","40대","300~500만원 미만","경남"
"53363735","20240215","보통이다","매일똑같이서","M","30대","없음/모름/무응답","서울"
"53363870","20240215","만족하는 편이다","인프라 구축이 주변에 잘 되어있어서","M","30대","300~500만원 미만","충북"
"53364059","20240215","보통이다","체력이 부족","F","40대","300~500만원 미만","제주"
"53364065","20240215","보통이다","여유롭게 보낼수있는 시간이 많지 않아서","M","40대","700만원 이상","서울"
"53364071","20240215","보통이다","크게 좋은것도 싫은 것도 없다","F","30대","300~500만원 미만","인천"
"53364098","20240215","보통이다","체험활동을 많이 안해서","F","40대","500~700만원 미만","경기"
"53364253","20240215","보통이다","평소와 다른게 없어서","M","30대","300만원 미만","경기"
"53364345","20240215","매우 만족한다","여유로워졌다","M","19~29세","500~700만원 미만","인천"
"53364445","20240215","만족하는 편이다","충분하다","F","40대","500~700만원 미만","경기"
"53364453","20240215","보통이다","경제적인부분때문에","M","50대","500~700만원 미만","충북"
"53364774","20240215","만족하는 편이다","헬스를 시작하면서 근력이 늘었다.","F","19~29세","300만원 미만","전남"
"53364920","20240215","보통이다","큰 변화없음","M","40대","700만원 이상","경남"
"53364929","20240215","보통이다","그냥","M","19~29세","없음/모름/무응답","경기"
"53365087","20240215","보통이다","경제적으로 여유롭지못해서","F","60대","300만원 미만","경기"
"53365102","20240215","보통이다","별루없어서","F","50대","300만원 미만","대전"
"53365142","20240215","만족하는 편이다","특이사항없음","M","50대","없음/모름/무응답","대전"
"53365150","20240215","만족하는 편이다","행?하당","F","19~29세","300만원 미만","전남"
"53365259","20240215","만족하는 편이다","주변 인프라가 좋음","M","50대","500~700만원 미만","경남"
"53365361","20240215","만족하는 편이다","가고싶은곳이 많아서 좋아요","F","60대","700만원 이상","경북"
"53365370","20240215","만족하는 편이다","원하는 영화를 자주 볼 수 있었음","F","50대","500~700만원 미만","인천"
"53365485","20240215","만족하는 편이다","스트레스해소","M","50대","500~700만원 미만","서울"
"53365720","20240215","만족하는 편이다","나이에맞게 운동량조절을 할수있어서","F","60대","300만원 미만","인천"
"53365786","20240215","보통이다","동일함","M","60대","없음/모름/무응답","서울"
"53365849","20240215","보통이다","새로운것이 없음","M","30대","없음/모름/무응답","충남"
"53366260","20240215","보통이다","정신적으로 여유가 없는것같다","F","50대","300만원 미만","충북"
"53366317","20240215","보통이다","새로운 여가생활을 접하고싶지만 그렇지못해서","F","19~29세","700만원 이상","전남"
"53366384","20240215","만족하는 편이다","나의 시간을 나에게 온전히 사용해서","M","30대","300~500만원 미만","대구"
"53366485","20240215","만족하는 편이다","가족들과의 시간을 여유있게 가질수 있어서","M","40대","700만원 이상","세종"
"53366728","20240215","불만족하는 편이다","충분한 시간이 없다","F","40대","300~500만원 미만","서울"
"53366769","20240215","보통이다","일을 안 해서","M","19~29세","300만원 미만","인천"
"53366812","20240215","보통이다","변화없는 삶의 루틴아다.","M","40대","300~500만원 미만","대구"
"53366986","20240215","보통이다","없음","F","50대","없음/모름/무응답","서울"
"53366991","20240215","만족하는 편이다","시간적여유 주변환경 만족","F","50대","700만원 이상","충남"
"53367156","20240215","만족하는 편이다","시간적 여유가 있고 적당한 인프라가 있음","F","19~29세","700만원 이상","충남"
"53367215","20240215","만족하는 편이다","시간적 여유","F","50대","300만원 미만","울산"
"53367358","20240215","보통이다","운동이나 악기 등 배우고싶은 것들이 많은데 아이를 키우고 있는 입장에서 상황이 여의치 않고 시간적으로도 여유가 없음","F","30대","700만원 이상","경기"
"53367393","20240215","보통이다","시간적 여유가 없어서","F","50대","300만원 미만","전북"
"53367796","20240215","불만족하는 편이다","여가를 즐길 시간이 많이 없다.","M","40대","500~700만원 미만","충남"
"53367829","20240215","보통이다","할 공간이 부족","M","40대","500~700만원 미만","부산"
"53368010","20240215","만족하는 편이다","기분이 좋아서","M","19~29세","없음/모름/무응답","전남"
"53368082","20240215","보통이다","경비지출 때문에","F","50대","300만원 미만","인천"
"53368114","20240215","매우 만족한다","스트레스가 풀리며 기분이 나아지기 때문","M","19~29세","없음/모름/무응답","경기"
"53368138","20240215","보통이다","딱히 불만은 없으나 만족스럽지도 않아서","F","40대","300~500만원 미만","전남"
"53368280","20240215","만족하는 편이다","여가시간을 활용 했을 시 나름대로의 만족감을 느낀다","M","50대","300~500만원 미만","경기"
"53368623","20240215","만족하는 편이다","주위인프라가 잘되어있지 않지만 할수있는 선에서 만족하며 여가생활을 즐기고있어서 그렇게 응답했습니ㅏ","F","30대","300~500만원 미만","충북"
"53368624","20240215","보통이다","모름","M","19~29세","300만원 미만","인천"
"53368868","20240215","보통이다","특별히 신경써서 하지 않는다","M","50대","300~500만원 미만","광주"
"53369006","20240215","보통이다","새로운 것을 하?싶다","M","50대","700만원 이상","서울"
"53369231","20240215","보통이다","추워서 잘 못나갔음","F","50대","300~500만원 미만","서울"
"53369265","20240215","불만족하는 편이다","물가가 너무 비싸요","M","40대","300~500만원 미만","광주"
"53369661","20240215","만족하는 편이다","시간이 대체로 여유가 있어서 ~","F","60대","300만원 미만","부산"
"53369873","20240215","보통이다","주변인프라가 잘되어있음","M","40대","500~700만원 미만","경남"
"53370057","20240215","보통이다","시간이부족해다","F","60대","300~500만원 미만","경남"
"53370086","20240215","보통이다","경제적 시간적 여유가 없어서","F","50대","500~700만원 미만","강원"
"53370241","20240215","보통이다","내가 가진 물질에 맞게하는정도인것같음 더하고싶은데 좀 아쉬움","F","30대","없음/모름/무응답","서울"
"53370320","20240215","보통이다","전체적으로 큰 변화가 없어서","M","60대","300만원 미만","경기"
"53370588","20240215","보통이다","시간적 여유도 없고 물가 상승이 심해서","M","30대","없음/모름/무응답","인천"
"53370744","20240215","보통이다","크게 달라지게나 변한게 없다","F","40대","300~500만원 미만","광주"
"53370791","20240215","만족하는 편이다","그냥","M","19~29세","300만원 미만","대구"
"53370805","20240215","만족하는 편이다","항상 만족하려고 함","F","50대","700만원 이상","경기"
"53370856","20240215","불만족하는 편이다","경제적으로 여유가 없어졌다.","F","40대","300~500만원 미만","경기"
"53370975","20240215","보통이다","특별한 이유없이 내 마음대로 할수 있으니까","M","60대","700만원 이상","경남"
"53371182","20240215","만족하는 편이다","내가 원하는 시간에 편하게 할 수 있어서","F","60대","700만원 이상","서울"
"53371201","20240215","만족하는 편이다","모든걸 누릴수는 없지만. 내가 가고자할때 갈수있고 지출할수 있는 기초적인 환경이 조성되 있기에 충분하진 않지만 만족하는 편입니다.","M","40대","300~500만원 미만","서울"
"53371236","20240215","불만족하는 편이다","습하고 더운 날씨로 활동량이 줄었음.","F","19~29세","300~500만원 미만","서울"
"53371445","20240215","만족하는 편이다","편리한시설","F","30대","500~700만원 미만","강원"
"53371756","20240215","만족하는 편이다","스스로 쉽게 결정할 수 있어서~~~","M","60대","300~500만원 미만","서울"
"53371831","20240215","불만족하는 편이다","개인적인 사유로 1개월간 여가생활 누리지 못함","F","50대","300~500만원 미만","경기"
"53371952","20240215","만족하는 편이다","실행에옮겼으니 만족한다","F","40대","300~500만원 미만","충북"
"53372093","20240215","보통이다","특별한 변화가 없어서","M","60대","300~500만원 미만","경북"
"53372197","20240215","보통이다","생활조건이 별로 변동이없는 자영멉자로 항상 비슷한 생활주기를 가지고있기때문","M","60대","300~500만원 미만","경기"
"53372271","20240215","불만족하는 편이다","금전적여유가없어서","F","40대","500~700만원 미만","전남"
"53372341","20240215","만족하는 편이다","운동할 수있는 여건 즉 주변 환경.도로상황 경관 등 좋은 편이다","M","60대","300만원 미만","경기"
"53372624","20240215","만족하는 편이다","급여만족","M","50대","500~700만원 미만","서울"
"53372762","20240215","만족하는 편이다","직장인이라 공휴일에 내시간만큼은 잘활용해서 건강도 챙기고 걷기또는 가족들과 친목 수다 맛난음식 맘껏즐길수있어서 좋아요","F","60대","700만원 이상","서울"
"53372765","20240215","보통이다","시간이 많은편","F","60대","없음/모름/무응답","광주"
"53373118","20240215","보통이다","일상이 여유롭지 않음","M","40대","500~700만원 미만","경남"
"53373266","20240215","만족하는 편이다","휴식도 취할 수 있었고 가족끼리 축제도 다녀 와서","F","50대","500~700만원 미만","경북"
"53373623","20240215","보통이다","운동으로 통한 만족감이 크다","F","60대","300~500만원 미만","서울"
"53373669","20240215","보통이다","최근에 삶이 그저그렇다","M","30대","300~500만원 미만","경기"
"53373997","20240215","불만족하는 편이다","아들 결혼식","F","60대","500~700만원 미만","경북"
"53374050","20240215","보통이다","그냥","F","30대","300~500만원 미만","서울"
"53374060","20240215","불만족하는 편이다","경제적 시간적으로 없음","M","40대","300만원 미만","경북"
"53374078","20240215","만족하는 편이다","삶의 여유가 느껴져서","M","40대","300만원 미만","대전"
"53374118","20240215","보통이다","일이 바빠서","F","50대","300~500만원 미만","제주"
"53374423","20240215","보통이다","동창회모임 가족여행다녀와서","M","50대","300~500만원 미만","강원"
"53374433","20240215","보통이다","같은것만 함","F","40대","500~700만원 미만","경남"
"53374467","20240215","만족하는 편이다","인프라가 잘 구성되있다","F","19~29세","없음/모름/무응답","광주"
"53374554","20240215","보통이다","적정해서","F","50대","없음/모름/무응답","경기"
"53375309","20240215","만족하는 편이다","휴식","M","19~29세","700만원 이상","경남"
"53375359","20240215","보통이다","스케줄이 늘 같은 상황에서 나름 만족합니다","F","60대","500~700만원 미만","서울"
"53375533","20240215","불만족하는 편이다","시간부족","M","50대","500~700만원 미만","경기"
"53375616","20240215","불만족하는 편이다","생활과 다르게 그럴만한 상황과 여건이 되지 않음.","F","30대","300만원 미만","서울"
"53375754","20240215","만족하는 편이다","아이들 모두 출가하여 시간적인 여유가 많아졌다","F","50대","500~700만원 미만","경남"
"53375836","20240215","불만족하는 편이다","즐겁지 않아서","F","40대","700만원 이상","울산"
"53376160","20240215","보통이다","크게 만족을 느끼지 못해서","F","40대","700만원 이상","서울"
"53376168","20240215","보통이다","특별한 이유없음","M","50대","500~700만원 미만","경기"
"53376177","20240215","만족하는 편이다","야구도 직접 현장에서 보고 오고 운동도 꾸준히 시작하고 있어서","F","30대","300만원 미만","광주"
"53376574","20240215","만족하는 편이다","주변인프라가 잘 갗춰져있고 시간이 많아져서","F","40대","700만원 이상","부산"
"53376576","20240215","만족하는 편이다","시간이 많아서","M","60대","300~500만원 미만","경북"
"53376689","20240215","불만족하는 편이다","직장이 바쁜 시기라 일이 많아 휴식이 필요함","F","40대","500~700만원 미만","경남"
"53376834","20240215","보통이다","지출보다 수입이 적어서","F","50대","300~500만원 미만","경남"
"53376850","20240215","만족하는 편이다","시간적인 여유","F","40대","없음/모름/무응답","경남"
"53376885","20240215","보통이다","만족할 만한 여행을 다니고 있으므로","F","50대","700만원 이상","서울"
"53377021","20240215","만족하는 편이다","일주일에 3일 저녁에 1한시간씩 운동 건강콴리 운동 없는날은 지인 만남 교류 주말 여행 등","M","60대","700만원 이상","대구"
"53377103","20240215","보통이다","늘 하는 수준","F","60대","300만원 미만","부산"
"53377184","20240215","만족하는 편이다","집에서 넷플을 즐기다 집중이 잘 안되어 영화의전당으로 관람하는데 집중력과 쾌적한 분위기에서 내용에 집중할 수 있었음.","F","60대","700만원 이상","부산"
"53377315","20240215","만족하는 편이다","계획 과 실천이 잘 이루어 졌음","M","60대","500~700만원 미만","대전"
"53377477","20240215","보통이다","현상 유지","M","30대","300만원 미만","서울"
"53377478","20240215","보통이다","여가에 대해 그렇게 비중을 두지 않아서","F","40대","500~700만원 미만","경기"
"351467","20240222","만족하는 편이다","운동을시작했기때문에","F","40대","500~700만원 미만","경남"
"424269","20240222","만족하는 편이다","비용 이나 시간적 여유","F","60대","300~500만원 미만","경기"
"433008","20240222","보통이다","여유가 없는거 같다.","M","30대","700만원 이상","서울"
"452011","20240222","보통이다","주로 라디오를 듣기때문에 시간 장소 구애받지 않는다","F","50대","500~700만원 미만","서울"
"459747","20240222","보통이다","큰 변화가 없었다","M","40대","700만원 이상","경북"
"460805","20240222","보통이다","애 태어나서 제한적","M","30대","700만원 이상","경기"
"464599","20240222","보통이다","경제적으로 부족","M","50대","500~700만원 미만","서울"
"53322231","20240222","보통이다","더많이즐기지못해서","M","30대","700만원 이상","경남"
"53323132","20240222","만족하는 편이다","현실적으로 보았을때 만족합니다","M","40대","300~500만원 미만","서울"
"53323191","20240222","보통이다","관절염이 생겨 활동이 어려워졌고 중요한 시험을 앞두고 있는 자식 생각에 놀러다니는게 미안함.","F","50대","500~700만원 미만","인천"
"53323365","20240222","만족하는 편이다","자주는 아니더라도 한 달에 한 번씩은 원하는 여가생활을 즐겨서","F","30대","300~500만원 미만","서울"
"53323558","20240222","보통이다","Dk","M","30대","없음/모름/무응답","제주"
"53323581","20240222","매우 만족한다","퇴직으로 여가시간이 늘어남","F","60대","700만원 이상","경기"
"53323768","20240222","만족하는 편이다","주위 환경이 좋다","M","60대","300만원 미만","부산"
"53324007","20240222","만족하는 편이다","시간 경제적으로 비교적 여유롭다","M","60대","300~500만원 미만","경기"
"53324128","20240222","보통이다","어깨 수술을 하는 바람에 외출에 제한이 있다","F","50대","700만원 이상","인천"
"53324157","20240222","만족하는 편이다","큰 걱정이 없는편이라.","M","60대","300~500만원 미만","대구"
"53324231","20240222","불만족하는 편이다","경젝적여유가 업서서 외출을 잘 안함","M","60대","없음/모름/무응답","서울"
"53324266","20240222","만족하는 편이다","시간과 비용의 여유","M","40대","없음/모름/무응답","경북"
"53324446","20240222","불만족하는 편이다","시간전여유가 부족하다","M","50대","300~500만원 미만","전북"
"53324455","20240222","보통이다","특별한 이유 없음","M","30대","없음/모름/무응답","전북"
"53324674","20240222","불만족하는 편이다","시간이 충분하지 않아서 즐길시간 부족","M","40대","300~500만원 미만","경기"
"53324858","20240222","불만족하는 편이다","시간여유없다","M","50대","700만원 이상","서울"
"53324877","20240222","보통이다","한가지 일이 추가되면서 조금 바빠졌음","M","60대","500~700만원 미만","부산"
"53324923","20240222","보통이다","특별히 생각 안해봤다","M","60대","300~500만원 미만","강원"
"53324954","20240222","보통이다","수입감소","M","50대","500~700만원 미만","경북"
"53325068","20240222","만족하는 편이다","이사로 통근시간이 짧아지면서 여거시간이 늘어남","F","30대","300~500만원 미만","경북"
"53325411","20240222","보통이다","색다른활도미없음","M","60대","700만원 이상","강원"
"53325421","20240222","만족하는 편이다","원하는 활동을 할 수 있어서","F","50대","300~500만원 미만","대전"
"53325433","20240222","만족하는 편이다","여가생활을 통해 즐거움을 얻었기 때문","M","19~29세","500~700만원 미만","충남"
"53325539","20240222","불만족하는 편이다","집안사정","F","40대","700만원 이상","대전"
"53325751","20240222","보통이다","시간에 ?기는것같다","F","40대","500~700만원 미만","울산"
"53325968","20240222","만족하는 편이다","아이들을 어린이집에 보내고 난 시간에 편하게 맛있는 것을 사먹고 친구와 디저트도 먹는 시간이 좋았다","F","40대","300~500만원 미만","충남"
"53326131","20240222","매우 불만족한다","먹고 살기도 바쁘다","F","60대","500~700만원 미만","서울"
"53326190","20240222","보통이다","생활이 비슷함","M","40대","700만원 이상","서울"
"53326423","20240222","보통이다","스트레스 해소가 덜 됨","F","19~29세","500~700만원 미만","경기"
"53326457","20240222","불만족하는 편이다","시간이 없어서","F","19~29세","700만원 이상","서울"
"53326596","20240222","만족하는 편이다","여가 생활을 즐길 수 있는 인프라가 비교적 잘 되어 있고 여가 생활에 투자할 수 있는 비용적인 부분을 감당할 정도의 수입이 확보되었기 때문이라고 생각합니다.","M","40대","700만원 이상","서울"
"53326610","20240222","만족하는 편이다","내가 활동할 시간적 공간적으로 만족 아차산도가고 일자산감","F","50대","500~700만원 미만","서울"
"53326770","20240222","만족하는 편이다","원하는 여가시간을 보냄","F","30대","없음/모름/무응답","세종"
"53326853","20240222","보통이다","지출이 늘어난다","M","40대","700만원 이상","인천"
"53326966","20240222","보통이다","별 다른게 없어서...","M","30대","300~500만원 미만","인천"
"53327051","20240222","보통이다","여가 시간은 내가 하고 싶은면하고 하기 싫으면 안할수 있는 자유가 있어야 하는데 그런 자유는 없다.","F","60대","없음/모름/무응답","강원"
"53327165","20240222","보통이다","늘 같은 패턴 특별히 목적하는바가 없어서","M","50대","500~700만원 미만","경기"
"53327655","20240222","만족하는 편이다","평일 두 시간씩 원하는 만큼 즐기고있음","F","40대","없음/모름/무응답","경기"
"53327774","20240222","만족하는 편이다","최근 1개월 간의 여가생활에 대해 '만족하는 편이다'라고 답한 이유는 그냥 적당히 시간이 있었고 그 시간을 나름대로 쓸만한 취미나 활동에 썼기 때문입니다. 뭐 크게 특별한 건 없었지만 그럭저럭 스트레스도 풀리고 가끔 친구들이랑 만나서 시간 보내기도 했습니다. 딱히 불만은 없었고 그냥 평소처럼 지냈던 것 같아서 만족한다고 했습니다.","M","19~29세","300~500만원 미만","강원"
"53327822","20240222","만족하는 편이다","계획대로 충분히 여가를즐겼으므로","F","60대","없음/모름/무응답","부산"
"53327955","20240222","보통이다","ㅇ","M","19~29세","700만원 이상","강원"
"53328042","20240222","보통이다","시간이 여유롭지못하나 여가시간을 즐길때 나쁘지도 않았음","F","40대","300~500만원 미만","경기"
"53328058","20240222","매우 불만족한다","구냥","M","19~29세","300만원 미만","충북"
"53328080","20240222","보통이다","시간부족","F","30대","700만원 이상","부산"
"53328346","20240222","보통이다","더 많이 놀고싶은데 시간도 돈도 부족하여 보통","F","40대","300~500만원 미만","전북"
"53328866","20240222","불만족하는 편이다","아이교육","F","40대","500~700만원 미만","경기"
"53328868","20240222","보통이다","인프라가 잘되어 있음","M","60대","500~700만원 미만","충북"
"53328919","20240222","보통이다","모름","M","19~29세","500~700만원 미만","인천"
"53329150","20240222","만족하는 편이다","경제적 여유","M","60대","700만원 이상","서울"
"53329241","20240222","보통이다","특별하지않았고 일상생활이였다고 생각한다","M","40대","300~500만원 미만","경기"
"53329311","20240222","만족하는 편이다","나의만족","M","19~29세","300~500만원 미만","서울"
"53329355","20240222","만족하는 편이다","내가 하고 싶은 휘트니스 댄스를 하루도 빠짐 없이 할수 있었음","F","50대","700만원 이상","충남"
"53329441","20240222","만족하는 편이다","주말(공휴일)에 활동 가능","M","30대","500~700만원 미만","광주"
"53329624","20240222","보통이다","그 이전과 비교하여 큰 변화가 없었기 때문이다","M","50대","500~700만원 미만","부산"
"53329719","20240222","보통이다","근무시간으로 인해 부족하다는 생각이 듦","F","40대","700만원 이상","전북"
"53329802","20240222","보통이다","개인의 현금 및 시간 부족","M","40대","300~500만원 미만","인천"
"53329901","20240222","보통이다","평소와변함없음","M","50대","300~500만원 미만","경북"
"53329928","20240222","만족하는 편이다","잦은 여행","M","30대","500~700만원 미만","충남"
"53330085","20240222","보통이다","바빴고 여유가 부족했음","F","40대","500~700만원 미만","경기"
"53330159","20240222","보통이다","특별히 변한게 없다","M","50대","700만원 이상","경기"
"53330282","20240222","보통이다","특별히 새로운 여가생활을 즐긴게 없어서","F","50대","500~700만원 미만","서울"
"53330328","20240222","만족하는 편이다","여유가 생겨서","M","50대","300만원 미만","서울"
"53330334","20240222","보통이다","환경문제","M","50대","500~700만원 미만","울산"
"53330453","20240222","보통이다","이용을 자주 못해서","F","60대","300~500만원 미만","광주"
"53330608","20240222","만족하는 편이다","시간대비 비용이 저렴하게 운영되고 있다","M","60대","700만원 이상","서울"
"53330651","20240222","보통이다","평소보다 업무량이 증가","M","60대","없음/모름/무응답","강원"
"53330728","20240222","불만족하는 편이다","시간.경제적으로 활용이 쉽지않다","F","30대","300만원 미만","광주"
"53330758","20240222","보통이다","만족도가 적지도 크지도 않아서","F","30대","300만원 미만","전남"
"53330944","20240222","매우 만족한다","개인생활 영위","M","50대","300~500만원 미만","전북"
"53330968","20240222","보통이다","큰변화가 없기때문이다","M","50대","700만원 이상","전남"
"53330975","20240222","만족하는 편이다","경제적 비용과 시간 및 모든 조건이 만족한다","F","60대","700만원 이상","강원"
"53330984","20240222","보통이다","시간과 비용부족","F","40대","700만원 이상","대전"
"53331057","20240222","만족하는 편이다","예전에비해 시간이 좀 많아진것같다","M","60대","300~500만원 미만","부산"
"53331094","20240222","보통이다","보통","M","50대","300~500만원 미만","충남"
"53331154","20240222","만족하는 편이다","하고 싶은 일은 바로 할 수 있습니다.","F","50대","500~700만원 미만","서울"
"53331179","20240222","만족하는 편이다","필라테스와 헬스를 시작했다","F","30대","700만원 이상","경기"
"53331258","20240222","보통이다","게을어서","M","60대","300만원 미만","부산"
"53331294","20240222","보통이다","현실적인 여건과 타협하기때문","M","19~29세","없음/모름/무응답","경기"
"53331349","20240222","만족하는 편이다","내가 계획한것을 많이 실행한것 같다","M","60대","700만원 이상","충남"
"53331364","20240222","보통이다","없음","F","40대","300만원 미만","대구"
"53331460","20240222","불만족하는 편이다","경기불황으로 인한 시간과 경제적 능력 하락","M","40대","500~700만원 미만","광주"
"53331545","20240222","보통이다","요유인슷 재정도 안되고 시간부족도 하구","M","50대","300~500만원 미만","인천"
"53331599","20240222","만족하는 편이다","재밌었음","M","19~29세","300만원 미만","강원"
"53331888","20240222","불만족하는 편이다","시간 부족","F","40대","500~700만원 미만","대구"
"53331983","20240222","보통이다","똑같어요","M","30대","700만원 이상","서울"
"53332002","20240222","만족하는 편이다","자주시간을 내서","M","40대","300~500만원 미만","서울"
"53332186","20240222","보통이다","금전적이나 시간적으로 여유가없음","M","40대","없음/모름/무응답","부산"
"53332633","20240222","보통이다","그저 그럼","M","19~29세","없음/모름/무응답","서울"
"53332880","20240222","만족하는 편이다","아이들도 성인이 되니까 시간적으로 여유로와서","F","50대","700만원 이상","광주"
"53332918","20240222","보통이다","업무로 인해 여가 시간 내기가 어려움","M","40대","700만원 이상","경남"
"53332926","20240222","만족하는 편이다","하고 싶은 것이 있으면 언제든 할 수 있는 시간및 경제적 여유","M","50대","500~700만원 미만","강원"
"53332974","20240222","매우 만족한다","대체적으로 여가생활 시간이 늘어났기 때문이다","M","19~29세","300~500만원 미만","전북"
"53333028","20240222","보통이다","부양가족이 많아서 혼자시간만들기 힘듬","M","30대","300~500만원 미만","경기"
"53333089","20240222","보통이다","그냥","M","30대","500~700만원 미만","대전"
"53333135","20240222","보통이다","일이바빠서","F","50대","700만원 이상","서울"
"53333285","20240222","만족하는 편이다","코로나등의 전염병이 없어서","M","50대","700만원 이상","서울"
"53333316","20240222","만족하는 편이다","시간이 많아졌다","M","60대","300만원 미만","인천"
"53333501","20240222","매우 만족한다","만족스럽기때문","M","19~29세","700만원 이상","울산"
"53333722","20240222","보통이다","시간적 여유가 없음","F","50대","700만원 이상","광주"
"53333895","20240222","만족하는 편이다","시간적 여유를 가지고 원하는 활동을 할 수 있었기 때문에","F","19~29세","700만원 이상","경기"
"53333919","20240222","만족하는 편이다","마음 경제적여유만 된다면 할수있어서","F","19~29세","700만원 이상","경남"
"53333935","20240222","만족하는 편이다","규칙적인 생활을 하고 있고 제주 여행 중 올레길 걷기가 좋이서","M","60대","300~500만원 미만","광주"
"53334088","20240222","보통이다","크게 만족하거나 불만족한 상황이 아님","M","50대","300~500만원 미만","경남"
"53334147","20240222","보통이다","건강상체력이따라주지않고 여유가없음","F","60대","300만원 미만","경기"
"53334154","20240222","만족하는 편이다","해외여행도 다녀오고 헬스장도 열심히 다녔다고 생각한다.","M","30대","300~500만원 미만","경기"
"53334290","20240222","만족하는 편이다","주변 지인들과 만남 지체가 즐겁고 여가활동을 공유할 수 있어서...","M","50대","700만원 이상","경기"
"53334485","20240222","불만족하는 편이다","하고싶은게 많지만 못하고 있다","M","30대","없음/모름/무응답","서울"
"53334576","20240222","만족하는 편이다","잉","M","60대","500~700만원 미만","강원"
"53334585","20240222","만족하는 편이다","인프라가 좀 많았어","F","60대","500~700만원 미만","경기"
"53334591","20240222","만족하는 편이다","즐거움","F","50대","700만원 이상","광주"
"53334639","20240222","불만족하는 편이다","경기가 안좋음","M","40대","700만원 이상","서울"
"53334701","20240222","보통이다","보통이니까 보통이지","F","30대","500~700만원 미만","충남"
"53334918","20240222","만족하는 편이다","즐거웠어서","M","50대","300만원 미만","경기"
"53334960","20240222","보통이다","변화없음","M","40대","300~500만원 미만","경기"
"53334989","20240222","만족하는 편이다","퇴직후 충분한 시간","M","60대","700만원 이상","부산"
"53335050","20240222","만족하는 편이다","내가 하고싶은것을 할수 있어서","M","50대","500~700만원 미만","경기"
"53335191","20240222","만족하는 편이다","하고 싶은 활동을 할 수 있어서","F","30대","300~500만원 미만","광주"
"53335292","20240222","보통이다","평소와 별다른 변화가 없다","M","60대","500~700만원 미만","경남"
"53335378","20240222","불만족하는 편이다","시간과 부족한 인프라","F","50대","300~500만원 미만","전남"
"53335385","20240222","만족하는 편이다","시간적 여유가 있어 지출할 수 있는 경제적 상황 내에선 충분히 여가생활 중임","F","30대","300~500만원 미만","전남"
"53335421","20240222","만족하는 편이다","내가 히고 싶었던 일들이라서","F","60대","300만원 미만","인천"
"53335521","20240222","보통이다","시공간적 제약","F","50대","300~500만원 미만","서울"
"53335523","20240222","만족하는 편이다","시간 여유","M","50대","700만원 이상","대구"
"53335743","20240222","만족하는 편이다","좋은 사람들과의 교류","M","50대","300~500만원 미만","경남"
"53335755","20240222","만족하는 편이다","여가를 즐길 적당한 시간적 여유와 주위 환경이 좋았다","M","40대","300~500만원 미만","경남"
"53336011","20240222","보통이다","시간적 여유가 많지 않음","F","40대","300만원 미만","충남"
"53336045","20240222","보통이다","딱히 만족하지도 불만족하지도 않음","M","40대","500~700만원 미만","경기"
"53336063","20240222","만족하는 편이다","시간을 알차게 쓸 수 있어서","M","30대","300만원 미만","경북"
"53336163","20240222","보통이다","별다름이. 없어서","F","60대","500~700만원 미만","서울"
"53336174","20240222","보통이다","그저 그렇다","M","19~29세","없음/모름/무응답","인천"
"53336299","20240222","보통이다","비용이 증가함","F","40대","300~500만원 미만","경북"
"53336375","20240222","보통이다","현재 만족 및 추가적 여가 생활 희망","M","30대","300만원 미만","서울"
"53336427","20240222","보통이다","생각만큼 못즐김","F","60대","500~700만원 미만","서울"
"53336485","20240222","보통이다","음주 후 체력저하","F","40대","300만원 미만","서울"
"53336553","20240222","보통이다","변동사항이 없습니다","M","40대","300~500만원 미만","전북"
"53336791","20240222","보통이다","금전여유","M","50대","없음/모름/무응답","전북"
"53336914","20240222","만족하는 편이다","경제적 여유로움","F","50대","300만원 미만","서울"
"53336915","20240222","만족하는 편이다","경제적 여유로 원하는 장소 방문","M","30대","700만원 이상","충북"
"53337145","20240222","보통이다","일상이 바빠 시간이 촉박했다","F","50대","300~500만원 미만","전북"
"53337381","20240222","보통이다","보통이라 생각해서","M","40대","없음/모름/무응답","세종"
"53337476","20240222","매우 만족한다","상대방과의 유대가 깊어지고 스트레스 해소에 큰 도움이 됨","F","40대","없음/모름/무응답","제주"
"53337508","20240222","만족하는 편이다","하고싶은 여가활동을 하고있음","F","19~29세","700만원 이상","서울"
"53337525","20240222","만족하는 편이다","아이와 더 가까워졌다","M","30대","700만원 이상","대구"
"53337591","20240222","보통이다","물가가 많이 올라서 비용이 많이들어서","F","40대","없음/모름/무응답","경기"
"53337835","20240222","보통이다","돈이부족합니다 직장생활로조금불편합니다","F","50대","300만원 미만","대구"
"53338135","20240222","만족하는 편이다","계획한 대로 할 수 있었기에.","M","60대","없음/모름/무응답","강원"
"53338138","20240222","보통이다","이전과 달라진것이 없움","M","30대","500~700만원 미만","서울"
"53338164","20240222","매우 만족한다","시간으로나 금전적으로나 여유가 있어서","F","19~29세","700만원 이상","경기"
"53338195","20240222","만족하는 편이다","시간적 여유가 있었다","F","40대","700만원 이상","강원"
"53338302","20240222","매우 만족한다","여가 시간이 매우 늘어나서 할수 있는게 많아짐","F","30대","300~500만원 미만","충북"
"53338414","20240222","만족하는 편이다","스트레스가 풀리기 때문","M","19~29세","500~700만원 미만","광주"
"53338583","20240222","만족하는 편이다","내가 편하고 부담이 없어서..","M","40대","300~500만원 미만","강원"
"53338586","20240222","만족하는 편이다","시간적 여유가 있어서","M","19~29세","없음/모름/무응답","강원"
"53338699","20240222","보통이다","금전적 여유가 없음","M","50대","500~700만원 미만","서울"
"53338752","20240222","보통이다","개인사정으로 인한 스트레스","F","60대","300~500만원 미만","충북"
"53338951","20240222","보통이다","시간이 그렇게 여유롭지는 않아서","F","30대","500~700만원 미만","울산"
"53339028","20240222","보통이다","특별할것이 없음","F","60대","300~500만원 미만","강원"
"53339123","20240222","보통이다","여가시간이 부족해서","F","50대","700만원 이상","제주"
"53339226","20240222","매우 만족한다","예년보다 여가시간도 늘고 여유가 생겨 즐길수 있어서요","F","50대","500~700만원 미만","인천"
"53339328","20240222","보통이다","시간 과 경비 문제. 거리 문제등으로 ~","M","40대","300~500만원 미만","인천"
"53339516","20240222","보통이다","특별히 잘하지도 못하지도 한거같아서","M","40대","500~700만원 미만","전남"
"53339723","20240222","불만족하는 편이다","여가생활을 충분히 즐길만한 시간적 금전적 여유 없음 물가상승 대비 소득이 따라가지못함","F","30대","500~700만원 미만","전북"
"53339995","20240222","만족하는 편이다","주변여건이 잘 갖추어져 있다","M","50대","700만원 이상","경기"
"53340015","20240222","만족하는 편이다","주변에 하천과 체육시설이 있어 운동하기도 편하고 대체로 만족함","M","19~29세","500~700만원 미만","경기"
"53340097","20240222","보통이다","좋지도 나쁘지도 않음","M","19~29세","300~500만원 미만","서울"
"53340525","20240222","보통이다","보통이니까","M","60대","300만원 미만","경기"
"53340860","20240222","보통이다","요즘 바쁜 업무로 인해 여가시간을 가지기 어려워서","F","40대","없음/모름/무응답","강원"
"53340988","20240222","보통이다","자녀학업 때문에 시간적 여유가 없었다","F","50대","700만원 이상","경기"
"53341002","20240222","보통이다","시긴과 비용이 부담스럽다","M","50대","500~700만원 미만","대구"
"53341180","20240222","보통이다","평소와 같은 패턴이다","M","50대","700만원 이상","경기"
"53341310","20240222","만족하는 편이다","스트레스 없어서","M","19~29세","300~500만원 미만","충남"
"53341350","20240222","보통이다","큰 변화 없음","M","19~29세","없음/모름/무응답","서울"
"53341454","20240222","만족하는 편이다","건강과 여유을 느낄 수 있어서","F","50대","500~700만원 미만","충남"
"53341491","20240222","보통이다","익숙해져서","M","60대","500~700만원 미만","경북"
"53341633","20240222","만족하는 편이다","시간증가","M","30대","없음/모름/무응답","서울"
"53341659","20240222","만족하는 편이다","여유로워져서","F","50대","700만원 이상","서울"
"53341881","20240222","보통이다","별로 하는게 없어서","M","50대","없음/모름/무응답","서울"
"53341891","20240222","만족하는 편이다","공연관람후 만족","F","30대","500~700만원 미만","경기"
"53341895","20240222","보통이다","혼자 즐기는 여가라서 그때 그때 다르다","F","40대","700만원 이상","전북"
"53342076","20240222","보통이다","경제적인 문제","M","40대","500~700만원 미만","부산"
"53342224","20240222","보통이다","자금력에 비해 시간ㅇㆍ 부족","M","50대","700만원 이상","경기"
"53342422","20240222","불만족하는 편이다","시간이 없어서","F","60대","300~500만원 미만","서울"
"53342543","20240222","만족하는 편이다","한동안 여행을 못했었는데... 올해는 여행을 열심히 다니고 있음. 그래서 만족함.","F","60대","300~500만원 미만","서울"
"53342747","20240222","만족하는 편이다","해외여행","M","30대","300만원 미만","경북"
"53342780","20240222","불만족하는 편이다","여유시간이 없음 정보도 부족","M","40대","300만원 미만","경남"
"53342921","20240222","만족하는 편이다","불편을 느끼지 않았기때문에","M","60대","300만원 미만","경기"
"53342945","20240222","보통이다","군인","M","19~29세","없음/모름/무응답","경기"
"53343142","20240222","만족하는 편이다","여가시간이 여유가 있어니까 만족 합니다","M","60대","500~700만원 미만","인천"
"53343151","20240222","만족하는 편이다","돈이많이드는것 지양","F","50대","300~500만원 미만","충남"
"53343466","20240222","보통이다","경제적 이유","F","19~29세","300만원 미만","인천"
"53343701","20240222","보통이다","변하지 않을 거기 때문","M","30대","300만원 미만","서울"
"53343735","20240222","만족하는 편이다","연애하면서 여기저기 많이 놀러다님","F","19~29세","300~500만원 미만","경기"
"53343775","20240222","만족하는 편이다","여가의 의미에 맞게 시간을 보냈다고 생각해서","M","50대","300~500만원 미만","경기"
"53343813","20240222","보통이다","경제적 시간적 여유가 충분하지 않았어요.","F","50대","없음/모름/무응답","경남"
"53343935","20240222","보통이다","시간은 그대로고 제대로 휴식을 취하기 힘들어서","M","30대","300~500만원 미만","울산"
"53343951","20240222","보통이다","여행을 가고 싶지만 경제적 계절적 이유로 제한됨","F","40대","500~700만원 미만","강원"
"53344289","20240222","보통이다","시간적 여유가 부족함","M","40대","700만원 이상","대구"
"53344313","20240222","만족하는 편이다","시간적 경제적 으로 영향없이 자으롭게 이용할수있다","F","50대","700만원 이상","대구"
"53344506","20240222","보통이다","생각하기 나름이기 때문","M","40대","300만원 미만","서울"
"53344690","20240222","만족하는 편이다","적당한 휴식","M","50대","없음/모름/무응답","서울"
"53344760","20240222","만족하는 편이다","시간이 많아서","M","19~29세","700만원 이상","서울"
"53345146","20240222","만족하는 편이다","충분히 즐겼음","M","30대","500~700만원 미만","강원"
"53345227","20240222","불만족하는 편이다","근처 10킬로 반경이내 뮤지컬이나 연극을 볼수있는곳이 없음","F","30대","300~500만원 미만","충북"
"53345243","20240222","만족하는 편이다","즐겁고","M","50대","300만원 미만","충남"
"53345292","20240222","만족하는 편이다","여유돈이 생겨서 좋아요","M","50대","500~700만원 미만","경남"
"53345302","20240222","보통이다","일한다고","M","19~29세","없음/모름/무응답","경기"
"53345405","20240222","만족하는 편이다","크게 불만족스러운 것이 없어서","F","19~29세","300만원 미만","서울"
"53345407","20240222","만족하는 편이다","여가 시간이 충분하고 하고 싶은 활동도 만족스럽게 하고 있어서","F","40대","300~500만원 미만","서울"
"53345432","20240222","보통이다","작년이랑 비교 별 차이 없어서","F","40대","500~700만원 미만","경북"
"53345516","20240222","만족하는 편이다","하고싶은모두할수있기때문","M","60대","300만원 미만","강원"
"53345554","20240222","만족하는 편이다","여유를 즐기고 건강을 위해서","M","60대","500~700만원 미만","경기"
"53345674","20240222","보통이다","마음의 여유가 없었음","F","50대","없음/모름/무응답","경기"
"53345832","20240222","보통이다","기본적으로 보내는 여가활동이라 그다지 변화없다","F","50대","없음/모름/무응답","서울"
"53346076","20240222","만족하는 편이다","돈있으면 노는게 최고","M","60대","300~500만원 미만","서울"
"53346084","20240222","보통이다","지방은 문화컨텐츠가 많이 없음","F","30대","500~700만원 미만","부산"
"53346105","20240222","만족하는 편이다","큰 탈 없이 원하는 것을 하면서 보냈음.","M","19~29세","300~500만원 미만","강원"
"53346140","20240222","만족하는 편이다","시간 비용 접근성 등","M","50대","700만원 이상","서울"
"53346168","20240222","만족하는 편이다","시간적으로 여유가 생김","F","50대","700만원 이상","서울"
"53346191","20240222","보통이다","경제적 여건","M","50대","300~500만원 미만","서울"
"53346263","20240222","보통이다","주위에 다양한 시설이 없음","M","50대","700만원 이상","경기"
"53346278","20240222","만족하는 편이다","정보수집 채널이 다양하어 알차게 여가생활 만끽","M","50대","700만원 이상","경기"
"53346290","20240222","만족하는 편이다","시간적 여유가 있어서","F","40대","300~500만원 미만","강원"
"53346293","20240222","보통이다","경제적인 능력이나 시간적여유때문","F","60대","700만원 이상","충북"
"53346422","20240222","만족하는 편이다","충분한 시간이 주어져 여유롭게 여가를 즐길 수 있었다","F","40대","500~700만원 미만","경북"
"53346535","20240222","만족하는 편이다","인프라가 좋아서","F","19~29세","없음/모름/무응답","서울"
"53346626","20240222","만족하는 편이다","심신의 안정 주는 여유로운 멍타임을 많이 가지는 편이라 만족하는편이라 답변함","F","50대","300~500만원 미만","경기"
"53346638","20240222","만족하는 편이다","가족과 함께 여행 다니니까 좋았어요.","F","40대","300~500만원 미만","경기"
"53346660","20240222","보통이다","시간이 좀 부족함","F","40대","500~700만원 미만","경북"
"53346756","20240222","만족하는 편이다","운동으로 건강증진","F","30대","700만원 이상","인천"
"53346757","20240222","보통이다","색다른경험이 필요","M","40대","700만원 이상","경기"
"53346789","20240222","불만족하는 편이다","시간이없어서","F","19~29세","300~500만원 미만","울산"
"53346794","20240222","보통이다","평일에는 회사와 육아때문에 여가시간에 대한 여유가없지만 주말에는 대체적으로 여유가 있는편이다","M","30대","700만원 이상","전북"
"53346801","20240222","보통이다","시간이 부족함","F","60대","700만원 이상","서울"
"53346827","20240222","보통이다","수입이 줄어서","M","50대","300~500만원 미만","대구"
"53346878","20240222","만족하는 편이다","원하는 여가생활을 많이 할 수 있었음","M","19~29세","없음/모름/무응답","충북"
"53346882","20240222","보통이다","오르지않는 급여","F","40대","300~500만원 미만","서울"
"53346966","20240222","보통이다","금전.시간이 부족한 편이다","F","40대","300~500만원 미만","경북"
"53347041","20240222","보통이다","시간적 제약이 있어서","M","50대","300~500만원 미만","경북"
"53347048","20240222","보통이다","시간없음","F","60대","300만원 미만","서울"
"53347109","20240222","보통이다","적당히 만족스러워서","F","40대","700만원 이상","경남"
"53347700","20240222","보통이다","좋지도 나쁘지도 않아서","M","40대","없음/모름/무응답","강원"
"53347799","20240222","만족하는 편이다","시간적여유","F","40대","500~700만원 미만","서울"
"53347835","20240222","보통이다","특별한건 없다","F","40대","300~500만원 미만","경기"
"53347926","20240222","보통이다","변한것이 없어서","F","40대","500~700만원 미만","서울"
"53347992","20240222","보통이다","경제적 시간적 여유가 없었다","F","50대","300만원 미만","전남"
"53348012","20240222","불만족하는 편이다","휴무 시간부족","M","50대","500~700만원 미만","경기"
"53348026","20240222","보통이다","특별히 변동도 없고 항상 비슷하다","M","40대","없음/모름/무응답","전남"
"53348225","20240222","만족하는 편이다","편의시절이 다양하다","F","30대","500~700만원 미만","경기"
"53348341","20240222","보통이다","물가가비싸서여가생활이어렵다","F","50대","300만원 미만","전북"
"53348509","20240222","보통이다","항상비슷한 상황","F","60대","500~700만원 미만","울산"
"53348760","20240222","보통이다","이전과 별반 차이없슴","M","50대","500~700만원 미만","부산"
"53348783","20240222","만족하는 편이다","금전적 여유","M","30대","300~500만원 미만","서울"
"53348786","20240222","매우 만족한다","필요할 때 필요한 만큼 즐겼기때문에","F","30대","없음/모름/무응답","전북"
"53348858","20240222","보통이다","즐겁긴 하지만 시간, 금전 문제로 아쉬움이 있음.","M","30대","300~500만원 미만","강원"
"53349072","20240222","만족하는 편이다","시간을 여유있게 사용할수있어서 만족한다","M","60대","300만원 미만","부산"
"53349102","20240222","매우 만족한다","원하는 시간에 원하는 운동을 할 수 있음","F","40대","500~700만원 미만","강원"
"53349143","20240222","보통이다","시간부족으로","F","40대","700만원 이상","충남"
"53349183","20240222","보통이다","전과의 생활과 큰 변화가 없기 태문","F","60대","300~500만원 미만","경북"
"53349190","20240222","만족하는 편이다","마음의 안정","F","19~29세","300~500만원 미만","충남"
"53349200","20240222","만족하는 편이다","다양한 활동에 대한 지원이 늘고있어서","F","19~29세","300만원 미만","인천"
"53349529","20240222","보통이다","일반적인 루틴","M","50대","500~700만원 미만","경기"
"53350089","20240222","매우 불만족한다","교통이 너무 불편하다. 버스 배차시간이 너무 길다","F","60대","300~500만원 미만","경기"
"53350251","20240222","만족하는 편이다","낮은 주거지가 바다와 산이 인접하고 저녁 산책 시 야경이 너무 아름다워 운동 ㆍ걷기를 지속적으로 할 수 있는 여건임","F","60대","700만원 이상","부산"
"53350423","20240222","만족하는 편이다","혼자도 잘 다닐 수 있기 때문","F","19~29세","없음/모름/무응답","경기"
"53350451","20240222","보통이다","특별히 없다","F","50대","700만원 이상","경기"
"53350484","20240222","불만족하는 편이다","물가가 너무 높아요","M","40대","300~500만원 미만","전북"
"53350489","20240222","보통이다","시간적 여유 없음","F","19~29세","없음/모름/무응답","충북"
"53350652","20240222","보통이다","전체적으로 비교했을때 활동이 크게 변하지 않아서","M","19~29세","없음/모름/무응답","대전"
"53350672","20240222","보통이다","물질적으로 풍족하지 않기 때문에 여유롭게 여가활동을 하기가 힘들다","M","60대","300만원 미만","부산"
"53350877","20240222","보통이다","시간적. 경제적으로 그냥 그렇기 때문에... 좋지도 나쁘지도....","F","60대","300~500만원 미만","서울"
"53350901","20240222","만족하는 편이다","스트레스 감소","F","40대","700만원 이상","강원"
"53350928","20240222","보통이다","없음","M","40대","없음/모름/무응답","경북"
"53350952","20240222","만족하는 편이다","좋아하는 것을 하기 때문에","F","60대","300~500만원 미만","대구"
"53351062","20240222","매우 만족한다","하고자 하는 일들을 조금씩이라도 다 하고 있으므로","F","40대","500~700만원 미만","강원"
"53351241","20240222","만족하는 편이다","충분히 즐길거리를 즐겼다고 생각해서","M","19~29세","700만원 이상","전남"
"53351493","20240222","만족하는 편이다","시간에 규제없이 자유롭게","F","50대","700만원 이상","광주"
"53351613","20240222","보통이다","해보고 싶은것도 있으나 시간적으로 조금 아쉽고 경제적으로도 하기가 어렵다.","F","60대","300~500만원 미만","서울"
"53351811","20240222","보통이다","경제적 여유 부족","F","30대","300~500만원 미만","경기"
"53352042","20240222","불만족하는 편이다","회원들간의 이견이 달라서 모이기가 어 렵다","M","60대","500~700만원 미만","강원"
"53352140","20240222","만족하는 편이다","하고싶은 여가생활을 보내기때문에","F","30대","300~500만원 미만","부산"
"53352550","20240222","보통이다","시간이 적당해서","M","60대","300만원 미만","전북"
"53352553","20240222","보통이다","비습한시간 같은 코스로 움직인다","M","40대","300만원 미만","서울"
"53352561","20240222","만족하는 편이다","적당히 시간을 보냄","F","40대","500~700만원 미만","부산"
"53352578","20240222","만족하는 편이다","여유가생김","M","40대","300만원 미만","인천"
"53352843","20240222","보통이다","여건상","F","40대","300만원 미만","충남"
"53352885","20240222","보통이다","상황에 따라 지출이 생각보다 많을때도 있음","M","50대","300~500만원 미만","경기"
"53352915","20240222","보통이다","금전문재","M","60대","300~500만원 미만","인천"
"53352949","20240222","만족하는 편이다","인프라 및 시스템이 좋다","M","60대","700만원 이상","서울"
"53353090","20240222","보통이다","여가를 즐길 시간저켱제적 여유가 없어서","F","50대","없음/모름/무응답","강원"
"53353186","20240222","보통이다","경제적이나 시간적으로이정도면 만족합니다","F","50대","500~700만원 미만","경남"
"53353207","20240222","만족하는 편이다","여유 시간이 많아져 정신적인 만족도가 올랐다고 느낌","F","19~29세","300~500만원 미만","경남"
"53353241","20240222","보통이다","이용하고 싶은 시설의 미비","F","60대","없음/모름/무응답","충남"
"53353259","20240222","만족하는 편이다","꾸준히 운동하며 건강을 지키며 지인들과 대화할 수 있어 스트레스 해소에 도움이 됨","F","50대","700만원 이상","경남"
"53353317","20240222","만족하는 편이다","많은 비용이 들지않아 좋습니다","M","19~29세","300~500만원 미만","강원"
"53353352","20240222","보통이다","그냥","M","50대","500~700만원 미만","경남"
"53353511","20240222","만족하는 편이다","여가활동에만족한편이다","M","60대","300만원 미만","서울"
"53353643","20240222","보통이다","주변에 시설들이 너무 노후화되어있고 갈만한 곳 들이 부족함","F","19~29세","300만원 미만","전북"
"53353677","20240222","만족하는 편이다","연인","M","19~29세","300~500만원 미만","세종"
"53353716","20240222","만족하는 편이다","경제적인면이 안정되어서","F","60대","없음/모름/무응답","서울"
"53353841","20240222","매우 불만족한다","윤석렬이가 서민들 다 죽이는데 돈이 어디 있고 물가는 얼마나 올라는지 알고 있는지 모르겠네 금리 물가 세금등 다 올라 가는데 내 월급만 그대로 있는데 무슨 여가생활이야 버티는것도 이젠 한계다","M","50대","300~500만원 미만","강원"
"53353848","20240222","만족하는 편이다","적당한 비용과 시간이 주어져서 가족들과 함께할수 있엇니","M","50대","500~700만원 미만","울산"
"53353874","20240222","만족하는 편이다","원하는 활동을 했기 때문에","M","50대","700만원 이상","충북"
"53353883","20240222","보통이다","날씨","M","60대","300만원 미만","대전"
"53353921","20240222","불만족하는 편이다","경비문제","M","40대","300~500만원 미만","충북"
"53354066","20240222","만족하는 편이다","취직 전이라 시간이 좀 있어서","M","19~29세","없음/모름/무응답","충북"
"53354076","20240222","보통이다","충분한 시간이 없어서","M","50대","500~700만원 미만","부산"
"53354093","20240222","만족하는 편이다","방학을 맞이해서 여유롭기 때문에","M","19~29세","500~700만원 미만","경북"
"53354246","20240222","만족하는 편이다","시간적여유나 경제적으로 만족하는편이다","F","50대","700만원 이상","서울"
"53354286","20240222","만족하는 편이다","지인들과 카페.맛집을 찾아 즐건시간을 보냇습니다. 2월에도 즐건시간을 보내기 위해 준비중입니다","F","60대","300~500만원 미만","서울"
"53354296","20240222","보통이다","비슷함","M","50대","없음/모름/무응답","경기"
"53354382","20240222","불만족하는 편이다","시간도 돈도 부족함","M","50대","300만원 미만","서울"
"53354550","20240222","보통이다","겨울철이라 조금 위축됨","M","40대","700만원 이상","서울"
"53354581","20240222","불만족하는 편이다","일하는 시간때문에 & 쉬는날이 일정치 않아서 여가생활을 즐길 여유가 많이 없음","F","19~29세","500~700만원 미만","대구"
"53354592","20240222","보통이다","여가가 나면 활동하는 편","F","60대","300만원 미만","경남"
"53354638","20240222","만족하는 편이다","주변에 여가를 누릴 환경이 잘 조성되어있고 비용이 많이 들지않아서","F","30대","300만원 미만","부산"
"53354663","20240222","보통이다","비용과 루트","F","50대","500~700만원 미만","경기"
"53354836","20240222","보통이다","인사이동으로 인한 시간부족","M","50대","500~700만원 미만","서울"
"53354922","20240222","만족하는 편이다","불편하지도 않고 나름 괜찮고 다만 경제적으로 물가가 비싸지니 아쉬움","M","30대","300~500만원 미만","경기"
"53355042","20240222","만족하는 편이다","돈이 없지만 집에서 나름 하고싶은 것들을 할 수 있다","F","19~29세","300만원 미만","서울"
"53355049","20240222","보통이다","그냥요","M","19~29세","없음/모름/무응답","경기"
"53355070","20240222","불만족하는 편이다","시간도 없고 경제적 여유도 없어서 만족스런 여가 활동을 할 수 없다","F","60대","300만원 미만","서울"
"53355073","20240222","보통이다","만족","M","50대","300만원 미만","경기"
"53355177","20240222","보통이다","충분한 시간적 여유가없어서","F","50대","700만원 이상","전북"
"53355262","20240222","만족하는 편이다","좋아","M","19~29세","없음/모름/무응답","경북"
"53355447","20240222","보통이다","그냥 전체적으로 특별한불만도 특별한 만족도도 없습니다","F","40대","500~700만원 미만","경북"
"53355594","20240222","보통이다","만족스럽게 즐기지 못하고 있어서","F","40대","500~700만원 미만","경북"
"53355870","20240222","만족하는 편이다","그른거 같아","M","50대","700만원 이상","서울"
"53355910","20240222","보통이다","업무적인 일이 많아서","F","50대","700만원 이상","경기"
"53355929","20240222","만족하는 편이다","하고 싶은 활동을 거의 다 하고 있음","F","19~29세","300만원 미만","서울"
"53356207","20240222","불만족하는 편이다","여가생활을 즐길 시간이 부족해서","F","19~29세","700만원 이상","경기"
"53356266","20240222","만족하는 편이다","시간 경제적 여유가 생겨 비교적 조금 더 자유롭게 여가 시간을 보낼 수 있었기 때문이다","F","19~29세","300~500만원 미만","서울"
"53356361","20240222","만족하는 편이다","여행 시간많음","M","50대","300만원 미만","충남"
"53356405","20240222","만족하는 편이다","스포츠 영화 등을 많이 봄","M","50대","700만원 이상","광주"
"53356500","20240222","만족하는 편이다","생활에 여유가있다","M","30대","300~500만원 미만","광주"
"53356566","20240222","만족하는 편이다","구에서 운동할수 있게 많이 신경써주시는거같다","F","60대","300~500만원 미만","서울"
"53356781","20240222","보통이다","여가활동이 많이 늘어나거나 하지않고 보통(평균적)으로 생활해서...","M","50대","300~500만원 미만","경기"
"53356789","20240222","만족하는 편이다","여가시간이 넉넉한 편이라서","F","19~29세","없음/모름/무응답","경기"
"53356810","20240222","불만족하는 편이다","여유가없음 시간 돈 가족 친구등등","M","40대","300~500만원 미만","인천"
"53356831","20240222","만족하는 편이다","쉬고싶을때 쉬었고 가고싶은곳에 같이있고싶은사람과 있었기 때문이다.","F","19~29세","300만원 미만","경기"
"53356841","20240222","보통이다","직장업무","F","50대","700만원 이상","전남"
"53356845","20240222","만족하는 편이다","불만이 없다","F","19~29세","없음/모름/무응답","서울"
"53356977","20240222","만족하는 편이다","시간도 맞고 여유있어서 좋았다","F","40대","300~500만원 미만","경기"
"53357060","20240222","만족하는 편이다","스트레스해소가 잘되고있다","M","40대","700만원 이상","서울"
"53357086","20240222","불만족하는 편이다","인프라부족","F","19~29세","없음/모름/무응답","경북"
"53357163","20240222","만족하는 편이다","생활형편에 맞춰 만족하는편이다","F","60대","500~700만원 미만","전남"
"53357179","20240222","매우 만족한다","가족과 같이 하기 때문에","M","40대","300~500만원 미만","경기"
"53357227","20240222","보통이다","일정한수얍","M","40대","300~500만원 미만","경기"
"53357300","20240222","만족하는 편이다","할 수 있을때 할수 있다","M","60대","700만원 이상","경기"
"53357362","20240222","보통이다","항상 있었던 일이라 특별한 경험이 없다","M","60대","700만원 이상","광주"
"53357443","20240222","보통이다","크게 만족한 것이 아니기 때문","F","40대","500~700만원 미만","경기"
"53357587","20240222","만족하는 편이다","만족하며 잘 하고 있다","F","30대","300~500만원 미만","전남"
"53357691","20240222","보통이다","육아로 인한 제한적","M","30대","300~500만원 미만","경남"
"53357914","20240222","만족하는 편이다","할인혜택을받고있어금전적부담없이즐겨서만족","F","40대","300~500만원 미만","서울"
"53358181","20240222","보통이다","학업 때문에 여가 시간 감소","M","19~29세","없음/모름/무응답","광주"
"53358234","20240222","보통이다","별 변화가 없어서","F","50대","500~700만원 미만","충북"
"53358289","20240222","보통이다","개인시간이 별루 없어서","M","30대","없음/모름/무응답","서울"
"53358512","20240222","만족하는 편이다","하고싶은걸 할 수 있다","F","40대","700만원 이상","경기"
"53358715","20240222","만족하는 편이다","시간.돈.장비등이 갖춰져있어 부대비용이 필요없다","F","50대","700만원 이상","서울"
"53358732","20240222","보통이다","더 활동적으로 보내야했으나 일상의 피곤함으로 계획대로 여가시간을 보내지 못함","F","30대","300~500만원 미만","강원"
"53358744","20240222","불만족하는 편이다","몸이 불편하여 제대로 하지 못함","M","60대","700만원 이상","경기"
"53359085","20240222","보통이다","그냥 똑같은 일상","F","30대","300~500만원 미만","경남"
"53359093","20240222","만족하는 편이다","돈도 안쓰고 생활해서","M","19~29세","없음/모름/무응답","서울"
"53359275","20240222","보통이다","예전보다 몸이 안좋아 여가생활하가가 예전에 비해 조금 줄어들거 같아서 보통이다 눌렀습니다","F","60대","300만원 미만","경기"
"53359374","20240222","만족하는 편이다","퇴직으로 시간적 여유가 많아짐","F","60대","700만원 이상","서울"
"53359545","20240222","매우 만족한다","늦은 출근시간있어서 반차쓸수있습니다","M","19~29세","500~700만원 미만","강원"
"53359548","20240222","만족하는 편이다","시간이 충분","M","19~29세","700만원 이상","전남"
"53359629","20240222","만족하는 편이다","건강상태에 따라 달라진다","F","50대","500~700만원 미만","서울"
"53359661","20240222","보통이다","특별한 이유가 없다","M","50대","500~700만원 미만","강원"
"53359738","20240222","만족하는 편이다","효율적인 여행이 가능","M","40대","없음/모름/무응답","서울"
"53360068","20240222","만족하는 편이다","여가생활은 전부터 만족하고 있았기 때문에","M","19~29세","없음/모름/무응답","경남"
"53360147","20240222","보통이다","항상 하는거라.....","M","50대","500~700만원 미만","전남"
"53360280","20240222","만족하는 편이다","내가 계획한 것을 어렵지 않게 실행할 수 있었기 때문에","M","50대","300~500만원 미만","경북"
"53360464","20240222","만족하는 편이다","가까운 지역으로 모임을 가서 지인들과 시간을 ㅂㆍㄷ내서","F","40대","300만원 미만","전남"
"53360552","20240222","불만족하는 편이다","육아로 시간도 없고 대출금값느라 돈도 없다","F","40대","300~500만원 미만","대구"
"53360770","20240222","불만족하는 편이다","몸이 불편함","M","40대","500~700만원 미만","서울"
"53360924","20240222","보통이다","거의 집에서 보내는 시간이 많았다","F","50대","500~700만원 미만","전남"
"53360940","20240222","보통이다","비슷","M","19~29세","없음/모름/무응답","경기"
"53361074","20240222","보통이다","딱히 넘치지도 부족하지도 않았고 지난 시간과 비슷해서","M","40대","500~700만원 미만","경기"
"53361161","20240222","만족하는 편이다","이동시긴이 적러서 좋다","F","40대","300~500만원 미만","서울"
"53361182","20240222","보통이다","경제가 나빠지면서 물가가 상승하다보니 여가생활을 영위하기 부담스러워진다","F","40대","500~700만원 미만","울산"
"53361185","20240222","보통이다","너무 바빠서","M","30대","500~700만원 미만","서울"
"53361432","20240222","보통이다","보통이니까요","M","19~29세","없음/모름/무응답","서울"
"53361501","20240222","매우 불만족한다","시간적 여유가 없고 인프라가 구축되어 있지 못해 충분히 즐기지 못했음","F","30대","500~700만원 미만","인천"
"53361535","20240222","만족하는 편이다","동호회 활동으로 활발하게 주말시간을 보내고있다","F","50대","300~500만원 미만","광주"
"53361586","20240222","보통이다","항상 일상처럼 하는 일들임","M","60대","700만원 이상","경기"
"53361629","20240222","보통이다","돈이 너무 많이 듦","F","19~29세","500~700만원 미만","경기"
"53361687","20240222","만족하는 편이다","부족함 없이 원하는 활동을 즐기고 있기 때문","M","19~29세","700만원 이상","대구"
"53361688","20240222","보통이다","주변 여가활동할 프로그램부족과 시간적여유 경제적 여유가 없다","F","50대","300~500만원 미만","서울"
"53362012","20240222","보통이다","휴싣시간이라서 보통임","F","30대","없음/모름/무응답","서울"
"53362128","20240222","보통이다","특별히 즐길거리가없다","F","50대","700만원 이상","전남"
"53362242","20240222","만족하는 편이다","만족","M","19~29세","300~500만원 미만","경기"
"53362244","20240222","보통이다","육아 돌보미로 피로도 증가","M","60대","300~500만원 미만","경기"
"53362273","20240222","보통이다","딱히 별 생각이 없어서.. 그냥 의욕이 없었음","M","30대","300만원 미만","경북"
"53362328","20240222","만족하는 편이다","쉬는시간","F","19~29세","700만원 이상","부산"
"53362359","20240222","불만족하는 편이다","음주.유흥을 하다보면 예상치 못한 비용의 발생","M","50대","700만원 이상","부산"
"53362418","20240222","보통이다","시간이없음","M","30대","300~500만원 미만","서울"
"53362565","20240222","보통이다","보통","M","50대","없음/모름/무응답","강원"
"53362587","20240222","보통이다","큰변화없이 비슷한상황 입니다.","M","60대","300만원 미만","경기"
"53362633","20240222","보통이다","금전적인 여유가 없음","M","40대","300~500만원 미만","대구"
"53362661","20240222","매우 만족한다","하고싶은거 다하고 삼","F","19~29세","300~500만원 미만","경북"
"53362707","20240222","만족하는 편이다","금전적 여유와 시간적 여유가 있었슴","M","60대","300~500만원 미만","서울"
"53362779","20240222","만족하는 편이다","타직업보다 시간적인 면에서 자유롭고 독서를 좋아하는데 전자책 오디오북등 매체가 다양해져서 좋다","F","40대","700만원 이상","강원"
"53362879","20240222","매우 만족한다","쉬는날이 많아 여가시간이 많았으므로서 하고싶은걸 다함","M","19~29세","300만원 미만","경기"
"53363009","20240222","보통이다","남구 시설 불충분","M","40대","500~700만원 미만","대구"
"53363065","20240222","보통이다","전과 변동사항이 없어서","M","60대","500~700만원 미만","서울"
"53363394","20240222","보통이다","보통","M","30대","300~500만원 미만","인천"
"53363445","20240222","만족하는 편이다","만족해서...","F","19~29세","없음/모름/무응답","경북"
"53363501","20240222","만족하는 편이다","한달에 두번 캠핑을 다녀옴","F","40대","300~500만원 미만","대전"
"53363542","20240222","만족하는 편이다","만족함","M","50대","300~500만원 미만","대구"
"53363660","20240222","보통이다","이전과 동일","M","30대","300~500만원 미만","인천"
"53363664","20240222","만족하는 편이다","시간과 금전적 여유","M","50대","700만원 이상","서울"
"53364051","20240222","만족하는 편이다","경제적으로나 여건이 충분해서","M","40대","700만원 이상","세종"
"53364496","20240222","보통이다","불편함이 없었음","F","60대","300만원 미만","광주"
"53364593","20240222","만족하는 편이다","원하는 운동을 하면서 주말에는 편히 쉬거나 잠을 잔다.","M","30대","700만원 이상","울산"
"53364618","20240222","보통이다","없습니다","M","19~29세","없음/모름/무응답","서울"
"53364745","20240222","보통이다","크게 불만 없다","M","19~29세","없음/모름/무응답","강원"
"53364755","20240222","만족하는 편이다","없음","M","19~29세","300만원 미만","충남"
"53364924","20240222","보통이다","딱히 여가생활에 큰 의미를 두고 생각한 적 없기 때문에","F","40대","300만원 미만","부산"
"53364957","20240222","만족하는 편이다","여유가됨","F","40대","700만원 이상","전북"
"53365046","20240222","보통이다","특별한 것이 없어서","F","30대","300~500만원 미만","대전"
"53365191","20240222","만족하는 편이다","내가 하고싶은 일을 할수있고 하고싶은 공부하고 있어서","F","60대","500~700만원 미만","서울"
"53365279","20240222","보통이다","시긴부족","M","40대","500~700만원 미만","경북"
"53365365","20240222","만족하는 편이다","생활하는곳의 환경이 잘 갖춰져 있다","M","50대","300~500만원 미만","부산"
"53365394","20240222","만족하는 편이다","크게 불편함이 없기에","M","50대","300~500만원 미만","대전"
"53365430","20240222","불만족하는 편이다","사람들이 북적거리고 날씨 변화가 힘들게 했다","F","40대","300~500만원 미만","광주"
"53365504","20240222","만족하는 편이다","시간이 충분함","M","30대","없음/모름/무응답","부산"
"53365571","20240222","보통이다","시간 부족","M","40대","500~700만원 미만","서울"
"53365692","20240222","불만족하는 편이다","일에 치여서 개인적인 시간을 보낼 여력이 없음","F","40대","300만원 미만","경기"
"53365861","20240222","불만족하는 편이다","시간이부족합니다.","F","19~29세","700만원 이상","경기"
"53365897","20240222","만족하는 편이다","좋아서하는것이고 건강을위해 하는거라서 만족","F","50대","300~500만원 미만","경북"
"53365989","20240222","매우 불만족한다","병","M","50대","300만원 미만","서울"
"53366271","20240222","보통이다","평상시와 동일해서","F","50대","300만원 미만","충북"
"53366285","20240222","만족하는 편이다","딱히 부족함이 없었다","M","40대","700만원 이상","경기"
"53366534","20240222","만족하는 편이다","여유있다","M","30대","700만원 이상","대구"
"53366596","20240222","보통이다","시건적 여유가 많지는 않아서","M","19~29세","500~700만원 미만","서울"
"53366625","20240222","만족하는 편이다","하고 싶은 여가 활동을 할 수 있어서","F","60대","300~500만원 미만","대전"
"53366736","20240222","보통이다","시간 부족","F","19~29세","700만원 이상","서울"
"53366921","20240222","보통이다","큰 환경이나 여건 변화가 없어서","M","60대","300~500만원 미만","부산"
"53367150","20240222","보통이다","불만족은아니지만 만족이라하기엔 부족한거같아서","M","30대","700만원 이상","경기"
"53367274","20240222","만족하는 편이다","자녀들 방학에 맞춰 다녀 온 여행과 뮤지컬 관람 그리고 어학을 위한 자기계발 시간이 충분했기때문이다.","F","40대","300~500만원 미만","경기"
"53367278","20240222","보통이다","변함없이 즐기는 편임","M","60대","300~500만원 미만","서울"
"53367298","20240222","보통이다","물가상승","M","40대","500~700만원 미만","부산"
"53367415","20240222","보통이다","평상시와 비슷함","M","19~29세","300~500만원 미만","경남"
"53367469","20240222","만족하는 편이다","친구들이랑 일주일에 한번씩 노래교실에서 스트레스도 해소하고 즐거움을 가져다줍니다","F","60대","500~700만원 미만","경남"
"53367564","20240222","만족하는 편이다","즐길 시간이 증가","M","19~29세","700만원 이상","경기"
"53367597","20240222","불만족하는 편이다","하고 ?은것은 많으나 할 수 없어서 시간는 충분하나 같이 있는 사람 눈치가 보여서","M","40대","700만원 이상","인천"
"53367746","20240222","만족하는 편이다","하고싶은건 했기때문","M","40대","500~700만원 미만","서울"
"53367843","20240222","보통이다","생활수준이 거기서거기다","M","50대","300만원 미만","강원"
"53367861","20240222","만족하는 편이다","즐겁습니다","M","40대","없음/모름/무응답","부산"
"53368050","20240222","만족하는 편이다","보고싶으면 보고 가보고싶으면 떠나고","M","50대","500~700만원 미만","제주"
"53368299","20240222","보통이다","보통","M","19~29세","300~500만원 미만","서울"
"53368346","20240222","만족하는 편이다","내가 원하는시간에 원하는 많큼 잘 해서","F","50대","300만원 미만","서울"
"53368466","20240222","만족하는 편이다","물질적 부족함없이 생활했고 휴가도 다녀왔기 때뭉","F","19~29세","700만원 이상","광주"
"53368559","20240222","만족하는 편이다","다양한 것들을 즐길 수 있어서","F","19~29세","700만원 이상","서울"
"53368778","20240222","만족하는 편이다","여가를 즐기기에 주변환경이 불편함을 못느낌","M","40대","300만원 미만","충북"
"53368800","20240222","만족하는 편이다","시간적 경제적 여유있는 생활","M","60대","300만원 미만","대전"
"53368866","20240222","만족하는 편이다","해외여행가봐서","M","19~29세","없음/모름/무응답","부산"
"53369010","20240222","만족하는 편이다","퇴임이후라 프리해서","M","60대","700만원 이상","울산"
"53369011","20240222","보통이다","경제활동이 줄었다","F","60대","300~500만원 미만","경기"
"53369051","20240222","보통이다","나름 잘 즐기지만 돈과 시간이 부족","F","19~29세","300~500만원 미만","경남"
"53369125","20240222","보통이다","코로나 풀리고 사람들이 너무 많다","M","40대","500~700만원 미만","경기"
"53369166","20240222","보통이다","아이가 아직 어려서 제약이 많음","F","40대","300~500만원 미만","서울"
"53369220","20240222","만족하는 편이다","자기만족","M","30대","300만원 미만","경기"
"53369349","20240222","만족하는 편이다","틈틈히 하니까","F","50대","700만원 이상","강원"
"53369442","20240222","만족하는 편이다","여유가생겨 여행할수있어서 너무행복합니다","F","50대","500~700만원 미만","서울"
"53369521","20240222","만족하는 편이다","내가 감당할 수 있는 시간적 경제적 범주 안에서 최선을 다했기 때문~~!!","M","40대","700만원 이상","경남"
"53369594","20240222","만족하는 편이다","친구들과 공연과 등산을 자주해서","F","50대","300~500만원 미만","경남"
"53369764","20240222","보통이다","보통","M","40대","500~700만원 미만","부산"
"53369843","20240222","만족하는 편이다","본인이 좋아하는 생활이므로","M","50대","700만원 이상","광주"
"53369947","20240222","보통이다","다양하게 경험하고싶다","F","40대","500~700만원 미만","전북"
"53370058","20240222","만족하는 편이다","전반적으로는 불만이 없으나 주변 인프라 부족으로 너무 멀리 나가야 함","F","19~29세","500~700만원 미만","경북"
"53370090","20240222","만족하는 편이다","즐거웠다","M","19~29세","500~700만원 미만","광주"
"53370154","20240222","보통이다","시간과 경제적여유 부족","F","30대","300~500만원 미만","대구"
"53371526","20240222","만족하는 편이다","새로운 취미 발견","M","30대","300~500만원 미만","경북"
"53371672","20240222","만족하는 편이다","내가 하고 싶은것을 하고 있기때문에","F","40대","300~500만원 미만","전북"
"53371710","20240222","보통이다","나의 생활수준에 맞게 여가생활을 즐기고있음","M","40대","500~700만원 미만","대전"
"53371711","20240222","불만족하는 편이다","외출을 안했다","F","60대","300만원 미만","경기"
"53371897","20240222","보통이다","보통이라서","M","30대","300만원 미만","경기"
"53372218","20240222","매우 만족한다","큰 불편함 없이 잘 지내고있기 때문","M","19~29세","500~700만원 미만","서울"
"53372294","20240222","불만족하는 편이다","시간이 부족하다","M","40대","700만원 이상","서울"
"53372342","20240222","보통이다","지역에서 관람할 수 있는 스포츠가 한정됨","F","30대","700만원 이상","광주"
"53372394","20240222","보통이다","시간적여유","M","60대","300만원 미만","광주"
"53372578","20240222","보통이다","시간도 여유롭지 않고 피곤하닌깐","F","50대","700만원 이상","경기"
"53372693","20240222","보통이다","시간/여유 용돈 부족","M","50대","300~500만원 미만","경남"
"53372846","20240222","보통이다","매년 비슷하기때문","M","19~29세","500~700만원 미만","경기"
"53372865","20240222","불만족하는 편이다","그냥","F","40대","300만원 미만","전북"
"53372869","20240222","불만족하는 편이다","건강을 위해 걷는 운동외 헬스를 해야하는데 비용이 들고 귀찮아져서","F","50대","300~500만원 미만","서울"
"53372955","20240222","만족하는 편이다","코로나사태로못했는데이제는할수있어","M","60대","300만원 미만","경북"
"53373338","20240222","만족하는 편이다","경제적 워라밸 관점에서 적절한 수준임","M","30대","700만원 이상","서울"
"53373473","20240222","만족하는 편이다","건강에 문제가 없어서","M","60대","없음/모름/무응답","강원"
"53373617","20240222","보통이다","최소한의 여가생활을 보내소 있으므로","M","30대","300~500만원 미만","충남"
"53373814","20240222","보통이다","적은 시간 동안 즐기는 여가이지만 재미있게 보냄","M","30대","300~500만원 미만","경남"
"53373924","20240222","만족하는 편이다","경제적 이나 시간상 맛집음식등","M","60대","500~700만원 미만","서울"
"53374321","20240222","만족하는 편이다","여유있게 계획한것들을 비교적 많이 했다","F","50대","500~700만원 미만","충남"
"53374772","20240222","보통이다","생활 변화가 별루 없음","M","40대","700만원 이상","충북"
"53374854","20240222","보통이다","시간부족 인프라부족","F","40대","300~500만원 미만","서울"
"53375051","20240222","보통이다","주변에 가까운 시설이 없다","F","50대","300~500만원 미만","경기"
"53375292","20240222","보통이다","아기가 낮잠자는 시간이 일정하기에 보통이라고 생각함","M","30대","500~700만원 미만","경기"
"53375300","20240222","보통이다","재미가 없어서","F","40대","없음/모름/무응답","인천"
"53375566","20240222","만족하는 편이다","불편이 없고 그나마 몸이 잘 견딘다","M","60대","700만원 이상","인천"
"53375625","20240222","만족하는 편이다","함께 여가ㅜ보내는 사람이 생김","F","19~29세","500~700만원 미만","경기"
"53375820","20240222","보통이다","가족 내 우환(어머니 병환)으로 인해","M","40대","300~500만원 미만","경기"
"53375928","20240222","불만족하는 편이다","웁ㄱ음","M","19~29세","300만원 미만","대전"
"53376008","20240222","만족하는 편이다","여유롭게 즐겼다","M","30대","300~500만원 미만","경북"
"53376156","20240222","만족하는 편이다","낮에는 혼자있기때문에 ....","F","60대","300만원 미만","서울"
"53376192","20240222","만족하는 편이다","경제적 여유","F","19~29세","300~500만원 미만","경기"
"53376309","20240222","만족하는 편이다","친구","M","30대","500~700만원 미만","경북"
"53376591","20240222","불만족하는 편이다","건강상 이유로","F","50대","없음/모름/무응답","전북"
"53376791","20240222","보통이다","똑같기 때문에","M","40대","300~500만원 미만","광주"
"53376819","20240222","보통이다","특별할게없었음","F","19~29세","300~500만원 미만","서울"
"53376823","20240222","보통이다","금전적 문제","F","60대","700만원 이상","경남"
"53376867","20240222","보통이다","그럭저럭 휴식을 취함","F","30대","없음/모름/무응답","서울"
"53377132","20240222","보통이다","무난무난해서","M","19~29세","없음/모름/무응답","경기"
"53377182","20240222","만족하는 편이다","개인적인 시간이 여유로워서 만족하는편이다","M","60대","300~500만원 미만","경기"
"53377336","20240222","보통이다","최근 시간이 줄어서","F","19~29세","없음/모름/무응답","서울"
"53377410","20240222","보통이다","그냥 큰인프라도 없고 시간때우는 정도로","F","50대","500~700만원 미만","경기"
"53377435","20240222","만족하는 편이다","캠핑하기 좋은 날씨여서 즐길 수 있었다","F","30대","없음/모름/무응답","경기"
"53377436","20240222","만족하는 편이다","내가 활동하는 것들에 대해 성취감과 보람과 기쁨을 느끼고 삶의 활력소가 되어주기 때문에","F","60대","300~500만원 미만","인천"
"53377524","20240222","보통이다","비용 시간적으로 여유롭지 못하다","F","40대","500~700만원 미만","경남"
"169292","20240301","매우 만족한다","가족모두 즐겁고 만족해서","M","50대","700만원 이상","전북"
"268498","20240301","보통이다","보통이다","M","60대","300~500만원 미만","강원"
"348257","20240301","만족하는 편이다","가고 싶을때 가족들과 날짜를 맞춰서 갔다올수 있는게 좋다","F","50대","700만원 이상","광주"
"349724","20240301","불만족하는 편이다","제곧내","M","19~29세","700만원 이상","서울"
"367394","20240301","매우 만족한다","항상 나가는 지출은 한정되어 있고 크게 늘어나지는 않았기 때문입니다.","M","19~29세","500~700만원 미만","인천"
"368919","20240301","매우 불만족한다","경제적으로 어려워 일을하기때문에 시간적인 여유가 없다","F","50대","300만원 미만","경기"
"381651","20240301","만족하는 편이다","시간이 충분해서","F","50대","300~500만원 미만","충남"
"422109","20240301","불만족하는 편이다","시간도부족하고 몸이 아프다보니...","F","60대","300~500만원 미만","제주"
"422135","20240301","매우 만족한다","교재","M","30대","없음/모름/무응답","부산"
"422136","20240301","만족하는 편이다","원하는 활동을 계획대로 실천줄","F","40대","700만원 이상","세종"
"425208","20240301","만족하는 편이다","시간 비용주변환경등","F","60대","500~700만원 미만","부산"
"426782","20240301","보통이다","보통","M","30대","없음/모름/무응답","강원"
"431198","20240301","보통이다","생활에 크게 변화가 없다","M","60대","500~700만원 미만","경기"
"444683","20240301","만족하는 편이다","하고싶은데 못한건 없어서","M","19~29세","없음/모름/무응답","제주"
"444902","20240301","만족하는 편이다","일을 하는 기간이 짧아 여가시간을 보낼 수 있는 기간이 길기 때문이다.","F","19~29세","없음/모름/무응답","제주"
"446070","20240301","불만족하는 편이다","경제적 시간 문제","F","60대","300만원 미만","경기"
"449813","20240301","만족하는 편이다","충분한 시간과 여유를 가지고 즐길수 있어서","M","60대","700만원 이상","광주"
"452029","20240301","보통이다","늘하던대로만 즐겼기때문 이라 생각합니다","F","40대","300~500만원 미만","서울"
"453698","20240301","보통이다","여유 시간 부족","F","30대","없음/모름/무응답","서울"
"454412","20240301","만족하는 편이다","가족 모두와 다양한 여가생활을 할 수 있어서","M","50대","700만원 이상","강원"
"458292","20240301","만족하는 편이다","경제적 여유와 시간적여유가 충분하여 여행을 많이 하는편이다","F","60대","500~700만원 미만","광주"
"460896","20240301","만족하는 편이다","쉬는날 충분히 즐기기때문에...","M","60대","300~500만원 미만","경기"
"462676","20240301","보통이다","경제적으로 여유가 없어서","F","50대","300~500만원 미만","경남"
"463306","20240301","불만족하는 편이다","경제적.시간적여유부족","F","19~29세","300만원 미만","충남"
"463998","20240301","보통이다","요즘 뭔가 의욕이 없고 ?해서리 재미가 없어요","F","50대","700만원 이상","울산"
"464412","20240301","보통이다","경제적인 비용이 부담된다","F","40대","300~500만원 미만","광주"
"467847","20240301","보통이다","만족해서","F","40대","500~700만원 미만","대구"
"469030","20240301","보통이다","아이가 있어서 시간이 엊ㅅ어서","F","30대","300만원 미만","경북"
"469753","20240301","보통이다","시간내기 힘들어서","M","50대","700만원 이상","강원"
"471753","20240301","만족하는 편이다","시간적 경제적 제약없음","M","30대","700만원 이상","서울"
"472532","20240301","불만족하는 편이다","시간적 여유가 없어서","F","50대","500~700만원 미만","경남"
"472839","20240301","만족하는 편이다","회사 워라벨이 만족스러워서","M","19~29세","300~500만원 미만","인천"
"473026","20240301","만족하는 편이다","그래도 시간이 조금은 있어서","M","30대","700만원 이상","경기"
"53322253","20240301","불만족하는 편이다","시간이 부족해서","M","50대","700만원 이상","강원"
"53322296","20240301","만족하는 편이다","그전과 별다르게 시간이 축소되거나 여가생활을 못한 편은 아니기 때문","F","19~29세","500~700만원 미만","전남"
"53322315","20240301","만족하는 편이다","돈을 많이 지출하지 않고도 좋아하는 활동을 했기 때문","F","19~29세","300만원 미만","대구"
"53322802","20240301","만족하는 편이다","하고 싶은거 다 하는 편이라서","F","50대","700만원 이상","강원"
"53322934","20240301","보통이다","없음","M","40대","700만원 이상","서울"
"53323127","20240301","보통이다","변화가 없음","M","60대","300만원 미만","부산"
"53323539","20240301","만족하는 편이다","요가를 통해서 심신 수련으로 우울감 해소 및 건강도 좋아진 느낌","F","60대","700만원 이상","서울"
"53323616","20240301","보통이다","여가시간이 적어서","F","19~29세","없음/모름/무응답","경북"
"53323619","20240301","불만족하는 편이다","시간과 경제적 부족","F","40대","300만원 미만","경기"
"53323771","20240301","불만족하는 편이다","시간부족","M","40대","500~700만원 미만","경기"
"53323784","20240301","보통이다","별반 다를게 없어서","F","40대","500~700만원 미만","충북"
"53324000","20240301","만족하는 편이다","시간, 경제적 여유","M","60대","700만원 이상","강원"
"53324084","20240301","만족하는 편이다","국내여행 및 등산 빈도 증가","M","60대","700만원 이상","강원"
"53324144","20240301","만족하는 편이다","여러 가지 새로운 활동을 해보았고 평소 즐기는 활동들을 할 기회가 많았으며 시간적 경제적 여유와 마음의 안정이 있었기 때문에 만족한다고 생각한다.","F","19~29세","300~500만원 미만","경기"
"53324320","20240301","보통이다","특별한일없음","M","30대","없음/모름/무응답","강원"
"53324419","20240301","불만족하는 편이다","돈도 시간도 없다","M","19~29세","없음/모름/무응답","서울"
"53324440","20240301","만족하는 편이다","누구의 간섭도 없이 원하는 시간에 여가 활동을 할수 있어서 만족합니다","F","60대","700만원 이상","경기"
"53324490","20240301","만족하는 편이다","여유로운생활","M","60대","300만원 미만","대전"
"53324740","20240301","매우 만족한다","바쁜시간 틈을 내 볼 수 있기 때문","F","19~29세","없음/모름/무응답","충남"
"53324825","20240301","보통이다","매일 똑같은 여가생활","F","30대","700만원 이상","서울"
"53325012","20240301","만족하는 편이다","여가시간을 알차게 보내려고 노력한다","M","60대","700만원 이상","충북"
"53325124","20240301","만족하는 편이다","자유롭게 할수있으므로","M","60대","300~500만원 미만","충남"
"53325136","20240301","만족하는 편이다","재미있어서","F","30대","없음/모름/무응답","서울"
"53325431","20240301","보통이다","집안일이 많고 돈 또한 여가생활을 즐기기엔 부족","F","50대","700만원 이상","광주"
"53325599","20240301","만족하는 편이다","여유가많이생겨서","F","40대","500~700만원 미만","서울"
"53325764","20240301","만족하는 편이다","시간이 많아서","F","60대","700만원 이상","서울"
"53325795","20240301","만족하는 편이다","내가 원하는 여가활동이 운좋게 매칭이 잘되어서","M","50대","500~700만원 미만","강원"
"53325838","20240301","보통이다","다 똑같음","F","30대","300~500만원 미만","충북"
"53326014","20240301","보통이다","예전과 비교해서 크게 달라진게 없어서","M","30대","300~500만원 미만","서울"
"53326074","20240301","보통이다","특별한 게 없다","M","50대","없음/모름/무응답","경기"
"53326122","20240301","만족하는 편이다","체육시설이 잘되있어서","M","60대","500~700만원 미만","강원"
"53326139","20240301","보통이다","항상 반복되는 일과","M","40대","700만원 이상","제주"
"53326204","20240301","보통이다","산책로 시설미비","F","60대","없음/모름/무응답","인천"
"53326322","20240301","보통이다","변함없이 헌다","M","60대","500~700만원 미만","경기"
"53326332","20240301","만족하는 편이다","코로나로인해 활동을 못했는데 지금은 어느활동이든 가능하다","M","50대","700만원 이상","제주"
"53326463","20240301","불만족하는 편이다","비싸진 물가","F","19~29세","없음/모름/무응답","서울"
"53326548","20240301","만족하는 편이다","여가생활 즐기는데 장애물이 없다","M","50대","700만원 이상","경기"
"53326625","20240301","보통이다","이제 나이들어서조금씩 힘들어지는것같다","M","60대","없음/모름/무응답","제주"
"53326647","20240301","만족하는 편이다","주변에 문화생활하는데기 ?이 있다","F","30대","없음/모름/무응답","서울"
"53326914","20240301","보통이다","집주변에 산책하는곳이 마땅치 않다","F","60대","500~700만원 미만","경기"
"53326917","20240301","보통이다","딱히 없음","M","30대","300만원 미만","충남"
"53326988","20240301","만족하는 편이다","여가시간 및 공간이 충분하고 비용도 적게드는 편이다","M","60대","500~700만원 미만","서울"
"53327052","20240301","만족하는 편이다","주변에 가깝고 편리한 여가시설이 있어너무 좋음","M","50대","500~700만원 미만","서울"
"53327055","20240301","만족하는 편이다","만족하다","M","30대","300~500만원 미만","세종"
"53327123","20240301","불만족하는 편이다","물가","F","30대","300~500만원 미만","경기"
"53327393","20240301","만족하는 편이다","시간적 여유","M","50대","300~500만원 미만","제주"
"53327598","20240301","보통이다","월급이줄어서","M","40대","300만원 미만","충남"
"53327685","20240301","보통이다","부족한시간","M","50대","700만원 이상","경기"
"53327713","20240301","불만족하는 편이다","꾸준한 운동이 필요. 여가시간이 들쑥날쑥 하고, 경제적인 부분","F","40대","700만원 이상","제주"
"53327853","20240301","만족하는 편이다","내가 하고 싶은 활동을 돈에 구애 받지 않고 하는편","F","50대","500~700만원 미만","경북"
"53328320","20240301","불만족하는 편이다","흥미가 없다","M","50대","300~500만원 미만","서울"
"53328532","20240301","만족하는 편이다","무료로 ㅁ저렴한 비용으로 참여 할. 수 있는 프로그램이 있어 경제적 어려움 없이","F","60대","500~700만원 미만","전남"
"53328544","20240301","만족하는 편이다","시간적인 여유가 예전에 비해 많아졌다","M","50대","300~500만원 미만","경기"
"53328576","20240301","만족하는 편이다","해외여행 18일간","F","60대","500~700만원 미만","강원"
"53328604","20240301","보통이다","시간적 여유","M","30대","300~500만원 미만","경북"
"53328611","20240301","만족하는 편이다","시간여유","M","60대","500~700만원 미만","서울"
"53328732","20240301","만족하는 편이다","잘 보냈다","M","30대","500~700만원 미만","충남"
"53328978","20240301","만족하는 편이다","원하면 가능해서","M","60대","300~500만원 미만","대전"
"53329090","20240301","보통이다","직장생활로 피곤해서 즐기기어려움","F","40대","500~700만원 미만","경기"
"53329180","20240301","만족하는 편이다","원하는만큼의 성과를 얻을수 있어서","F","60대","700만원 이상","충남"
"53329394","20240301","만족하는 편이다","코로나 바이러스 감소","M","19~29세","500~700만원 미만","경기"
"53329604","20240301","만족하는 편이다","불편함 없이 이용하니까","M","50대","300~500만원 미만","인천"
"53329631","20240301","만족하는 편이다","여가생활을 필요한만큼 잘 즐김","F","19~29세","300~500만원 미만","경기"
"53329764","20240301","만족하는 편이다","내가 하고 싶은 걸 하고 좋은 결과가 있어서","F","60대","700만원 이상","서울"
"53329778","20240301","만족하는 편이다","시간이 충분함","M","50대","700만원 이상","강원"
"53329807","20240301","보통이다","엄청재밌는 콘텐츠가 없어서","M","30대","300만원 미만","인천"
"53330017","20240301","보통이다","날씨가 비가많이오는 기간이라. 잦은 예약취소로인해 원하는만큼 활동을 모했습니다","M","60대","없음/모름/무응답","서울"
"53330333","20240301","만족하는 편이다","원하는 시간에 내가 하고 싶은것이나 만나고 싶은 친구들과 시간을 보낼수 있어사~~","F","60대","700만원 이상","강원"
"53330405","20240301","보통이다","평평한 여가생활을 보내고 있음","F","40대","500~700만원 미만","서울"
"53330634","20240301","만족하는 편이다","특별히 불편한점은 크게 없다","M","40대","300~500만원 미만","대전"
"53330675","20240301","보통이다","주1회휴무라누리수있는시간이보통이다","F","50대","없음/모름/무응답","서울"
"53330940","20240301","보통이다","삶이 바빠져서","M","19~29세","300만원 미만","서울"
"53331041","20240301","만족하는 편이다","시간적 여유가 많아서 다양한 여가생활을 할 수 있었음","F","40대","300만원 미만","대구"
"53331113","20240301","만족하는 편이다","적당히 사는 듯하다","F","19~29세","700만원 이상","서울"
"53331191","20240301","만족하는 편이다","집근처에 저렴한 금액으로 할 수있는 시설이 있다","F","40대","700만원 이상","대전"
"53331214","20240301","보통이다","주6일근무","F","30대","700만원 이상","강원"
"53331249","20240301","보통이다","나이가점점많이지니 힘이들어갔니다","M","60대","300만원 미만","경북"
"53331427","20240301","보통이다","금진적인 문제때문","M","50대","300~500만원 미만","경남"
"53331456","20240301","보통이다","평소와 비슷","M","60대","700만원 이상","서울"
"53331609","20240301","보통이다","최근 회사업무로 인하여 시간이 애매해졌습니다","M","40대","700만원 이상","서울"
"53331842","20240301","불만족하는 편이다","출산 후 육아때문에","F","30대","300~500만원 미만","경기"
"53331997","20240301","보통이다","주변환경 변화가 크지않아서","M","30대","700만원 이상","울산"
"53332149","20240301","만족하는 편이다","스트레스해소","F","40대","300만원 미만","인천"
"53332216","20240301","불만족하는 편이다","날씨 등의 이유로 참여 안함","M","60대","300만원 미만","대전"
"53332345","20240301","보통이다","실직하여 시간은 많으나 금전적 여유가 없다.","M","60대","300~500만원 미만","충남"
"53332445","20240301","만족하는 편이다","스트레스 해소용","F","19~29세","없음/모름/무응답","서울"
"53332549","20240301","만족하는 편이다","좋아하는것을 하기때문에","F","60대","300~500만원 미만","강원"
"53332564","20240301","보통이다","전년도와 비슷하여","F","30대","없음/모름/무응답","충북"
"53332600","20240301","보통이다","변화가 없음","M","60대","500~700만원 미만","제주"
"53332641","20240301","매우 만족한다","너무 좋아서","M","19~29세","300만원 미만","서울"
"53332651","20240301","매우 불만족한다","시간이 없음","F","19~29세","없음/모름/무응답","서울"
"53332657","20240301","만족하는 편이다","몸이 아파 야외활동을 못하는데 모바일TV 등으로 여러가지를 즐길 수 있어서 좋다.","F","60대","300만원 미만","경기"
"53332658","20240301","만족하는 편이다","나에게 맞는 운동을하게되서","F","30대","300~500만원 미만","경남"
"53332854","20240301","불만족하는 편이다","시간적 여유가 없음","M","50대","300~500만원 미만","부산"
"53332885","20240301","보통이다","삶의질이 나아지고 있지 않아서","M","40대","300만원 미만","대구"
"53332966","20240301","만족하는 편이다","정시 퇴근이 도움이 된다","M","50대","500~700만원 미만","경기"
"53333100","20240301","보통이다","비용면이나 접근성이 좋지 않음(주차시설 등)","M","30대","300~500만원 미만","서울"
"53333173","20240301","보통이다","비슷해서","M","30대","없음/모름/무응답","강원"
"53333406","20240301","만족하는 편이다","시간과 비용면에서 여유가 있다","M","50대","700만원 이상","경기"
"53333422","20240301","보통이다","배우자가 문화생활을 지지하지 않는다","F","50대","500~700만원 미만","인천"
"53333470","20240301","불만족하는 편이다","경제적 여유가 없어서","M","50대","500~700만원 미만","인천"
"53333534","20240301","보통이다","그?","M","19~29세","300만원 미만","경북"
"53333546","20240301","만족하는 편이다","무직상태여서 시간이많음","M","19~29세","500~700만원 미만","경기"
"53333604","20240301","만족하는 편이다","하고자 하는 활동에 시간 및 금전적으로 여유롭기 때문","M","40대","700만원 이상","광주"
"53333789","20240301","매우 만족한다","여가생활 잘즐기고있어요","F","30대","300~500만원 미만","경기"
"53333839","20240301","만족하는 편이다","휴직중이라 시간이 많다 곧 이직해야하지만","F","40대","700만원 이상","대전"
"53333867","20240301","만족하는 편이다","하고싶을때 언제든지할수 있어서","F","60대","300~500만원 미만","울산"
"53334278","20240301","매우 만족한다","다녀온지 얼마 되지 않음","F","30대","300만원 미만","부산"
"53334299","20240301","보통이다","크게 변화없으므로","M","40대","300~500만원 미만","경기"
"53334445","20240301","보통이다","특별히 늘어나거나 줄어든 여가시간이 없다","M","50대","300~500만원 미만","부산"
"53334551","20240301","보통이다","시간부족","F","50대","300~500만원 미만","서울"
"53334784","20240301","보통이다","특별한거 없어소","M","30대","300~500만원 미만","경기"
"53334857","20240301","만족하는 편이다","전반적으론 비슷하나 만족중이다","M","19~29세","300만원 미만","울산"
"53334955","20240301","보통이다","여가를 즐길만한 체력과 시간이 너무 딸립니다","F","30대","없음/모름/무응답","충남"
"53335022","20240301","보통이다","예년과 비슷한 수입/ 시간/","M","60대","300~500만원 미만","서울"
"53335073","20240301","만족하는 편이다","원하는 활동을 할 수 있어서","F","40대","500~700만원 미만","제주"
"53335150","20240301","만족하는 편이다","여가시간이 충분해서","F","19~29세","700만원 이상","경북"
"53335153","20240301","만족하는 편이다","지인들과 함께 여가생활을 해서","M","50대","없음/모름/무응답","서울"
"53335225","20240301","보통이다","평소와 다름없음","F","30대","300만원 미만","대전"
"53335232","20240301","만족하는 편이다","여가 인프라가 잘가추어져 있고 지자제에서도 예산과 인프라구축에 돈과시간을 들이고 있다","M","40대","500~700만원 미만","세종"
"53335434","20240301","보통이다","별다른 변화가 없음","F","60대","700만원 이상","경남"
"53335489","20240301","만족하는 편이다","시간과 비용적인 측면에서 여가활동이 가능함","M","50대","700만원 이상","서울"
"53335667","20240301","보통이다","여행 등 시간비용","M","50대","700만원 이상","서울"
"53335701","20240301","보통이다","크게 변한게없어서","M","30대","300~500만원 미만","서울"
"53335735","20240301","만족하는 편이다","꾸준히 여가 생활이 가능했기에.","M","40대","500~700만원 미만","경기"
"53336029","20240301","만족하는 편이다","가드닝을하는데 매일하고있움","F","60대","300만원 미만","충남"
"53336199","20240301","보통이다","고물가에 부담된다","M","60대","700만원 이상","서울"
"53336205","20240301","보통이다","여가활동에 큰 관심이 없다.","M","50대","300~500만원 미만","대전"
"53336250","20240301","보통이다","경제력부족과 나이가 들어감으로써 활동량이 적어져서","M","60대","없음/모름/무응답","인천"
"53336321","20240301","보통이다","나름만족하고 있음 물가가 너무비싼게 흠","F","40대","300~500만원 미만","경기"
"53336408","20240301","보통이다","금전적부족","F","40대","500~700만원 미만","전북"
"53336433","20240301","불만족하는 편이다","경제적이유와 시간","F","60대","500~700만원 미만","서울"
"53336731","20240301","보통이다","여가생활 주변 인프라 부족","F","30대","500~700만원 미만","제주"
"53336868","20240301","보통이다","평소처럼 여가생활","M","40대","300만원 미만","인천"
"53336998","20240301","보통이다","큰 만족감이 없고 그저 습관적인 활동이어서.","M","50대","300~500만원 미만","경북"
"53337146","20240301","보통이다","시간적 여유가 없다","F","40대","500~700만원 미만","대구"
"53337151","20240301","불만족하는 편이다","경제적 여유 부족해서","M","60대","300만원 미만","전북"
"53337251","20240301","만족하는 편이다","여가활동을 함으로써 스트레스가 해소됐기 때문","F","30대","700만원 이상","경기"
"53337596","20240301","만족하는 편이다","편안하게 여가생활을 할 수 있으므로.","M","60대","300~500만원 미만","서울"
"53337681","20240301","보통이다","혼자서는 보통","M","40대","500~700만원 미만","경남"
"53337724","20240301","보통이다","변화가 없어서","M","50대","700만원 이상","서울"
"53337805","20240301","보통이다","시간 및 경제적 여건 부족","M","50대","500~700만원 미만","경기"
"53337818","20240301","보통이다","특별히 즐거운 경험이 없음","M","30대","없음/모름/무응답","서울"
"53337824","20240301","만족하는 편이다","댄스파티에 참가해 즐겼습니다","M","40대","300~500만원 미만","대구"
"53337953","20240301","보통이다","그냥 펑범했다","F","19~29세","없음/모름/무응답","강원"
"53338121","20240301","불만족하는 편이다","직장업무과다","M","50대","500~700만원 미만","인천"
"53338234","20240301","불만족하는 편이다","여가시간이 부족함","F","19~29세","300만원 미만","서울"
"53338496","20240301","매우 불만족한다","물가상승 시간부족","M","30대","없음/모름/무응답","전북"
"53338502","20240301","보통이다","예약하기 힘들었음","F","50대","700만원 이상","서울"
"53338547","20240301","보통이다","원할때 큰 제약없이 할 수 있어서","F","30대","700만원 이상","서울"
"53338566","20240301","만족하는 편이다","수영을 시작하게된것","F","19~29세","없음/모름/무응답","서울"
"53338646","20240301","보통이다","그저 그럼","M","40대","300만원 미만","경기"
"53338679","20240301","매우 불만족한다","시모 돌봄과 손주 육아로 인한 개인적인 이유로 시간 부족해서충분히 운동할 수 없다","F","60대","300~500만원 미만","서울"
"53338689","20240301","보통이다","시간을 효율적으로 사용하지 못했다","F","50대","700만원 이상","인천"
"53338840","20240301","보통이다","주변 인프라가 없다","F","60대","300~500만원 미만","충북"
"53338934","20240301","만족하는 편이다","시간의 여유가 조금 생겨 문화와 여행을 즐겨서 스트레스 해소와 휴식을 가져서","F","40대","300만원 미만","경북"
"53339654","20240301","매우 불만족한다","여가시간을 보내는 여유가 없었기 때문에","F","19~29세","300만원 미만","강원"
"53339681","20240301","보통이다","이동시간 및 지출비용이 큼","F","19~29세","500~700만원 미만","광주"
"53339693","20240301","불만족하는 편이다","경제적으로 여유가없다","M","60대","없음/모름/무응답","경기"
"53339756","20240301","만족하는 편이다","접근이 편한곳에 적절하게 운동할만한 장소가 있고 문화생활 등 즐기기에 인프라 훌륭","M","40대","700만원 이상","서울"
"53340139","20240301","보통이다","바빠서","F","50대","300만원 미만","경기"
"53340152","20240301","만족하는 편이다","아프지만 여유롭게 만족한다","M","50대","700만원 이상","전북"
"53340185","20240301","보통이다","중요하게생각하지않아서","M","60대","300만원 미만","서울"
"53340256","20240301","보통이다","부족하지도 과하지도 않다는 의미","M","60대","500~700만원 미만","서울"
"53340266","20240301","만족하는 편이다","여가생활을 충분이즐긴다고 생각함","M","50대","300~500만원 미만","광주"
"53340419","20240301","만족하는 편이다","내가 하고 싶은 활동들(영화 감상, 웹툰 보기, 웹소설 읽기 등)을 충분히 할 시간이 있었고, 이를 잘 수행했기 때문이다.","M","30대","300~500만원 미만","강원"
"53340827","20240301","보통이다","시간의 여유는 생겼으나 믈가가 많이 올라서 만족도가 보통이다.","M","30대","700만원 이상","서울"
"53341064","20240301","매우 만족한다","인프라 충분","F","19~29세","300만원 미만","경북"
"53341204","20240301","만족하는 편이다","시간이 없으니 그 짧게나마 한 시간에 만족하는듯함","F","40대","500~700만원 미만","제주"
"53341341","20240301","보통이다","평이하다","M","50대","700만원 이상","부산"
"53341473","20240301","불만족하는 편이다","시간적 여유와 경제적으로 넉넉치 않기 때문에","F","40대","300~500만원 미만","강원"
"53341503","20240301","보통이다","큰 변화없는 여가활동중","M","40대","700만원 이상","서울"
"53341638","20240301","만족하는 편이다","어려운일이 없어서","M","50대","700만원 이상","전북"
"53341756","20240301","매우 만족한다","국내여행 휴가로 다녀옴","F","50대","300~500만원 미만","서울"
"53341783","20240301","만족하는 편이다","원하는걸 찾아 할 수 있어서","F","40대","300~500만원 미만","경남"
"53341868","20240301","보통이다","특별하지 않아서","F","40대","300~500만원 미만","인천"
"53341970","20240301","불만족하는 편이다","시간 금전적 여유가 없었음","M","30대","300만원 미만","서울"
"53342001","20240301","불만족하는 편이다","시간적 여유부족","M","40대","700만원 이상","울산"
"53342054","20240301","보통이다","여건이 안된다","F","60대","300~500만원 미만","서울"
"53342222","20240301","만족하는 편이다","원하는 시간에 원하는 활동들을 해서 만족하는 편입니다","M","19~29세","300만원 미만","경기"
"53342378","20240301","만족하는 편이다","시간여유 경제적 만족 가족지원","F","50대","300만원 미만","인천"
"53342571","20240301","보통이다","아파트 주변이 별로 상쾌하지 못하다 수원시장이 꼭 보고가야 할 오목천동이다 수원시장 꿈에 그린 주변한번 살펴보세요 너무 지저분하고 셋길이 너무 패여서 처가 고장날거 같애요 한번도 안와받다 하데요 수원시장 나도 너 뽑았다 한번와서 봐라","F","60대","300만원 미만","경기"
"53342640","20240301","보통이다","평소 늘 하던운동을 꾸준하게하는 편 이고 별로불편하지 않아요","F","60대","500~700만원 미만","경남"
"53342669","20240301","보통이다","전년도와 비슷하게 보내고 있기 때문에","F","50대","500~700만원 미만","경기"
"53342792","20240301","보통이다","없음","M","50대","300~500만원 미만","충남"
"53343011","20240301","만족하는 편이다","여유있게시간을쓰고있고좋아하는영상시청을충분하게하고있음","F","40대","300만원 미만","경남"
"53343031","20240301","불만족하는 편이다","질 좋은 여가 생활을 하고있지 못해서.","M","40대","300~500만원 미만","전북"
"53343100","20240301","보통이다","시간적 여유가 없어서","F","50대","300~500만원 미만","경남"
"53343123","20240301","만족하는 편이다","스트레스해소에좋음","F","40대","300~500만원 미만","전남"
"53343220","20240301","만족하는 편이다","하고싶은 것을 같이 하고싶은 사람과 할수있어서","F","60대","500~700만원 미만","강원"
"53343238","20240301","만족하는 편이다","아이가 큼에 따라 시간이 많아졌음","F","40대","300~500만원 미만","경기"
"53343470","20240301","불만족하는 편이다","여가 시간의 부족","M","30대","700만원 이상","서울"
"53343647","20240301","만족하는 편이다","나이 들어 직업이 없으니 시간이 많고 낮에 야외공동 운동기구에서 스트레칭 도 하고 건기도 하고 집에 서는 낮잠 유투브 틱톡 보기 그렇게 시간을 보내고 있어요","M","60대","300만원 미만","대구"
"53343791","20240301","보통이다","시간이부족하다","M","30대","300만원 미만","대구"
"53343878","20240301","보통이다","여가라할만한 여유가없어서","M","40대","500~700만원 미만","경남"
"53343888","20240301","매우 만족한다","없음","M","19~29세","300만원 미만","서울"
"53343925","20240301","매우 만족한다","그만큼 프로야구가 이전보다 더 재미있고 성적이 좋기때문","M","19~29세","300만원 미만","경북"
"53344111","20240301","보통이다","따로생각해본적없다","M","60대","500~700만원 미만","제주"
"53344174","20240301","만족하는 편이다","아이들과 즐거운 시간을 가져서","F","50대","700만원 이상","경남"
"53344283","20240301","보통이다","크게 만족감이 없어서","M","60대","500~700만원 미만","경기"
"53344526","20240301","불만족하는 편이다","돈도없고 시간도없고 그림그려도 실력은 안 늘고 자기만족으로 살기엔 불안해서 조바심에 여유시간 갈아넣는데 쉴시간이 없으니 사람이 갈린다","M","19~29세","500~700만원 미만","경기"
"53344585","20240301","매우 만족한다","행복하다고 느낀다","F","40대","500~700만원 미만","경남"
"53344707","20240301","보통이다","눈에 띄는 활동을 하지 못함","M","30대","700만원 이상","부산"
"53344786","20240301","만족하는 편이다","충분히 즐기고 있음","M","50대","700만원 이상","강원"
"53344862","20240301","만족하는 편이다","방학이리 쉬고있다","F","50대","없음/모름/무응답","강원"
"53345331","20240301","보통이다","충분함","F","19~29세","없음/모름/무응답","부산"
"53345454","20240301","보통이다","시간적 여유가 많지않음","F","30대","500~700만원 미만","경기"
"53345479","20240301","보통이다","보통이라서","M","40대","없음/모름/무응답","울산"
"53345510","20240301","만족하는 편이다","테니스와 헬스를 내가 원하는 만큼 즐겁게 즐기고 있음","M","60대","300~500만원 미만","경남"
"53345552","20240301","보통이다","물가가 넘 비싸서 여가생활하는대 아쉬움이듭니다 여루롭계 즐길 수가 없어요","F","60대","300만원 미만","전북"
"53345612","20240301","매우 만족한다","여유","M","40대","300만원 미만","충남"
"53345745","20240301","보통이다","새로운 여가생활을 하고 싶은데 기회가 없었다","M","30대","500~700만원 미만","서울"
"53345783","20240301","만족하는 편이다","불만족할 이유가 없어서","F","19~29세","500~700만원 미만","경남"
"53345850","20240301","보통이다","경제적 여유가 없어서","M","60대","500~700만원 미만","경기"
"53345919","20240301","만족하는 편이다","스스로 행복한 생활을 하고 있다고 생각하기 때문임","F","50대","없음/모름/무응답","인천"
"53346063","20240301","보통이다","평소랑 특이점이 없음","M","40대","700만원 이상","경북"
"53346148","20240301","만족하는 편이다","자투리 시간을 활용한 여가활동","F","19~29세","300만원 미만","서울"
"53346252","20240301","보통이다","여유자금","M","60대","500~700만원 미만","제주"
"53346317","20240301","불만족하는 편이다","시간이 부족하다고 느낌","M","19~29세","300~500만원 미만","경기"
"53346378","20240301","만족하는 편이다","시간적여유","M","40대","500~700만원 미만","세종"
"53346396","20240301","만족하는 편이다","여가할동함에 있어서 불편함을 못느낌","M","30대","300~500만원 미만","경남"
"53346473","20240301","보통이다","평상시와 똑같으니깐 다를께없어서","M","30대","300~500만원 미만","경기"
"53346555","20240301","보통이다","경제적으로 물가가 많이 상승하다 보니 보통이라고 했습니다","M","40대","500~700만원 미만","경기"
"53346661","20240301","보통이다","특별한 생각이나 시간부족","M","50대","700만원 이상","경기"
"53346668","20240301","만족하는 편이다","특별히 불만은없어서","M","30대","300만원 미만","충북"
"53347084","20240301","만족하는 편이다","마음대로 즐길수 있어서","M","50대","700만원 이상","서울"
"53347108","20240301","보통이다","직장생활로 시간부족","F","60대","700만원 이상","전남"
"53347143","20240301","보통이다","자영업 일을하기때문에 바빠서유ㅠ","F","60대","300만원 미만","서울"
"53347258","20240301","보통이다","시간부족","F","40대","300만원 미만","경기"
"53347266","20240301","보통이다","집안일과 일이 늘어서 여유시간이 부족","F","40대","700만원 이상","전북"
"53347453","20240301","만족하는 편이다","시간과 비용의 감당","M","60대","300~500만원 미만","경기"
"53347622","20240301","만족하는 편이다","하고 싶은 것을 하는 편이라","F","30대","300만원 미만","세종"
"53347845","20240301","보통이다","평소에 하는데로 큰변화가 없다","M","60대","700만원 이상","서울"
"53347968","20240301","보통이다","새로운 여가활동을 찾지 못함","M","30대","300~500만원 미만","경남"
"53348080","20240301","만족하는 편이다","출퇴근 시간이 줄어들어 여유시간 확보. 업무강도 조정으로 체력확보. 매달 여가생활비 고려하여 생활하기에 매월 하고싶은걸 도전할 수 있음","F","30대","없음/모름/무응답","부산"
"53348163","20240301","만족하는 편이다","주변에 함께한 지인이 있고 시간여유가 있으며 금전적으로도 큰 부담감이 없다","F","60대","500~700만원 미만","경기"
"53348208","20240301","보통이다","생활패턴이 비슷해서","F","40대","700만원 이상","강원"
"53348327","20240301","보통이다","더워서","M","50대","700만원 이상","서울"
"53348433","20240301","만족하는 편이다","교통편이 전반적으로 좋고 집 근처에도 갈 곳이 않습니다. 아이데리고 다니기 좋네요.","M","40대","300~500만원 미만","서울"
"53348579","20240301","보통이다","여가생활에 별다른 기대가 없기 때문","F","60대","300~500만원 미만","대전"
"53348727","20240301","매우 만족한다","여가생활을 하는 데 필요한 경제력과 건강이 있기때문.","F","40대","700만원 이상","서울"
"53348902","20240301","보통이다","경제적으로 힘들다","F","50대","300~500만원 미만","울산"
"53349224","20240301","보통이다","보통이라서","M","40대","없음/모름/무응답","부산"
"53349305","20240301","만족하는 편이다","날씨가 너무덥다","M","19~29세","700만원 이상","경기"
"53349347","20240301","만족하는 편이다","시간적인 여유가 있고 주변 인프라가 잘되어 있다","F","40대","700만원 이상","경기"
"53349549","20240301","만족하는 편이다","개인 시간이 많아서 여유롭게 즐길수 있었음.","M","30대","300~500만원 미만","경기"
"53349624","20240301","보통이다","아이를 키우면서 자유롭지 못하지만 틈틈히 나를 위해서 시간을 내고 있으므로","F","40대","500~700만원 미만","서울"
"53349648","20240301","보통이다","이동수단","F","60대","300~500만원 미만","경기"
"53349783","20240301","보통이다","큰 변화가 없어서","M","60대","300~500만원 미만","인천"
"53349854","20240301","보통이다","코로나전과는 많이 달라서","F","60대","300~500만원 미만","서울"
"53349911","20240301","만족하는 편이다","그냥 자기만족","M","50대","700만원 이상","부산"
"53349921","20240301","만족하는 편이다","평일에 여유가 있어서","F","60대","300~500만원 미만","경북"
"53349925","20240301","만족하는 편이다","시간적여유와 경제적 여유","F","60대","300~500만원 미만","경기"
"53349940","20240301","보통이다","여가를 즐길 시간이 부족","M","30대","500~700만원 미만","충남"
"53349958","20240301","보통이다","좋을 때도 있고 안좋을 때도 있어서서 평균적으로 보통","F","30대","300~500만원 미만","서울"
"53349998","20240301","보통이다","특별할 것 없어서","F","30대","300~500만원 미만","서울"
"53350240","20240301","만족하는 편이다","평소에 원하던 활동을 해봐서","F","19~29세","300~500만원 미만","경기"
"53350286","20240301","보통이다","육아로 인해 힘들지만 시간내서 하고 있음","M","30대","700만원 이상","경기"
"53350322","20240301","만족하는 편이다","충분히 즐겼다고 생각한다.","F","19~29세","500~700만원 미만","충남"
"53350416","20240301","보통이다","정보도 부족하고 주위에 인프라가 잘 형성되있지않아서","F","60대","300~500만원 미만","부산"
"53350453","20240301","불만족하는 편이다","정신적 여유, 시간적 여유, 재정적 여유가 없다","M","40대","500~700만원 미만","전북"
"53350567","20240301","보통이다","결혼으로 인해 남편과 함께 시간 맞추기가 어려움","F","30대","500~700만원 미만","전남"
"53350741","20240301","불만족하는 편이다","시간부족과 경제적인 이유","F","40대","300~500만원 미만","부산"
"53350760","20240301","보통이다","보통이니까 보통이지","M","19~29세","300만원 미만","서울"
"53350843","20240301","만족하는 편이다","충분해서","F","30대","500~700만원 미만","부산"
"53350886","20240301","만족하는 편이다","시간과 돈이 여유가 생겨서","F","19~29세","300만원 미만","광주"
"53350904","20240301","만족하는 편이다","시간이 여유롭기 때문","M","19~29세","700만원 이상","경남"
"53350960","20240301","만족하는 편이다","맘만 먹으면 얼마든지 주변의 시설을 이용할수 있기 때문이다.","F","60대","300만원 미만","광주"
"53351160","20240301","만족하는 편이다","내가 원하는 시간에 할 수 있어서","M","60대","500~700만원 미만","서울"
"53351164","20240301","만족하는 편이다","작년에 비해 몸이 건강해지고 가족들과 시간을 같이 보낼 수 있서서","M","50대","500~700만원 미만","경북"
"53351186","20240301","만족하는 편이다","시간적ㆍ경제적 여력","M","60대","700만원 이상","서울"
"53351218","20240301","보통이다","혼자 하는경우가많음","M","50대","300~500만원 미만","대구"
"53351332","20240301","보통이다","더 좋은방법을 찾지 못했다","F","50대","300~500만원 미만","울산"
"53351365","20240301","만족하는 편이다","계획대로 실천","M","60대","300만원 미만","경기"
"53351564","20240301","만족하는 편이다","만족함","F","30대","300~500만원 미만","전남"
"53351587","20240301","만족하는 편이다","여가시설이 ?아서","M","19~29세","500~700만원 미만","강원"
"53351611","20240301","만족하는 편이다","프리랜서로 전향하여 시간이 여유로워서 만족함","F","60대","700만원 이상","부산"
"53351675","20240301","만족하는 편이다","시간 금전적 여유","M","40대","500~700만원 미만","경기"
"53351738","20240301","보통이다","경제적으로 상횡이 좋지 않아?다 물가는 심하게 많이 올랏다","M","50대","300만원 미만","경기"
"53351989","20240301","보통이다","인프라부족","F","60대","300만원 미만","경기"
"53351995","20240301","불만족하는 편이다","시간부족","F","19~29세","300만원 미만","서울"
"53352137","20240301","보통이다","계절적인 영향과 개인사정","M","60대","700만원 이상","경기"
"53352166","20240301","불만족하는 편이다","시간날때","M","50대","300~500만원 미만","전남"
"53352400","20240301","매우 만족한다","삶의 안정감이 있음","F","30대","700만원 이상","경기"
"53352449","20240301","만족하는 편이다","언제건 원할 때 참여가능","M","60대","700만원 이상","경기"
"53352511","20240301","만족하는 편이다","마음 먹으면 할 수 있음","M","50대","700만원 이상","부산"
"53352539","20240301","만족하는 편이다","그냥","F","60대","500~700만원 미만","서울"
"53352671","20240301","보통이다","전과 다름이 없다","M","60대","없음/모름/무응답","강원"
"53352713","20240301","만족하는 편이다","생활이 그저 어렵다","M","19~29세","없음/모름/무응답","강원"
"53353144","20240301","보통이다","경제적이나.시간적 여유 부족","F","40대","500~700만원 미만","전남"
"53353214","20240301","보통이다","매년 비슷한것 같아서","M","50대","700만원 이상","광주"
"53353406","20240301","보통이다","비용부담 개인진행 불만족","M","40대","700만원 이상","서울"
"53353578","20240301","만족하는 편이다","여가생활을 즐길 시간이 충분하기 때문","F","30대","700만원 이상","경기"
"53353657","20240301","만족하는 편이다","스트레스 받지않음","M","40대","300~500만원 미만","경북"
"53353691","20240301","만족하는 편이다","독서모임","F","50대","500~700만원 미만","서울"
"53353822","20240301","만족하는 편이다","여유롭다","F","19~29세","300만원 미만","전남"
"53353832","20240301","보통이다","주변환경이 충분치 않음","M","40대","500~700만원 미만","충남"
"53353897","20240301","만족하는 편이다","시간도 많고 비교적 비용이 적더","M","30대","300만원 미만","인천"
"53354054","20240301","불만족하는 편이다","회사업무증가로 시간이 많이 줄어듦","M","50대","500~700만원 미만","경기"
"53354165","20240301","보통이다","날씨가 더워서","F","50대","500~700만원 미만","경기"
"53354176","20240301","보통이다","이전과 비교해서 특별한 차이가 없어서","M","60대","700만원 이상","경기"
"53354188","20240301","보통이다","그냥그래서요","F","40대","300만원 미만","전남"
"53354233","20240301","만족하는 편이다","시간 경제적 여유가 있으므로","F","30대","700만원 이상","광주"
"53354316","20240301","보통이다","하고싶은만큼 못한것도 있음","F","19~29세","700만원 이상","경기"
"53354504","20240301","보통이다","충분하지못해서","M","60대","300만원 미만","제주"
"53354527","20240301","보통이다","일이많아 여가에관심이적다","F","40대","300만원 미만","경북"
"53354588","20240301","만족하는 편이다","스트레스를 잘풀고있다","M","19~29세","700만원 이상","전북"
"53354621","20240301","보통이다","깔끔해서","M","19~29세","없음/모름/무응답","경북"
"53354687","20240301","보통이다","경제사정","M","50대","300만원 미만","경남"
"53354695","20240301","보통이다","시간적인 여유와 경제적인 뒷바침이 하고자 하는 수준에 미치지 못하므로","M","50대","500~700만원 미만","인천"
"53354763","20240301","보통이다","그냥그렇다","F","40대","없음/모름/무응답","대구"
"53355314","20240301","만족하는 편이다","가보고싶은 곳은 가는편이라서","F","60대","300~500만원 미만","서울"
"53355351","20240301","만족하는 편이다","딱히 불편한게 없다","F","60대","700만원 이상","경기"
"53355387","20240301","만족하는 편이다","오유지족","M","30대","없음/모름/무응답","전북"
"53355531","20240301","불만족하는 편이다","시간과 경제적 여유가 없음","M","30대","없음/모름/무응답","부산"
"53355579","20240301","매우 만족한다","대구시의 슬로건대로 자유와 활력이 넘치는 생활을 할 수있기 때문입니다.","M","19~29세","없음/모름/무응답","대구"
"53355662","20240301","보통이다","일상이 똑같다","M","30대","300만원 미만","경북"
"53355695","20240301","보통이다","경제적 여유가 필요하다","F","60대","300만원 미만","서울"
"53355720","20240301","만족하는 편이다","최대한 할 수 있는것들을 다 하고 있어서","M","30대","300만원 미만","전남"
"53356014","20240301","불만족하는 편이다","시간부족","M","60대","300만원 미만","광주"
"53356015","20240301","불만족하는 편이다","서북구 성거길 에서는 여가을 즐길 장소가없다 주민들이 즐겁게 즐길장소가 필요하다","F","60대","300만원 미만","충남"
"53356122","20240301","만족하는 편이다","시간이 충분하다","F","40대","300~500만원 미만","광주"
"53356378","20240301","보통이다","3년동안 여가생활과 동일한 일상을 유지하였기 때문입니다","M","30대","없음/모름/무응답","경기"
"53356493","20240301","매우 만족한다","시간적여유가많아서","M","30대","500~700만원 미만","충남"
"53356561","20240301","보통이다","나쁘지않응","F","30대","300만원 미만","경남"
"53356665","20240301","만족하는 편이다","바쁘고 힘든중애도 영화나 여가활동을 했기 때문에.","F","50대","없음/모름/무응답","제주"
"53356699","20240301","불만족하는 편이다","주변여건이 열악함 양주시백석읍은 낙후된곳","F","50대","500~700만원 미만","경기"
"53356946","20240301","보통이다","시간 여유 및 주변 시설 부족","M","50대","500~700만원 미만","서울"
"53357135","20240301","보통이다","기상환경","M","60대","700만원 이상","경남"
"53357147","20240301","만족하는 편이다","평일에도 연월차를 사용하여 유명 관광지나 벚꽃축제 등 붐비지 않는 시간에 충분히 돌아볼수 있어서 만족한 편이랍니다","M","50대","300~500만원 미만","서울"
"53357225","20240301","만족하는 편이다","만족","F","19~29세","없음/모름/무응답","제주"
"53357249","20240301","보통이다","성과제외박 2박 3일 일병 연가 2개를 사용하였으나 평이한 재미를 느낌","M","19~29세","700만원 이상","충북"
"53357263","20240301","보통이다","비용 날씨","F","50대","700만원 이상","서울"
"53357266","20240301","보통이다","국제적 국내적 정세속 생활 및 교육환경 변화","M","40대","없음/모름/무응답","강원"
"53357334","20240301","보통이다","금전부족으로 여가생활부족","M","40대","없음/모름/무응답","서울"
"53357445","20240301","보통이다","가슴뛰는여가활동이없다","F","50대","300만원 미만","경남"
"53357501","20240301","보통이다","일상에 큰변화가 없다","F","30대","없음/모름/무응답","경기"
"53357523","20240301","보통이다","항상 걷는 시간 장소 같아서","F","60대","300만원 미만","경기"
"53357544","20240301","보통이다","대략만족해서","F","40대","300~500만원 미만","울산"
"53357591","20240301","만족하는 편이다","스트레스가 풀렸다.","F","40대","700만원 이상","경기"
"53357699","20240301","매우 만족한다","하고싶은 거 다 하고 있어서","F","19~29세","700만원 이상","부산"
"53357822","20240301","만족하는 편이다","비용 시간 여건등이 적절함.","M","60대","700만원 이상","인천"
"53357871","20240301","만족하는 편이다","딱히 안좋은점 없었다","F","19~29세","300~500만원 미만","경기"
"53358003","20240301","만족하는 편이다","즐겁게 다녀서","M","50대","300~500만원 미만","인천"
"53358034","20240301","보통이다","변함없어서 만족","M","30대","300만원 미만","제주"
"53358104","20240301","만족하는 편이다","재밌었다","F","19~29세","300만원 미만","충북"
"53358169","20240301","보통이다","날씨","M","50대","700만원 이상","서울"
"53358272","20240301","보통이다","별차이가 없기때문에","M","30대","없음/모름/무응답","서울"
"53358305","20240301","만족하는 편이다","하루 중 일정시간은 여가시간으로 활용할 수 있기 때문입니다.","F","30대","300만원 미만","경북"
"53358385","20240301","만족하는 편이다","좋음","F","19~29세","300만원 미만","인천"
"53358511","20240301","보통이다","여가생활을 많이 못해서","F","50대","700만원 이상","경기"
"53358543","20240301","보통이다","전보다 환경 비용 시간 등이 증가하거나 감소한게 없음.","M","40대","300만원 미만","인천"
"53358582","20240301","만족하는 편이다","가고 싶은 곳을 다녀올 수 있는 시간적 경제적 요건이 되어.","F","50대","700만원 이상","경기"
"53358733","20240301","불만족하는 편이다","여가시간이 줄어듦","M","19~29세","없음/모름/무응답","대전"
"53358826","20240301","보통이다","만족한다고 할만큼 느끼지 않아서","F","19~29세","300~500만원 미만","경기"
"53358848","20240301","보통이다","여가라고 하기엔 늘 바쁨","F","30대","없음/모름/무응답","경기"
"53358898","20240301","보통이다","계절적요인","F","50대","300만원 미만","경남"
"53359048","20240301","보통이다","주부라 시간적 경제적여유없음","F","40대","700만원 이상","대전"
"53359479","20240301","만족하는 편이다","직접 체험","F","50대","없음/모름/무응답","충남"
"53359789","20240301","만족하는 편이다","여행 스포츠 직관등 모두 할 수 있었다","F","40대","300만원 미만","경기"
"53360069","20240301","보통이다","늘 하던걸 즐길 수 있는건 좋으나 새로운걸 도전해 볼 시간이 없다","M","19~29세","500~700만원 미만","경북"
"53360086","20240301","만족하는 편이다","스트레스 해소 즐거움","M","19~29세","500~700만원 미만","서울"
"53360103","20240301","보통이다","직장생활로 인해 시간이 부족하다","F","50대","700만원 이상","경기"
"53360144","20240301","만족하는 편이다","시간적여유가 조금씩 늘고있어서","M","50대","500~700만원 미만","경기"
"53360164","20240301","불만족하는 편이다","여유 없음","F","50대","300만원 미만","서울"
"53360249","20240301","만족하는 편이다","여행을 자주 다녀와서 힐링이 되었다.","F","30대","500~700만원 미만","울산"
"53360348","20240301","만족하는 편이다","휴직으로 인해 여가시간이 많아 골고루 할 수 있었다","F","30대","300~500만원 미만","부산"
"53360391","20240301","보통이다","일상에서 벗어난 특별한 여가새활이 없었다","F","60대","없음/모름/무응답","서울"
"53360515","20240301","만족하는 편이다","자기성취감이 높은편임","M","60대","300~500만원 미만","강원"
"53360524","20240301","만족하는 편이다","대체적으로 만족함","M","40대","500~700만원 미만","전북"
"53360601","20240301","불만족하는 편이다","경제적으로 여유가 없어서","F","40대","없음/모름/무응답","경북"
"53360787","20240301","보통이다","딱히 만족할만한 활동을 못해서","M","19~29세","300만원 미만","전남"
"53360827","20240301","보통이다","변화가 없음","M","50대","300~500만원 미만","부산"
"53361066","20240301","만족하는 편이다","시간과 돈이 널널","F","30대","300만원 미만","충북"
"53361103","20240301","보통이다","항상 똑같이 하고 있기때문이다","F","50대","300~500만원 미만","제주"
"53361134","20240301","만족하는 편이다","실력이 늘어서","M","30대","300~500만원 미만","경기"
"53361163","20240301","보통이다","이전과 삶이 달라지지 않았기 때문이다","M","19~29세","300만원 미만","대전"
"53361249","20240301","만족하는 편이다","원하는 시간만큼 여가시간을 즐길 수 있었음","F","30대","500~700만원 미만","충남"
"53361253","20240301","만족하는 편이다","여유로운 시간이어서","M","40대","700만원 이상","부산"
"53361492","20240301","보통이다","변화가 별로없음","M","30대","700만원 이상","대구"
"53361548","20240301","보통이다","크게 달라진건 없ㄷㄱㆍ","M","30대","300만원 미만","울산"
"53361734","20240301","보통이다","특별한 여가활동은 즐기지 못함","F","19~29세","300만원 미만","충북"
"53361766","20240301","보통이다","큰이유없음","M","30대","500~700만원 미만","서울"
"53361773","20240301","불만족하는 편이다","시간과 경제적 여유가 없음","F","19~29세","300만원 미만","충남"
"53361790","20240301","보통이다","시간 내기가 어려워서","M","40대","700만원 이상","제주"
"53361831","20240301","보통이다","특별할게 없는 상황이기 때문에","M","30대","700만원 이상","세종"
"53361951","20240301","불만족하는 편이다","g회사업무와 가정사 일이 많아 개인 여가활동시간이 줄어듬","F","40대","700만원 이상","충남"
"53361997","20240301","만족하는 편이다","날씨도 좋고 시간적여유가 생겨서","M","30대","300만원 미만","전남"
"53362006","20240301","보통이다","그냥","M","50대","700만원 이상","경기"
"53362115","20240301","만족하는 편이다","하고싶은 시간에 할수 있어서","F","50대","500~700만원 미만","울산"
"53362805","20240301","보통이다","특별하게 변하는게 없음","M","60대","500~700만원 미만","서울"
"53362830","20240301","보통이다","경제적여유부족","F","30대","300~500만원 미만","전북"
"53362833","20240301","만족하는 편이다","내가 원하는 여가활동을 할 수 있게 건강 상태가 양호한 편이며 조금 아껴서 사용하면 여가생활하는 비용조달에도 큰 어려움이 없고 함께 즐길 수 있는 지인들이 있다","F","60대","700만원 이상","대전"
"53362927","20240301","보통이다","딱히 크게 변한게 없고 건강이 중요해서","M","30대","300만원 미만","충남"
"53363075","20240301","불만족하는 편이다","여가를 즐길 시간 없음","F","19~29세","500~700만원 미만","인천"
"53363123","20240301","만족하는 편이다","정년퇴직후 주로 종교활동에 주력하고 있으며 주변의 공원에서 운동 및 충분한 여가활동을 하고있어요","M","60대","300만원 미만","경남"
"53363333","20240301","만족하는 편이다","재밌게 보내서","F","19~29세","없음/모름/무응답","서울"
"53363647","20240301","보통이다","여가활동 시간 부족","M","19~29세","500~700만원 미만","서울"
"53363654","20240301","만족하는 편이다","여유가 생김 시간과돈","M","30대","700만원 이상","경기"
"53363814","20240301","만족하는 편이다","경제적으로 저비용의 여가생활 시간적으로 여유가 있음","M","50대","700만원 이상","대구"
"53363827","20240301","만족하는 편이다","여러가지 행사도 많이하고 참여할 기회도 많았다","F","30대","700만원 이상","서울"
"53363860","20240301","만족하는 편이다","그냥","M","30대","없음/모름/무응답","울산"
"53363904","20240301","만족하는 편이다","시간적으로 편안해서","F","60대","700만원 이상","충남"
"53363906","20240301","만족하는 편이다","규칙적이고 안정적인 생활패턴이라 여유롭게 생활","M","50대","700만원 이상","경기"
"53363937","20240301","보통이다","그냥 보통","M","50대","500~700만원 미만","경기"
"53364226","20240301","보통이다","작심삼일 인경우가많다","M","50대","700만원 이상","경기"
"53364281","20240301","보통이다","할수있어서","F","60대","없음/모름/무응답","세종"
"53364645","20240301","보통이다","비용에대한 부담감","M","60대","300~500만원 미만","경기"
"53364685","20240301","보통이다","특별한 이슈없이 잘 시간을 보내서","F","40대","500~700만원 미만","경기"
"53364800","20240301","보통이다","비슷해서","F","30대","없음/모름/무응답","경기"
"53364843","20240301","만족하는 편이다","더워서 맛집 찾아 외식하고 카페도 가고 하니까 만족스럽다","F","50대","700만원 이상","경기"
"53365045","20240301","보통이다","시간 투자 대비 비용이 많다","F","50대","700만원 이상","경기"
"53365155","20240301","불만족하는 편이다","다양한 활동을 하기에 여건이 좋디 않은 지역환경","F","30대","300~500만원 미만","전남"
"53365318","20240301","보통이다","여가생활에 비용부담","F","30대","300~500만원 미만","경기"
"53365388","20240301","만족하는 편이다","횟수는 줄었지만 질이 늘어난 느낌","F","19~29세","300~500만원 미만","경기"
"53365389","20240301","보통이다","여가생활을 엄청 많이 한 것 같지 않다","F","30대","500~700만원 미만","강원"
"53365734","20240301","불만족하는 편이다","시간 경제적인 이유","F","40대","300~500만원 미만","경북"
"53365737","20240301","보통이다","바빠서 시간이 없음","M","30대","700만원 이상","경기"
"53365761","20240301","보통이다","별로만족하지않아서","F","60대","300만원 미만","전북"
"53365838","20240301","만족하는 편이다","주변 여건과 개인적인 시간이 확보되어서","M","50대","700만원 이상","충남"
"53365974","20240301","보통이다","보통이다","F","60대","300만원 미만","경남"
"53366000","20240301","보통이다","비용은 늘어나고 횟수는 증가함","M","40대","500~700만원 미만","강원"
"53366007","20240301","만족하는 편이다","굿","F","30대","300~500만원 미만","경북"
"53366093","20240301","만족하는 편이다","하고싶은게 생기면 다 했기때문에","F","19~29세","300~500만원 미만","제주"
"53366248","20240301","만족하는 편이다","시간적 경제적 여유가 있어서","M","50대","700만원 이상","경남"
"53366685","20240301","보통이다","경제적 제약이 있었다","F","40대","500~700만원 미만","경기"
"53367060","20240301","보통이다","시간은 있지만 돈이없다","M","30대","300만원 미만","충남"
"53367162","20240301","만족하는 편이다","전반적으로 원하는 것을 찾을 수ㅜ있어서","M","50대","500~700만원 미만","서울"
"53367617","20240301","만족하는 편이다","즐겁게 즐거운 마음으로 건강지킴 만족한 느낌","M","60대","300~500만원 미만","서울"
"53367625","20240301","보통이다","반복된일상","M","50대","500~700만원 미만","제주"
"53367652","20240301","만족하는 편이다","여가 생활로 보낸 시간들이 좋았고 만족스러워서. 시설이 좀 더 가까운 곳에 있으면 더 좋을 것 같아서 매우 만족은 아닙니다.","F","19~29세","300~500만원 미만","인천"
"53367710","20240301","만족하는 편이다","원하는 만큼 할 수 있어서","M","40대","300~500만원 미만","경기"
"53367772","20240301","만족하는 편이다","원하는걸 함","M","30대","300만원 미만","경기"
"53368026","20240301","보통이다","3교대 직장을 다니게되면서 시간적 여유가 많이 없어졌다","F","30대","300~500만원 미만","강원"
"53368227","20240301","만족하는 편이다","일을하지않아 여유롭게 즐길수가 있다","F","30대","700만원 이상","대구"
"53368282","20240301","불만족하는 편이다","일이 많아져서 여가생활을 즐기지 못했음","F","30대","700만원 이상","서울"
"53368339","20240301","보통이다","부족하다거나 그렇다고 100 만족이 아니기때문입니다","F","40대","700만원 이상","서울"
"53368377","20240301","만족하는 편이다","시간적여유가많아서","M","50대","300~500만원 미만","대구"
"53368391","20240301","매우 만족한다","서울애서문화생활 만족함","F","19~29세","300~500만원 미만","서울"
"53368395","20240301","만족하는 편이다","음악활동으로스트레스가풀려서","F","40대","500~700만원 미만","인천"
"53368436","20240301","불만족하는 편이다","몸이 아파서","M","40대","300~500만원 미만","울산"
"53368472","20240301","만족하는 편이다","여가시간의 증가","M","60대","700만원 이상","서울"
"53368558","20240301","만족하는 편이다","시간이 많아서","M","60대","300만원 미만","경기"
"53368682","20240301","만족하는 편이다","원하는 여가 활동이 있으면 그때그때 실행하고 있어 항상 만족하는 편이다.","F","50대","700만원 이상","충남"
"53368732","20240301","만족하는 편이다","바쁜 시간에 짬짬이 잘 즐기고 있어서","F","19~29세","없음/모름/무응답","서울"
"53368733","20240301","만족하는 편이다","요가시간이 늘엇음","F","50대","300~500만원 미만","충남"
"53369128","20240301","만족하는 편이다","가족끼리 더 많은 여그 시간","F","60대","300~500만원 미만","서울"
"53369251","20240301","만족하는 편이다","하고싶은건 보통 하기때문","F","30대","500~700만원 미만","부산"
"53369274","20240301","보통이다","임신으로 이동이 불편","F","40대","300만원 미만","대구"
"53369768","20240301","만족하는 편이다","접근가능한 곳이 많아짐","M","30대","300~500만원 미만","경기"
"53369941","20240301","만족하는 편이다","시간이 있고 정신적 만족감이 느껴져서","F","30대","없음/모름/무응답","강원"
"53370031","20240301","만족하는 편이다","따뜻한 날씨로 인해 실외에서 여가생활을 즐길수 있어서 만족함.","M","19~29세","300만원 미만","대전"
"53370485","20240301","보통이다","작년에 비해 크게 줄어들지 않았다","M","40대","500~700만원 미만","경기"
"53370574","20240301","보통이다","평범해서","M","50대","500~700만원 미만","광주"
"53370750","20240301","만족하는 편이다","더위가 가면서 외부활동하기가 나아져","M","50대","700만원 이상","세종"
"53370892","20240301","만족하는 편이다","하고 싶은 것을 했기 때문에.","M","60대","300~500만원 미만","서울"
"53371215","20240301","매우 만족한다","보고싶은 공연들을 봐서","M","19~29세","700만원 이상","서울"
"53371242","20240301","만족하는 편이다","같이 즐기는 사람이 있어서","M","30대","500~700만원 미만","서울"
"53371267","20240301","보통이다","비용 시간적으로","M","60대","300~500만원 미만","충남"
"53371287","20240301","매우 만족한다","즐겁게하기때문","F","40대","500~700만원 미만","대구"
"53371793","20240301","만족하는 편이다","어느 정도 시간과 돈을 투자해서 얻는 게 커서 만족하고 있습니다","F","30대","300~500만원 미만","서울"
"53371830","20240301","만족하는 편이다","여유있게 하고 싶은것을 함","M","60대","700만원 이상","인천"
"53372256","20240301","보통이다","고물가로 인해 생활비 증가 여가활동에 대해 여유가 없음","M","40대","500~700만원 미만","서울"
"53372307","20240301","보통이다","시갠 및 비용에 대한 부담.","M","50대","500~700만원 미만","경기"
"53372479","20240301","만족하는 편이다","여가생활시간이 많았다","F","19~29세","없음/모름/무응답","서울"
"53372594","20240301","만족하는 편이다","하고 싶은 대로 했다. 딱히 제한된 기분을 느끼지 못했다","F","30대","700만원 이상","울산"
"53372969","20240301","보통이다","더 좋거나 나빠지지 않았다","M","30대","700만원 이상","경기"
"53372984","20240301","만족하는 편이다","가고싶던 가족여행과 맛집도 다녀왔고, 개봉 전부터 기다렸던 영화들도 다 직접 영화관에서 보고왔다.","F","19~29세","없음/모름/무응답","서울"
"53373213","20240301","만족하는 편이다","잘 놀아서","M","19~29세","없음/모름/무응답","서울"
"53373424","20240301","만족하는 편이다","지역시설 내에서 충분히 서비스가 제공되고 있다고 생각한다.","F","30대","300~500만원 미만","경기"
"53373744","20240301","만족하는 편이다","여가시간이 많진 않았지만 알차게 보냈다","M","19~29세","500~700만원 미만","대구"
"53373976","20240301","보통이다","여가시간이 생겨서 즐기는 편이 되어서 만족도는 보통입니다","F","30대","700만원 이상","전북"
"53373998","20240301","매우 만족한다","개인적 시간이 충분해서","M","60대","500~700만원 미만","인천"
"53374054","20240301","만족하는 편이다","타이트한 시간속에서 시간이 좀 여유로웠기때문에","F","40대","300~500만원 미만","서울"
"53374179","20240301","보통이다","변화없음","F","60대","300~500만원 미만","경기"
"53374268","20240301","만족하는 편이다","여유로워졌음","M","19~29세","300만원 미만","강원"
"53374428","20240301","매우 만족한다","즐거?기 때뭄","F","19~29세","700만원 이상","경남"
"53374551","20240301","보통이다","예전과 비슷하게 보내고 있고 스스로 만족 한다.","M","40대","500~700만원 미만","경기"
"53374572","20240301","만족하는 편이다","자유롭게 원할때 할 수 있는 여건이 됨","F","40대","500~700만원 미만","충북"
"53374581","20240301","보통이다","이전과 똑같아서","F","30대","300만원 미만","경남"
"53374851","20240301","만족하는 편이다","경제적으로 안정되서","F","30대","300~500만원 미만","경기"
"53374931","20240301","보통이다","여가생활의 비용지출이 부담되므로","M","60대","300~500만원 미만","부산"
"53375162","20240301","보통이다","여가 생활을 풍족하게 즐길 수는 없지만 보통 수준으로는 즐길 수 있어서","M","19~29세","없음/모름/무응답","경기"
"53375217","20240301","보통이다","주변 시설 부족.","F","60대","300만원 미만","강원"
"53375478","20240301","매우 만족한다","시간 경제력 여건이 좋은편이다","F","60대","700만원 이상","경기"
"53375558","20240301","보통이다","시간부족","M","40대","700만원 이상","경기"
"53375718","20240301","보통이다","아직 회사에 다녀서","M","60대","없음/모름/무응답","경기"
"53376349","20240301","만족하는 편이다","코로나 위험이 없어짐","M","30대","300~500만원 미만","경남"
"53376442","20240301","보통이다","금액이 많이들어서","M","19~29세","500~700만원 미만","강원"
"53376806","20240301","보통이다","크게 좋아진게 없다","M","50대","없음/모름/무응답","충북"
"53377190","20240301","만족하는 편이다","나의삶에 만족","F","30대","300~500만원 미만","경기"
"53377343","20240301","만족하는 편이다","하고 싶었던 것을 대부분해서","F","19~29세","없음/모름/무응답","경기"
"53377393","20240301","매우 만족한다","음..","M","19~29세","300만원 미만","대전"
"53377432","20240301","보통이다","더워지니까 ㅇ산나기가쉽지않아서","F","60대","300만원 미만","경기"
"172192","20240308","만족하는 편이다","좋은곳을 다녀와서","M","60대","700만원 이상","경남"
"283351","20240308","만족하는 편이다","기분전환이 잘 되어서","M","40대","500~700만원 미만","경기"
"360197","20240308","만족하는 편이다","특별히 불만족스러운 부분 없음","M","50대","700만원 이상","경기"
"392612","20240308","보통이다","여유가없다","M","40대","없음/모름/무응답","강원"
"433969","20240308","보통이다","이유없음","M","30대","없음/모름/무응답","서울"
"451065","20240308","매우 불만족한다","여가생활의 질이 낮음","M","30대","없음/모름/무응답","서울"
"456733","20240308","보통이다","ㅇ","F","30대","300~500만원 미만","경기"
"460212","20240308","만족하는 편이다","조금 더 여유가 생겨서","M","40대","300~500만원 미만","경북"
"471336","20240308","보통이다","코로나로 인하여 크게 변동 사항이 없음","M","30대","300~500만원 미만","부산"
"472184","20240308","만족하는 편이다","해외 방문으로 다양한 분야의 색다른 여가활동을 즐길 수 있는 기회가 많았기 때문에","F","19~29세","없음/모름/무응답","세종"
"53322198","20240308","만족하는 편이다","즐겁게 하고 있습니다.","M","30대","700만원 이상","서울"
"53322319","20240308","보통이다","시간이 넉넉하지않아서","F","30대","700만원 이상","서울"
"53322536","20240308","만족하는 편이다","나름 만족합니다","M","19~29세","300~500만원 미만","강원"
"53322755","20240308","보통이다","손자녀 육아로 시간적 여유가 충분치않다","F","60대","300~500만원 미만","서울"
"53322984","20240308","불만족하는 편이다","생활비가 많이 들고 해서 심적으로 여유가 없는것같아서","F","30대","300만원 미만","전북"
"53323090","20240308","만족하는 편이다","즐겼던 컨텐츠 만족도가 높음","F","30대","300만원 미만","부산"
"53323297","20240308","만족하는 편이다","시간","M","60대","700만원 이상","경북"
"53323403","20240308","만족하는 편이다","시간적여유와 체력적으로 좋습니다","F","40대","700만원 이상","충남"
"53323528","20240308","만족하는 편이다","저렴하다","M","30대","300만원 미만","서울"
"53323656","20240308","만족하는 편이다","여가생활할 시간과 비용 시설이 대체로 여유가 있는 편이다","M","60대","300~500만원 미만","서울"
"53323765","20240308","보통이다","특별한 경험이 없음","M","30대","300만원 미만","강원"
"53323952","20240308","만족하는 편이다","주변및 인프리가 잘 되어있습니다","M","50대","700만원 이상","서울"
"53324072","20240308","불만족하는 편이다","외출을 하지않아","F","50대","없음/모름/무응답","인천"
"53324118","20240308","만족하는 편이다","업무 특성 상 바쁘긴하지만 작년에 비해 귀가후 개인시간이 늘어 자유로운 여가생활 시간이 증가되었더","M","40대","700만원 이상","경기"
"53324305","20240308","불만족하는 편이다","직장일에 지쳐서 피로 겹쳐","F","60대","300~500만원 미만","대전"
"53324524","20240308","만족하는 편이다","시간을 많이 낼수가 있어서~","F","60대","500~700만원 미만","경기"
"53324611","20240308","보통이다","살아가는 맛이 있다","M","60대","300~500만원 미만","충북"
"53324751","20240308","불만족하는 편이다","시간부족","F","19~29세","700만원 이상","경남"
"53324783","20240308","만족하는 편이다","산책할수 있는 공간이 가까이 있고 도서관도 가깝다","F","50대","500~700만원 미만","경남"
"53325139","20240308","불만족하는 편이다","마땅한 대상이 없다","F","50대","700만원 이상","강원"
"53325185","20240308","보통이다","시간.경제적여유가 보통이라","F","40대","700만원 이상","경기"
"53325515","20240308","보통이다","크게 만족하지 못해서","M","40대","300만원 미만","경기"
"53325534","20240308","만족하는 편이다","부족함을 못느끼기 때문이다","M","40대","300~500만원 미만","경기"
"53325659","20240308","매우 만족한다","재밌어서","M","19~29세","없음/모름/무응답","강원"
"53325686","20240308","만족하는 편이다","베드민턴으로 활동량이 늘었음","F","40대","500~700만원 미만","경남"
"53325698","20240308","만족하는 편이다","알차게 보낸 날들이 많았음. 그냥 흘러보내는 시간 말고 생산적인 여가시간을 많이 보냈음.","F","19~29세","없음/모름/무응답","대구"
"53325709","20240308","보통이다","변화 없음","M","40대","500~700만원 미만","경남"
"53325822","20240308","보통이다","같이 여가를 즐길 친구들의 경제사정이 좋치 않아서","M","50대","500~700만원 미만","대전"
"53325862","20240308","보통이다","흥미가 줄어듦","F","50대","300만원 미만","경기"
"53326061","20240308","보통이다","주차장 공간 부족","M","50대","300~500만원 미만","경북"
"53326091","20240308","만족하는 편이다","만족한다","M","30대","700만원 이상","대구"
"53326266","20240308","매우 불만족한다","돈이없어서","M","50대","300만원 미만","충북"
"53326340","20240308","보통이다","크게 부족함이 없다. 형편에 맞게...","M","60대","300만원 미만","대전"
"53326350","20240308","만족하는 편이다","할수 있어서","M","30대","500~700만원 미만","인천"
"53326495","20240308","보통이다","여유가없다","M","19~29세","300~500만원 미만","서울"
"53326508","20240308","보통이다","일상생활에 바쁜 일이 많이 생겨 여가를 즐길여유가 없었음","M","60대","300~500만원 미만","충북"
"53326539","20240308","보통이다","변한게 크게 없어서","M","40대","없음/모름/무응답","광주"
"53326840","20240308","만족하는 편이다","야외에서 운동하기에 조금 덥지만 좋았다","M","40대","700만원 이상","경기"
"53326948","20240308","불만족하는 편이다","딱히 여가시간에 쉬는것 밖에 한게 없어서","F","50대","700만원 이상","경남"
"53326963","20240308","보통이다","시간적 경제적 여유가 많지않음.","M","50대","300~500만원 미만","경기"
"53327080","20240308","보통이다","새로운 일에 도전하지 않아서","M","60대","500~700만원 미만","경기"
"53327112","20240308","만족하는 편이다","하고싶은 건 웬만큼 하고있는 거 같다","F","19~29세","300만원 미만","경북"
"53327413","20240308","만족하는 편이다","즐겁게 하고 있다생각에.","F","50대","700만원 이상","전남"
"53327617","20240308","만족하는 편이다","손녀들을 돌보느라 바쁘지만. 틈틈히 잘 활용해서 하고싶은것을 찾아 잘하고있다","F","60대","700만원 이상","서울"
"53327669","20240308","만족하는 편이다","자전거 타기","M","50대","300만원 미만","광주"
"53327701","20240308","보통이다","금전적 여유가 없다","M","50대","300~500만원 미만","인천"
"53327852","20240308","보통이다","조금 더 여가 생활을 즐길 수 있는 여유 시간이 많아졌으면 좋겠다","F","19~29세","500~700만원 미만","인천"
"53328022","20240308","보통이다","그냥 저냥 보내고 있다","F","30대","300~500만원 미만","경북"
"53328055","20240308","만족하는 편이다","만족하기 때문이다","F","60대","없음/모름/무응답","울산"
"53328060","20240308","보통이다","크게 만족하는 점이 없기에","M","60대","700만원 이상","경기"
"53328159","20240308","만족하는 편이다","원하는 시간에 원하는곳을 방문하기에 불편함이 없다","M","50대","700만원 이상","대구"
"53328204","20240308","만족하는 편이다","없음","M","19~29세","300만원 미만","대구"
"53328277","20240308","보통이다","만족스럽진 않지만 나아질 것이기 때문","M","19~29세","300~500만원 미만","부산"
"53328293","20240308","보통이다","여유가 안되기때문","M","19~29세","300~500만원 미만","전남"
"53328310","20240308","보통이다","시간은 많으나 경제적인 이유로 실천하기가 어렵고 주위의 인프라가 부족한 사유로 다양한 문화적 접근을 하기가 어렵다","F","50대","700만원 이상","강원"
"53328412","20240308","매우 만족한다","모든 조건이 맞아 떨어졌더","F","19~29세","없음/모름/무응답","강원"
"53328448","20240308","만족하는 편이다","시간과 비용 구애받지 않음","F","19~29세","700만원 이상","경기"
"53328453","20240308","보통이다","차이없음","M","19~29세","없음/모름/무응답","경기"
"53328516","20240308","보통이다","자금부족","M","40대","300만원 미만","경기"
"53328628","20240308","보통이다","여가생활을 즐길 시간이 많지는 않지만 그래도 즐기는중","M","30대","700만원 이상","경기"
"53328784","20240308","보통이다","비슷하다","F","19~29세","300만원 미만","울산"
"53328799","20240308","보통이다","딱히 불만을 못느낌","M","40대","없음/모름/무응답","강원"
"53328913","20240308","보통이다","별 변화가없음","M","40대","300~500만원 미만","울산"
"53328992","20240308","보통이다","좋지도 나쁘지도 않아서","M","30대","없음/모름/무응답","강원"
"53329012","20240308","만족하는 편이다","불만이 없어서","M","60대","500~700만원 미만","경기"
"53329251","20240308","불만족하는 편이다","시간의 부족","F","19~29세","500~700만원 미만","경남"
"53329479","20240308","보통이다","내가 하고자하는 여가활동에 대해 경제적.시간적으로 부족함이 없다.","M","60대","500~700만원 미만","제주"
"53329629","20240308","불만족하는 편이다","피곤함으로 인해 삶의질이 떨어짐","M","50대","700만원 이상","경기"
"53329756","20240308","보통이다","시간이 많이 없었어","F","60대","300만원 미만","경북"
"53330105","20240308","보통이다","평균적이다","M","30대","500~700만원 미만","경기"
"53330298","20240308","보통이다","특별함이 없음","M","30대","500~700만원 미만","경기"
"53330308","20240308","보통이다","일하는것도 아니고노는것도 아니라서","F","60대","300~500만원 미만","경기"
"53330531","20240308","만족하는 편이다","별의견없음","F","40대","없음/모름/무응답","부산"
"53330627","20240308","만족하는 편이다","기존에 횟수가 없다가 늘어남","M","40대","300~500만원 미만","경북"
"53330735","20240308","보통이다","새로운게 없어서","F","19~29세","없음/모름/무응답","경남"
"53331024","20240308","보통이다","늘 해오던 생활이라 특별한 감흥은 없습니다.","M","30대","300~500만원 미만","울산"
"53331135","20240308","보통이다","모름","F","30대","500~700만원 미만","서울"
"53331187","20240308","만족하는 편이다","시간과 경제적 여유","F","50대","700만원 이상","충남"
"53331263","20240308","보통이다","여가생활에서 딱히 지원받거나 개선된점이 없음","M","30대","300~500만원 미만","경기"
"53331357","20240308","만족하는 편이다","시간 인프라 비용 등에 부담이 적어서","M","50대","700만원 이상","서울"
"53331389","20240308","만족하는 편이다","접근이 용이하고 하고 싶은 것들을 잘 찾을 수 있어서","F","40대","없음/모름/무응답","인천"
"53331608","20240308","만족하는 편이다","충분히 즐기면서 할 수 있어서.....","M","40대","500~700만원 미만","충남"
"53331680","20240308","불만족하는 편이다","돈과 시간이 부족해 충분히 여가생활에 투자하지 못함","F","19~29세","300만원 미만","충남"
"53331843","20240308","만족하는 편이다","독서와 쉼을 통해 나의 내면의 휴식을 주고있어서","F","30대","300~500만원 미만","서울"
"53331885","20240308","보통이다","예전과 크게 달라진것이 없네요","M","60대","300~500만원 미만","경기"
"53332016","20240308","보통이다","늘 비슷한 패턴이다","F","60대","300~500만원 미만","경기"
"53332080","20240308","보통이다","없음","M","30대","300~500만원 미만","대구"
"53332253","20240308","보통이다","건강상 문제","F","40대","500~700만원 미만","서울"
"53332315","20240308","만족하는 편이다","개인적으로 여유가 있음","F","30대","500~700만원 미만","전남"
"53332421","20240308","보통이다","여가생활할 만한 부분(장소 및 아이템 등) 찾아 볼 만한 곳이 없다","M","40대","300~500만원 미만","인천"
"53332519","20240308","만족하는 편이다","시간적 충분","M","50대","300~500만원 미만","제주"
"53332715","20240308","보통이다","부족하지는 않으나 더 즐기고 싶은데 못 즐겨서","M","30대","300~500만원 미만","서울"
"53332800","20240308","매우 불만족한다","시간도 없구 금전적으로 쪼달림","M","50대","없음/모름/무응답","경기"
"53333076","20240308","만족하는 편이다","산책하기 좋은 집주변","M","30대","없음/모름/무응답","전북"
"53333097","20240308","보통이다","돈이나 시간","M","30대","없음/모름/무응답","서울"
"53333109","20240308","보통이다","홀발하게 활동하지 못함","M","60대","300~500만원 미만","경기"
"53333306","20240308","만족하는 편이다","내 형편에 맞게 하고 즐기도 있슴.","M","60대","300~500만원 미만","서울"
"53333323","20240308","만족하는 편이다","영화를 감상하기도 하고 집에서 휴식을 취하면서 웹툰이나 소설 등을 볼 수 있는 여유를 가질 수 있었다.","F","19~29세","300~500만원 미만","경남"
"53333449","20240308","보통이다","나이가들어감에 흥미로움이 줄어듬","F","60대","500~700만원 미만","경기"
"53333520","20240308","만족하는 편이다","시간여유","F","40대","300만원 미만","강원"
"53333617","20240308","만족하는 편이다","힐링되어서","F","50대","500~700만원 미만","충북"
"53333663","20240308","보통이다","여가생활을 즐기려고 들인 시간 비용에 비해 크게 만족하지 못하였다.","F","19~29세","없음/모름/무응답","제주"
"53333818","20240308","만족하는 편이다","없는시간 에 시간내서산책좋아요","F","50대","500~700만원 미만","경기"
"53333846","20240308","만족하는 편이다","시간이 많아졌다","M","40대","700만원 이상","인천"
"53333881","20240308","보통이다","특별히 생각나는게 없음","M","50대","300~500만원 미만","경기"
"53334004","20240308","보통이다","바뻐서","M","50대","300~500만원 미만","경기"
"53334101","20240308","매우 불만족한다","여가를 즐길 경제적, 사회적으로 여유가 없음","M","40대","없음/모름/무응답","서울"
"53334151","20240308","보통이다","일상적인생활 패턴이 날마다 비슷하다","F","60대","300~500만원 미만","부산"
"53334331","20240308","보통이다","손주들을 챙겨야 하고 어머니를 모시는 상황이라 맘껏 여가생활을 즐길 수 없다.","F","60대","300~500만원 미만","경기"
"53334394","20240308","만족하는 편이다","시간적 여유가 많아져서","F","40대","700만원 이상","경북"
"53334423","20240308","만족하는 편이다","만족스러운 여가생활을 보내고있어서","F","19~29세","300~500만원 미만","경남"
"53334495","20240308","만족하는 편이다","시간 여유가 있어서","F","50대","700만원 이상","서울"
"53334767","20240308","만족하는 편이다","나름 즐거웠다","F","19~29세","300만원 미만","경기"
"53334863","20240308","보통이다","나름 만족스러움","F","40대","300~500만원 미만","광주"
"53334871","20240308","불만족하는 편이다","돈이없고. 시간적여유가없다","M","40대","300~500만원 미만","경남"
"53335056","20240308","만족하는 편이다","시원한 부대시설","F","40대","700만원 이상","서울"
"53335095","20240308","불만족하는 편이다","다쳤기 때문","M","30대","300~500만원 미만","서울"
"53335254","20240308","보통이다","만족도가 높지도낮지도않아서","M","30대","300만원 미만","전북"
"53335258","20240308","만족하는 편이다","시간적으로 여유가 ?기 때문에","M","50대","500~700만원 미만","인천"
"53335277","20240308","불만족하는 편이다","시간도 돈도없다","F","19~29세","없음/모름/무응답","서울"
"53335297","20240308","보통이다","시간도 충분하고 비용도 저렴","M","50대","500~700만원 미만","충북"
"53335392","20240308","보통이다","보통","M","30대","300~500만원 미만","서울"
"53335445","20240308","보통이다","불편한거 없음","M","40대","700만원 이상","서울"
"53335449","20240308","보통이다","동두천이 교통이 불편하고 주로 의정부로 나가는 편이라 만족하다고 할수가 없습니다","F","60대","300~500만원 미만","경기"
"53335839","20240308","보통이다","변화가 없음","F","50대","700만원 이상","서울"
"53335877","20240308","보통이다","시간 경제적 여유가 잇엇다","F","40대","500~700만원 미만","부산"
"53335889","20240308","매우 만족한다","시간적 여유가 있기 때문이다.","M","19~29세","500~700만원 미만","경북"
"53335984","20240308","보통이다","큰 만족도 없지만 큰 불만도 없음","M","30대","700만원 이상","경기"
"53336043","20240308","만족하는 편이다","가성비 좋게 집 근처에서 편하게 하고 있다.","F","19~29세","700만원 이상","서울"
"53336065","20240308","보통이다","적당히 즐기고 있어서","F","30대","300~500만원 미만","경북"
"53336071","20240308","보통이다","일다니느라 시간이 부족해서","M","19~29세","300만원 미만","경기"
"53336157","20240308","매우 불만족한다","시간이 부족해요","F","40대","500~700만원 미만","부산"
"53336175","20240308","만족하는 편이다","나만의 시간을 충분히 활용가능","F","50대","300~500만원 미만","서울"
"53336198","20240308","보통이다","시간이항상부족해서","F","60대","300~500만원 미만","전남"
"53336234","20240308","매우 만족한다","스트레스 해소","M","30대","300만원 미만","전남"
"53336557","20240308","만족하는 편이다","잼잇오","F","30대","300만원 미만","경기"
"53336919","20240308","보통이다","주변 시설 부족","F","30대","500~700만원 미만","경기"
"53336992","20240308","보통이다","큰변화없이 무난함","M","50대","300~500만원 미만","전북"
"53337116","20240308","보통이다","즐기고싶어도 경제적인 문제겠죠!","F","60대","300~500만원 미만","서울"
"53337260","20240308","불만족하는 편이다","주차문제 시간적여유","F","30대","300~500만원 미만","경기"
"53337473","20240308","보통이다","직장퇴근후 육아하다보면 시간이부족하지만 잠깐 운동할수있는것두 고맙기때문","F","40대","500~700만원 미만","강원"
"53337481","20240308","보통이다","고물가","M","60대","300만원 미만","광주"
"53337677","20240308","보통이다","금전적","F","40대","700만원 이상","강원"
"53337691","20240308","보통이다","직장을 다니게 되어 전반적으로 여가시간이 줄었기 때문","F","60대","700만원 이상","경기"
"53337761","20240308","만족하는 편이다","코로나 이후 외출이 자유로워졌고 주변 상권 역시 활성화되면서 여가생활이나 맛집탐방 등이 전보다 자유로워졌다.","F","19~29세","없음/모름/무응답","세종"
"53338042","20240308","보통이다","직장생활로 시간적인 여유가 없어서 규칙적인 활동이 어렵다","M","60대","300~500만원 미만","서울"
"53338445","20240308","보통이다","바빠서 여가가 없음","F","30대","700만원 이상","충남"
"53338482","20240308","보통이다","몸이 안좋아서 시간은 충분하나 맘대로 잘 안됐다","F","50대","700만원 이상","경기"
"53338663","20240308","보통이다","전시회나 공연이 주변에 많으면 선택지가 많아지는데 지역특성상 부족하여서","F","30대","700만원 이상","강원"
"53338713","20240308","보통이다","경제적 빈곤","M","60대","300만원 미만","인천"
"53338738","20240308","만족하는 편이다","여가시간을 즐길 수 있는 시간이 늘어남","F","19~29세","300~500만원 미만","서울"
"53338770","20240308","만족하는 편이다","시간저여유","F","60대","700만원 이상","경기"
"53338778","20240308","보통이다","경제 활동이 부족해서","F","50대","없음/모름/무응답","경남"
"53338788","20240308","만족하는 편이다","원하는 시간에 할수있어서","M","60대","700만원 이상","제주"
"53338900","20240308","만족하는 편이다","아직까지 큰 변화는 없음","M","30대","500~700만원 미만","경기"
"53338967","20240308","만족하는 편이다","접근성이 좋다","F","60대","500~700만원 미만","부산"
"53339437","20240308","보통이다","비용 인프라","M","50대","300~500만원 미만","강원"
"53339543","20240308","만족하는 편이다","시립 수영장이 가깝고 저렴한 수강비와 훌륭한 시설","F","40대","700만원 이상","경기"
"53339545","20240308","만족하는 편이다","수강료저렴 시간적여유","F","60대","300~500만원 미만","충북"
"53339704","20240308","불만족하는 편이다","경제적여유 부족","F","19~29세","300~500만원 미만","인천"
"53339753","20240308","보통이다","여유","F","40대","300~500만원 미만","인천"
"53339857","20240308","만족하는 편이다","만족해요","F","60대","700만원 이상","경기"
"53340297","20240308","불만족하는 편이다","육아 둘째출산","F","30대","500~700만원 미만","서울"
"53340332","20240308","만족하는 편이다","육아로 많은 시간을 할애하지 못하지만 점점 여가시간이 늘어날 것으로 예상","F","30대","700만원 이상","서울"
"53340334","20240308","보통이다","시간적여유가없음","F","60대","700만원 이상","충남"
"53340395","20240308","만족하는 편이다","체력이 가능한 선에서 하고 있기때문에","F","50대","300~500만원 미만","서울"
"53340410","20240308","보통이다","보통","F","40대","700만원 이상","강원"
"53340635","20240308","만족하는 편이다","만족도가 높음.","M","30대","500~700만원 미만","서울"
"53340716","20240308","보통이다","없음","F","40대","없음/모름/무응답","강원"
"53340807","20240308","보통이다","적당히","F","60대","300~500만원 미만","전북"
"53340812","20240308","보통이다","변함이 없다","M","40대","700만원 이상","경북"
"53340888","20240308","보통이다","그냥 저냥 평소랑 다를바 없이 생활하였다","M","19~29세","300~500만원 미만","경북"
"53340926","20240308","보통이다","여가 시간은 충분하지 않았지만 좋지도 나쁘지도 않았음","F","40대","300만원 미만","대구"
"53341084","20240308","만족하는 편이다","하려고 하면 다 할 수 있어서","F","30대","300~500만원 미만","서울"
"53341125","20240308","만족하는 편이다","즐겁고 좋아서","F","40대","300~500만원 미만","충북"
"53341162","20240308","보통이다","거의 매일 똑같이 시간에 변화 없이 하다보니그렇게 생각이되네요","M","50대","700만원 이상","부산"
"53341191","20240308","보통이다","크게 불만족 할만한 부분이 없음","F","40대","700만원 이상","서울"
"53341235","20240308","만족하는 편이다","여가생활의 증가 추새","M","40대","300만원 미만","강원"
"53341367","20240308","만족하는 편이다","시간적 경제적 여유","F","50대","700만원 이상","경기"
"53341505","20240308","보통이다","그다지 특별한 일이 없었음","F","30대","300~500만원 미만","경기"
"53341796","20240308","보통이다","시간이 한정적임","F","30대","700만원 이상","경기"
"53341854","20240308","매우 만족한다","날씨가 너무 좋아서 돌아다니기 좋았다","F","30대","500~700만원 미만","강원"
"53342314","20240308","보통이다","크게 달라진게 없어서","F","50대","300~500만원 미만","서울"
"53342320","20240308","만족하는 편이다","행복했으니까","F","19~29세","300~500만원 미만","서울"
"53342336","20240308","보통이다","사회의불안정","F","60대","없음/모름/무응답","경북"
"53342343","20240308","만족하는 편이다","내가하고자하는 여가생활을 할수 있어서 만족한다","F","50대","500~700만원 미만","경기"
"53342351","20240308","만족하는 편이다","더 바빠지지않았고 일상의 유지가 가능했음","F","30대","700만원 이상","경기"
"53342619","20240308","만족하는 편이다","아이들이 커서 여유가 생겨서","F","50대","700만원 이상","서울"
"53342717","20240308","보통이다","여가활동은 경제적인 여유와 밀접하다고 봅니다 경기침체로 인하여 당분간은 보통적으로 이루어질것 같다","M","50대","700만원 이상","전북"
"53342871","20240308","보통이다","금전적인 여유도 없고 시간도 많이 없더","M","30대","300만원 미만","부산"
"53343099","20240308","만족하는 편이다","즐거움","F","30대","500~700만원 미만","부산"
"53343167","20240308","만족하는 편이다","여유시간이 많아졌다","F","50대","300~500만원 미만","서울"
"53343194","20240308","만족하는 편이다","자율적이고 자유롭게 여가를 계획하고 즐길 수 있었다","F","30대","700만원 이상","대구"
"53343276","20240308","불만족하는 편이다","시간적 여유가 없음","F","50대","300~500만원 미만","대전"
"53343561","20240308","보통이다","생각하는 만큼 하지못해","M","60대","500~700만원 미만","광주"
"53343746","20240308","만족하는 편이다","주변에 공원 체육관등 시설들이 가까이 있어서","M","40대","700만원 이상","강원"
"53343963","20240308","보통이다","불만족스럽지도 만족수럽지도 않음","F","40대","700만원 이상","부산"
"53344122","20240308","만족하는 편이다","캠핑장 가깝고 시설좋고 사장님도 좋아요","F","50대","700만원 이상","세종"
"53344159","20240308","보통이다","매일매일이 다를게 없다","M","40대","300~500만원 미만","경기"
"53344163","20240308","보통이다","평범해서","M","50대","500~700만원 미만","광주"
"53344308","20240308","보통이다","특별히 활동이 많지 않았기 때문에","F","30대","300만원 미만","서울"
"53344470","20240308","만족하는 편이다","시간 여유","F","30대","300만원 미만","강원"
"53344494","20240308","보통이다","별로만족하게 느낀점이없었다","M","60대","300만원 미만","대전"
"53344497","20240308","보통이다","겨울철이라 추워서","F","50대","700만원 이상","인천"
"53344541","20240308","불만족하는 편이다","경제적 여유가 없어서","F","60대","300~500만원 미만","서울"
"53345018","20240308","만족하는 편이다","시간 비용이 감당할 수 있을 정도로 주어져서","F","40대","700만원 이상","강원"
"53345057","20240308","만족하는 편이다","양질의 콘텡츠","F","19~29세","없음/모름/무응답","서울"
"53345069","20240308","보통이다","특별한 변화가 없음","M","50대","700만원 이상","경기"
"53345150","20240308","보통이다","좀더 길게 여유가 있으면 좋겟ㅎ다","F","40대","500~700만원 미만","서울"
"53345566","20240308","만족하는 편이다","아이의 새로운 취미로 새로운 경험을 했는데 아주 만족스러웠다","F","40대","300~500만원 미만","경북"
"53345676","20240308","보통이다","육아로 인하여 바쁨","M","30대","500~700만원 미만","경기"
"53345682","20240308","보통이다","부족하다","M","19~29세","300만원 미만","제주"
"53345803","20240308","만족하는 편이다","비용대비 만족감 상승과 여행의 만족","M","50대","700만원 이상","대전"
"53345861","20240308","보통이다","적극적으로여가생활하지못하여서","M","60대","300~500만원 미만","경북"
"53346109","20240308","만족하는 편이다","여유시간이많다 애들이커서","M","40대","300~500만원 미만","대전"
"53346233","20240308","만족하는 편이다","시간여유가 있는 편임","M","40대","700만원 이상","경기"
"53346303","20240308","만족하는 편이다","내가 원하는 걸 할수 있어서","M","60대","700만원 이상","대구"
"53346319","20240308","보통이다","시간 없음","M","50대","300~500만원 미만","인천"
"53346524","20240308","만족하는 편이다","즐거웠음","F","40대","700만원 이상","경기"
"53346786","20240308","보통이다","경제적으로 힘들다보니 큰 만족감을 못 느낌","F","40대","300만원 미만","서울"
"53346790","20240308","보통이다","보통","M","19~29세","500~700만원 미만","서울"
"53346839","20240308","만족하는 편이다","시간이 많았다","M","40대","700만원 이상","서울"
"53346859","20240308","보통이다","불규칙한시간","F","50대","300만원 미만","경기"
"53346870","20240308","만족하는 편이다","즐겁게 계획대로 보내는중","M","19~29세","500~700만원 미만","대구"
"53347088","20240308","보통이다","더 재미있게..","F","19~29세","없음/모름/무응답","서울"
"53347229","20240308","만족하는 편이다","좋은숙소와맛집탐방 은 늘 즐겁습니다","M","50대","없음/모름/무응답","울산"
"53347377","20240308","만족하는 편이다","시간이여유가 생겼다.","F","40대","300~500만원 미만","충북"
"53347411","20240308","만족하는 편이다","작년보다 뜻깊은 만남이 많아졌다","M","40대","300~500만원 미만","인천"
"53347435","20240308","만족하는 편이다","시간활용을 잘하고 있어서요","F","50대","500~700만원 미만","경기"
"53347518","20240308","보통이다","항상 시간에 돈에 쫓기는 여가생활","M","30대","300~500만원 미만","서울"
"53347710","20240308","만족하는 편이다","개인적으로 시간제한받지않고 할수있기때문에.","M","60대","300~500만원 미만","서울"
"53347861","20240308","만족하는 편이다","내가하고?은여가를 보냄","M","30대","300~500만원 미만","경기"
"53348058","20240308","불만족하는 편이다","연속성","M","50대","없음/모름/무응답","경기"
"53348099","20240308","만족하는 편이다","자기만족","F","60대","500~700만원 미만","서울"
"53348127","20240308","만족하는 편이다","자녀들이 모두 독립하여 나만의 시간이 여유로와졌다","F","60대","700만원 이상","서울"
"53348177","20240308","불만족하는 편이다","물가상승으로 인한 제한 육아로인한 시간적 제한","M","40대","300~500만원 미만","대전"
"53348244","20240308","만족하는 편이다","좋아하는 것을 함","F","60대","300~500만원 미만","경남"
"53348285","20240308","불만족하는 편이다","비용증가","M","50대","300~500만원 미만","서울"
"53348576","20240308","만족하는 편이다","돈이 여유가 생겨서","M","19~29세","300~500만원 미만","대구"
"53348907","20240308","보통이다","몸이 불편함","F","60대","300만원 미만","서울"
"53348988","20240308","보통이다","평상시대로 변함없이 즐기고 있다","F","40대","없음/모름/무응답","경기"
"53349010","20240308","보통이다","특별히 만족하지도 불만스럽지도 않음","F","30대","300~500만원 미만","충북"
"53349032","20240308","만족하는 편이다","즐겁게 운동.자전거 타기 등을 할수있다","M","60대","300~500만원 미만","경기"
"53349112","20240308","보통이다","바빠서","F","60대","500~700만원 미만","대전"
"53349301","20240308","매우 만족한다","계획했던 여름휴가를 잘 끝냈기 때문에","F","40대","300~500만원 미만","서울"
"53349306","20240308","보통이다","여가활동에 대한 나의 여건이 좋은것보다 해야만하는 환경이라 즐거움이 없기때문입니다","F","60대","300~500만원 미만","대전"
"53349368","20240308","만족하는 편이다","퇴직후. 연금생활이므로","F","60대","500~700만원 미만","경기"
"53349406","20240308","불만족하는 편이다","불경기","M","30대","500~700만원 미만","경남"
"53349420","20240308","만족하는 편이다","충분한 시간을 갖고있음","M","50대","500~700만원 미만","서울"
"53349471","20240308","만족하는 편이다","제가 원하는 시간대에 할 수 있고 비용이 적게 들어 부담이 적어서 만족합니다","M","30대","500~700만원 미만","부산"
"53349506","20240308","매우 불만족한다","2세 탄생","M","30대","500~700만원 미만","경기"
"53349526","20240308","보통이다","변화가 없어서","M","40대","300~500만원 미만","경북"
"53349612","20240308","보통이다","여가생활을 많이 즐길 시간적여유가 없음","M","30대","없음/모름/무응답","경남"
"53349964","20240308","만족하는 편이다","시간 여유가 았어서 만족해서","F","19~29세","700만원 이상","강원"
"53349965","20240308","만족하는 편이다","시간적 여유가 충분하고 혼자 즐기기를 좋아한다","M","40대","700만원 이상","세종"
"53350111","20240308","만족하는 편이다","하고싶은 여가생활늘 원하는 시간에 할수 있어서요","M","50대","700만원 이상","대전"
"53350132","20240308","보통이다","특별한 것이 없습니다","M","60대","700만원 이상","충북"
"53350199","20240308","만족하는 편이다","접근성 비용 시간 모두 적당.","M","50대","700만원 이상","인천"
"53350305","20240308","만족하는 편이다","재밌게 즐김","M","19~29세","700만원 이상","서울"
"53350467","20240308","보통이다","여가를 즐길 시간이 부족","M","50대","700만원 이상","충북"
"53350538","20240308","만족하는 편이다","즐기고 싶은 활동을 즐기고 있어서","F","19~29세","700만원 이상","경기"
"53350638","20240308","보통이다","특별한 먼가가 없어서","F","60대","300만원 미만","인천"
"53350731","20240308","만족하는 편이다","만족도가 높음","M","60대","300~500만원 미만","경북"
"53350749","20240308","만족하는 편이다","시간과 경제적여유","F","50대","300만원 미만","경북"
"53350794","20240308","만족하는 편이다","여행을 많이 다녔다","F","30대","300~500만원 미만","경기"
"53350881","20240308","만족하는 편이다","최근 해외여행 다녀옴","F","60대","500~700만원 미만","경기"
"53350982","20240308","만족하는 편이다","시간 여유","M","60대","300~500만원 미만","울산"
"53350992","20240308","보통이다","평소와 같기 때문","M","60대","300~500만원 미만","부산"
"53350995","20240308","보통이다","특별한 변화 없음","M","50대","700만원 이상","전북"
"53351059","20240308","보통이다","비슷함","F","40대","없음/모름/무응답","세종"
"53351063","20240308","보통이다","시간이 부족하다","M","30대","500~700만원 미만","서울"
"53351239","20240308","보통이다","큰 변동없이 늘 햐온걸 햐왔기 때문","M","40대","300만원 미만","서울"
"53351357","20240308","보통이다","마음적 여유가 충분하지않음","M","30대","300만원 미만","서울"
"53351817","20240308","보통이다","적극적인 마음가짐부족","F","50대","300~500만원 미만","경기"
"53352127","20240308","만족하는 편이다","건강유지","M","40대","700만원 이상","부산"
"53352193","20240308","보통이다","여행을 가고자 하는 여건이 충분히 갖춰지지않아서","F","30대","300~500만원 미만","서울"
"53352566","20240308","만족하는 편이다","시간적으로 여유가있음","M","50대","300~500만원 미만","경기"
"53352620","20240308","만족하는 편이다","코로나가 끝나감에 비대면의 활동이 대면으로 바뀌어 정신적으로 즐겁다","F","60대","700만원 이상","서울"
"53352718","20240308","만족하는 편이다","국내여행을 최근에 갔다왔기 때문이다","F","19~29세","없음/모름/무응답","인천"
"53352814","20240308","보통이다","변화없어서","F","50대","없음/모름/무응답","서울"
"53353064","20240308","보통이다","생활 패턴 변화가 거의 없어서요.","F","50대","300~500만원 미만","경북"
"53353154","20240308","보통이다","증가하지도 감소하지도 않아 예년과 같다","M","19~29세","300만원 미만","경남"
"53353184","20240308","보통이다","패턴이비슷해서보통입니다","M","40대","300~500만원 미만","대구"
"53353194","20240308","만족하는 편이다","코로나가없어서","M","40대","700만원 이상","경기"
"53353425","20240308","보통이다","만족해서요","M","19~29세","300~500만원 미만","전남"
"53353580","20240308","만족하는 편이다","당분간 나를 위해 시간적 여유를 만들고 있음","F","40대","700만원 이상","서울"
"53353600","20240308","만족하는 편이다","할 수 있는 활동이 많음","F","19~29세","300~500만원 미만","서울"
"53353734","20240308","보통이다","경제적으로 넉넉하지 않다","F","60대","없음/모름/무응답","세종"
"53353886","20240308","만족하는 편이다","가족과 함께라면 모든활동이 즐겁다","F","40대","없음/모름/무응답","인천"
"53354001","20240308","보통이다","작년 비슷한 여가활동 때문에?","M","50대","300~500만원 미만","경기"
"53354060","20240308","만족하는 편이다","시간의 여유가 있어서","M","19~29세","300만원 미만","대구"
"53354245","20240308","만족하는 편이다","삶의 질이 상승하는느낌","M","19~29세","300~500만원 미만","울산"
"53354247","20240308","만족하는 편이다","나름 여가를 즐기고는 있기 때문에","F","19~29세","없음/모름/무응답","광주"
"53354307","20240308","매우 만족한다","해외여행을 다녀왔습니다. 첫 유럽이어서 설?습니다!","F","19~29세","300만원 미만","서울"
"53354331","20240308","보통이다","그렇저렇","M","50대","700만원 이상","서울"
"53354480","20240308","보통이다","보통입니다","M","30대","없음/모름/무응답","경남"
"53354512","20240308","보통이다","없음","F","50대","500~700만원 미만","전북"
"53354554","20240308","만족하는 편이다","원하는 공연 관람 산책 운동 등을 함","F","50대","700만원 이상","서울"
"53354577","20240308","만족하는 편이다","심적 여유가 생겨서","F","19~29세","없음/모름/무응답","세종"
"53354582","20240308","불만족하는 편이다","경제적 부담","F","30대","없음/모름/무응답","서울"
"53354701","20240308","보통이다","크게 다를바없어서","F","30대","300만원 미만","대구"
"53354813","20240308","만족하는 편이다","근처 스크린 골프연습장 등 연습 할수있는 시설이많음","F","50대","300만원 미만","대구"
"53354859","20240308","만족하는 편이다","몸과 마음이 건강해진거같다","F","50대","500~700만원 미만","서울"
"53354898","20240308","보통이다","경제적여유","M","60대","500~700만원 미만","경기"
"53354955","20240308","보통이다","ㅇ","M","19~29세","300~500만원 미만","서울"
"53355024","20240308","만족하는 편이다","시간적여유가있어 충분히들길수있음","M","40대","500~700만원 미만","제주"
"53355127","20240308","보통이다","지난여가생활과 비교해 큰차이가 없기 때문이다","M","60대","500~700만원 미만","경기"
"53355251","20240308","보통이다","물가상승으로 인해 여가 비용이 너무 오름","M","30대","700만원 이상","경기"
"53355372","20240308","만족하는 편이다","시간과 금전적인 여유가 충분해서입니다","F","60대","700만원 이상","경남"
"53355373","20240308","보통이다","타지역에서나 좀더 새로운 분위기를 느끼고 싶다","F","50대","700만원 이상","대전"
"53355698","20240308","보통이다","여가를 즐길 인프라 부족","M","19~29세","700만원 이상","서울"
"53355724","20240308","만족하는 편이다","여가생활에 큰 경제적 부담ㅈ없음","M","40대","700만원 이상","경남"
"53356067","20240308","만족하는 편이다","해외여행을 2번 다녀왔고 모두 즐거웠다.","F","60대","700만원 이상","서울"
"53356109","20240308","불만족하는 편이다","다시 일을 시작하여 여가시간이 줄어듬","M","50대","700만원 이상","울산"
"53356134","20240308","보통이다","시간적 여유가 없어서","F","60대","300~500만원 미만","서울"
"53356138","20240308","보통이다","여가활동을 할 수 있는 것만으로도 만족","F","30대","500~700만원 미만","경북"
"53356142","20240308","보통이다","다를께없어서~","M","30대","500~700만원 미만","경기"
"53356230","20240308","불만족하는 편이다","경제사정","F","50대","300~500만원 미만","충남"
"53356246","20240308","만족하는 편이다","매일 다른 회원들과 즐겁고 재미있게 운동하고 있다","M","50대","300~500만원 미만","서울"
"53356261","20240308","만족하는 편이다","충분히 즐기고 있어서","F","60대","700만원 이상","경남"
"53356302","20240308","불만족하는 편이다","여가시간의 부족","F","40대","500~700만원 미만","부산"
"53356363","20240308","보통이다","시간적 여유","M","40대","700만원 이상","경기"
"53356367","20240308","보통이다","늘상 하던 여가생활임","F","30대","500~700만원 미만","강원"
"53356555","20240308","매우 만족한다","즐거움","F","50대","300~500만원 미만","서울"
"53356565","20240308","보통이다","없음","M","40대","500~700만원 미만","대전"
"53356681","20240308","만족하는 편이다","내가 원할때 할 수 있다","M","60대","500~700만원 미만","인천"
"53356792","20240308","만족하는 편이다","주거지 부근에서 모두 가능","M","50대","700만원 이상","인천"
"53356918","20240308","만족하는 편이다","즐겁게 즐긴다","M","50대","500~700만원 미만","대구"
"53357008","20240308","매우 만족한다","계획을 가지고 지킬려고 합니다","F","50대","700만원 이상","경남"
"53357043","20240308","보통이다","변화가 없다","M","50대","300~500만원 미만","경남"
"53357089","20240308","보통이다","욕구에 비해 시간이 부족","F","40대","500~700만원 미만","경기"
"53357107","20240308","만족하는 편이다","운동으로 몸이 한결가볍고 건강해짐","M","40대","300~500만원 미만","부산"
"53357133","20240308","만족하는 편이다","즐겁게 스트레스를 해소하고 있기 때문","M","19~29세","300만원 미만","경북"
"53357194","20240308","보통이다","주로 집에있어서임","F","60대","300~500만원 미만","경기"
"53357261","20240308","보통이다","별로 한게 없음","M","40대","300~500만원 미만","광주"
"53357464","20240308","만족하는 편이다","자기만족","M","50대","300만원 미만","서울"
"53357507","20240308","만족하는 편이다","친구들 그리고 가족들과 함께 보내는 시간이 많고 즐겁다","F","19~29세","500~700만원 미만","경북"
"53357715","20240308","만족하는 편이다","시간이 많아서","F","19~29세","700만원 이상","서울"
"53357737","20240308","만족하는 편이다","시간적 여유와 지출이 늘지 않아서","F","60대","300~500만원 미만","울산"
"53357847","20240308","만족하는 편이다","건강에 도움이 되고 즐겁기 때문입니다.","M","60대","300~500만원 미만","부산"
"53357986","20240308","만족하는 편이다","스트레스 해소","M","60대","500~700만원 미만","서울"
"53358335","20240308","만족하는 편이다","여가는 스트레스 해소의 일종이라 생각하는데 여가생활을 즐기며 스트레스 해소에 도움이 됐기때문","F","19~29세","없음/모름/무응답","경기"
"53358504","20240308","보통이다","아기가 있어서 자유가 막있지도 없지도 않기에","F","30대","500~700만원 미만","서울"
"53358531","20240308","불만족하는 편이다","시간부족","F","40대","없음/모름/무응답","경북"
"53358584","20240308","보통이다","만족했다는 느낌이 잘 들지 않음","F","40대","300만원 미만","전남"
"53358939","20240308","만족하는 편이다","집 주변에 충분한 장소","M","50대","700만원 이상","강원"
"53359235","20240308","만족하는 편이다","가격이 다른곳보다 저렴하여","F","60대","500~700만원 미만","대전"
"53359408","20240308","보통이다","시간적 여유를 못해요","M","40대","500~700만원 미만","경기"
"53359456","20240308","만족하는 편이다","열심히 즐긴 것 같아서","F","19~29세","없음/모름/무응답","경기"
"53359560","20240308","만족하는 편이다","추억을 쌓을 수 있어 만족함","M","40대","500~700만원 미만","부산"
"53359569","20240308","만족하는 편이다","여가시간이 있고 하고싶은걸 할 수 있음","F","30대","없음/모름/무응답","울산"
"53359594","20240308","보통이다","환절기로 인한 건강상의 문제로 인해","F","40대","500~700만원 미만","서울"
"53359605","20240308","보통이다","접근성이 낮아 이동하기 시간이 소요되기에 쉽게 시행결정이 어려워요","F","60대","500~700만원 미만","경기"
"53359754","20240308","보통이다","여유와 시간 부족","M","30대","300만원 미만","경남"
"53359880","20240308","보통이다","특별한 경험이 없다","M","19~29세","없음/모름/무응답","인천"
"53360188","20240308","만족하는 편이다","바쁜 일정이 끝나서 하고 싶은 활동들을 꽤 했다","F","19~29세","500~700만원 미만","서울"
"53360308","20240308","보통이다","영동군은 문화시설 여가를 즐길 공간 없어요","F","50대","300만원 미만","충북"
"53360381","20240308","만족하는 편이다","딱히 불만족하지는 않아서","F","30대","700만원 이상","경기"
"53360420","20240308","만족하는 편이다","할 수있은 환경되어서 ~~~~","F","60대","300만원 미만","서울"
"53360453","20240308","만족하는 편이다","활동하는데 불편함이 거의 없어서 만족함","M","60대","700만원 이상","대구"
"53360473","20240308","만족하는 편이다","활력이 됨","F","40대","500~700만원 미만","경북"
"53360565","20240308","만족하는 편이다","여가시간으로 추억을 더 쌓았기때문에","F","30대","700만원 이상","대전"
"53360653","20240308","만족하는 편이다","행복함을 느껴서","F","19~29세","300~500만원 미만","경기"
"53360676","20240308","만족하는 편이다","만족","M","40대","300만원 미만","충북"
"53360858","20240308","보통이다","변화가 없이 꾸준히 하고 있어서","M","40대","300~500만원 미만","강원"
"53361065","20240308","만족하는 편이다","여가시간이 많고 기회가 되고 경제적이어서다","F","60대","500~700만원 미만","대구"
"53361243","20240308","만족하는 편이다","친구들과 1박2일 여행을 다녀와서","F","50대","700만원 이상","전북"
"53361333","20240308","보통이다","그냥저냥한삶","M","19~29세","300만원 미만","경기"
"53361561","20240308","만족하는 편이다","가능한 시간에 효율적으로 계획을 세워 여가활동을 할수 있어서","M","50대","700만원 이상","인천"
"53361596","20240308","보통이다","여유가 없었다","F","19~29세","300만원 미만","부산"
"53361633","20240308","만족하는 편이다","모든 걸 다 하진 못하지만 그래도 제법 만족스럽게 즐긴 것 같다.","F","19~29세","없음/모름/무응답","서울"
"53361703","20240308","만족하는 편이다","시간이나 금액에 영향을 받지는 않는것 같아서 만족합니다","F","50대","300~500만원 미만","울산"
"53361774","20240308","보통이다","교통,","F","60대","700만원 이상","제주"
"53361889","20240308","보통이다","달라질게 없어서","M","19~29세","없음/모름/무응답","서울"
"53362072","20240308","불만족하는 편이다","비싸요","F","40대","없음/모름/무응답","경북"
"53362111","20240308","매우 불만족한다","답도없는 정부땜에 손해봄","M","19~29세","없음/모름/무응답","울산"
"53362180","20240308","만족하는 편이다","최근 친구들과 여행이 매우 재밌었다","M","40대","500~700만원 미만","경기"
"53362240","20240308","만족하는 편이다","가족과 즐거운시긴을 보냈기때문","M","40대","300~500만원 미만","인천"
"53362397","20240308","보통이다","늘 같은 장소 같은 패턴으로 한정적으로 움직여서","F","50대","300만원 미만","부산"
"53362698","20240308","보통이다","주변에 여가생활을 즐길 만한 인프라가 충분하다는 생각이 들지 않고, 여가생활을 즐길 시간적 여유도 부족했기 때문이다.","F","19~29세","없음/모름/무응답","서울"
"53362703","20240308","만족하는 편이다","여행과캠핑을좋아하는편이고 활동적인성향이라 새로운곳을 보고느끼것에 만족하고 특히 스트레스해소가 많이되고 활동이 즐겁다.","F","40대","300만원 미만","경기"
"53362813","20240308","만족하는 편이다","자기만족 가족과함께할수있는시간","F","30대","700만원 이상","경기"
"53362837","20240308","보통이다","경제적 문제","F","60대","300만원 미만","경기"
"53362985","20240308","보통이다","평소와같아서","M","30대","500~700만원 미만","충남"
"53363012","20240308","보통이다","시간이 넉넉치 않아 만족스러운 여행의 계획세우기 곤란","M","50대","500~700만원 미만","인천"
"53363345","20240308","만족하는 편이다","사랑하는 사람들과 함께 하는 시간들을 보낼 수 있어서.","M","50대","500~700만원 미만","전북"
"53363434","20240308","보통이다","크게 불만족한 부분은 없음","M","40대","500~700만원 미만","서울"
"53363564","20240308","보통이다","별 변화가 없다.","M","60대","500~700만원 미만","인천"
"53363596","20240308","보통이다","그냥","M","30대","700만원 이상","전남"
"53363608","20240308","보통이다","시간없응ㅅ","F","50대","500~700만원 미만","서울"
"53363657","20240308","보통이다","시간적 여유가 많지 않다","F","19~29세","없음/모름/무응답","인천"
"53363659","20240308","불만족하는 편이다","시간과 돈이 부족하며 가까운 거리에 즐길 수 있는 것이 적음","F","50대","300~500만원 미만","경북"
"53363684","20240308","만족하는 편이다","시간적 경제적여유","F","50대","500~700만원 미만","강원"
"53363713","20240308","만족하는 편이다","경제적여유","F","40대","300~500만원 미만","경북"
"53363877","20240308","만족하는 편이다","시간적인 여유","F","40대","700만원 이상","충북"
"53363891","20240308","만족하는 편이다","여유 시간이 평소에 비해 많았다","F","30대","500~700만원 미만","부산"
"53363959","20240308","보통이다","직장업무로 여가활동을 많이 못함","F","19~29세","300~500만원 미만","충북"
"53364048","20240308","보통이다","변화가 없어서","M","30대","없음/모름/무응답","서울"
"53364115","20240308","보통이다","흥미를 끌만한 콘텐츠가 많지 않았다","M","60대","300~500만원 미만","서울"
"53364173","20240308","보통이다","그냥","F","19~29세","없음/모름/무응답","제주"
"53364174","20240308","보통이다","육아하느라 거의 없는 시간 쪼개서 하느라 만족도 불만족도 아님","F","30대","300~500만원 미만","부산"
"53364413","20240308","보통이다","시간부족","F","30대","700만원 이상","서울"
"53364426","20240308","불만족하는 편이다","퇴근시간이 늦어짐","M","30대","300~500만원 미만","경기"
"53364503","20240308","보통이다","시간적 여유를 갖고 생활함","M","60대","700만원 이상","서울"
"53364598","20240308","만족하는 편이다","은퇴하고 자녀 독립하여 시간도 많고 현재는 건강도 보통이라 여가 생활을 즐기기에 충분한 조건이기 때문이다.","F","60대","700만원 이상","경기"
"53364617","20240308","보통이다","돈이 모자라서","M","30대","300만원 미만","서울"
"53364735","20240308","만족하는 편이다","다양한체험","F","30대","300~500만원 미만","서울"
"53364812","20240308","만족하는 편이다","시설이 좋고 가깝다.","M","40대","300~500만원 미만","부산"
"53364895","20240308","만족하는 편이다","하고싶은 것을 부담없이 하고 있음","M","60대","없음/모름/무응답","서울"
"53364942","20240308","만족하는 편이다","적당히 재밌다","M","19~29세","300~500만원 미만","전북"
"53365077","20240308","불만족하는 편이다","시간이없어서","M","30대","700만원 이상","경기"
"53365265","20240308","보통이다","여가생활을 자주 못해서","M","50대","없음/모름/무응답","강원"
"53365308","20240308","보통이다","보통이라서","M","30대","700만원 이상","경기"
"53365434","20240308","매우 만족한다","날씨가 좋아서 걷기에 최상","F","50대","300만원 미만","경기"
"53365613","20240308","불만족하는 편이다","시간이 없습니다.","M","30대","700만원 이상","경기"
"53365738","20240308","만족하는 편이다","하고 싶은만큼 충분히 여가 활동을 했음","F","30대","700만원 이상","경기"
"53365812","20240308","불만족하는 편이다","아웃도어 여가를 즐기고 싶은데 경제력이 따라주지 않는다","F","40대","300~500만원 미만","경기"
"53365888","20240308","불만족하는 편이다","생산적인 일이 없음","M","40대","없음/모름/무응답","강원"
"53365932","20240308","만족하는 편이다","시주관 프로그램이유익함","M","40대","500~700만원 미만","서울"
"53366193","20240308","보통이다","적극홍보","M","19~29세","없음/모름/무응답","광주"
"53366201","20240308","불만족하는 편이다","경제상황악화","M","40대","500~700만원 미만","경남"
"53366435","20240308","보통이다","돈과 시간이 부좃","F","19~29세","500~700만원 미만","경기"
"53366446","20240308","만족하는 편이다","마음 먹은 대로 자유롭게 여가 활동을 하는 거 같아서","M","60대","500~700만원 미만","인천"
"53366457","20240308","보통이다","자기발전","M","50대","300~500만원 미만","부산"
"53366519","20240308","보통이다","달라진게 없음","M","40대","없음/모름/무응답","강원"
"53366620","20240308","보통이다","그냥","M","30대","없음/모름/무응답","서울"
"53366720","20240308","보통이다","특별히 다른 여가 생활을 할 여유가없음","M","50대","700만원 이상","경기"
"53366911","20240308","만족하는 편이다","현재 나의 생활수준에 적정하게 관리되는 편이다.","M","60대","500~700만원 미만","경기"
"53366939","20240308","보통이다","크게 만족도 불만족도 없음","F","30대","700만원 이상","경기"
"53367320","20240308","불만족하는 편이다","금전 적으로 많이 상승","M","50대","300~500만원 미만","인천"
"53367603","20240308","보통이다","시간없음","M","30대","700만원 이상","전북"
"53367622","20240308","보통이다","업무로 인해 활용시간이 감소함.","M","50대","700만원 이상","서울"
"53367854","20240308","보통이다","평소와 같음","F","19~29세","500~700만원 미만","전북"
"53367956","20240308","보통이다","보통이라","M","19~29세","300~500만원 미만","경기"
"53368084","20240308","보통이다","시간을 더 알차게 쓰고싶어서","F","19~29세","500~700만원 미만","대구"
"53368264","20240308","보통이다","일상적으로 매번 하는 것이라서","M","60대","없음/모름/무응답","경기"
"53368330","20240308","불만족하는 편이다","직장을다니니퇴근하고여가를충분히즐길시간이많치않음","F","60대","300만원 미만","경기"
"53368350","20240308","보통이다","육아를 하고 있기에 여과생활에 대한 기대가 크지도 않고 적지도 않기에 보통이라고 생각함.","M","30대","500~700만원 미만","경기"
"53368530","20240308","보통이다","시간이 많아서 갈 곳이 많은데 동반자가 바빠서 많이 못 간다","F","50대","700만원 이상","대구"
"53368585","20240308","보통이다","날씨영향때문","M","40대","없음/모름/무응답","대전"
"53368738","20240308","보통이다","그럭저럭 만족","M","50대","300~500만원 미만","전북"
"53368875","20240308","만족하는 편이다","여가생활을 잘하고 있는것 같아서 만족한다고 했습니다.","F","50대","700만원 이상","충남"
"53368950","20240308","보통이다","비슷하다","M","19~29세","700만원 이상","경기"
"53368984","20240308","만족하는 편이다","내가 좋아하고 하고 싶은 취미생활을 배우고 익힐수 있고 같은 취미 생활을 하는 사람들과의 공통 관심사에 대해 서로 의견을 나누는 것이 좋다","F","50대","500~700만원 미만","울산"
"53369079","20240308","만족하는 편이다","지인추천","M","40대","500~700만원 미만","전북"
"53369123","20240308","만족하는 편이다","원하는 시간대에 이용할 수 있음","M","30대","300~500만원 미만","대구"
"53369208","20240308","보통이다","그냥 똑같다","F","30대","500~700만원 미만","서울"
"53369218","20240308","보통이다","기대한 거에 비해 크게 만족스럽지 않지만 그렇다고 불만족스러운 것도 없다","M","40대","700만원 이상","서울"
"53369314","20240308","보통이다","금전부분으로 인해 만족도 저하","F","40대","300~500만원 미만","경기"
"53369425","20240308","만족하는 편이다","잘했음","M","40대","300~500만원 미만","인천"
"53369499","20240308","보통이다","나쁘지는 않는것 같다","F","60대","300~500만원 미만","서울"
"53369737","20240308","보통이다","시간과 비용을 투자햇으나 그닥이엇다","F","30대","300~500만원 미만","전남"
"53369760","20240308","보통이다","새로운 것이 없음","F","60대","700만원 이상","경북"
"53369765","20240308","만족하는 편이다","평일에는 시간이 잘 안나지만 주말에 즐길수 있는 인프라가 가깝게 있고 환경이 좋다","M","40대","700만원 이상","서울"
"53369906","20240308","보통이다","별로 흥미있는 일이 없음","M","50대","300~500만원 미만","경남"
"53370165","20240308","매우 만족한다","원하는 때에 경제적인 어려움 없이 진행 가능하여 매우 만족.","M","30대","300~500만원 미만","경기"
"53370170","20240308","만족하는 편이다","내가 원하는시간에 원하는 관람할수있어서","F","50대","700만원 이상","서울"
"53370483","20240308","보통이다","매년 똑같이,한다","F","60대","300~500만원 미만","서울"
"53370712","20240308","만족하는 편이다","야구 직관을 처음 가봤는데 재밌었다","F","19~29세","없음/모름/무응답","경기"
"53370745","20240308","만족하는 편이다","여유","M","50대","700만원 이상","서울"
"53370782","20240308","매우 만족한다","불편함이 없었음","M","40대","700만원 이상","경기"
"53370959","20240308","만족하는 편이다","행복감을 주는 건 스트레스를 받지않고 건강하게 지낼수 있기때문에 여가활동을 즐기는 것이다.","M","60대","500~700만원 미만","대전"
"53370970","20240308","만족하는 편이다","여유로움","F","40대","300~500만원 미만","대구"
"53371247","20240308","만족하는 편이다","가능한 여가활동을 하고있음","M","30대","700만원 이상","대전"
"53371472","20240308","만족하는 편이다","충분한 시간동안 여가를 즐길수 있어서.","M","40대","500~700만원 미만","경기"
"53371596","20240308","보통이다","그냥","F","40대","300만원 미만","서울"
"53371654","20240308","만족하는 편이다","해외여행을 많이 다녀와소","M","19~29세","없음/모름/무응답","강원"
"53371818","20240308","보통이다","비용때문에","F","50대","300~500만원 미만","서울"
"53371827","20240308","만족하는 편이다","만족하기때문에","F","60대","500~700만원 미만","충북"
"53371971","20240308","보통이다","시간과 체력시 부족하다","F","40대","700만원 이상","전남"
"53372798","20240308","만족하는 편이다","여유가있고 충분하다","M","40대","500~700만원 미만","경기"
"53372799","20240308","매우 만족한다","편함","F","19~29세","700만원 이상","경기"
"53372896","20240308","만족하는 편이다","생각하는 방향으로 활동함","M","60대","300만원 미만","제주"
"53373015","20240308","보통이다","시간이 많이 없다","M","40대","500~700만원 미만","대구"
"53373095","20240308","보통이다","주변 여건이나 상황에 큰 변화가 없다","F","50대","300~500만원 미만","경남"
"53373137","20240308","만족하는 편이다","직장 생활하는 중에 시간을 냉","F","60대","700만원 이상","전북"
"53373447","20240308","보통이다","최근들어 육아로 인해","M","30대","300만원 미만","부산"
"53373609","20240308","만족하는 편이다","가족과의 여행","F","40대","300~500만원 미만","경기"
"53373754","20240308","불만족하는 편이다","비용적인부분의 부담이 증가 .근무시간 증가로 여가생활이 어려워서 (피곤해서 하기 어려움)","F","40대","300만원 미만","부산"
"53373852","20240308","만족하는 편이다","편하게 할수있다","M","30대","500~700만원 미만","인천"
"53373883","20240308","보통이다","변화없음","M","19~29세","500~700만원 미만","경기"
"53373923","20240308","보통이다","만족도면에서","M","60대","500~700만원 미만","강원"
"53373983","20240308","만족하는 편이다","여가생활을 할 수 있는 시간과 경제적 여건이 충족되기 때문이다.","F","19~29세","700만원 이상","서울"
"53374048","20240308","보통이다","비용이 많이 들어서","M","50대","500~700만원 미만","경북"
"53374170","20240308","만족하는 편이다","국내 여행자유롭게 다님","F","60대","700만원 이상","경기"
"53374229","20240308","보통이다","더 좋아지면 좋겠지만 상황이 여의치않아서","F","30대","500~700만원 미만","전북"
"53374248","20240308","보통이다","늘 해오던 생활이라 ..","F","60대","500~700만원 미만","경기"
"53374422","20240308","보통이다","추워서 제대로 즐길 수 없었음. 그래도 독서 등의 실내 여가생활이 늘어나서 결국 0.","F","30대","500~700만원 미만","경기"
"53374641","20240308","만족하는 편이다","만족","M","40대","300~500만원 미만","부산"
"53374733","20240308","만족하는 편이다","즐길만한 적당한 시간과 돈이 충분","M","40대","500~700만원 미만","대구"
"53374768","20240308","매우 불만족한다","기냥","M","19~29세","없음/모름/무응답","서울"
"53374769","20240308","만족하는 편이다","나이가 있어서 상대적으로 직장 생활이 줄어들다 보니 시간이 넉넉한 편이라서 ...","M","60대","300만원 미만","부산"
"53374951","20240308","만족하는 편이다","유튜브 시청 드라마 시청 등의 충분한 휴식으로 스트레스 해소","F","19~29세","700만원 이상","대구"
"53375285","20240308","만족하는 편이다","마음이 편안하고 힐링이 되니까","F","60대","300~500만원 미만","대구"
"53375462","20240308","보통이다","시간이 많진 않지만 그 시간 활용에 대한 만족","M","40대","300~500만원 미만","서울"
"53375737","20240308","만족하는 편이다","가고싶었던 해외여행을 해서","F","50대","500~700만원 미만","세종"
"53375756","20240308","보통이다","경제적 부담 때문에 충분히 누리진 못한다","F","19~29세","300만원 미만","경기"
"53375798","20240308","불만족하는 편이다","시간 부족","M","30대","300만원 미만","전북"
"53375849","20240308","보통이다","시간이 그리 자유롭지 못하다","F","50대","500~700만원 미만","경기"
"53376037","20240308","보통이다","물가상승으로 지출부담으로","M","40대","700만원 이상","울산"
"53376401","20240308","보통이다","변화없이 똑같은 패턴이라","M","60대","300~500만원 미만","서울"
"53376667","20240308","보통이다","공기가 좋지 않아 걷기등이 가능하지 않음","F","50대","없음/모름/무응답","강원"
"53376684","20240308","보통이다","생활형편이 비슷해서..","M","60대","300만원 미만","서울"
"53376706","20240308","만족하는 편이다","인프라형성","F","40대","700만원 이상","강원"
"53376835","20240308","불만족하는 편이다","개강해서 시간이 없다.","F","19~29세","없음/모름/무응답","서울"
"53376857","20240308","만족하는 편이다","형편에 맞게 소비하고 여가를 즐기는 것이 맞다고 생각하고 충분히 그러고 있기 때문에","M","30대","500~700만원 미만","경남"
"53376880","20240308","만족하는 편이다","과거와 비슷한 수준으로 활동한것에 만족","M","50대","500~700만원 미만","서울"
"53376895","20240308","만족하는 편이다","좋은 사람들과 함께하는 시간에서 즐거움을 만끽할 수 있었기에","F","60대","300만원 미만","부산"
"53376914","20240308","불만족하는 편이다","시간도 부족하고 체력도 부족해서 만족할만큼 즐길 여유가 없었다","F","40대","300~500만원 미만","제주"
"53377181","20240308","보통이다","별 생각없이 시간이 날때 한다","M","60대","500~700만원 미만","전북"
"53377416","20240308","만족하는 편이다","시설및 환경이 좋다","M","60대","700만원 이상","서울"
"53377422","20240308","보통이다","여가생활에 불만족","M","50대","500~700만원 미만","인천"
"53377433","20240308","불만족하는 편이다","시간이 부족해 여가활동을 옷함","F","60대","없음/모름/무응답","서울"
"53377466","20240308","만족하는 편이다","골프","F","50대","300~500만원 미만","서울"
"336303","20240315","불만족하는 편이다","즐길 시간적 여유가 없음","F","40대","없음/모름/무응답","경북"
"350361","20240315","보통이다","특별한 이유가 없습니다.","M","60대","500~700만원 미만","광주"
"398188","20240315","보통이다","볼거리가 없다","M","50대","700만원 이상","경남"
"399682","20240315","보통이다","평상시와 거의 같아서","M","60대","300~500만원 미만","서울"
"400858","20240315","매우 만족한다","할수있는 시간이 되서","F","50대","300만원 미만","광주"
"409527","20240315","보통이다","크게 변화가 없믐","M","50대","300~500만원 미만","부산"
"410949","20240315","보통이다","딱히 평소와 변함없음","F","30대","없음/모름/무응답","전북"
"411126","20240315","만족하는 편이다","요즘은 시간적 여유가 있어서 만족한다","F","50대","700만원 이상","서울"
"411307","20240315","보통이다","전과 크게 달라지지 않았고, 특별한 일들이나 이벤트가 있지 않다.","M","30대","500~700만원 미만","대구"
"427613","20240315","만족하는 편이다","가능한 건강 휴식을 가질려고 노력중","F","50대","500~700만원 미만","경남"
"429519","20240315","매우 만족한다","시간도 널널하고 하고 싶은건 다했다","M","19~29세","500~700만원 미만","경기"
"432795","20240315","만족하는 편이다","일하고 돌아와서 충분히 여유를 즐길 수 있기 때문","F","19~29세","700만원 이상","강원"
"433710","20240315","만족하는 편이다","하고싶은 활동을 할 수 있어서","F","19~29세","700만원 이상","경기"
"446599","20240315","만족하는 편이다","내 경제사정에맞춰 충분히 지출해도 여건이되니까요","F","50대","500~700만원 미만","대전"
"451594","20240315","만족하는 편이다","시간도 충분하고 경제적인 여유도 괜찮은 편이라서 여가활동하는데 불편함이 없기 때문","F","60대","500~700만원 미만","서울"
"454408","20240315","보통이다","여가시간이 더 많았으면 항","M","50대","700만원 이상","충남"
"454988","20240315","보통이다","여가생활의 패턴이 크게 변한것이 없다","M","40대","700만원 이상","울산"
"456790","20240315","만족하는 편이다","출근시간 조정으로 이른 아침에 나가 저녁시간이 조금 더 생김(원래 잠이 없는 편이라 일찍 나가는게 괜찮음)","F","30대","300만원 미만","경기"
"458648","20240315","만족하는 편이다","일하는시관과 여가시간이 잘 나눠져있어서","F","40대","500~700만원 미만","경남"
"459439","20240315","보통이다","보통 정도라서","M","60대","500~700만원 미만","경북"
"463157","20240315","만족하는 편이다","하고 싶은 활동을 다 할 수 있기 때문","M","19~29세","없음/모름/무응답","전북"
"464154","20240315","보통이다","거의다를것없는여가생활이므로","F","30대","없음/모름/무응답","서울"
"464549","20240315","불만족하는 편이다","주 6일 근무환경의 직장에서 근무하다보니 시간적 여유가 너무 없다","M","40대","없음/모름/무응답","대구"
"466587","20240315","만족하는 편이다","없으","M","19~29세","700만원 이상","경기"
"468082","20240315","만족하는 편이다","마음만 먹으면 할 수 있는 경제적 여건이 마련되어서","F","60대","없음/모름/무응답","서울"
"469921","20240315","보통이다","기존과 여가생활 비슷함","M","40대","없음/모름/무응답","경남"
"470161","20240315","보통이다","하고 싶으면 할 수 있어서","F","30대","300~500만원 미만","경남"
"472233","20240315","보통이다","반복되는일상","M","40대","300~500만원 미만","경기"
"472751","20240315","만족하는 편이다","그동안 못나갔던 해외여행을다녀와서","F","30대","700만원 이상","경북"
"53322214","20240315","보통이다","여유를 가지지 ? 하고 기계적으로 하기때문","M","60대","300만원 미만","부산"
"53322268","20240315","보통이다","주변 인프라가 없어서","F","30대","300~500만원 미만","충남"
"53322323","20240315","보통이다","항상 같은 패턴으로 생활하기때문에","F","50대","500~700만원 미만","강원"
"53322374","20240315","만족하는 편이다","시간이 전보다 더 나아져서 여가생활이 많아지고 주변 지인들과 여럿이 취미가 다양해 아주 만족하는 편입니다","M","60대","700만원 이상","경기"
"53322640","20240315","보통이다","여가시간이 많이 사라졌다","F","30대","없음/모름/무응답","전북"
"53322653","20240315","만족하는 편이다","시간과 비용에 여유가 생김","M","30대","300만원 미만","세종"
"53322756","20240315","보통이다","여유가없음","M","40대","300~500만원 미만","인천"
"53322772","20240315","만족하는 편이다","현상유지가 다행이다 싶어서...","M","50대","700만원 이상","충북"
"53322784","20240315","보통이다","작년과동일","M","40대","300~500만원 미만","경북"
"53323332","20240315","보통이다","시간이 많지않아서","M","19~29세","300~500만원 미만","충남"
"53323375","20240315","보통이다","특별하지 않았으므로","M","60대","300~500만원 미만","경기"
"53323412","20240315","불만족하는 편이다","날씨로인해 일외활동을 할 수 없는경우가 발생","M","60대","없음/모름/무응답","서울"
"53323433","20240315","만족하는 편이다","은퇴생활","M","60대","300만원 미만","경기"
"53323687","20240315","만족하는 편이다","애기로 인하여 삶의 질이 향상됨","M","30대","300~500만원 미만","충남"
"53323716","20240315","보통이다","육아로 인해 여가시간이 줄었다","M","40대","500~700만원 미만","부산"
"53323782","20240315","불만족하는 편이다","자금 부족 및 정보 부족 및 인프라 부족","F","19~29세","없음/모름/무응답","충남"
"53323824","20240315","보통이다","금전?","F","40대","700만원 이상","광주"
"53323927","20240315","만족하는 편이다","예전에 비해 여가시간이 여유가 있기도 하고 의미있게 보낸 거 같아서 만족합니다","M","19~29세","없음/모름/무응답","경남"
"53324019","20240315","만족하는 편이다","시간과 조건이 맞아요","F","60대","300~500만원 미만","전남"
"53324033","20240315","보통이다","그저그럼","M","50대","300~500만원 미만","경북"
"53324048","20240315","보통이다","만족이 안됨","M","50대","없음/모름/무응답","강원"
"53324205","20240315","보통이다","전년대비 변화가 없어서","M","60대","700만원 이상","경기"
"53324255","20240315","불만족하는 편이다","시간이없다","F","50대","300만원 미만","서울"
"53324326","20240315","보통이다","유사한 여가생활 지속 중","M","30대","300~500만원 미만","충북"
"53324384","20240315","보통이다","여가시간부족","F","40대","300만원 미만","광주"
"53324536","20240315","보통이다","보통","M","40대","300만원 미만","경북"
"53324602","20240315","만족하는 편이다","사람이 많지 않은 비수기라 걷기좋음","M","50대","300~500만원 미만","서울"
"53324789","20240315","만족하는 편이다","적정한 예산과 여유있는 시간 가족과 함께 할 수 있어서","M","50대","500~700만원 미만","서울"
"53324848","20240315","만족하는 편이다","대체적으로 할수 있는것을 다해서","M","19~29세","700만원 이상","대전"
"53325196","20240315","보통이다","기타 다른사유로 여가생활시간이 부족함","M","60대","500~700만원 미만","부산"
"53325894","20240315","만족하는 편이다","날씨 좋으면 교외나 근처 드라이브도 가고 맛집에 들러 밥먹고 차마시고 산책하며 여가를 즐기고 있네요","F","40대","500~700만원 미만","인천"
"53325910","20240315","불만족하는 편이다","육아 중이기에 나를 위한 시간이 없음","F","40대","없음/모름/무응답","서울"
"53325947","20240315","보통이다","늘 해오던 페턴에서 크게 벗어나지 않아서.","M","50대","없음/모름/무응답","서울"
"53326199","20240315","보통이다","가족과 함께할수있는 시간이 줄어듬","M","50대","300~500만원 미만","경남"
"53326220","20240315","매우 만족한다","새로옮긴직장에서월9회를쉬게되어 등산걷기자전거수영은상시수시로하고있으며 야구관람도합니다 인프라가좋고정보도충분하여 여가보내기엔최고입니다","F","50대","500~700만원 미만","경북"
"53326257","20240315","보통이다","중간","M","30대","300~500만원 미만","경기"
"53326370","20240315","불만족하는 편이다","관심이 부족하고 노력도 하지 않으므로","M","50대","700만원 이상","서울"
"53326588","20240315","불만족하는 편이다","여가에 쓸 시간적 여유 부족","M","30대","300~500만원 미만","경기"
"53326743","20240315","만족하는 편이다","만족한다","F","60대","700만원 이상","경기"
"53326752","20240315","보통이다","시간과 별개로 돈의 여유가 그렇게 충분하지 않아서","M","19~29세","300만원 미만","경남"
"53326820","20240315","만족하는 편이다","여가시간은 부족하지만 잘 활용하려고 노력하고 재밌다","F","19~29세","300~500만원 미만","서울"
"53326872","20240315","보통이다","경제적이유","F","60대","300~500만원 미만","서울"
"53326950","20240315","보통이다","경제가 부확실함.","M","50대","500~700만원 미만","충남"
"53327012","20240315","만족하는 편이다","여유있는시간 함께랄수있는 가족들","F","60대","700만원 이상","충남"
"53327058","20240315","만족하는 편이다","원하는걸 할수있어서","F","40대","300만원 미만","경기"
"53327164","20240315","만족하는 편이다","계획한 여행이나 문화생활을 다 실행함","M","50대","700만원 이상","대구"
"53327186","20240315","보통이다","마음은 있는데 고령화로 인하여 생각만큼 실천이 잘 안될때가 있어서 답답하다.","F","60대","300만원 미만","서울"
"53327194","20240315","만족하는 편이다","하고싶은 활동을 모두 하고 있다.","F","60대","없음/모름/무응답","제주"
"53327404","20240315","보통이다","시간이 별로","M","50대","300만원 미만","충북"
"53327464","20240315","보통이다","서로 소통이 잘되지않을때","F","60대","300~500만원 미만","서울"
"53327481","20240315","만족하는 편이다","해외여행 다녀와서","F","19~29세","없음/모름/무응답","울산"
"53327564","20240315","보통이다","특별한일이 없었음","M","50대","700만원 이상","강원"
"53327629","20240315","보통이다","좀더 시간을잘 보내야 할것 같아서..","F","60대","300~500만원 미만","부산"
"53327737","20240315","보통이다","변동사항 없음","M","40대","없음/모름/무응답","서울"
"53327912","20240315","만족하는 편이다","모바일을 통해 원하는 정보를 쉽게 찾을수 있어서","M","60대","700만원 이상","인천"
"53328001","20240315","보통이다","시간대비 평소 할수있는 여가생활이 제한적이다","M","40대","없음/모름/무응답","강원"
"53328100","20240315","매우 불만족한다","시간적 금전적 여유가 다 없음","M","40대","500~700만원 미만","경기"
"53328168","20240315","만족하는 편이다","스트레스 해소에 도움이 되서","M","40대","500~700만원 미만","충남"
"53328352","20240315","매우 만족한다","퇴사이후 여가생활 시간이 많아짐","F","30대","500~700만원 미만","서울"
"53328362","20240315","보통이다","시간이 없음 몸도 피곤하고","F","50대","300만원 미만","경북"
"53328509","20240315","만족하는 편이다","돈이 않들어가고 시간날때 아무때나할수있기때문에","F","60대","없음/모름/무응답","경기"
"53328625","20240315","만족하는 편이다","집합금지 해제후 만족함","F","50대","300~500만원 미만","대구"
"53328699","20240315","만족하는 편이다","해외여행으로 횟수의 증가","F","30대","300~500만원 미만","인천"
"53328824","20240315","보통이다","차이없음","F","30대","500~700만원 미만","경남"
"53328833","20240315","보통이다","특별한게 없엇음","F","40대","300만원 미만","강원"
"53328979","20240315","보통이다","시간적 여유가 별로 없었음","F","40대","500~700만원 미만","강원"
"53329037","20240315","보통이다","평소에 하던대로 했기때문","M","30대","500~700만원 미만","충남"
"53329042","20240315","만족하는 편이다","시간이되면 다채롭게 활동할수있어서","F","30대","500~700만원 미만","서울"
"53329105","20240315","보통이다","여유자금 부족","M","30대","500~700만원 미만","경남"
"53329222","20240315","만족하는 편이다","시간과 비용에대한 만족","F","60대","700만원 이상","강원"
"53329363","20240315","만족하는 편이다","마음에 안정을 찾고 일상을 즐겁게하기 때문에~~","M","60대","500~700만원 미만","경북"
"53329428","20240315","보통이다","너무더워서","F","60대","300만원 미만","서울"
"53329544","20240315","매우 만족한다","여유 시간이 많기 때문이다.","M","19~29세","700만원 이상","인천"
"53329786","20240315","만족하는 편이다","잠이 보약이다","M","19~29세","300만원 미만","경기"
"53329896","20240315","만족하는 편이다","여가생활 후 즐거움의 지속여부","M","30대","없음/모름/무응답","세종"
"53330021","20240315","불만족하는 편이다","경제적인 여유 부족","M","60대","700만원 이상","전북"
"53330050","20240315","보통이다","국내여행가서 좋았지만 야근으로 여가시간이 줄어서 아쉬운점이 ?다","M","30대","없음/모름/무응답","서울"
"53330090","20240315","보통이다","전에는 아예 여기생활을 즐기지못하다가 요즘은 댄스학원을 다니고 있어서","F","30대","300~500만원 미만","경남"
"53330373","20240315","보통이다","기존과 크게 달라진것이 없음","M","40대","700만원 이상","인천"
"53330387","20240315","만족하는 편이다","시간과 경제적 여유","F","50대","300~500만원 미만","서울"
"53330406","20240315","보통이다","돈이 많이들음","M","40대","700만원 이상","경북"
"53330657","20240315","만족하는 편이다","원할때 언제든지 즐길수 있어서","F","40대","700만원 이상","서울"
"53330686","20240315","보통이다","충분한 휴식과 여유를 누리지 못함","M","50대","700만원 이상","서울"
"53330976","20240315","보통이다","여가활동을 할 여유가 없다","M","50대","없음/모름/무응답","서울"
"53331095","20240315","보통이다","그냥보통이라 느껴서","M","50대","500~700만원 미만","대구"
"53331175","20240315","보통이다","몸이 아픈관계로 혼자움직일수 없어서요","F","50대","없음/모름/무응답","울산"
"53331336","20240315","만족하는 편이다","시간적여유가생김","M","40대","300만원 미만","경북"
"53331651","20240315","만족하는 편이다","가족여행 온천","M","60대","300~500만원 미만","경기"
"53331687","20240315","보통이다","작년과 비슷","F","60대","500~700만원 미만","경북"
"53331871","20240315","만족하는 편이다","최근 여유가 있어 다양한 활동을 할 수 있었음 또한 시즌스포츠를 할 기회가 많아 여행 겸 운동을 즐기기에도 좋았음","F","30대","300~500만원 미만","서울"
"53332034","20240315","만족하는 편이다","시간적 경제적.육체적으로 약간의 여유와 함께할수 있는친구,가족이 옆에 있어서","F","50대","500~700만원 미만","서울"
"53332043","20240315","만족하는 편이다","여가생활을 즐기는 데 재정적인 지출이 크지 않고 집에서 가능한 편이라서","M","30대","500~700만원 미만","경기"
"53332053","20240315","보통이다","시간부족","F","30대","300만원 미만","전북"
"53332098","20240315","매우 만족한다","나의 만족도를 높여준다.","F","40대","300만원 미만","대전"
"53332249","20240315","만족하는 편이다","합창활동, 새로운 자격즉취득을 위한 공부를 시작해서","F","40대","300~500만원 미만","경남"
"53332452","20240315","만족하는 편이다","여유시간 증가","M","50대","700만원 이상","인천"
"53332466","20240315","만족하는 편이다","전보다 증가하고 만족도가 높음","F","30대","300만원 미만","광주"
"53332556","20240315","보통이다","여가 비용이 증가","M","40대","300~500만원 미만","서울"
"53332726","20240315","만족하는 편이다","시간적 여유가 많았다","M","19~29세","300~500만원 미만","서울"
"53332775","20240315","보통이다","변화가 없음","M","40대","300~500만원 미만","경기"
"53332793","20240315","보통이다","크게 달라진 부분이 없기 때문(주변 환경 인프라 등 외적 요소)","M","40대","300~500만원 미만","충남"
"53333068","20240315","만족하는 편이다","시간이 충분해서","M","19~29세","300만원 미만","제주"
"53333114","20240315","만족하는 편이다","여유시간이 좀 늘어난거같아서","M","40대","700만원 이상","부산"
"53333254","20240315","보통이다","시간적 여유 부족으로 인한 규칙적인 여가생활 불가","M","19~29세","300~500만원 미만","서울"
"53333269","20240315","만족하는 편이다","이직 후 주 5일 공휴일 쉬어서","M","30대","300만원 미만","경남"
"53333366","20240315","보통이다","경제적인 문화생활이 특별하지 않아서","F","60대","300~500만원 미만","부산"
"53333402","20240315","보통이다","나의 소극적인 자세와 태도","F","40대","700만원 이상","부산"
"53333417","20240315","보통이다","하절기 더위로 인한 피로도 증가","M","19~29세","700만원 이상","경기"
"53333428","20240315","보통이다","물가가 너무 많이 올랐다.","M","60대","700만원 이상","서울"
"53333484","20240315","보통이다","여가생활을 즐길 시간이 적당히 있었다","F","30대","500~700만원 미만","경기"
"53333610","20240315","불만족하는 편이다","시간부족","M","30대","300~500만원 미만","강원"
"53333674","20240315","보통이다","그전과 변동이 없다","F","40대","500~700만원 미만","서울"
"53333737","20240315","보통이다","가격인상","F","30대","300만원 미만","대구"
"53333791","20240315","만족하는 편이다","내가 할 수 있는 환경에서 최선을 다하고 있음","F","19~29세","없음/모름/무응답","서울"
"53333798","20240315","보통이다","불만이 있는 것도 아주 만족하는 것도 아니니까","F","40대","300만원 미만","서울"
"53333842","20240315","보통이다","전년도보다 적극적으로 하지 못해서","M","60대","700만원 이상","서울"
"53333940","20240315","보통이다","원하는 활동을 집 근처에서 해보고 싶은데 인프라가 갖춰져있지 않다.","F","50대","300만원 미만","경기"
"53333944","20240315","만족하는 편이다","국내여행 등 가족과 함께한 시간이 많아서","M","60대","700만원 이상","강원"
"53333955","20240315","보통이다","월급은 안 오르고 물가는 오르고...","F","19~29세","700만원 이상","인천"
"53334043","20240315","보통이다","날씨가 추워서 여가생활에 제한적이지만 그래도 평소만큼의 보통 여가 생활을 즐기고 있는 것 같다.","F","30대","300만원 미만","서울"
"53334108","20240315","보통이다","크게 나빠지지도 좋아지지도 않았다","F","40대","500~700만원 미만","인천"
"53334180","20240315","보통이다","돈부족","F","40대","300만원 미만","서울"
"53334340","20240315","보통이다","비용","M","50대","700만원 이상","경남"
"53334344","20240315","보통이다","집안에서 비용이 전혀 않들기에 그냥 보통임","F","40대","300~500만원 미만","충북"
"53334375","20240315","불만족하는 편이다","여가시간이 줄어들었음.","M","19~29세","300만원 미만","울산"
"53334433","20240315","보통이다","전체적으로 비슷해서","M","40대","없음/모름/무응답","전남"
"53334463","20240315","불만족하는 편이다","육아로 시간이 부족해요.","M","40대","500~700만원 미만","부산"
"53334504","20240315","보통이다","여가를 즐길시간이 부족하다","F","60대","300~500만원 미만","대구"
"53334572","20240315","보통이다","흥미로운 컨텐츠가 눈에 띄지 않아서","F","30대","300만원 미만","부산"
"53334682","20240315","보통이다","만족할만큼 시간이 많지는 않다","M","30대","300만원 미만","경기"
"53334756","20240315","보통이다","무난한것 같아서","M","19~29세","없음/모름/무응답","경기"
"53335214","20240315","만족하는 편이다","힐링되고 편했기 때문","F","50대","700만원 이상","충남"
"53335483","20240315","만족하는 편이다","캠핑을 통한 쉼활동 만족함","M","19~29세","없음/모름/무응답","경기"
"53335506","20240315","만족하는 편이다","불만이 없음","M","30대","300~500만원 미만","부산"
"53335648","20240315","보통이다","그냥 보통입니다","M","60대","300~500만원 미만","서울"
"53335713","20240315","보통이다","시간과 장소","M","60대","500~700만원 미만","인천"
"53335741","20240315","불만족하는 편이다","여가시간이 감소했고 날이 더워짐에 따라 외부 활동이 어려워졌기 때문","F","19~29세","700만원 이상","부산"
"53335914","20240315","만족하는 편이다","시간과장소 원하는모든것이 맞춰져서","F","50대","700만원 이상","전남"
"53335927","20240315","보통이다","동호인들과의 교류가 쉽지 않아서.","M","60대","300~500만원 미만","서울"
"53336226","20240315","보통이다","주말에 다른일들이 생겨 제대로 여유를 즐기지를 못함","F","50대","500~700만원 미만","충남"
"53336246","20240315","보통이다","가족들과 함께하고 싶은데 시간이 맞지않고 친구들과도 시간이 맞지않았다","F","50대","500~700만원 미만","충북"
"53336249","20240315","만족하는 편이다","시간과 비용 여유가 있는 편이다","M","50대","700만원 이상","서울"
"53336618","20240315","만족하는 편이다","다양한 여가 콘텐츠 체험 가능","F","60대","300~500만원 미만","서울"
"53336750","20240315","보통이다","주변에 하고 싶은 활동에 관련한 인프라가 충분하지 않고 접근성이 좋지 않다","M","60대","500~700만원 미만","충남"
"53336814","20240315","만족하는 편이다","저렴한 비용없이 주변 활동하기 조건이 좋음","M","60대","300~500만원 미만","경기"
"53336816","20240315","보통이다","반복되는 생활","M","60대","500~700만원 미만","부산"
"53336860","20240315","만족하는 편이다","평소 배우고 싶었던 악기를 배우고 있어 즐겁다","F","50대","300만원 미만","울산"
"53336889","20240315","보통이다","시간적인 여유가 부족하다","F","30대","500~700만원 미만","전남"
"53337237","20240315","보통이다","그냥 보통이다","M","40대","300~500만원 미만","대구"
"53337424","20240315","불만족하는 편이다","시간적 경제적 여유가 없어 충분히 즐기지 못함","M","30대","700만원 이상","인천"
"53337538","20240315","만족하는 편이다","원할때 원하는 것을 할수 있기 때문입니다","F","30대","없음/모름/무응답","강원"
"53337668","20240315","보통이다","그냥","M","19~29세","없음/모름/무응답","충북"
"53337800","20240315","보통이다","물가 상승으로 하기가 쉽지 않아요","M","40대","300~500만원 미만","부산"
"53337832","20240315","만족하는 편이다","원하는 활동을 하고 있어서 만족합니다","F","50대","300만원 미만","서울"
"53337886","20240315","만족하는 편이다","내가 하고자 하는것을 구애받지않고 하니까","F","60대","300만원 미만","제주"
"53338046","20240315","불만족하는 편이다","시간과 금전여유없음","F","30대","300만원 미만","울산"
"53338101","20240315","보통이다","더","M","19~29세","없음/모름/무응답","서울"
"53338346","20240315","보통이다","여가생활의 변화가 없었음","M","30대","없음/모름/무응답","서울"
"53338419","20240315","매우 만족한다","주변인프라가 좋고 선택한 여가생활에 만족도가 높음","F","40대","700만원 이상","강원"
"53338901","20240315","보통이다","시간이 여유","F","60대","700만원 이상","강원"
"53338970","20240315","보통이다","물가상승","M","50대","700만원 이상","부산"
"53339122","20240315","만족하는 편이다","여유있는 여가생활","M","40대","500~700만원 미만","대구"
"53339277","20240315","보통이다","시간이 없어서...","F","40대","500~700만원 미만","경북"
"53339361","20240315","보통이다","아직은 매우만족이 아니어서","F","30대","300만원 미만","경북"
"53339379","20240315","만족하는 편이다","가족과 함께 보낼 수 있기 때문에","M","40대","300~500만원 미만","인천"
"53339500","20240315","보통이다","하루가 비슷하다","F","40대","없음/모름/무응답","충북"
"53339544","20240315","보통이다","시간적여유가없다","M","30대","없음/모름/무응답","부산"
"53339551","20240315","매우 만족한다","행복","M","19~29세","없음/모름/무응답","경기"
"53339675","20240315","보통이다","돈이 없다.","F","30대","300만원 미만","충남"
"53339736","20240315","보통이다","특별한것이없고 늘같은편 이니까","M","60대","300~500만원 미만","경기"
"53339802","20240315","보통이다","보통이애요 여유가 없어여","M","30대","300~500만원 미만","서울"
"53340128","20240315","만족하는 편이다","시간과 경제적여유가 있어서","F","60대","300만원 미만","부산"
"53340247","20240315","보통이다","더하고싶은데 시간여유가 없어서요","F","40대","700만원 이상","경기"
"53340431","20240315","만족하는 편이다","스트레스를 풀고 하고싶은 걸 마음껏 할 수 있음에 만족하는 편이다.","F","19~29세","700만원 이상","경기"
"53340458","20240315","보통이다","좀더많은 교류를 원하는것에 비례해서 부족하다느끼므로","F","60대","300만원 미만","경기"
"53340471","20240315","만족하는 편이다","시간과 경제적 여유가 다소 있다.","M","50대","700만원 이상","경기"
"53340533","20240315","만족하는 편이다","하루시간 일정 조정가능","M","50대","500~700만원 미만","경남"
"53340540","20240315","만족하는 편이다","생활주변 여가시설이 충분히 마련","M","50대","700만원 이상","경기"
"53340552","20240315","만족하는 편이다","현재의 상황에 맞추어 즐기고 있다","M","60대","300만원 미만","서울"
"53340564","20240315","만족하는 편이다","평소와 비슷해서","M","30대","300만원 미만","경기"
"53340853","20240315","만족하는 편이다","만족한다","F","19~29세","700만원 이상","서울"
"53340934","20240315","만족하는 편이다","원하는 시간에 활동할 수 있기 때문에","M","60대","300~500만원 미만","경남"
"53341041","20240315","만족하는 편이다","퇴직 후 시간의 여유","M","50대","300~500만원 미만","충남"
"53341050","20240315","보통이다","같은 생활 패턴","M","50대","700만원 이상","서울"
"53341132","20240315","보통이다","부족한 시간 빠듯하게 즐기기에 물가상승으로 인한 만족도가 떨어집니다.","M","40대","300~500만원 미만","전남"
"53341155","20240315","만족하는 편이다","즐겁게 편안하게 보내서 만족합니다.","F","50대","500~700만원 미만","인천"
"53341176","20240315","만족하는 편이다","원하는 대로 가능했음","M","40대","300~500만원 미만","경기"
"53341236","20240315","보통이다","시간와 소요비용에 대한 부담이 비슷하다","M","60대","300~500만원 미만","부산"
"53341244","20240315","보통이다","시간적 여유가 부족하다","M","50대","700만원 이상","경기"
"53341315","20240315","보통이다","보통이기때문에","F","30대","300~500만원 미만","경기"
"53341517","20240315","불만족하는 편이다","시간이 없고 돈을 써야하기 때문","M","40대","300~500만원 미만","세종"
"53341743","20240315","보통이다","그냥 일상적임","M","50대","300~500만원 미만","경기"
"53342098","20240315","보통이다","잘모르겠다","F","40대","300~500만원 미만","강원"
"53342246","20240315","만족하는 편이다","내생활에만족","M","60대","500~700만원 미만","경기"
"53342539","20240315","만족하는 편이다","여러가지 할 시간이 있어서","F","60대","300만원 미만","대구"
"53342633","20240315","만족하는 편이다","내가 원할때 원하는곳을 편하게 이동하고 즐길수있어서","F","40대","500~700만원 미만","울산"
"53342716","20240315","매우 만족한다","하고 싶은 것을 어느 정도 하고 있음","M","50대","700만원 이상","대구"
"53342862","20240315","불만족하는 편이다","여가생활을 즐길 여유가 부족하기도 하고 여가생활을 즐길 수 있는 인프라가 부족하다고 느끼기 때문이다.","F","19~29세","없음/모름/무응답","경기"
"53342930","20240315","보통이다","경제적어려윰으로 직접관람 불가","F","19~29세","없음/모름/무응답","경기"
"53343016","20240315","만족하는 편이다","자녀들과 함께 숙박여행을 다녀왔고 자주 만남","F","60대","없음/모름/무응답","강원"
"53343054","20240315","불만족하는 편이다","시간,비용이 부족해서","F","19~29세","700만원 이상","강원"
"53343117","20240315","매우 만족한다","하고자 할때 할수있는 시간과 여유가있다","F","30대","700만원 이상","서울"
"53343205","20240315","보통이다","전년도와 비교해서 특별히 다른 경우가 ?다.","M","60대","700만원 이상","경기"
"53343512","20240315","만족하는 편이다","백수라서 시간이 많기 때문","F","19~29세","500~700만원 미만","울산"
"53343724","20240315","보통이다","평소와 비슷한 여가생활을 해서 보통이라고 답함","F","30대","300만원 미만","서울"
"53343728","20240315","보통이다","평소와 비슷","M","50대","300~500만원 미만","경북"
"53343782","20240315","불만족하는 편이다","시간이 적음","M","40대","300~500만원 미만","경기"
"53343857","20240315","만족하는 편이다","시간을 틈틈이 쪼개서 여가생활을 하려 노력했음","F","19~29세","300~500만원 미만","대전"
"53343983","20240315","보통이다","딱히좋아진것도 나빠진것도없어서","M","30대","300~500만원 미만","경기"
"53344107","20240315","만족하는 편이다","스트레스 해소","M","30대","300~500만원 미만","서울"
"53344214","20240315","불만족하는 편이다","여가시간부족","M","60대","700만원 이상","경기"
"53344278","20240315","만족하는 편이다","즐거운생활이됨","M","60대","300~500만원 미만","제주"
"53344413","20240315","보통이다","Tv나 휴대폰등 으로 영상을 보거나 시청을함으로써 여가시간을 보내고 최대한 만족합니다","F","50대","500~700만원 미만","경북"
"53344628","20240315","만족하는 편이다","여가생활을 보낼 수 있는 시간이 있어서","F","30대","없음/모름/무응답","서울"
"53344856","20240315","불만족하는 편이다","경제적이유","F","50대","500~700만원 미만","경기"
"53344901","20240315","만족하는 편이다","자기개발이나 시간적여유가있어 지인이나친구들과시간보낼수있어서","F","50대","700만원 이상","대전"
"53345056","20240315","만족하는 편이다","하고 싶은걸 못하지 않음","F","50대","700만원 이상","대전"
"53345192","20240315","보통이다","출근으로 인한 시간의 한계","M","60대","500~700만원 미만","대전"
"53345210","20240315","보통이다","그냥","M","19~29세","700만원 이상","경기"
"53345251","20240315","불만족하는 편이다","시간이 모자르다","M","30대","없음/모름/무응답","광주"
"53345304","20240315","보통이다","평소와 별반 차이가 없어서","M","60대","500~700만원 미만","경기"
"53345358","20240315","보통이다","적절히 진행","F","19~29세","700만원 이상","서울"
"53345366","20240315","만족하는 편이다","시간적 여유가 있어서","F","19~29세","700만원 이상","경북"
"53345420","20240315","만족하는 편이다","가고 싶은 곳에 가서 즐겁게 여유를 즐기다 와서","F","50대","700만원 이상","서울"
"53345458","20240315","보통이다","시간 주족","F","19~29세","500~700만원 미만","부산"
"53345473","20240315","보통이다","경제적인 여유가 별로없어 부담스러울때가 있다","M","40대","500~700만원 미만","경기"
"53345535","20240315","만족하는 편이다","하고 싶은 여가활동을 즐기고 있기 때문에","F","40대","500~700만원 미만","경기"
"53345576","20240315","보통이다","자기선택","M","40대","300만원 미만","광주"
"53345585","20240315","만족하는 편이다","만족하는편.","F","30대","500~700만원 미만","경기"
"53345668","20240315","보통이다","산책이나 걷기 다보니 산책로가 좋지않아 (비온뒤 물보임 등)그렇게 답했습니다","F","60대","300~500만원 미만","부산"
"53345766","20240315","보통이다","머니가부족해서요","F","50대","300만원 미만","서울"
"53345805","20240315","보통이다","고3딸수능","M","40대","500~700만원 미만","강원"
"53345813","20240315","보통이다","비용과 시간의 불만족","M","40대","300만원 미만","경북"
"53345839","20240315","만족하는 편이다","할애하는 시간이 늘어났다","F","19~29세","300~500만원 미만","경기"
"53345869","20240315","만족하는 편이다","여가생활을 함으로써 기분전환과 에너지를 재충전","M","19~29세","500~700만원 미만","경북"
"53345987","20240315","만족하는 편이다","여유로운 시간과 좋은날씨","M","60대","700만원 이상","서울"
"53346098","20240315","만족하는 편이다","할 게 많아서","M","19~29세","700만원 이상","서울"
"53346415","20240315","만족하는 편이다","준수하게 즐기고 있음","M","30대","500~700만원 미만","경북"
"53346461","20240315","만족하는 편이다","많이 즐김","M","19~29세","없음/모름/무응답","서울"
"53346578","20240315","보통이다","경제적으로 여유롭지 않기 때문","F","19~29세","700만원 이상","경기"
"53346609","20240315","만족하는 편이다","여행","F","40대","500~700만원 미만","경기"
"53346645","20240315","보통이다","여가시간 부족","M","50대","300~500만원 미만","전북"
"53346728","20240315","만족하는 편이다","여유롭게 가능해서","F","30대","300~500만원 미만","경기"
"53346735","20240315","보통이다","특히 별다른게 없음","M","50대","700만원 이상","인천"
"53346894","20240315","만족하는 편이다","적극적 행동","M","50대","500~700만원 미만","서울"
"53347099","20240315","보통이다","크게 불편한것도 없고 크게 만족한것도 없다","F","50대","300~500만원 미만","부산"
"53347106","20240315","보통이다","특별한 이슈가 없어서","M","60대","300~500만원 미만","경북"
"53347136","20240315","보통이다","인프라 부족","F","40대","700만원 이상","경기"
"53347253","20240315","불만족하는 편이다","시간이 충분치않다","M","40대","700만원 이상","경기"
"53347334","20240315","만족하는 편이다","체력달련","M","60대","300만원 미만","경기"
"53347638","20240315","보통이다","없음","M","19~29세","없음/모름/무응답","대구"
"53347720","20240315","보통이다","학생으로서 시간이 부족하고 재정적으로도 여유가 없어서","M","19~29세","없음/모름/무응답","서울"
"53347907","20240315","보통이다","그냥그렇다","F","30대","700만원 이상","울산"
"53348121","20240315","만족하는 편이다","내 삶에 만족한다","M","19~29세","300만원 미만","서울"
"53348136","20240315","보통이다","전 과다르지않아서","M","50대","500~700만원 미만","인천"
"53348212","20240315","만족하는 편이다","내가 원하던 여가를 보냇기때문","F","60대","300~500만원 미만","경북"
"53348215","20240315","보통이다","물가가 너무 올라서","F","50대","없음/모름/무응답","경기"
"53348262","20240315","만족하는 편이다","나름 요가시간을 충분히 확보하고 있고 꾸준히 하고 있다고 생각함","F","19~29세","700만원 이상","경기"
"53348298","20240315","보통이다","시간이 남아돌아서 심심하니까 하는 게임이라서 큰기대치가지고있지는않음","F","60대","300만원 미만","전남"
"53348305","20240315","보통이다","보통이라서","M","50대","500~700만원 미만","서울"
"53348318","20240315","보통이다","보통의 여가를 보냈습니다","F","30대","500~700만원 미만","인천"
"53348331","20240315","만족하는 편이다","여가생활에 큰무리가 없음","M","40대","500~700만원 미만","경남"
"53348394","20240315","보통이다","똑같아서","F","40대","500~700만원 미만","대전"
"53348522","20240315","만족하는 편이다","영상 시청시간이 여유가 있어서 입니다.","F","50대","300만원 미만","부산"
"53348903","20240315","보통이다","고물가와 인프라 부족","F","19~29세","500~700만원 미만","경북"
"53349098","20240315","보통이다","여행을 못했음","M","40대","300~500만원 미만","경기"
"53349142","20240315","만족하는 편이다","주말에 근거리에서 이용할 수 있는 여가활동이 충분함","M","40대","700만원 이상","경기"
"53349238","20240315","보통이다","카페에서 휴식을 취하는건 좋으나 시간 비용 소모","M","40대","없음/모름/무응답","대구"
"53349533","20240315","만족하는 편이다","원하는때 바로 할 수가 있어서","M","50대","500~700만원 미만","전북"
"53349534","20240315","매우 만족한다","일상생활에서의 받는 스트레스를 여가생활로 인해 어느정도 풀어지기 때문이다","M","19~29세","없음/모름/무응답","인천"
"53349552","20240315","매우 만족한다","가족과 함께 하는 여가생활","M","30대","700만원 이상","대전"
"53349561","20240315","만족하는 편이다","시간적으로 여유로워짐","F","30대","700만원 이상","경기"
"53349629","20240315","만족하는 편이다","시간적인 여유가 있어서","F","40대","300만원 미만","서울"
"53349814","20240315","만족하는 편이다","적당한 여가시간, 동료등과 함께할 수 있어서 만족","M","50대","500~700만원 미만","강원"
"53350124","20240315","만족하는 편이다","가족과 함께 하는 시간이어서","F","50대","700만원 이상","광주"
"53350144","20240315","보통이다","일이많아서 여가활동을 할시간이없었다","F","19~29세","700만원 이상","서울"
"53350231","20240315","만족하는 편이다","지장없이 메번 수영참석","F","30대","500~700만원 미만","대구"
"53350313","20240315","만족하는 편이다","여가를 하고 싶을때 할수 있고 비용도 충분하다","F","50대","300~500만원 미만","서울"
"53350352","20240315","만족하는 편이다","만족합니다","F","50대","700만원 이상","전북"
"53350446","20240315","만족하는 편이다","약간의 경제적여유증가","M","40대","없음/모름/무응답","강원"
"53350526","20240315","만족하는 편이다","내가 이용할수있는 시간만큼 욕심내지않고 하기때문이다.","F","40대","700만원 이상","광주"
"53350532","20240315","보통이다","시간관계상 여가 생활이 만족하기 어려움","F","50대","500~700만원 미만","경기"
"53350755","20240315","불만족하는 편이다","출,퇴근으로 인해 시간 제약이 있어 여가생활시 경제적으로 부담이 되고, 언제나 어디나 복잡하고 만족도가 낮음","F","60대","300만원 미만","서울"
"53350839","20240315","보통이다","그냥 똑 같아서","M","50대","300~500만원 미만","경북"
"53351032","20240315","보통이다","없음","M","50대","700만원 이상","경기"
"53351047","20240315","불만족하는 편이다","돈","F","40대","없음/모름/무응답","강원"
"53351110","20240315","만족하는 편이다","해외여행 친구들과","F","40대","300만원 미만","전남"
"53351324","20240315","만족하는 편이다","일상이 지루함이 줄어들고 스트레스도 감소","F","50대","700만원 이상","강원"
"53351369","20240315","만족하는 편이다","코로나가 끝나가서 자유롭게 놀수있어서 만족해요","M","19~29세","300만원 미만","경기"
"53351399","20240315","만족하는 편이다","하고싶은것을 다할수있는 경제력과 인프라가있다","F","40대","500~700만원 미만","경기"
"53351536","20240315","만족하는 편이다","즐거웠던 기억","F","30대","300~500만원 미만","전남"
"53351964","20240315","만족하는 편이다","원하는 것을 많이 함","F","19~29세","없음/모름/무응답","서울"
"53352041","20240315","만족하는 편이다","불편없이 원하는만큼 하고 있음","M","60대","300~500만원 미만","강원"
"53352108","20240315","만족하는 편이다","B","F","19~29세","300만원 미만","부산"
"53352116","20240315","불만족하는 편이다","직업특성상 여유롭지 않음","M","19~29세","없음/모름/무응답","광주"
"53352375","20240315","보통이다","전과 다를바없이 똑같아서","M","40대","300~500만원 미만","경북"
"53352538","20240315","만족하는 편이다","코로나 감소","F","19~29세","300~500만원 미만","경기"
"53352556","20240315","보통이다","시간여유없음","F","40대","300~500만원 미만","서울"
"53352634","20240315","만족하는 편이다","적당한 비용","F","30대","500~700만원 미만","경기"
"53352855","20240315","보통이다","하는게 항상 비슷해서","F","30대","없음/모름/무응답","경기"
"53352908","20240315","만족하는 편이다","경제적으로나 시간적으로 힘드나 있는 시간 내에서 만족하면서 즐기고 있음","F","30대","500~700만원 미만","울산"
"53353253","20240315","보통이다","보통이기때문입니다.","M","19~29세","없음/모름/무응답","인천"
"53353451","20240315","만족하는 편이다","가보고 싶었던곳을 가기 때문에","F","50대","없음/모름/무응답","서울"
"53353486","20240315","불만족하는 편이다","일단 노모와손자 돌봄으로 자유시간이 없기때문","F","60대","500~700만원 미만","강원"
"53353528","20240315","보통이다","부지런하게 여가생활을 하여야 건강을 위해서","M","60대","300만원 미만","경남"
"53353594","20240315","만족하는 편이다","잘지내고 있음","M","40대","300~500만원 미만","부산"
"53353610","20240315","만족하는 편이다","큰 불편이 없음","M","40대","500~700만원 미만","경남"
"53353632","20240315","불만족하는 편이다","다","M","19~29세","300~500만원 미만","서울"
"53353702","20240315","보통이다","별생각 없다","M","19~29세","300만원 미만","광주"
"53353767","20240315","보통이다","현재 시간이 넉넉치않다","M","50대","없음/모름/무응답","세종"
"53353850","20240315","보통이다","건강이 안좋아져서 밖에 많이 나가질 못했은","F","60대","300~500만원 미만","인천"
"53354587","20240315","만족하는 편이다","잔잔하다","F","40대","300~500만원 미만","인천"
"53354964","20240315","불만족하는 편이다","연말이라 너무 시간이 없었다.","F","30대","300~500만원 미만","경북"
"53354978","20240315","만족하는 편이다","인프라가 잘 되어있음","M","19~29세","500~700만원 미만","경기"
"53355097","20240315","만족하는 편이다","극장접근성이용이함","M","40대","300만원 미만","서울"
"53355221","20240315","만족하는 편이다","퇴직자로 시간적 여유가 있다","M","60대","700만원 이상","대전"
"53355287","20240315","불만족하는 편이다","여유부족","M","30대","500~700만원 미만","서울"
"53355364","20240315","만족하는 편이다","내가 원하는 것들을 하기 때문에","M","50대","300~500만원 미만","서울"
"53355497","20240315","만족하는 편이다","시간적 여유가 있어서","F","40대","500~700만원 미만","인천"
"53355702","20240315","만족하는 편이다","생각의 여유로움과 시간이 증가","M","60대","500~700만원 미만","서울"
"53355705","20240315","만족하는 편이다","여가 시간이 증가하고 여유롭게 즐길 수 있다.","M","60대","500~700만원 미만","충남"
"53355730","20240315","만족하는 편이다","회사에서 지원하는 숙박시설도 많고 갈 기회도 많아짐","M","30대","500~700만원 미만","경기"
"53355805","20240315","보통이다","비용","F","50대","700만원 이상","경기"
"53356448","20240315","보통이다","좋고 싫고가 별로없음","M","30대","500~700만원 미만","서울"
"53356507","20240315","보통이다","딱히 활동한게 없다","F","40대","없음/모름/무응답","경기"
"53356558","20240315","불만족하는 편이다","시간적 경제적 여유가 감소하여서","F","50대","500~700만원 미만","충북"
"53356671","20240315","매우 만족한다","충분히 여가를 즐기고 있기 때문에.","M","50대","300만원 미만","서울"
"53356688","20240315","만족하는 편이다","시간없어 아예못한경우도있는데 그래도 매일일정시간 즐길수있는 지금이 만족","M","40대","300만원 미만","대구"
"53356865","20240315","만족하는 편이다","원하는대로 즐겼다","M","50대","없음/모름/무응답","서울"
"53357059","20240315","불만족하는 편이다","일정한 패턴으로 이루어지지않아서","F","40대","500~700만원 미만","경기"
"53357082","20240315","보통이다","거의 같은 하루 루틴","M","50대","300~500만원 미만","경기"
"53357182","20240315","만족하는 편이다","사람들과 즐거운 시간을 보냈으므로","M","30대","없음/모름/무응답","충북"
"53357414","20240315","보통이다","여가시간과 비용의 증가","M","50대","300만원 미만","대구"
"53357475","20240315","보통이다","추운 날씨태문에 눈이 많이 내려서.","F","50대","500~700만원 미만","강원"
"53357485","20240315","만족하는 편이다","주변이 바다와 산이 가까이 있어 낚시 등산을 편하게 자유롭게 할수있어서요","M","50대","500~700만원 미만","전남"
"53357493","20240315","보통이다","시간적 여유가 부족하다","M","19~29세","300만원 미만","전남"
"53357518","20240315","보통이다","만족해ㆍ시","M","19~29세","300만원 미만","경기"
"53357563","20240315","보통이다","만족스럽지 못했다","M","30대","300~500만원 미만","부산"
"53357595","20240315","만족하는 편이다","주변에 문화센터 백화점 마트등이 있어 편리하게 활동을 할 수 있어서","F","60대","300~500만원 미만","광주"
"53357654","20240315","만족하는 편이다","대체로 서비스가 좋고 퀄리티도 생각이상으로 좋았음","M","19~29세","없음/모름/무응답","경기"
"53357716","20240315","보통이다","나름계획세워서 정해진시간내에서 아쉽지만만족하게하고있음","F","60대","300만원 미만","경기"
"53357829","20240315","만족하는 편이다","취미로 주말농부생활 하고 이음","M","50대","700만원 이상","경남"
"53357911","20240315","보통이다","그냉 보통","M","30대","500~700만원 미만","광주"
"53358056","20240315","보통이다","특별히 증가한 만족도가 없었음","M","30대","300~500만원 미만","경기"
"53358294","20240315","만족하는 편이다","피아노를 배우고 연주하는것에 만족한다.","F","50대","500~700만원 미만","경기"
"53358310","20240315","보통이다","경제적 여유가 없어서 원하는 여가 활동을 충분히 하기 어려움","F","30대","없음/모름/무응답","경기"
"53358623","20240315","보통이다","그냥 별생각없이 쉬기 때문","M","19~29세","없음/모름/무응답","경기"
"53358822","20240315","보통이다","시간 및 금전적 여유가 충분치 않으므로","F","19~29세","300~500만원 미만","부산"
"53359050","20240315","만족하는 편이다","1주에 한번정도 활동이 시간적 체력적으로 적당하다고 생각함","F","50대","300만원 미만","서울"
"53359087","20240315","만족하는 편이다","나만의 시간이 충분","M","40대","300~500만원 미만","경기"
"53359114","20240315","보통이다","새로운 이벤트가 아니고 이전에 다 해봤던 거","M","50대","500~700만원 미만","강원"
"53359152","20240315","만족하는 편이다","1박2일 여행","M","40대","500~700만원 미만","대전"
"53359163","20240315","만족하는 편이다","생활반경에 문화생활 가능한 요소들이 매우 많음","F","30대","700만원 이상","서울"
"53359212","20240315","만족하는 편이다","생활의 큰 변화없이 현 상태가 유지되고 있어서","F","40대","700만원 이상","충남"
"53359347","20240315","만족하는 편이다","원하는 걸 하고 있어서","F","40대","700만원 이상","전북"
"53359355","20240315","보통이다","비슷하기때문","F","40대","300만원 미만","서울"
"53359414","20240315","만족하는 편이다","평일독서,주말여행","F","50대","없음/모름/무응답","경기"
"53359588","20240315","만족하는 편이다","시간적여유가잇어서","F","30대","300만원 미만","경기"
"53359724","20240315","보통이다","달라진 바 없다","M","40대","500~700만원 미만","강원"
"53360114","20240315","만족하는 편이다","충분한 시간과 비용","M","50대","700만원 이상","경기"
"53360163","20240315","보통이다","금전적인이유","M","40대","300~500만원 미만","경기"
"53360185","20240315","보통이다","그냥","M","40대","300~500만원 미만","경기"
"53360288","20240315","보통이다","경제적문제이다","M","60대","300만원 미만","강원"
"53360340","20240315","만족하는 편이다","시간도 여유롭고 봉사하고 나면 ㅇ사음도 쁘듯하고.","F","60대","300~500만원 미만","전남"
"53360430","20240315","만족하는 편이다","시간과 비용지출에 만족하함","M","60대","500~700만원 미만","강원"
"53360459","20240315","보통이다","지역내 문화시선 부족","F","50대","300~500만원 미만","경남"
"53360489","20240315","보통이다","휴가를이용해서 여가를 즐김","F","50대","700만원 이상","서울"
"53360528","20240315","만족하는 편이다","잘 쉬고있음","F","19~29세","700만원 이상","경기"
"53360589","20240315","만족하는 편이다","원하는 시간활용","F","50대","300만원 미만","울산"
"53360839","20240315","보통이다","주어진 현업에 일정한 활동이 변화가 없는 관계로 비슷한 여가생활을 하고 있다","M","60대","300만원 미만","부산"
"53360964","20240315","불만족하는 편이다","일하기때문에 시간이없다","F","30대","300만원 미만","대구"
"53361032","20240315","불만족하는 편이다","돈과 시간","M","60대","500~700만원 미만","경기"
"53361073","20240315","보통이다","시간이 많이 부족해서..","M","19~29세","500~700만원 미만","서울"
"53361371","20240315","만족하는 편이다","내 맘대로 시간활용이 가능해서","F","60대","300~500만원 미만","전남"
"53361755","20240315","만족하는 편이다","충분한 시간","F","60대","300만원 미만","서울"
"53361775","20240315","만족하는 편이다","행복하니까","F","30대","500~700만원 미만","전북"
"53361844","20240315","매우 만족한다","해외여행","M","40대","300~500만원 미만","경기"
"53361863","20240315","만족하는 편이다","성수기 가성비로 다녀옴","M","40대","300~500만원 미만","부산"
"53362287","20240315","불만족하는 편이다","자영업 시간부족","M","50대","500~700만원 미만","대전"
"53362462","20240315","매우 만족한다","힐링의 시간..","M","50대","300~500만원 미만","경기"
"53362464","20240315","보통이다","변화없이 항상 비슷해서","M","50대","500~700만원 미만","경기"
"53362631","20240315","보통이다","통근시간이 길어서 여가생활을 즐길 곳을 찾아가면(장소) 시간적여유가 없고 직장근처로 가면 여가생활시설이 부족함","F","30대","300~500만원 미만","전북"
"53362986","20240315","보통이다","평소랑 다름없어서","F","30대","300~500만원 미만","경기"
"53363004","20240315","만족하는 편이다","시간여유","M","60대","700만원 이상","강원"
"53363062","20240315","보통이다","변동없음","M","30대","300~500만원 미만","경기"
"53363094","20240315","만족하는 편이다","시간보내기좋고 아프고 난 뒤 시간이 충분하다","F","60대","300~500만원 미만","인천"
"53363274","20240315","보통이다","충분하진 않지만 시간날때마다 여가시간을 즐기려하고 있다","M","30대","300~500만원 미만","세종"
"53363323","20240315","만족하는 편이다","마음 먹으면 할수 있기 때문에","M","30대","700만원 이상","경기"
"53363386","20240315","만족하는 편이다","불만이 없어서","F","50대","300~500만원 미만","충남"
"53363392","20240315","보통이다","경제적문지","F","19~29세","500~700만원 미만","경기"
"53363483","20240315","만족하는 편이다","자족","M","50대","700만원 이상","서울"
"53363485","20240315","만족하는 편이다","정해진 루틴이있어서(일)","M","30대","300~500만원 미만","광주"
"53363489","20240315","보통이다","경제가 힘들어져서","M","50대","700만원 이상","광주"
"53363555","20240315","보통이다","올해된지 2달 남?인데 작년과 비슷함","F","30대","500~700만원 미만","경기"
"53363601","20240315","보통이다","여가시간을 즐길 시간이 부족하여서","F","19~29세","500~700만원 미만","서울"
"53363730","20240315","보통이다","지금까지 어려움없이 동일하게 여가생활을 즐기고 있어서","M","30대","없음/모름/무응답","서울"
"53363778","20240315","보통이다","비슷한 수준으로 즐기고 있어서 보통이라 대답함","F","30대","없음/모름/무응답","경기"
"53364111","20240315","보통이다","큰돈을 들이지 않고 만족했기에","M","60대","없음/모름/무응답","충남"
"53364123","20240315","만족하는 편이다","마음 먹으면 불편하지 않게 할 수 있습니다.","F","50대","700만원 이상","경기"
"53364158","20240315","보통이다","시간과 공간 미흡","M","60대","500~700만원 미만","서울"
"53364268","20240315","만족하는 편이다","바쁜 와중에도 가족들이랑 시간을 내어 휴양지하고 쇼핑을 다녀와서","F","60대","700만원 이상","경남"
"53364321","20240315","만족하는 편이다","적당히 원하는걸 하는 편이라서","F","19~29세","500~700만원 미만","서울"
"53364396","20240315","보통이다","별다른 변화가 없다.","F","40대","300~500만원 미만","경북"
"53364476","20240315","만족하는 편이다","시간적 경제적 여유가 있어서","F","19~29세","300만원 미만","전남"
"53364603","20240315","만족하는 편이다","시간적 여유","F","19~29세","500~700만원 미만","전남"
"53364605","20240315","불만족하는 편이다","육아로인해 시간적 여유가 없어서 여가시간이 별로 없어어","F","40대","300~500만원 미만","전남"
"53364648","20240315","보통이다","똑같아서..","M","30대","500~700만원 미만","경기"
"53364713","20240315","보통이다","나쁘지도 엄청 좋지도 않아서.","F","19~29세","700만원 이상","경기"
"53364766","20240315","보통이다","함께 할 동료와 시간 맞추기 어려워 많은 시간을 갖지 못해서","F","50대","300~500만원 미만","대구"
"53364781","20240315","보통이다","항상 하던대로만 계획하고 보내고 있습니다.","M","50대","500~700만원 미만","경기"
"53364794","20240315","만족하는 편이다","새로운 자전거 구입 및 라이딩","M","50대","700만원 이상","서울"
"53364853","20240315","보통이다","그저그래서","M","30대","없음/모름/무응답","경기"
"53365103","20240315","만족하는 편이다","하고싶었던 것을 했고 만족스러운 시간이어서 입니다","F","30대","300만원 미만","경북"
"53365461","20240315","보통이다","분재학교 등록으로 새로운 분야에 호기심을 채우고 있어서~~","F","40대","700만원 이상","전남"
"53365467","20240315","만족하는 편이다","원할때 할수잇음","M","30대","700만원 이상","강원"
"53365695","20240315","만족하는 편이다","하고 싶은것은한다","F","50대","700만원 이상","서울"
"53365696","20240315","보통이다","크게 변화한 부분이 없음","M","30대","300~500만원 미만","경남"
"53365757","20240315","만족하는 편이다","방학이라 시간이 남아돌아서","M","19~29세","700만원 이상","서울"
"53366230","20240315","보통이다","금전적인 풍족한부족","F","50대","300~500만원 미만","서울"
"53366378","20240315","만족하는 편이다","푹 쉬었다는 느낌을 받아서","M","30대","300~500만원 미만","광주"
"53366577","20240315","불만족하는 편이다","그냥","F","19~29세","300만원 미만","서울"
"53366673","20240315","보통이다","항상 비슷해서","M","19~29세","300만원 미만","서울"
"53366754","20240315","만족하는 편이다","동로들과 친분및 스트레스 해소임","M","50대","700만원 이상","경기"
"53366777","20240315","만족하는 편이다","나에게 주어진 시간과 물질로 할 수 있을만큼은 했다고 생각해서","F","50대","700만원 이상","서울"
"53366799","20240315","보통이다","인프라가 미흡하다","M","60대","300~500만원 미만","경남"
"53366820","20240315","보통이다","마땅한 공연이 드물어서","F","60대","300만원 미만","울산"
"53366876","20240315","불만족하는 편이다","고물가로 인한 경제적 어려움","M","30대","300~500만원 미만","인천"
"53367140","20240315","만족하는 편이다","나름 여유가 있어서","F","30대","500~700만원 미만","전북"
"53367230","20240315","만족하는 편이다","집근처에 스포츠센터가 가까이 있어 편리하다","F","50대","없음/모름/무응답","서울"
"53367309","20240315","만족하는 편이다","내가 원하는 장소와 휴식이었기 때문","F","60대","500~700만원 미만","서울"
"53367532","20240315","보통이다","평택시 공공 체육시설이 너무 없고 헬스장도 없어서 독점에 의해 월 7만원 내고 헬스 다님 ㅠ","F","30대","300~500만원 미만","경기"
"53367558","20240315","만족하는 편이다","건강해지고 즐거움과 편안함에","F","60대","700만원 이상","전북"
"53367641","20240315","보통이다","비용문제","F","30대","300만원 미만","광주"
"53367655","20240315","보통이다","시간이여유치않다","F","60대","300~500만원 미만","서울"
"53367764","20240315","보통이다","최근에 전시회를 갔는데 장소의 크기에 비해 관람객들이 너무 많았던 점","F","40대","300만원 미만","경기"
"53367831","20240315","매우 불만족한다","돈","M","40대","300만원 미만","광주"
"53367952","20240315","보통이다","시간적 여유 부족","M","50대","700만원 이상","경기"
"53367966","20240315","보통이다","그저 그럼","M","19~29세","500~700만원 미만","경기"
"53368394","20240315","보통이다","딱히 한게 음슴","M","19~29세","300만원 미만","부산"
"53368403","20240315","만족하는 편이다","방학이라 시간이 많아서요","F","19~29세","700만원 이상","서울"
"53368419","20240315","보통이다","수입에 변화가 없기 때문이다","F","40대","500~700만원 미만","경남"
"53368741","20240315","보통이다","불만족스럽지않기때문에","F","40대","500~700만원 미만","대전"
"53369618","20240315","불만족하는 편이다","우울증과 피로감 증가","F","50대","300~500만원 미만","경남"
"53369642","20240315","만족하는 편이다","여유롭게 즐긴것 같아서","M","19~29세","700만원 이상","경기"
"53369705","20240315","보통이다","시간 부족","M","50대","700만원 이상","서울"
"53369791","20240315","불만족하는 편이다","시간이 없음","M","40대","700만원 이상","강원"
"53369853","20240315","만족하는 편이다","몸 컨디션이 좋고 재미있어서","M","50대","500~700만원 미만","대구"
"53369950","20240315","보통이다","인근 도시로 나가야 함","F","50대","700만원 이상","제주"
"53370292","20240315","보통이다","직장생활 하다보니 피곤해서 야외활동을 거의못함","F","50대","300~500만원 미만","경기"
"53370447","20240315","만족하는 편이다","자유로운 스케줄","M","19~29세","없음/모름/무응답","강원"
"53370479","20240315","매우 불만족한다","돈이 부족해서","M","40대","300만원 미만","경남"
"53370502","20240315","만족하는 편이다","시간이 많아서","M","19~29세","700만원 이상","광주"
"53370528","20240315","만족하는 편이다","주변에서 쉽게 찾을 수 있어서","F","40대","300~500만원 미만","대구"
"53370556","20240315","만족하는 편이다","그시간을 보냈을때 기분이 좋았음","M","19~29세","300~500만원 미만","경기"
"53370578","20240315","불만족하는 편이다","충분히 즐기지 못했다.","F","30대","없음/모름/무응답","서울"
"53370681","20240315","보통이다","비용과 시간에 큰 변화가 없습니다. 새로운 활동은 못하고 있습니다.","M","50대","300만원 미만","서울"
"53371940","20240315","보통이다","시간과 비용부담","F","50대","300~500만원 미만","대전"
"53371943","20240315","만족하는 편이다","금전과 시간적 여유가 조금 생겨서","M","19~29세","300~500만원 미만","서울"
"53371970","20240315","만족하는 편이다","계획을 세운데로 할수 있어서","F","60대","700만원 이상","충북"
"53372211","20240315","보통이다","여가생활의 패턴이 바뀌지 않을 것이므로","M","50대","700만원 이상","경남"
"53372255","20240315","만족하는 편이다","시간적 여유가 많다","M","30대","300~500만원 미만","인천"
"53372276","20240315","보통이다","비용이비쌈","F","30대","300~500만원 미만","경기"
"53372348","20240315","보통이다","시설이나 같이할 수준의 사람이 없어","F","60대","300만원 미만","대구"
"53372400","20240315","만족하는 편이다","새로운 사회적 만남들이 생겨나 교류가 활발해졌고 작년에 비해서 여가 시간은 줄었지만 여가생활의 질이 조금더 나아진듯한 느낌입니다","F","30대","500~700만원 미만","부산"
"53372427","20240315","보통이다","그냥 비슷해어","M","40대","300~500만원 미만","인천"
"53372461","20240315","만족하는 편이다","계획한 여가 생활을 다 해볼 수 있어서","F","30대","700만원 이상","경기"
"53372503","20240315","불만족하는 편이다","시간과 여건부족","F","30대","300만원 미만","울산"
"53373245","20240315","만족하는 편이다","루틴처럼 주말을 보내고 있어서","M","50대","300~500만원 미만","서울"
"53373468","20240315","만족하는 편이다","엇","M","19~29세","없음/모름/무응답","대전"
"53373477","20240315","보통이다","너무 지리적으로 여가생활을할수없어서","F","40대","300만원 미만","대전"
"53373501","20240315","보통이다","보통","M","50대","300~500만원 미만","경북"
"53373534","20240315","불만족하는 편이다","일로인해 여유가 없음","M","40대","500~700만원 미만","경기"
"53373917","20240315","만족하는 편이다","양산에서 고향 인천으로 이사를 와서 양산보다 인천이 살기 좋아졌고 유동인구가 많고 젊은사람들이 많기 때문에!","M","40대","300만원 미만","인천"
"53374025","20240315","보통이다","이유없음","M","60대","300만원 미만","대전"
"53374055","20240315","만족하는 편이다","주말에는 항상 놀 수 있는 시간이 보장되어있어서","F","19~29세","없음/모름/무응답","울산"
"53374138","20240315","매우 불만족한다","부천역 주변엔 어떤 편의시설및 웅동할수 있는것이 없음.아이랑 산책할곳도 도로도 좁아서 유모차도 다니기 힘듦. 은?구 살다 왔는데 최악임","M","40대","300~500만원 미만","경기"
"53374177","20240315","보통이다","항상 하던대로했음.","F","50대","없음/모름/무응답","강원"
"53374384","20240315","보통이다","가까이에서 편하게 즐길수없어서","F","60대","700만원 이상","경기"
"53374454","20240315","만족하는 편이다","원하는 시간에 원하는 여가생활이 가능했다","F","60대","없음/모름/무응답","충남"
"53374609","20240315","만족하는 편이다","퇴직후 시간여유","M","60대","700만원 이상","경남"
"53374639","20240315","만족하는 편이다","여가활동을 하면서 스트레스가 풀리는 편인 것 같아서","F","19~29세","300~500만원 미만","광주"
"53374654","20240315","만족하는 편이다","만족적인 결과 만족도","F","30대","500~700만원 미만","인천"
"53374720","20240315","불만족하는 편이다","여가를 즐길 시간이 많이 없었다.","F","19~29세","300~500만원 미만","경남"
"53375043","20240315","만족하는 편이다","해외여행 다녀옴","F","30대","700만원 이상","경기"
"53375149","20240315","만족하는 편이다","건강하고 주변인들과의 교류와 단합하고 화목하게 지내고 스트레스를 없게 해준다","F","60대","300~500만원 미만","충북"
"53375184","20240315","보통이다","특별하게 좋은 적이 없어서","M","60대","500~700만원 미만","인천"
"53375258","20240315","보통이다","생활패턴","M","40대","300만원 미만","경기"
"53375264","20240315","만족하는 편이다","잘 놀아서","M","19~29세","300만원 미만","강원"
"53375531","20240315","만족하는 편이다","크게 불만족한 경험이 없습니다","M","19~29세","없음/모름/무응답","강원"
"53375612","20240315","보통이다","없음","M","60대","700만원 이상","경기"
"53375909","20240315","보통이다","만족","F","40대","700만원 이상","경기"
"53375922","20240315","만족하는 편이다","내시간이 있어서 더 좋음","F","60대","300~500만원 미만","전북"
"53375991","20240315","만족하는 편이다","주변 환경이 가벼운 자깅하기에는 만족 합니다","F","60대","300만원 미만","대전"
"53376501","20240315","매우 만족한다","졸업 후 쉬고있는 기간이라 여가시간을 즐기기에 충분한 시간을 가지고 있어 매우 만족하는 편입니다","F","19~29세","없음/모름/무응답","광주"
"53376610","20240315","보통이다","없음","M","30대","300~500만원 미만","강원"
"53376829","20240315","보통이다","별로 변한게없다","M","40대","700만원 이상","광주"
"53376892","20240315","만족하는 편이다","힐링이 되는시간","F","40대","300만원 미만","경북"
"90824","20240322","매우 만족한다","코로나방역해제","M","19~29세","500~700만원 미만","경기"
"172116","20240322","만족하는 편이다","경제적인 여유가 뒷받침되기 때문임","F","60대","700만원 이상","경기"
"174844","20240322","보통이다","작년과 비슷해서","M","30대","300~500만원 미만","경기"
"231065","20240322","보통이다","큰 변화가 없어서","M","60대","없음/모름/무응답","전남"
"233902","20240322","만족하는 편이다","시간적여유 연봉증가","M","50대","300~500만원 미만","충북"
"274588","20240322","만족하는 편이다","마음이 편해져서 좋아요","M","19~29세","300만원 미만","대구"
"364642","20240322","만족하는 편이다","최근 여가활동을 할 시간이 많았음","F","30대","300~500만원 미만","경기"
"377530","20240322","만족하는 편이다","만족합니다","M","50대","700만원 이상","전북"
"382350","20240322","만족하는 편이다","크게 부족함을 못 느껴서","M","19~29세","300~500만원 미만","경기"
"392978","20240322","보통이다","일이 많아요. 집에가면 잡니다.","M","30대","300~500만원 미만","경기"
"393548","20240322","보통이다","편히스","F","60대","300~500만원 미만","경기"
"403520","20240322","만족하는 편이다","심신이 안정된다","M","60대","300만원 미만","제주"
"410692","20240322","불만족하는 편이다","해야 할 일이 많아 여가를 즐길 시간이 줄어들음.","M","40대","500~700만원 미만","서울"
"421092","20240322","만족하는 편이다","주어진 시간이 많진 않지만 최대한 효율적으로 즐기려고 노력함","F","30대","500~700만원 미만","충북"
"424043","20240322","만족하는 편이다","환경과 여건이 모두 좋은 편이다.","F","60대","700만원 이상","경남"
"425367","20240322","만족하는 편이다","산책도 겸하고 문화재 관람도 하고 만족함.","M","60대","500~700만원 미만","경기"
"438136","20240322","만족하는 편이다","즐겁고 잼나게 다녀와서~","F","50대","500~700만원 미만","강원"
"444323","20240322","만족하는 편이다","원하는 활동을. 쉽게 할수있다","M","60대","500~700만원 미만","경기"
"445217","20240322","보통이다","돌봐야 하는 가족이 있어서 시간 내기 힘듦","F","50대","300만원 미만","인천"
"448390","20240322","만족하는 편이다","금전적 여유가 될 수 있어 전반적 활동에 만족하는 편이다","M","40대","700만원 이상","경기"
"449715","20240322","만족하는 편이다","비용.시간 등","M","60대","500~700만원 미만","대구"
"452982","20240322","만족하는 편이다","원하는취미활동이 생겨 즐기고있다","F","30대","500~700만원 미만","경북"
"453630","20240322","보통이다","그냥","M","19~29세","500~700만원 미만","서울"
"453723","20240322","만족하는 편이다","실내에서 만족스럽게 활동했어서","M","19~29세","500~700만원 미만","강원"
"455801","20240322","보통이다","특별한 변화가 없엇ㆍ","F","40대","500~700만원 미만","인천"
"457884","20240322","만족하는 편이다","원하는 활동을 꾸준히 하고 있다는 점에서 만족한다","F","30대","300~500만원 미만","대구"
"458614","20240322","보통이다","크게 불편함이나 부족함이 없다고 생각합니다","F","30대","300~500만원 미만","인천"
"458670","20240322","보통이다","큰 어려움없이 지나간 것에 고마움","M","60대","300만원 미만","경기"
"458827","20240322","보통이다","이 정도여도 괜찮아서","F","50대","700만원 이상","경기"
"460180","20240322","만족하는 편이다","시간이 많다","M","60대","700만원 이상","대구"
"460300","20240322","만족하는 편이다","주변 유명한 곳으로 쉽게 이동 가능하고 새로운 경험을 많이 함","F","19~29세","300~500만원 미만","서울"
"461215","20240322","불만족하는 편이다","여유가 없다","F","40대","500~700만원 미만","부산"
"462492","20240322","불만족하는 편이다","시간이 넘 짧아서","F","40대","500~700만원 미만","대구"
"462953","20240322","불만족하는 편이다","여가생활을 하고싶은데 비용이 너무 많이든다","F","19~29세","300만원 미만","경북"
"464245","20240322","보통이다","크게 변한게 없음","M","40대","500~700만원 미만","인천"
"466596","20240322","보통이다","그냥그래서","M","40대","700만원 이상","충남"
"467305","20240322","만족하는 편이다","원할때 살수있는 장소 시간에 여유 잉ㅎ다","F","60대","700만원 이상","경기"
"470063","20240322","보통이다","모름","M","19~29세","300만원 미만","충남"
"470225","20240322","만족하는 편이다","시간여유가있어서","M","60대","500~700만원 미만","부산"
"471321","20240322","보통이다","늘 하던대로 해서 큰 흥미가 없다.","M","50대","700만원 이상","인천"
"53322348","20240322","만족하는 편이다","계획을 세워 실천으로 옮기는편이다","F","60대","300만원 미만","서울"
"53322356","20240322","보통이다","소득증가가 없어서...","M","40대","300~500만원 미만","부산"
"53322537","20240322","보통이다","생각만큼 여유롭게 즐기지 못해서","F","50대","500~700만원 미만","경기"
"53322612","20240322","매우 만족한다","잘 놀았음","F","19~29세","300~500만원 미만","경북"
"53322625","20240322","보통이다","경제적인수입이 크게 증가되지않아서 여가활동에대한 관심이 보통이다","M","50대","500~700만원 미만","전북"
"53322951","20240322","만족하는 편이다","충분하다","F","40대","300~500만원 미만","강원"
"53323106","20240322","만족하는 편이다","시간이 많이 있어서","F","60대","없음/모름/무응답","서울"
"53323143","20240322","불만족하는 편이다","시간이 부족 금액이 많이 오름","M","40대","300~500만원 미만","광주"
"53323357","20240322","보통이다","시간적 여유가 없음","M","30대","300~500만원 미만","경기"
"53323496","20240322","보통이다","여유가 없어서","M","50대","500~700만원 미만","서울"
"53323603","20240322","보통이다","별로라서","M","19~29세","300만원 미만","충남"
"53323638","20240322","만족하는 편이다","배우자와 여가시간을 함께 보내서","F","30대","300~500만원 미만","서울"
"53323640","20240322","보통이다","일을 하면서 평일에 시간이 거의 없음","M","19~29세","300만원 미만","충남"
"53323719","20240322","보통이다","시가내기가 힘들다.","M","50대","500~700만원 미만","경기"
"53323753","20240322","불만족하는 편이다","가격이 비쌈","M","19~29세","700만원 이상","강원"
"53323946","20240322","만족하는 편이다","그냥","M","19~29세","300~500만원 미만","충북"
"53324032","20240322","만족하는 편이다","아파트 내 헬스장이 있다","M","30대","700만원 이상","대구"
"53324067","20240322","보통이다","전과 비슷함","M","30대","700만원 이상","강원"
"53324153","20240322","보통이다","주위에 여가활동 충분하지않음","F","60대","700만원 이상","경남"
"53324500","20240322","보통이다","시간","M","50대","300만원 미만","울산"
"53324658","20240322","보통이다","그냥 시간때우기 정도? 재미있는게 없음","F","30대","300~500만원 미만","전남"
"53324682","20240322","보통이다","시간 및 만족도가 그전과 비슷함","M","40대","700만원 이상","강원"
"53324841","20240322","만족하는 편이다","경제활동을 조금줄이고 여가생활을 조금더 신경쓰니 나름만족하는 편이다..","M","60대","500~700만원 미만","부산"
"53324852","20240322","보통이다","진행하고있는일이 지연으로 심적여유부족","M","60대","300~500만원 미만","경기"
"53324941","20240322","만족하는 편이다","적당해서 앞우로는 늘리고 싶다","F","30대","700만원 이상","서울"
"53325069","20240322","보통이다","원하는곳에 언제든 갈수있고 할수있기때문에","F","50대","300~500만원 미만","서울"
"53325302","20240322","보통이다","경제적 이유","F","50대","300만원 미만","서울"
"53325516","20240322","보통이다","물가상승","F","30대","300만원 미만","경기"
"53325888","20240322","불만족하는 편이다","시간적이나금전적으로 불만족","M","40대","300만원 미만","대구"
"53325998","20240322","보통이다","만족이 늘어나기 위해선 비용을 더 지불해야해서","M","30대","300~500만원 미만","서울"
"53326001","20240322","만족하는 편이다","시간 대비 효율이 좋다","M","19~29세","300~500만원 미만","세종"
"53326118","20240322","보통이다","더 적극적이지 않은 상황임","F","50대","500~700만원 미만","서울"
"53326310","20240322","보통이다","일이 많아서 많이 여가생활못함","M","50대","300~500만원 미만","대구"
"53326337","20240322","만족하는 편이다","건강과 소액의 비용 투자로 여가 활동을 충분히 하고 있다","M","50대","700만원 이상","경기"
"53326459","20240322","만족하는 편이다","시간과 비용이 적절함","M","60대","700만원 이상","강원"
"53326595","20240322","보통이다","그냥","F","30대","없음/모름/무응답","경남"
"53326599","20240322","보통이다","일률적인 생활패턴","M","40대","700만원 이상","전남"
"53326637","20240322","보통이다","여가 시간을 즐길 시간적 여유는 줄었지만 알차게 보내며 시간을 활용하여 잘 보내고 있는듯 하여 그렇게 답했다","F","30대","500~700만원 미만","대구"
"53326656","20240322","만족하는 편이다","가성비가 좋음","F","30대","300~500만원 미만","대전"
"53326898","20240322","보통이다","컨디션 조절이 안되어서","F","50대","700만원 이상","경기"
"53326969","20240322","만족하는 편이다","만족하니까","F","40대","300만원 미만","대구"
"53327036","20240322","불만족하는 편이다","총비용의 제한적인 상황","M","30대","300~500만원 미만","대구"
"53327068","20240322","보통이다","시설이 별로 없어서","F","60대","없음/모름/무응답","경북"
"53327079","20240322","보통이다","무난하다","M","19~29세","300~500만원 미만","인천"
"53327109","20240322","만족하는 편이다","주말, 평일 근로시간을 고려 불편함이 거의 없음","M","60대","700만원 이상","강원"
"53327359","20240322","보통이다","더워서 운동을 많이 못하고 있음","F","19~29세","300만원 미만","경기"
"53327515","20240322","만족하는 편이다","시간이 충분한편은 아니지만 내가 좋아하는 여가생활을 함에 만족함","M","19~29세","500~700만원 미만","대전"
"53327555","20240322","보통이다","여가생활에 대한 시간은 늘었지만 경제적 활동은 줄어들었다.","F","40대","300만원 미만","광주"
"53327587","20240322","보통이다","별다른 변화 없다","M","50대","300~500만원 미만","충남"
"53327631","20240322","만족하는 편이다","여가를 즐길 시간이 많아서","M","50대","300만원 미만","경기"
"53327834","20240322","보통이다","특별한것이 없었다.","M","40대","300만원 미만","충북"
"53328005","20240322","보통이다","큰 차이가 없다","F","40대","300~500만원 미만","경기"
"53328059","20240322","만족하는 편이다","없습니다","F","30대","300~500만원 미만","서울"
"53328113","20240322","만족하는 편이다","주변인프라 충만","M","50대","500~700만원 미만","세종"
"53328135","20240322","보통이다","가족간의 여가 시간대가 상이하고 충분한 시간 부족","M","50대","300~500만원 미만","경기"
"53328768","20240322","보통이다","적당하다","M","30대","300만원 미만","대구"
"53328849","20240322","만족하는 편이다","불편함이 없다","M","50대","500~700만원 미만","경기"
"53328905","20240322","만족하는 편이다","원할때 갈수있었어서","M","30대","700만원 이상","대구"
"53328990","20240322","보통이다","그럭저럭 마음에든다","F","50대","700만원 이상","서울"
"53328996","20240322","보통이다","충분히 즐기지는 못했지만 적당한 여가생활은 즐겼습니다.","M","30대","없음/모름/무응답","경기"
"53329080","20240322","만족하는 편이다","모든 시설이 반경 15km안에 있다","M","60대","300~500만원 미만","대구"
"53329169","20240322","보통이다","다양한 활동의 기회가 없음","M","19~29세","없음/모름/무응답","경기"
"53329379","20240322","만족하는 편이다","원하는 여가생활을 함","F","30대","없음/모름/무응답","경북"
"53329439","20240322","불만족하는 편이다","본인의 의지가 부족함","M","50대","300만원 미만","울산"
"53329506","20240322","만족하는 편이다","퇴근 후 시간이 여유롭다","M","19~29세","없음/모름/무응답","울산"
"53329666","20240322","만족하는 편이다","직장을그만두게 되어서","F","50대","300만원 미만","경북"
"53329861","20240322","보통이다","시간이부족","F","40대","300만원 미만","부산"
"53329863","20240322","보통이다","여가를 즐길 시간이 부족했음","F","40대","700만원 이상","강원"
"53329936","20240322","만족하는 편이다","개인시간 보장","M","40대","없음/모름/무응답","충남"
"53330049","20240322","매우 만족한다","백수라도 과로사할만큼 바쁘게 보낼 수 있어서","M","60대","700만원 이상","강원"
"53330060","20240322","만족하는 편이다","개인적인 시간이 늘어났다","M","30대","500~700만원 미만","서울"
"53330173","20240322","보통이다","경제적인 형편 비용부담때문에","M","40대","300~500만원 미만","경북"
"53330201","20240322","보통이다","그냥저냥","M","50대","300~500만원 미만","경기"
"53330231","20240322","만족하는 편이다","무료전시와 구립도서관이 잘되어있어서","F","50대","700만원 이상","서울"
"53330378","20240322","보통이다","good","M","40대","700만원 이상","서울"
"53330426","20240322","보통이다","평일 근무가 많아서 주말에 여유가 없어진다","F","60대","300만원 미만","강원"
"53330455","20240322","불만족하는 편이다","시간에 비해 알차게 보내지 못한것 같다","F","50대","300~500만원 미만","서울"
"53330474","20240322","만족하는 편이다","시간적여유가 생겼다","M","40대","300만원 미만","서울"
"53330635","20240322","보통이다","보고싶은극이있었는데 티켓구하지못해서","F","50대","없음/모름/무응답","서울"
"53330718","20240322","불만족하는 편이다","시간이부족","M","60대","300~500만원 미만","강원"
"53330770","20240322","보통이다","경제적이유","F","19~29세","없음/모름/무응답","서울"
"53330787","20240322","만족하는 편이다","평소에 일을 하면서도 내가 하고 싶은 여가를 틈틈히 시간내서 할 수 있는 여유가 생김","F","50대","700만원 이상","충북"
"53331033","20240322","불만족하는 편이다","여가생활을 하기위한 환경이 조성되어 있지 않은부분. 사는곳에 따라너 문화적 콘텐츠가 부족하거나 어는 한곳에 집중되어 있는 문제가 질좋은 여가생활로 이어지지 않는다는 단점이 있습니다.","F","50대","300~500만원 미만","경기"
"53331158","20240322","보통이다","변화없다","M","40대","300만원 미만","강원"
"53331239","20240322","만족하는 편이다","불편함 부족함이 없어","M","30대","500~700만원 미만","경기"
"53331304","20240322","보통이다","항상 주어진시간과 비용에 변화없음","M","50대","700만원 이상","인천"
"53331491","20240322","만족하는 편이다","시간적 여유","M","19~29세","700만원 이상","제주"
"53331678","20240322","만족하는 편이다","함께 어울리면 우울증도 해소된다","F","50대","700만원 이상","서울"
"53331789","20240322","보통이다","재미없어서","M","30대","300~500만원 미만","경기"
"53331969","20240322","보통이다","이전과 딱히 변한게 없음","M","30대","없음/모름/무응답","강원"
"53332024","20240322","만족하는 편이다","즐기는 시간을 가질 수 있음으로","F","30대","700만원 이상","부산"
"53332041","20240322","만족하는 편이다","원하는 곳에 갈 수 있다는 것","F","50대","300~500만원 미만","경기"
"53332067","20240322","보통이다","전달과 비슷하고 앞으로도 특별히 변할것 같지 않기에 보통이라고 답했음","F","60대","500~700만원 미만","경기"
"53332297","20240322","보통이다","경제적. 신체적 부담","M","50대","300~500만원 미만","부산"
"53332471","20240322","보통이다","경제적으로 부담스럽지 않은 정도의 지출로 영화상영과 캠핑을 다녀왔으므로.","F","40대","300~500만원 미만","대구"
"53332666","20240322","만족하는 편이다","여가시간을 충분히 즐길만한 시간이 있다","F","30대","없음/모름/무응답","경기"
"53332722","20240322","보통이다","크게 만족한 적은 없는 것 같다","F","19~29세","없음/모름/무응답","대구"
"53333043","20240322","보통이다","보통이니까","F","40대","300만원 미만","경기"
"53333091","20240322","보통이다","경제적 받침이 되지않으므로 만족도가 낮은편임","M","60대","500~700만원 미만","충남"
"53333151","20240322","보통이다","그냥 비슷해서","F","40대","700만원 이상","경기"
"53333170","20240322","보통이다","하고싶은건 많은데 손주보느라 시간적으로 제약이 따른다","F","60대","700만원 이상","서울"
"53333232","20240322","보통이다","백수라 시간은많은데 심적으로 경제적으로 힘들어서","M","19~29세","300~500만원 미만","서울"
"53333468","20240322","보통이다","딱히 좋은것도 나쁜것도 없으므로","F","50대","700만원 이상","서울"
"53333730","20240322","보통이다","크게 재미있는 일이없다","M","40대","없음/모름/무응답","대구"
"53333731","20240322","보통이다","게임으로는 충족되는것이 한계가 있어서","M","19~29세","300~500만원 미만","서울"
"53334386","20240322","보통이다","시간이 없었고 기회가 부족","F","50대","500~700만원 미만","서울"
"53334412","20240322","만족하는 편이다","하고싶을때 할수있어서","M","50대","700만원 이상","경기"
"53334812","20240322","보통이다","같아어","F","19~29세","없음/모름/무응답","경기"
"53334849","20240322","불만족하는 편이다","업무과중","F","19~29세","700만원 이상","서울"
"53334877","20240322","만족하는 편이다","인프라와 내가 원하는 것을 하기에 좋다","F","50대","300만원 미만","충남"
"53334932","20240322","보통이다","편하게 즐길 만한 시간이 나지 않고 있으나 짬짬히 여가생활을 즐기려고 노력하고 있음","F","19~29세","300만원 미만","강원"
"53334939","20240322","만족하는 편이다","하고자 하는것과 맛집 충분히 만족하게 누렸습니다","F","60대","700만원 이상","인천"
"53334949","20240322","불만족하는 편이다","겅제적 여유","M","50대","300~500만원 미만","부산"
"53335115","20240322","불만족하는 편이다","할게 많지않아서","F","40대","500~700만원 미만","서울"
"53335132","20240322","보통이다","만족도가 크게 늘거나 줄어들 이유가 없음","M","40대","300만원 미만","부산"
"53335157","20240322","보통이다","나름대로 누릴 수 있는 건 많지만 특별히 크게 만족스러운 것도 없기 때문.","M","19~29세","700만원 이상","서울"
"53335742","20240322","만족하는 편이다","기차타고 대중교통 시설 잘 되어 가보고 싶은곳 방문","M","60대","700만원 이상","강원"
"53335759","20240322","보통이다","일상과 크게 다를바 없음(변화가 없음)","M","19~29세","없음/모름/무응답","충남"
"53335761","20240322","만족하는 편이다","주변에 다수의 여가시설 존재","M","50대","700만원 이상","강원"
"53335803","20240322","보통이다","보통입니다","M","40대","없음/모름/무응답","서울"
"53335918","20240322","보통이다","적절한 시간 배분","M","30대","700만원 이상","부산"
"53336125","20240322","보통이다","원하는 시간에 원하는 것을 할 수 있다","F","40대","700만원 이상","경기"
"53336191","20240322","불만족하는 편이다","다른일에 신경 쓰느라 매일 피곤해서 시간이 많이없다","M","40대","없음/모름/무응답","전남"
"53336209","20240322","보통이다","부족하지도 넘치지도 않았다","F","50대","500~700만원 미만","경기"
"53336499","20240322","불만족하는 편이다","시간이 없었고 겨울엔 날씨때문에 할수있는 활동이 제한적이라 아쉽다.","F","40대","700만원 이상","서울"
"53336768","20240322","보통이다","그냥요","F","40대","300만원 미만","경북"
"53336842","20240322","만족하는 편이다","운동을 통해 신체적 건강 유지하기에","M","60대","500~700만원 미만","강원"
"53336892","20240322","보통이다","여가를 즐길 시간과 재정이 충분하지 않다","F","40대","500~700만원 미만","서울"
"53337027","20240322","보통이다","추운 날씨.","F","60대","300만원 미만","경기"
"53337113","20240322","보통이다","회사업무와 집안일을 함께하면서 따로 여가생활을 가질 시간이 줄어든 것 같다.","M","40대","500~700만원 미만","경기"
"53337363","20240322","만족하는 편이다","내가 하고싶은 여가생활을 잘 즐기고 있어서","F","30대","500~700만원 미만","제주"
"53337529","20240322","보통이다","경제적여유","M","50대","300~500만원 미만","경기"
"53337595","20240322","보통이다","변동 없음","F","50대","300~500만원 미만","경기"
"53337656","20240322","보통이다","시간이 충분하지 않다","M","60대","500~700만원 미만","전남"
"53337662","20240322","보통이다","생활 패턴이 규칙적","M","60대","300~500만원 미만","경기"
"53337707","20240322","불만족하는 편이다","경제적 이유와 건강문제","M","60대","300~500만원 미만","대구"
"53337729","20240322","보통이다","만족할만한 여가생활이없음","M","50대","300~500만원 미만","서울"
"53337853","20240322","만족하는 편이다","내가 하고 싶은 일을 시간에 쫓기지않고 자유롭게 가능하기 때문이다.","F","30대","500~700만원 미만","경기"
"53337934","20240322","보통이다","금전적인 여유가 없기때문이다","F","60대","없음/모름/무응답","경기"
"53337954","20240322","보통이다","간병하느라 원하는 만큼 하지 못하나 그래도 할 수 있으니까.","F","60대","500~700만원 미만","서울"
"53338059","20240322","보통이다","나 기준 만족안됨","M","40대","300~500만원 미만","부산"
"53338086","20240322","보통이다","주6일 근무로 시간의 제약을 많이 받는다","F","50대","300~500만원 미만","인천"
"53338368","20240322","만족하는 편이다","시간여유","M","50대","700만원 이상","전남"
"53338598","20240322","보통이다","익숙해저서","M","40대","700만원 이상","서울"
"53338627","20240322","만족하는 편이다","원하는것을 하려고 노력중","M","30대","300~500만원 미만","울산"
"53338641","20240322","만족하는 편이다","경제적 여유는 없지만 시간에 여유가 있어서 잘 지내고 있음","F","50대","300~500만원 미만","서울"
"53338729","20240322","매우 만족한다","스트레스 해소 자기만족","F","50대","300만원 미만","대구"
"53338762","20240322","보통이다","특별한게 없음","F","40대","500~700만원 미만","광주"
"53338773","20240322","보통이다","그냥 그렇다","M","19~29세","없음/모름/무응답","인천"
"53338843","20240322","보통이다","이전과 크게 달라진게 없음","M","50대","500~700만원 미만","경기"
"53338897","20240322","보통이다","ㅅ간이 부족하고 돈이문제","F","50대","300만원 미만","경기"
"53338909","20240322","보통이다","경제적 어려움","M","50대","300만원 미만","서울"
"53338961","20240322","만족하는 편이다","시간적 여유가 많음","F","40대","300~500만원 미만","전남"
"53339132","20240322","보통이다","딱히 특별한 게 없기 때문","F","40대","300만원 미만","경기"
"53339280","20240322","보통이다","크게 달라진 점이 없음","M","30대","500~700만원 미만","서울"
"53339492","20240322","만족하는 편이다","적절학게 잘하고 있다","F","40대","500~700만원 미만","대구"
"53339503","20240322","보통이다","보통임","M","30대","300~500만원 미만","서울"
"53339631","20240322","보통이다","적당해서","F","40대","700만원 이상","대전"
"53339837","20240322","보통이다","집돌이라 돌아다니지 않고 집에서 보내는 시간도 좋아서","M","19~29세","300만원 미만","충북"
"53339870","20240322","보통이다","건강상 활동에제약","M","60대","300만원 미만","강원"
"53339894","20240322","보통이다","마음에 여유가 없음","M","40대","없음/모름/무응답","강원"
"53339943","20240322","보통이다","환경은 좋지 않으나 나름대로 즐김","F","19~29세","없음/모름/무응답","경북"
"53339968","20240322","만족하는 편이다","가족들과 해외여행을 다녀왔다","M","40대","500~700만원 미만","충남"
"53340026","20240322","만족하는 편이다","여가시간이 충분하다","F","40대","300~500만원 미만","경남"
"53340093","20240322","불만족하는 편이다","시간.돈 부족","F","50대","300만원 미만","경남"
"53340243","20240322","만족하는 편이다","자기계발을 위한 프로그램 활동을 해서","F","60대","300~500만원 미만","서울"
"53340327","20240322","만족하는 편이다","원하는 만큼 즐길 시간과 장소의 여유","F","50대","300~500만원 미만","강원"
"53340482","20240322","보통이다","시간 및 경제적 여유의 불충분","M","30대","없음/모름/무응답","서울"
"53340509","20240322","보통이다","특별히 변화 된 내용과 활동이 없어서","F","60대","300~500만원 미만","광주"
"53340774","20240322","불만족하는 편이다","여가생활을 하는 시간이 감소하였을 뿐더러 생활 인근에 하고 싶은 여가와 관련된 시설 부족","F","19~29세","없음/모름/무응답","인천"
"53340855","20240322","보통이다","살기 바뻐서..","M","40대","없음/모름/무응답","부산"
"53341004","20240322","보통이다","피로감","F","30대","300~500만원 미만","서울"
"53341111","20240322","만족하는 편이다","심적 편안함 높음","F","19~29세","300만원 미만","대전"
"53341318","20240322","보통이다","경제적여유","M","40대","500~700만원 미만","서울"
"53341370","20240322","보통이다","시간이 없어서","F","50대","300~500만원 미만","경기"
"53341378","20240322","매우 만족한다","주변 환경이 좋아서","F","60대","500~700만원 미만","경남"
"53342262","20240322","만족하는 편이다","볼거리가 많아서 만족합니다.","F","50대","300~500만원 미만","울산"
"53342277","20240322","보통이다","전체적으로 무난하게 보냄","F","40대","300~500만원 미만","충북"
"53342294","20240322","매우 만족한다","개인적으로 여가를 즐기 시간이 많고 직접 운동을 하며 나의 체력을 키우는 보람이 있다.","M","50대","700만원 이상","제주"
"53342301","20240322","보통이다","인프라가 아쉽다","M","19~29세","없음/모름/무응답","경북"
"53342341","20240322","보통이다","특별한게없음","M","50대","없음/모름/무응답","강원"
"53342791","20240322","만족하는 편이다","마음이 편하다","M","60대","300만원 미만","강원"
"53342907","20240322","보통이다","평이한수준","M","19~29세","없음/모름/무응답","서울"
"53342976","20240322","보통이다","시간이없어서","M","50대","300~500만원 미만","대전"
"53343502","20240322","보통이다","그럭저럭 잘 즐긴 것 같아서","F","19~29세","없음/모름/무응답","경기"
"53343510","20240322","보통이다","큰 변화가 없어서","M","50대","300~500만원 미만","대전"
"53343549","20240322","만족하는 편이다","욕심이 큰 편이지할건 다한다","M","19~29세","700만원 이상","충남"
"53343585","20240322","매우 만족한다","새로운 게임 구입","M","40대","없음/모름/무응답","광주"
"53343754","20240322","만족하는 편이다","생활하는데 편안함을 느낌니다","F","50대","300만원 미만","경남"
"53343957","20240322","불만족하는 편이다","시간과 돈이 부족하다","F","19~29세","300만원 미만","경기"
"53344018","20240322","만족하는 편이다","시간적 여유와 몸과 마음이 여유로워서","F","40대","700만원 이상","전북"
"53344097","20240322","보통이다","습관적 때문","M","60대","300~500만원 미만","충남"
"53344168","20240322","보통이다","육아로인한 여가생활시간부족","F","30대","300만원 미만","경기"
"53344363","20240322","만족하는 편이다","스스로 즐거우니까","F","50대","500~700만원 미만","서울"
"53344408","20240322","불만족하는 편이다","시감과 체력이 부족해서","F","30대","300만원 미만","서울"
"53344435","20240322","만족하는 편이다","시간 및 경제적비용","F","50대","300~500만원 미만","강원"
"53344491","20240322","만족하는 편이다","시간적 여유가 있엇ㅓ","F","40대","500~700만원 미만","강원"
"53344496","20240322","보통이다","생활 패턴이 그대로여서","F","19~29세","없음/모름/무응답","부산"
"53344595","20240322","만족하는 편이다","하고싶은 활동을 할 수 있어서","F","60대","300~500만원 미만","인천"
"53344614","20240322","불만족하는 편이다","시간부족","M","40대","300만원 미만","서울"
"53344958","20240322","보통이다","혼자 사니까","M","50대","300만원 미만","경기"
"53344985","20240322","만족하는 편이다","여행자금으로 간 해외여행","F","19~29세","500~700만원 미만","경북"
"53345006","20240322","불만족하는 편이다","물가가 너무올라서 즐길여유부족","F","40대","700만원 이상","충남"
"53345095","20240322","매우 불만족한다","시간이 부족해서","F","40대","700만원 이상","인천"
"53345781","20240322","만족하는 편이다","하고 싶은 일을 한다","F","40대","500~700만원 미만","충남"
"53345883","20240322","만족하는 편이다","평소랑비슷해서","M","40대","700만원 이상","경북"
"53345920","20240322","보통이다","보통이라서","M","60대","300~500만원 미만","부산"
"53345945","20240322","만족하는 편이다","자주 여가생활을 하기 때문","M","60대","300~500만원 미만","경남"
"53346198","20240322","보통이다","크게 생활이 바뀐점이 없어서","F","40대","700만원 이상","경기"
"53346351","20240322","보통이다","여건상 하고싶은 활동을 해서","F","50대","500~700만원 미만","경남"
"53346403","20240322","보통이다","육아로 인해 시간을 분할해서 여가를 즐기고 있습니다 여가 시간이 전혀 없는 건 아니지만 전에 비해서 시간이 부족해졌습니다. 그래도 할애된 시간에 최대한 즐길려고 노력하고 있습니다.","M","30대","300~500만원 미만","서울"
"53346466","20240322","만족하는 편이다","일정정도의 성과도 있었고 땀 흘려 좋으니까","M","50대","700만원 이상","서울"
"53346521","20240322","보통이다","여기 사는곳은 (명지제외) 여가생활하려면 장시간 교통 타고 나가야만 무언갈 할 수 있어서 불편함","F","30대","없음/모름/무응답","경기"
"53346564","20240322","만족하는 편이다","원하는 활동을 만족스럽게 즐기고 있음","M","60대","500~700만원 미만","강원"
"53346649","20240322","만족하는 편이다","시간적 여유 및 인프라가 잘 되어있다","M","40대","300~500만원 미만","경기"
"53346731","20240322","만족하는 편이다","시간적 여유. 장소. 자금이 부족하지 않다","M","40대","700만원 이상","서울"
"53346907","20240322","보통이다","특별한변화없어서","M","40대","700만원 이상","서울"
"53347218","20240322","만족하는 편이다","시간적 여유","M","40대","500~700만원 미만","울산"
"53347238","20240322","불만족하는 편이다","지출이 요구되는 것들은 하기 힘듬","M","19~29세","없음/모름/무응답","경기"
"53347347","20240322","불만족하는 편이다","시간내기가 쉽지 않다","M","60대","없음/모름/무응답","서울"
"53347566","20240322","보통이다","코로나증가로조금줄었어요","F","50대","500~700만원 미만","전북"
"53347577","20240322","만족하는 편이다","하고 싶었던 운동을 다시 시작할 수 있어서","M","19~29세","700만원 이상","경기"
"53347617","20240322","만족하는 편이다","시간적 여유가 많다","F","30대","700만원 이상","경기"
"53347831","20240322","만족하는 편이다","하고싶은건 할수있음","F","19~29세","없음/모름/무응답","경남"
"53347929","20240322","보통이다","큰 변화없는 여가생활 이였습니다","M","50대","500~700만원 미만","경남"
"53347936","20240322","만족하는 편이다","같이 할 사람이 생겨서","M","19~29세","700만원 이상","서울"
"53348031","20240322","불만족하는 편이다","여행을 하고싶지만 경제적 여유없음","F","50대","300만원 미만","광주"
"53348146","20240322","보통이다","다른 취미 찾고 있다","M","60대","700만원 이상","서울"
"53348193","20240322","보통이다","증가/감소 없이 그대로였음","M","19~29세","300~500만원 미만","인천"
"53348270","20240322","만족하는 편이다","우울해질 때마다 여가생활을 즐긴다","F","19~29세","없음/모름/무응답","경기"
"53348278","20240322","만족하는 편이다","그럭저럭 시간에 쫓기지 않아서","M","40대","700만원 이상","경기"
"53348308","20240322","만족하는 편이다","많이 걸을 수 있었음","M","40대","300~500만원 미만","대구"
"53348336","20240322","만족하는 편이다","만족","F","40대","500~700만원 미만","부산"
"53348471","20240322","보통이다","사용 가능한 여가 시간에 할 수 있는 걸 해서","F","30대","없음/모름/무응답","강원"
"53348535","20240322","불만족하는 편이다","경제적인면으로","F","50대","300~500만원 미만","경기"
"53348592","20240322","보통이다","적절한 시간 배분","M","60대","500~700만원 미만","서울"
"53348609","20240322","만족하는 편이다","여행을 통해 즐거움을 얻었다","F","50대","700만원 이상","경기"
"53348610","20240322","만족하는 편이다","시간적도 적절했고 여향지 인프라도 괜찮았고 관광허기좋았음","M","40대","300~500만원 미만","대구"
"53348617","20240322","보통이다","기존과 변화가 거의 없으며 평균적 활동아 이어졌음","F","60대","700만원 이상","전북"
"53348681","20240322","불만족하는 편이다","더운 날씨로 인해 국내여행이 만족스럽지 않았다","F","19~29세","없음/모름/무응답","서울"
"53348853","20240322","보통이다","여가생활에 비용이 자꾸 비싸져서","F","50대","300~500만원 미만","경기"
"53348892","20240322","매우 만족한다","그동안추진했던해외여행을다녀옴","M","60대","300~500만원 미만","인천"
"53349041","20240322","보통이다","재미나 흥미를 느끼지 못해서","M","50대","700만원 이상","경기"
"53349367","20240322","만족하는 편이다","걸을수있는 장소가 가까이있어 이용하기 편리하다","F","60대","500~700만원 미만","서울"
"53349456","20240322","만족하는 편이다","행복","M","50대","500~700만원 미만","강원"
"53349782","20240322","만족하는 편이다","시간과 비용을 적절히 잘 사용","M","60대","700만원 이상","강원"
"53349881","20240322","보통이다","평소 꾸준히 해오고있어서","M","60대","700만원 이상","서울"
"53349883","20240322","보통이다","특별함이 없음","M","40대","500~700만원 미만","세종"
"53350072","20240322","보통이다","특별한사항이 없슴","M","50대","300~500만원 미만","경기"
"53350094","20240322","보통이다","크게 달라진 것도 없고 변화에 대한 욕구도 크지 않음","F","60대","300만원 미만","서울"
"53350386","20240322","만족하는 편이다","나만의시갸","M","50대","300~500만원 미만","강원"
"53350713","20240322","만족하는 편이다","시간적 여유","M","50대","500~700만원 미만","서울"
"53350846","20240322","보통이다","바쁜 일상이라 여가 시간이 부족한 편임","F","50대","300~500만원 미만","충남"
"53350948","20240322","만족하는 편이다","여가생활할수있는 시간안에서 최대한 활용한것같다","M","50대","없음/모름/무응답","부산"
"53351039","20240322","만족하는 편이다","시간이나 돈이 부족하여 마음껏하진 못하지만 어느정도는 하고 있음","M","30대","700만원 이상","경기"
"53351317","20240322","만족하는 편이다","없다","F","60대","500~700만원 미만","광주"
"53351479","20240322","만족하는 편이다","내 자신의 만족이 높기 때문","M","60대","700만원 이상","대구"
"53351565","20240322","만족하는 편이다","여가 시간이 충분하고 경제적으로 크게 지장받지 않으며 하고싶은 것을 할 수 있기 때문","F","60대","700만원 이상","경북"
"53351639","20240322","보통이다","주기적으로 시간내서 운동하고 쉬는중","F","40대","300~500만원 미만","경기"
"53351656","20240322","보통이다","특별히 변화없는 생활","M","50대","500~700만원 미만","서울"
"53351784","20240322","만족하는 편이다","워라벨이 좋아서 할수있었음","M","30대","300만원 미만","울산"
"53351822","20240322","만족하는 편이다","원하는대로 할수있고 효과도있는거같다","M","60대","700만원 이상","경기"
"53351942","20240322","만족하는 편이다","하고 싶은 것들은 대부분했다","F","30대","300만원 미만","대구"
"53351946","20240322","만족하는 편이다","경제적여유","M","40대","700만원 이상","경기"
"53351952","20240322","만족하는 편이다","가족이나 지인들과 같이 할수있는 시간이 많아서","M","40대","300~500만원 미만","부산"
"53352090","20240322","만족하는 편이다","형편성","M","50대","300만원 미만","충남"
"53352312","20240322","만족하는 편이다","가족과함께 여름휴가를 원하는곳으로 가서 즐길수 있었기 때문","F","50대","300~500만원 미만","울산"
"53352385","20240322","만족하는 편이다","여가 시간이 대폭 늘어남","F","30대","700만원 이상","광주"
"53352416","20240322","보통이다","매일같다","F","40대","300만원 미만","대전"
"53352431","20240322","보통이다","시간과 비용의 문제가 지속발생","M","30대","700만원 이상","충북"
"53352513","20240322","보통이다","대체적으로 원하는 콘텐츠를 접하고 있음.","F","30대","500~700만원 미만","인천"
"53352590","20240322","불만족하는 편이다","자격증에 시간을 많이 쓴다","F","40대","500~700만원 미만","대전"
"53352615","20240322","보통이다","없음","M","40대","300~500만원 미만","세종"
"53352624","20240322","보통이다","아젝.육아로 충분한 시간을 할애하지 못하고 있다.","M","40대","700만원 이상","서울"
"53352798","20240322","보통이다","보통이였으니까…","F","19~29세","500~700만원 미만","경기"
"53352872","20240322","보통이다","활동 시간이 줄어 만족도가 떨어져서","F","50대","500~700만원 미만","인천"
"53352966","20240322","보통이다","학교 수업때문에","F","50대","없음/모름/무응답","충남"
"53353272","20240322","보통이다","그냥 평범한 생활 유지","M","30대","300만원 미만","서울"
"53353288","20240322","만족하는 편이다","많은 시간을 할애하기는 힘들지만 가능한 여건 내에서는 잘 즐기고 있음","M","40대","700만원 이상","부산"
"53353518","20240322","매우 만족한다","잘 쉬어서","F","19~29세","300~500만원 미만","서울"
"53353704","20240322","만족하는 편이다","하고싶을때 하고싶은만큼 할수있다","M","40대","300~500만원 미만","서울"
"53353817","20240322","보통이다","피곤해서 집중하지 못한 편입니다","F","50대","300만원 미만","대구"
"53353852","20240322","보통이다","예전과 비슷해서","F","40대","300만원 미만","서울"
"53353858","20240322","만족하는 편이다","여가활동 시간을 많이 보내는편임","F","40대","700만원 이상","경기"
"53354070","20240322","만족하는 편이다","하고싶은대로 하니까","F","50대","700만원 이상","제주"
"53354081","20240322","불만족하는 편이다","여가시간에 소요되는 비용 증가","F","30대","700만원 이상","제주"
"53354225","20240322","보통이다","변화가 없어서","M","40대","500~700만원 미만","인천"
"53354228","20240322","만족하는 편이다","집 드럼연습실 이용","M","60대","500~700만원 미만","서울"
"53354240","20240322","보통이다","퇴근후 술한잔 증가함 담날 후회가 반복","M","50대","300만원 미만","부산"
"53354461","20240322","만족하는 편이다","집에서 쉬는게 좋다","M","40대","300만원 미만","울산"
"53354593","20240322","보통이다","삶의 여유. 금전적 문제","M","50대","300만원 미만","충북"
"53354809","20240322","보통이다","늘 같아서","F","30대","300~500만원 미만","서울"
"53354873","20240322","보통이다","툭별히 여가생활할 시간이 많이 없어서","M","50대","700만원 이상","전남"
"53354945","20240322","만족하는 편이다","시간적 여유가 있어서","M","50대","700만원 이상","경북"
"53354973","20240322","만족하는 편이다","부대시설 및 환경여건 만족","M","50대","500~700만원 미만","대전"
"53355032","20240322","보통이다","변화가없이 평범하다","F","40대","없음/모름/무응답","제주"
"53355053","20240322","보통이다","큰 변화가 없다","M","40대","700만원 이상","경북"
"53355116","20240322","만족하는 편이다","원하는 것을 어느정도 실행했음","F","40대","500~700만원 미만","경기"
"53355139","20240322","만족하는 편이다","하고 싶은.일을 할수있다.","F","60대","500~700만원 미만","경기"
"53355377","20240322","만족하는 편이다","여행 운동등 하고싶은것을 했음","M","60대","300~500만원 미만","서울"
"53355390","20240322","보통이다","비슷함","F","40대","300~500만원 미만","충남"
"53355397","20240322","보통이다","홀로 다니기가불편하다 자가용이없어서","F","60대","300~500만원 미만","경북"
"53355461","20240322","보통이다","놀아 본 사람이 논다","M","50대","700만원 이상","경남"
"53355605","20240322","불만족하는 편이다","시간이 모자람","F","40대","700만원 이상","경남"
"53355617","20240322","불만족하는 편이다","자금 및 인프라 부족","F","30대","없음/모름/무응답","부산"
"53355677","20240322","불만족하는 편이다","자금부족","F","50대","700만원 이상","인천"
"53355722","20240322","보통이다","직장 구하는 데 신경을 쓰기때문","M","60대","300~500만원 미만","충남"
"53355883","20240322","보통이다","그냥 시간 때우기 위해 하는거 같아서","M","30대","300만원 미만","경기"
"53355886","20240322","보통이다","기대치에는 아직못미치느듯.","F","50대","300~500만원 미만","대구"
"53356019","20240322","만족하는 편이다","하고 싶은것은 다 할수 있는 여건이라서입니다 시간 경제적 둘다준비되어있다고 생가합니다","F","60대","700만원 이상","서울"
"53356076","20240322","보통이다","길게 여가기간을 못가서","M","40대","300~500만원 미만","울산"
"53356210","20240322","만족하는 편이다","금전적으로 부족하지 않음","M","30대","500~700만원 미만","서울"
"53356225","20240322","보통이다","그냥그랬음","F","19~29세","500~700만원 미만","경기"
"53356281","20240322","보통이다","제대로 된 여가 활동을 한 적이 없기 때문에","M","30대","300만원 미만","인천"
"53356311","20240322","보통이다","직접하지못하는아쉬움","F","50대","300~500만원 미만","강원"
"53356505","20240322","보통이다","약간의 시간적, 경제적 여유가 생겨서","M","50대","500~700만원 미만","강원"
"53356654","20240322","만족하는 편이다","경제적으로나 시간적으로 여유가 있다","F","40대","700만원 이상","경북"
"53356705","20240322","만족하는 편이다","시간이 충분하고 지속적인 활동이라 만족함","F","60대","300~500만원 미만","광주"
"53356759","20240322","보통이다","물가가 넘올라서 금전적으로 부담이 좀간다..","F","60대","300~500만원 미만","서울"
"53356876","20240322","만족하는 편이다","딸과 보내는 시간이 많이 늘었다","F","40대","300만원 미만","강원"
"53356920","20240322","만족하는 편이다","하고자 하는것을 할수있기에","M","60대","500~700만원 미만","서울"
"53356958","20240322","만족하는 편이다","스트레스해소 힐링","M","60대","500~700만원 미만","서울"
"53357071","20240322","만족하는 편이다","퇴사후 여가시간을 즐기고 있음","F","40대","500~700만원 미만","전남"
"53357492","20240322","만족하는 편이다","시간적인 여유가 있다.","M","60대","500~700만원 미만","대구"
"53357496","20240322","보통이다","여유없음","M","40대","700만원 이상","전남"
"53357771","20240322","보통이다","잘 쉬지 못했다","F","30대","300~500만원 미만","광주"
"53357791","20240322","보통이다","평소완 같다","M","40대","500~700만원 미만","경기"
"53358132","20240322","보통이다","일단은 먹고 여가비가 넉넉하지 않다.제일 큰 문제다","M","30대","300만원 미만","충북"
"53358154","20240322","만족하는 편이다","스트레스가 덜하다","F","30대","500~700만원 미만","서울"
"53358268","20240322","만족하는 편이다","시간이 널널함","F","19~29세","없음/모름/무응답","충북"
"53358307","20240322","만족하는 편이다","편리하다","M","19~29세","500~700만원 미만","경기"
"53358465","20240322","보통이다","시간적인 여유가 많지않다","M","40대","없음/모름/무응답","강원"
"53358472","20240322","불만족하는 편이다","시간이 없다 취업","F","40대","700만원 이상","울산"
"53358618","20240322","보통이다","취준생 신분으로 시간은 많지만 여가시간을 막 쓰기 좀 아쉬워서","M","19~29세","700만원 이상","충남"
"53358631","20240322","보통이다","특별히 좋은 것도 나쁜 것도 없었다.","F","60대","300만원 미만","경기"
"53358687","20240322","만족하는 편이다","여유로운시간 확보","M","50대","700만원 이상","서울"
"53358713","20240322","만족하는 편이다","인프라 및 여건이 풍분한 편","F","50대","700만원 이상","인천"
"53358780","20240322","보통이다","날씨가더워서 여가생활 잘못함","F","50대","700만원 이상","전북"
"53359026","20240322","매우 만족한다","시간 구애가 없어서","M","60대","700만원 이상","세종"
"53359078","20240322","보통이다","같은 일상","M","19~29세","300~500만원 미만","경기"
"53359618","20240322","만족하는 편이다","하고자 하는 주말 여가 활동을 했음","M","50대","700만원 이상","대구"
"53359636","20240322","보통이다","시간이 별로 없어서","F","19~29세","없음/모름/무응답","경기"
"53359702","20240322","불만족하는 편이다","업무가많음","F","40대","700만원 이상","부산"
"53359730","20240322","불만족하는 편이다","우선 집 근처에 인프라가 잘 갖춰져있지 않고, 업무와 집안일로 인해 여가 시간이 많이 나지 않음","M","30대","300~500만원 미만","경남"
"53359749","20240322","만족하는 편이다","만족","M","50대","700만원 이상","경기"
"53359825","20240322","보통이다","금전적으로 여유롭지못해서 여가생활이 부족했다","M","19~29세","300만원 미만","충북"
"53359998","20240322","보통이다","소득부족","F","19~29세","300만원 미만","인천"
"53360098","20240322","보통이다","매번 즐거움만 가득하지는 않아서~","F","40대","500~700만원 미만","인천"
"53360108","20240322","만족하는 편이다","코로나 끝나 제한이 많이 풀렸기 때문이다.","M","19~29세","300만원 미만","서울"
"53360189","20240322","만족하는 편이다","적당한 운동과 시간을 하고 있기 때문에..","M","60대","300~500만원 미만","부산"
"53360191","20240322","만족하는 편이다","적지도 많지도 않고 적당함","F","19~29세","없음/모름/무응답","경북"
"53360193","20240322","만족하는 편이다","시설 시간 콘텐츠 만족 비용은 약간 부담","F","50대","300만원 미만","경기"
"53360635","20240322","만족하는 편이다","시간 돈 건강이 받쳐주니까","F","60대","300~500만원 미만","인천"
"53360817","20240322","보통이다","큰 변화가 없기 때문","M","60대","300~500만원 미만","경남"
"53360961","20240322","보통이다","시간적 여유가 많지않고 할때는 좋으나 물가가 너무 오름","M","30대","300~500만원 미만","경기"
"53360971","20240322","만족하는 편이다","대부분 즐겁게시간보냈기때문","F","30대","300~500만원 미만","경기"
"53360998","20240322","만족하는 편이다","가족과 함께여서","M","50대","700만원 이상","경기"
"53361155","20240322","만족하는 편이다","하고싶은 활동을 자주는 아니어도 하고 있기 때문에 만족합니다","F","40대","300~500만원 미만","경기"
"53361267","20240322","불만족하는 편이다","인프라부족","M","30대","없음/모름/무응답","경기"
"53361384","20240322","보통이다","평소와 크게 다를바 없다.","F","30대","700만원 이상","경기"
"53361444","20240322","보통이다","그냥","F","30대","300~500만원 미만","충북"
"53361514","20240322","보통이다","내 여건상 적당함","M","60대","300만원 미만","서울"
"53361531","20240322","만족하는 편이다","여가생활을 통해 힐링을 얻고있기 때문에","M","19~29세","300~500만원 미만","서울"
"53361634","20240322","만족하는 편이다","쉬는데에 초점이 맞춰져서","F","30대","300만원 미만","경기"
"53361976","20240322","보통이다","너무바쁘게살고있음","F","50대","300만원 미만","경남"
"53362011","20240322","보통이다","크게특별한 이슈가없어서","M","60대","500~700만원 미만","경기"
"53362350","20240322","보통이다","인프라가 아직 부족하다","M","30대","300~500만원 미만","경기"
"53362409","20240322","보통이다","특별한 것이 없어서","M","60대","300~500만원 미만","경북"
"53362446","20240322","만족하는 편이다","집과의 거리도 가깝고 요가 선생님의 운용방식에 매우 만족함","F","50대","300~500만원 미만","서울"
"53362738","20240322","불만족하는 편이다","시간부족","F","40대","없음/모름/무응답","충남"
"53363085","20240322","보통이다","시간과 경제력부족","M","60대","없음/모름/무응답","제주"
"53363136","20240322","만족하는 편이다","시간나는대로 활동할수 있어서 만족하는 편이다.","M","50대","300~500만원 미만","전남"
"53363342","20240322","만족하는 편이다","즐겁게 할려고. 해서 만족한다","M","40대","500~700만원 미만","충북"
"53363725","20240322","만족하는 편이다","만족스러운 해외여행","M","19~29세","없음/모름/무응답","충남"
"53363731","20240322","매우 만족한다","원하는 시간대에 좋은 서비스를 이용 할 수 있었음","M","30대","300만원 미만","부산"
"53363938","20240322","매우 만족한다","치열한 경쟁을 뚫고 가고자 하는 행사의 예매에 모두 성공함.","M","30대","없음/모름/무응답","서울"
"53363974","20240322","매우 만족한다","불편한 점은 느끼는 부분이 크게 없음","M","19~29세","300~500만원 미만","인천"
"53363985","20240322","보통이다","지금이정도면 만족하기에","F","40대","700만원 이상","경기"
"53364133","20240322","만족하는 편이다","주변환경과 거리기가 적당하다","F","60대","없음/모름/무응답","서울"
"53364259","20240322","보통이다","넘 추움","M","30대","300만원 미만","경기"
"53364334","20240322","만족하는 편이다","내가원해서 하는것 대부분 할수있어서.","M","50대","300만원 미만","충북"
"53364420","20240322","만족하는 편이다","그냥 좋아서","F","40대","700만원 이상","대구"
"53364425","20240322","만족하는 편이다","시간적 경제적으로 여유가 있다","M","60대","500~700만원 미만","부산"
"53364490","20240322","보통이다","시간과 비용때문에 많은걸 하지 못했지만 조금씩이라도 하고있음","M","40대","300~500만원 미만","서울"
"53364587","20240322","보통이다","금전적 지원이 필요","F","40대","500~700만원 미만","충남"
"53364609","20240322","만족하는 편이다","여가시간이 충분해서","F","60대","300만원 미만","서울"
"53364857","20240322","보통이다","너무 좋지도 안좋지도 않음","F","19~29세","없음/모름/무응답","경기"
"53364862","20240322","보통이다","크게 변화가 없음","M","60대","300만원 미만","부산"
"53365031","20240322","만족하는 편이다","할 수 있는 것들 잘 하고있어서","M","30대","300~500만원 미만","서울"
"53365216","20240322","보통이다","그냥","F","50대","700만원 이상","경기"
"53365324","20240322","보통이다","지출이 큰 여가활동은 힘들어서","F","40대","700만원 이상","충남"
"53365326","20240322","불만족하는 편이다","자금부족","M","60대","500~700만원 미만","경기"
"53365386","20240322","만족하는 편이다","시간적 여유가 있어 자유롭게 원하는 데로 할수 있어서","F","60대","700만원 이상","전남"
"53365486","20240322","보통이다","그다지 아직까지는 여유가 많지 않다","F","50대","없음/모름/무응답","경남"
"53365953","20240322","만족하는 편이다","직장생활도 어느정도 안정되어 일정관리도 규칙적이라서","M","30대","300만원 미만","경북"
"53366008","20240322","만족하는 편이다","시간적인 여유가 좀 늘어남","M","50대","700만원 이상","충남"
"53366116","20240322","만족하는 편이다","시간작 여유가있었다","M","40대","500~700만원 미만","강원"
"53366150","20240322","보통이다","다른 사람들과 비슷한것 같아서","M","50대","300~500만원 미만","인천"
"53366154","20240322","만족하는 편이다","내가 가고싶은곳 내가 하고싶은것을다해서","F","60대","300만원 미만","인천"
"53366185","20240322","보통이다","모든물가가 많이오름.","F","50대","500~700만원 미만","서울"
"53366261","20240322","보통이다","특별한것이 없어서","F","30대","500~700만원 미만","대구"
"53366277","20240322","보통이다","라이프 패턴이 비슷해서","M","40대","300~500만원 미만","전북"
"53366379","20240322","보통이다","보통 하던데로 해서","M","40대","300~500만원 미만","경기"
"53366569","20240322","불만족하는 편이다","날씨가 너무 더워서","F","40대","700만원 이상","충남"
"53366641","20240322","매우 만족한다","건강이 매우 좋아짐","M","40대","없음/모름/무응답","경기"
"53366814","20240322","보통이다","시간적인 여유가없음","F","50대","300만원 미만","충북"
"53366897","20240322","보통이다","경제적 부담과 시간","M","30대","없음/모름/무응답","서울"
"53366901","20240322","보통이다","시간 여건을고려함","M","60대","300만원 미만","경기"
"53367105","20240322","보통이다","평소와 같아서 똑같다고 했으며 워라벨이 필요하다","M","19~29세","300만원 미만","인천"
"53367252","20240322","보통이다","코로나 종식","M","19~29세","300만원 미만","부산"
"53367420","20240322","만족하는 편이다","경제적 여건의 긍정적 변화로 평소 관심 있었던 분야의 여가활동을 직접 체험해볼 수 있어서 만족합니다.","F","19~29세","없음/모름/무응답","서울"
"53367440","20240322","보통이다","만족함","F","19~29세","700만원 이상","충남"
"53367609","20240322","불만족하는 편이다","시간이 없어서 운동 횟수가 줄었음","M","40대","300만원 미만","대구"
"53367706","20240322","불만족하는 편이다","금전 시간 부족","M","40대","300만원 미만","경북"
"53367724","20240322","만족하는 편이다","시간적 여유가 충분했다","F","19~29세","500~700만원 미만","서울"
"53367745","20240322","보통이다","시간의부족","F","40대","500~700만원 미만","경북"
"53367949","20240322","만족하는 편이다","충분히 즐겼기 때문에 만족스럽다","M","19~29세","300만원 미만","경기"
"53368121","20240322","만족하는 편이다","정신적여유가 좋아진것같다","M","60대","500~700만원 미만","인천"
"53368233","20240322","매우 만족한다","퇴직후 시간의 여유가 많아져서","F","60대","700만원 이상","광주"
"53368352","20240322","만족하는 편이다","경제적으로 여유있음","M","60대","300~500만원 미만","서울"
"53368407","20240322","보통이다","경제적 여력이 없어","M","60대","없음/모름/무응답","충남"
"53368613","20240322","만족하는 편이다","여가를 활용해 좋아하는걸 할 수 있어 만족한다","F","60대","300~500만원 미만","광주"
"53368619","20240322","보통이다","일반적인 패턴의 동일","M","40대","700만원 이상","광주"
"53368653","20240322","보통이다","계속 비슷해서","F","40대","300만원 미만","부산"
"53368721","20240322","만족하는 편이다","즐거운시간이 되었기 때문","M","40대","500~700만원 미만","인천"
"53368858","20240322","불만족하는 편이다","야근이 많아서 여가생활 할 시간이 없음","F","19~29세","700만원 이상","대구"
"53368917","20240322","불만족하는 편이다","건강상의 이유","M","60대","300~500만원 미만","경기"
"53368962","20240322","보통이다","프리랜서여서","M","19~29세","없음/모름/무응답","서울"
"53369063","20240322","만족하는 편이다","충분히 누리고있음","M","30대","500~700만원 미만","서울"
"53369294","20240322","보통이다","모","M","19~29세","300만원 미만","대구"
"53369412","20240322","만족하는 편이다","이유가있나요?그냥만족하니까요","M","50대","700만원 이상","전북"
"53369517","20240322","만족하는 편이다","여가 시간도 넉넉했고 하고 싶은 활동을 할 수 있었음","F","40대","300~500만원 미만","서울"
"53369518","20240322","불만족하는 편이다","시간이 부족해 여유있게 보내지 못했음","F","50대","700만원 이상","서울"
"53369601","20240322","만족하는 편이다","내가 즐길 수 있는 걸 최대한으로 즐기고 있다","F","19~29세","700만원 이상","제주"
"53369613","20240322","불만족하는 편이다","경제적 여유 빈곤으로 자존감 떨어짐","M","50대","없음/모름/무응답","경북"
"53369839","20240322","보통이다","여가시간 부족","M","40대","500~700만원 미만","제주"
"53369869","20240322","보통이다","항상 그 수준이여서 보통입니다","M","60대","없음/모름/무응답","광주"
"53369953","20240322","만족하는 편이다","완벽히 만족스럽지는 않아도 불만족스러운 요인을 집어 내기 어려움","M","30대","없음/모름/무응답","서울"
"53370083","20240322","만족하는 편이다","하고자하는것은 했다","F","60대","500~700만원 미만","대구"
"53370156","20240322","보통이다","보통이라서","M","19~29세","300만원 미만","충북"
"53370179","20240322","보통이다","그냥 무난무난하다.","M","30대","300만원 미만","부산"
"53370579","20240322","보통이다","먹고살기 바쁨","M","40대","300~500만원 미만","경기"
"53370632","20240322","만족하는 편이다","개인시간 효율적 활용","M","40대","없음/모름/무응답","강원"
"53370633","20240322","만족하는 편이다","주의에 편의시설이 많이 있어서 여유만된다면 다해보고 싶다는 생각이며 하나씩해보는중입니다","F","50대","700만원 이상","충북"
"53370743","20240322","만족하는 편이다","주말이 확보되어있고 저녁시간이 확보된 일을 시작했다","M","19~29세","500~700만원 미만","대구"
"53370818","20240322","보통이다","더 좋아졌으면 좋겠다.","M","30대","300~500만원 미만","인천"
"53370942","20240322","불만족하는 편이다","멀리 서울까지 나가야 가능한 것들이 많기 때문입니다","F","50대","없음/모름/무응답","서울"
"53371021","20240322","보통이다","적극적으로 활동할여유가 없어서","M","60대","300~500만원 미만","경남"
"53371275","20240322","보통이다","여행 이후 돈이 많이 부족함","F","30대","300~500만원 미만","대전"
"53371442","20240322","매우 만족한다","시간적여유가 충분해서","M","60대","700만원 이상","강원"
"53371483","20240322","보통이다","특별히 늘지도 줄지도 않았다","M","50대","700만원 이상","경남"
"53371593","20240322","보통이다","물가상승","M","40대","300~500만원 미만","대전"
"53371605","20240322","만족하는 편이다","날씨도 좋고 여가생활즐기기 좋음","M","30대","300~500만원 미만","경남"
"53371621","20240322","불만족하는 편이다","시간이 없어서","F","40대","300만원 미만","대구"
"53371627","20240322","만족하는 편이다","즐겁게 살기 위해 노력하고 있다","M","50대","700만원 이상","광주"
"53371642","20240322","보통이다","예전과거의비슷하기때문이니다","F","60대","300만원 미만","전남"
"53371670","20240322","만족하는 편이다","휴식을 취한 것 같은 기분이 들어서","M","19~29세","700만원 이상","인천"
"53371825","20240322","보통이다","이전과 큰 차이가 없다.","M","30대","300~500만원 미만","광주"
"53372106","20240322","만족하는 편이다","가족모두 참여해서 좋았다","M","50대","500~700만원 미만","경기"
"53372258","20240322","보통이다","모든 여건이나 상황이 다 비슷해서~","F","60대","없음/모름/무응답","인천"
"53372359","20240322","만족하는 편이다","여가시간이 충분하다 생각해서","M","19~29세","700만원 이상","경기"
"53372495","20240322","보통이다","그냥 보통 평균","F","30대","300~500만원 미만","전북"
"53372498","20240322","보통이다","해외에 비하면 근무시간이 길어 평일 여가시간 및 체력이 부족","F","19~29세","없음/모름/무응답","강원"
"53372689","20240322","보통이다","바빠서","F","30대","700만원 이상","강원"
"53373084","20240322","보통이다","보통","M","60대","300~500만원 미만","전남"
"53373089","20240322","만족하는 편이다","행복","M","50대","300~500만원 미만","경기"
"53373380","20240322","불만족하는 편이다","경제적, 시간적여유 부족","M","30대","300~500만원 미만","인천"
"53373713","20240322","보통이다","그래도","M","19~29세","300~500만원 미만","서울"
"53373773","20240322","만족하는 편이다","만족","M","60대","700만원 이상","서울"
"53374152","20240322","만족하는 편이다","경제적여유로인해 만족합니다","F","50대","300~500만원 미만","인천"
"53374479","20240322","보통이다","회사 업무때문에 피곤해서 여가생활을 잘 보내지못한거같습니다.","M","30대","500~700만원 미만","경남"
"53374559","20240322","보통이다","더 하고 싶음","M","30대","300~500만원 미만","서울"
"53374608","20240322","만족하는 편이다","스트레스 풀리고 즐겁다","F","40대","500~700만원 미만","경기"
"53374833","20240322","만족하는 편이다","거의 내가 하고 싶은 것을 할 수 있어서","M","40대","500~700만원 미만","경남"
"53374988","20240322","보통이다","육아중이라 아이 위주라 보통이다","F","30대","300~500만원 미만","전남"
"53375129","20240322","매우 만족한다","시간과 경제적인 이유","M","40대","700만원 이상","서울"
"53375145","20240322","보통이다","마땅히 할것이 없음","M","50대","300~500만원 미만","전북"
"53375358","20240322","만족하는 편이다","먹고 싶은 요리를 연구 하고 만들고 시식 하고 또 그것을 하기위한 적지않은 여유돈과 시간이 마음의 여유와 힐링의 시간을 준다.","M","60대","700만원 이상","부산"
"53375417","20240322","만족하는 편이다","시간 여유가 조금 많아졌다","M","50대","300~500만원 미만","경남"
"53375788","20240322","보통이다","예전과 다를것이 없기때문이다","M","19~29세","300~500만원 미만","부산"
"53376290","20240322","만족하는 편이다","만족함","F","19~29세","없음/모름/무응답","전남"
"53376483","20240322","보통이다","항상 해오던 일에서 크게 다르지 않음","M","19~29세","300~500만원 미만","인천"
"53376527","20240322","보통이다","하고싶음하고 하기싫음 안함","M","30대","500~700만원 미만","울산"
"53376793","20240322","보통이다","그냥이요","F","40대","500~700만원 미만","경북"
"53376878","20240322","보통이다","특별한 환경변화가 드물었던것 같다.","M","60대","300만원 미만","경기"
"53377120","20240322","보통이다","증가도 감소도 없기에","M","60대","700만원 이상","경기"
"53377229","20240322","보통이다","매일 꾸준한 활동을 하고있어서","F","50대","300만원 미만","전남"
"53377325","20240322","보통이다","변화가 없음","M","30대","300~500만원 미만","광주"
"197794","20240401","보통이다","여가 생활 하기 위해서 방해 요소들이 나타날 때가 많다.","F","40대","300~500만원 미만","경기"
"349700","20240401","만족하는 편이다","그럭저럭 나쁘지 않게 하고 싶은 건 하면서 사는 중","F","19~29세","500~700만원 미만","인천"
"401583","20240401","보통이다","평소 대비 비슷함","M","50대","500~700만원 미만","인천"
"456298","20240401","불만족하는 편이다","자금부족","M","50대","500~700만원 미만","인천"
"456324","20240401","만족하는 편이다","명절을 포함한 연휴가 많아서","M","50대","500~700만원 미만","전북"
"459169","20240401","보통이다","개인적인 일로 시간이 없어 여가 활동을 못함","F","50대","700만원 이상","전북"
"462622","20240401","보통이다","주어진 시간만큼 할 수 있는데 시간이 좀 부족해서","F","50대","700만원 이상","경기"
"470417","20240401","만족하는 편이다","여러사이트에서 조사하여 리뷰를 참고하여 이용하게 되니 대체적으로 만족하게돔","F","60대","500~700만원 미만","광주"
"53322264","20240401","만족하는 편이다","만족도가 늘었음","M","19~29세","700만원 이상","강원"
"53322333","20240401","만족하는 편이다","활동하는데 시간이 있어서","F","60대","300~500만원 미만","충북"
"53322579","20240401","보통이다","수입과 여가시간 변화 미미","M","30대","500~700만원 미만","부산"
"53322813","20240401","불만족하는 편이다","행복하지 않은 시간낭비용 여가생활","M","19~29세","300만원 미만","대구"
"53322867","20240401","보통이다","시간이 많이 없고 경제적 여건이 안되어 충분히 여가생활을 하지 못했다","F","40대","300만원 미만","대구"
"53322912","20240401","보통이다","학업과 여가생활이 적절히 조화롭게 이루어지고 있어서 보통이다 선택했습니다.","M","19~29세","300만원 미만","경북"
"53322935","20240401","불만족하는 편이다","돈이 부족","F","30대","300~500만원 미만","강원"
"53322977","20240401","만족하는 편이다","특별히 부족하다고 느끼는게 없다","M","19~29세","500~700만원 미만","서울"
"53323022","20240401","불만족하는 편이다","여가를 즐길 수 있는 기회도 거의 없고 경제적인 부담도 있어수","F","40대","500~700만원 미만","경기"
"53323174","20240401","만족하는 편이다","시간 여유가 있음","F","30대","300만원 미만","전남"
"53323268","20240401","보통이다","내가 만족해서","M","19~29세","300~500만원 미만","충북"
"53323293","20240401","만족하는 편이다","여가시간 충분히 활용","M","30대","300~500만원 미만","경남"
"53323407","20240401","만족하는 편이다","나쁘지 않다고 생각한다","F","19~29세","300만원 미만","전남"
"53323488","20240401","보통이다","체력적 부담이 없고 비슷해서","F","40대","500~700만원 미만","대구"
"53323813","20240401","만족하는 편이다","충분하지는 않지만 워라벨을 실현하고 있어서~","M","50대","500~700만원 미만","서울"
"53323938","20240401","만족하는 편이다","원하는 여가생활(미술수강)을 위한 비용과 시간 확보 수강내용이 좋아서","F","50대","300만원 미만","서울"
"53324010","20240401","보통이다","변한이 없다","F","40대","300만원 미만","경기"
"53324156","20240401","보통이다","패턴이 비슷해서","M","50대","없음/모름/무응답","서울"
"53324161","20240401","보통이다","딱히 변한게 없다 생각한다","F","60대","없음/모름/무응답","서울"
"53324318","20240401","불만족하는 편이다","주변에 코트가 많지 않아서","F","50대","없음/모름/무응답","대구"
"53324410","20240401","만족하는 편이다","일주일에 두번 테니스 편한시간에 헬스 주말엔 영화나 콘솔게임 등등으로 잘 즐기고 있는것 같다","F","19~29세","700만원 이상","서울"
"53324497","20240401","만족하는 편이다","야구가 곧 개막하기때문이다","F","19~29세","300만원 미만","전북"
"53324636","20240401","만족하는 편이다","별로 불편한점이없고 많은돈을 요구하는 활동도 아니기에 홀ㅇ로할수도있어 만족합니다","F","60대","300만원 미만","서울"
"53324739","20240401","만족하는 편이다","마음의 여유","F","50대","없음/모름/무응답","대구"
"53325107","20240401","만족하는 편이다","주변에 공원도 많고 가까운 곳에 운동시설도 많은 편이다","F","60대","500~700만원 미만","경남"
"53325195","20240401","만족하는 편이다","힐링되어 기분전환되어 좋다","M","50대","500~700만원 미만","부산"
"53325237","20240401","불만족하는 편이다","시간과 경제적 여유가 없어서","F","60대","300만원 미만","서울"
"53325444","20240401","보통이다","사람이 많아 복잡하다","M","50대","700만원 이상","충남"
"53325466","20240401","보통이다","변화가 없어서","M","19~29세","700만원 이상","서울"
"53325625","20240401","보통이다","딱히 크게 좋지도 싫지도 않기 때문이다.","M","19~29세","300만원 미만","부산"
"53325765","20240401","보통이다","작년하고 다른게 없음","M","50대","300만원 미만","제주"
"53326031","20240401","만족하는 편이다","휴일에 시간이 많아졌다","F","60대","300~500만원 미만","전남"
"53326040","20240401","만족하는 편이다","해외여행도 다녀오고 운동 시간도 넉넉했다","M","40대","없음/모름/무응답","세종"
"53326064","20240401","보통이다","더워서 움직이기 싫어서","F","60대","300~500만원 미만","경기"
"53326151","20240401","보통이다","여가활동을 해도 즐겁지 않아서","F","50대","없음/모름/무응답","서울"
"53326252","20240401","만족하는 편이다","충분히 여가생활로 잉여시간 없이 생활한것 같다","F","40대","700만원 이상","전남"
"53326470","20240401","만족하는 편이다","시간적 경제적 여유가 있음","M","50대","500~700만원 미만","경남"
"53326521","20240401","보통이다","평소 스케즐대로 하던것이라","F","50대","없음/모름/무응답","강원"
"53326679","20240401","매우 만족한다","시간 및 경제적 여유","M","40대","300~500만원 미만","서울"
"53326745","20240401","만족하는 편이다","시간여유","F","40대","500~700만원 미만","경기"
"53326899","20240401","만족하는 편이다","성장한다는 느낌이 들고 회복된다는 느낌도 든다","M","19~29세","700만원 이상","대전"
"53326929","20240401","만족하는 편이다","정신적으로나 육체적으로도 조금씩 향상 되어가는 나의 모습에 만족합니다","M","60대","500~700만원 미만","부산"
"53326984","20240401","보통이다","그냥 시간보내기용","F","50대","700만원 이상","부산"
"53327129","20240401","만족하는 편이다","시간적 여유가 있어서","F","30대","300~500만원 미만","경남"
"53327158","20240401","만족하는 편이다","원하는바를 실행할수가 있어서","M","60대","700만원 이상","강원"
"53327196","20240401","만족하는 편이다","마음이 한결 편안해져서","F","50대","700만원 이상","전북"
"53327241","20240401","만족하는 편이다","시간적인 여유와 경제적인 여유가따르니까요.","F","50대","700만원 이상","대전"
"53327254","20240401","만족하는 편이다","특별히 불만족할 이유가 없어서","F","19~29세","없음/모름/무응답","충남"
"53327331","20240401","보통이다","반복되니까","F","60대","300~500만원 미만","부산"
"53327508","20240401","보통이다","해왔던걸꾸준히하고있어서","F","30대","없음/모름/무응답","인천"
"53327620","20240401","만족하는 편이다","자차가 있어 여가생활 하기가 수월해졌습니다","M","19~29세","300~500만원 미만","부산"
"53327642","20240401","보통이다","경제적인문제","F","60대","없음/모름/무응답","경기"
"53327735","20240401","만족하는 편이다","좋아하는 예술활동 독서를 충실히 했고,산책등 운동 꾸준히 함","F","60대","700만원 이상","강원"
"53327793","20240401","보통이다","나쁘진 않은데 좀 더 있었으면 함","M","19~29세","없음/모름/무응답","전북"
"53327838","20240401","보통이다","딱히 재미있지 않아서요","M","30대","없음/모름/무응답","서울"
"53327843","20240401","만족하는 편이다","더 활발히 돌아다닌다","F","30대","700만원 이상","경기"
"53327942","20240401","만족하는 편이다","시간과 여유가 있고 경제적으로도 부담이 없다","F","60대","300~500만원 미만","광주"
"53327959","20240401","만족하는 편이다","여유로운 시간이 많아졌다.","F","60대","300~500만원 미만","전남"
"53327986","20240401","보통이다","특별하게 변함이없다","F","50대","700만원 이상","경북"
"53328176","20240401","보통이다","특별히 좋고 나쁜 게 없어서","F","19~29세","없음/모름/무응답","전북"
"53328187","20240401","보통이다","사용가능한 시간을 자의적으로 배분 사용","F","50대","없음/모름/무응답","서울"
"53328200","20240401","만족하는 편이다","주말 이용 덕유산 향적봉 강화도 마니산 대구 갓바위 산행이 힘들었지만 힐링이 되었다","F","60대","500~700만원 미만","경남"
"53328270","20240401","보통이다","생활권 내 시설 적음","M","40대","300~500만원 미만","경기"
"53328288","20240401","보통이다","내가 하고싶은건 보통은 하는 편입니다","F","40대","500~700만원 미만","경북"
"53328455","20240401","불만족하는 편이다","건강상의 이유로 쉬고밌디ㅡ","F","60대","300만원 미만","충남"
"53328469","20240401","만족하는 편이다","시간적 여유","F","30대","300만원 미만","울산"
"53328586","20240401","만족하는 편이다","도로 사정이 좋고 유류대가 안정적","M","60대","500~700만원 미만","충북"
"53328593","20240401","만족하는 편이다","각종 지역 행사 참여","F","50대","500~700만원 미만","강원"
"53328644","20240401","불만족하는 편이다","시간부족","M","30대","300~500만원 미만","충남"
"53328707","20240401","보통이다","주거하는 곳에 즐길수 있는 시설이 갖추어 있지 않다","M","60대","없음/모름/무응답","경북"
"53328929","20240401","보통이다","인프라 부족","M","50대","700만원 이상","경북"
"53329066","20240401","매우 불만족한다","가족행사로 시간이 없었다","F","50대","없음/모름/무응답","서울"
"53329206","20240401","만족하는 편이다","시간도 많고 여유로워 윈하는 시간에 만날수 있어서","F","60대","300~500만원 미만","경기"
"53329287","20240401","보통이다","특별히 변한것이 없어서","F","60대","300만원 미만","충남"
"53329302","20240401","불만족하는 편이다","출산육아","F","30대","700만원 이상","서울"
"53329630","20240401","불만족하는 편이다","돈이너무많이들어감","F","50대","없음/모름/무응답","제주"
"53329688","20240401","만족하는 편이다","긍정의 나","F","40대","300만원 미만","대전"
"53329910","20240401","만족하는 편이다","시간적여유가 있어서","M","50대","300~500만원 미만","서울"
"53330036","20240401","보통이다","특별히 좋은것도 싫은것도 없이 무난했다","M","30대","700만원 이상","대구"
"53330055","20240401","만족하는 편이다","시간과장소에 제약없이 할수 있기때문에","F","60대","700만원 이상","서울"
"53330126","20240401","보통이다","시간이 부족한거 같다","F","40대","700만원 이상","충남"
"53330215","20240401","보통이다","더하고싶다","F","19~29세","300만원 미만","경기"
"53330341","20240401","불만족하는 편이다","여가 즐길 시간 감소","F","30대","500~700만원 미만","서울"
"53330343","20240401","보통이다","계획적으로 짜여진 생활이 아닌 직흥적으로 이루어진 생활페턴임","M","60대","300~500만원 미만","인천"
"53330419","20240401","만족하는 편이다","시간여유","M","30대","300만원 미만","경기"
"53330550","20240401","보통이다","사회적으로 점점 여유가 없어지는 것 같아서 여유생활을 하기가 좋지않음","M","30대","300~500만원 미만","인천"
"53330688","20240401","만족하는 편이다","시간여유와 경제적인 뒷받침이 되어서","F","60대","700만원 이상","경북"
"53330759","20240401","보통이다","여가생활을 하고싶어서 시간적여유가 없음","M","40대","500~700만원 미만","경기"
"53330785","20240401","보통이다","횟수가만족스럽지않음","M","30대","700만원 이상","세종"
"53330809","20240401","보통이다","주변환경이 비슷하다 작년과 비교해서","M","40대","300~500만원 미만","강원"
"53330941","20240401","보통이다","하고자 보고자 하는것을 자연스럽게 했기에","F","60대","700만원 이상","강원"
"53331060","20240401","보통이다","보통이라","F","40대","700만원 이상","강원"
"53331128","20240401","보통이다","시간이 부족해서","F","60대","300~500만원 미만","경북"
"53331343","20240401","만족하는 편이다","공연도 보고 테마파크 연간회원권으로 즐기고 있음","F","30대","700만원 이상","경기"
"53331400","20240401","만족하는 편이다","그냥","F","30대","없음/모름/무응답","전북"
"53331430","20240401","보통이다","매일 일정한 시간대에 하므로","M","60대","없음/모름/무응답","울산"
"53331528","20240401","보통이다","경제적인 여건이 부족해져서","F","40대","700만원 이상","광주"
"53331783","20240401","보통이다","체력적으로 딸려서","F","50대","700만원 이상","경남"
"53331877","20240401","보통이다","별다른 차이가 없었다","M","50대","700만원 이상","경기"
"53331896","20240401","만족하는 편이다","행복하다","M","19~29세","500~700만원 미만","광주"
"53331922","20240401","보통이다","예전과 비하여 크게 변함이 없습니다","M","40대","700만원 이상","울산"
"53331961","20240401","보통이다","특별히 나쁜게없음","F","40대","500~700만원 미만","세종"
"53331966","20240401","매우 만족한다","좋다","F","19~29세","없음/모름/무응답","제주"
"53331979","20240401","보통이다","항상하던데로이기때문에","M","60대","300~500만원 미만","경기"
"53332018","20240401","보통이다","바빠서","F","40대","300~500만원 미만","강원"
"53332109","20240401","보통이다","물가상승이 커서 즐기지 못하는게 많은거 같습니다.","F","30대","없음/모름/무응답","부산"
"53332403","20240401","만족하는 편이다","주말에는 심플하니깐","F","50대","300~500만원 미만","울산"
"53332621","20240401","보통이다","비용이 많이듬","F","50대","300만원 미만","경북"
"53332673","20240401","보통이다","직장생활로피곤하고체력고갈.여유없음","F","50대","700만원 이상","경남"
"53332681","20240401","만족하는 편이다","마음이 안정됨","M","60대","300만원 미만","광주"
"53332795","20240401","보통이다","별다르게 특별한것이 없어서","M","50대","300~500만원 미만","대구"
"53333039","20240401","보통이다","큰 감흥이나 재미를 못 느끼겠음","M","50대","700만원 이상","강원"
"53333065","20240401","만족하는 편이다","원하는 강의 영화관람 여행 등을 원할하게 하였으므로","F","50대","700만원 이상","서울"
"53333081","20240401","보통이다","현재 나의 생활이 행복 하다고 느끼기 때문이다","M","60대","700만원 이상","강원"
"53333145","20240401","보통이다","생활고가 심각해서","M","60대","300만원 미만","서울"
"53333207","20240401","보통이다","바쁨","M","40대","300~500만원 미만","광주"
"53333388","20240401","불만족하는 편이다","야근이 많은 직업이라 시간이 부족","M","40대","700만원 이상","강원"
"53333602","20240401","불만족하는 편이다","타 지역에 비해 여가 인프라 부족","M","30대","300~500만원 미만","광주"
"53333609","20240401","만족하는 편이다","자녀들의 성장으로 내시간이 많아졌음","M","40대","500~700만원 미만","서울"
"53333826","20240401","만족하는 편이다","가족과 함께 좋은 시간을 보내고 있다","F","40대","500~700만원 미만","강원"
"53333892","20240401","불만족하는 편이다","대도시 처럼일이 끝나고도 할수있는 여가활동 문화적혜택이없다","M","40대","300~500만원 미만","강원"
"53334245","20240401","보통이다","경제적 ㆍ시간적여유부족","F","40대","없음/모름/무응답","경남"
"53334398","20240401","만족하는 편이다","시간적 여유가 없지만 그래도 좋아하는 것들을 배울 수 있어서","F","60대","300만원 미만","서울"
"53334499","20240401","만족하는 편이다","할 시간이 많아짐","F","30대","500~700만원 미만","경남"
"53334538","20240401","만족하는 편이다","외롭지않고 건강관리도 하여서","F","60대","700만원 이상","경기"
"53334739","20240401","불만족하는 편이다","일이바빠서 여유를 가지기 어려움 여유가 많으면 좋겠다","M","40대","300~500만원 미만","경북"
"53334786","20240401","보통이다","시간과 돈이 문제","M","40대","300만원 미만","서울"
"53334862","20240401","불만족하는 편이다","건강상 문제로 수입이 크게 줄었음","M","40대","300만원 미만","경기"
"53334981","20240401","보통이다","크게 성취도가 좋지않아서","M","50대","300만원 미만","부산"
"53335155","20240401","보통이다","경비가 부족함","F","50대","700만원 이상","경기"
"53335168","20240401","보통이다","이유없음","M","30대","300~500만원 미만","경기"
"53335424","20240401","보통이다","보통이다","M","30대","없음/모름/무응답","대전"
"53335429","20240401","만족하는 편이다","시간적 여유에 따른 취미활동에서 스킬을 계속 연마하는 중이기에 인내를 갖고 매진하고 성취하는 것에 대한 만족","M","60대","없음/모름/무응답","강원"
"53335475","20240401","불만족하는 편이다","여가시간이 부족하다","F","19~29세","300만원 미만","서울"
"53335509","20240401","보통이다","여유시간이있어서","F","40대","없음/모름/무응답","경북"
"53335807","20240401","만족하는 편이다","시간적인 여유","M","30대","300~500만원 미만","서울"
"53335810","20240401","만족하는 편이다","원하는대로 할 수 있어서","F","60대","500~700만원 미만","경기"
"53335892","20240401","만족하는 편이다","여행을다녀와서","F","50대","700만원 이상","부산"
"53335949","20240401","만족하는 편이다","다른 이들에 비해 많이 활동을해서","M","19~29세","300만원 미만","경남"
"53335981","20240401","보통이다","다람쥐 챗바퀴 도는 생활","M","50대","300~500만원 미만","부산"
"53336033","20240401","매우 불만족한다","시간도 돈도없더","F","19~29세","없음/모름/무응답","경기"
"53336039","20240401","보통이다","변화가크지않음","M","30대","없음/모름/무응답","전남"
"53336074","20240401","만족하는 편이다","내가 하는여가는 좋아서 하는거라 그런듯요","F","60대","없음/모름/무응답","서울"
"53336098","20240401","불만족하는 편이다","물가 상승으로 인한 제한이 많다.","M","50대","500~700만원 미만","대전"
"53336161","20240401","만족하는 편이다","스스로 시간을 쪼개서 할려고 노력하고있다","F","50대","300~500만원 미만","부산"
"53336254","20240401","불만족하는 편이다","일하면서 대학원 다니느라 바빴음","M","30대","300만원 미만","제주"
"53336312","20240401","보통이다","여가생활을 할 수 있는 시간이 절대적으로 적음. 수면/근무 시간 제외하면 누릴 수 있는 여가생활시간이 적기때문","F","19~29세","300~500만원 미만","강원"
"53336368","20240401","보통이다","크게 만족하지는않음","M","30대","700만원 이상","경남"
"53336589","20240401","만족하는 편이다","여가생활에 몰두하는 편이기때문","M","19~29세","300~500만원 미만","부산"
"53336629","20240401","만족하는 편이다","스트레스 해소 최적 임.","M","60대","700만원 이상","경기"
"53336658","20240401","만족하는 편이다","다앙한 활동","F","50대","700만원 이상","서울"
"53336682","20240401","만족하는 편이다","생활을하면서 항상 즐겁게 하기때문에 만족하다고 느껴진다","F","60대","300만원 미만","인천"
"53336773","20240401","매우 만족한다","살기 좋은 동네","F","30대","700만원 이상","부산"
"53336908","20240401","만족하는 편이다","삶의 활력소가 되었다.","M","60대","300~500만원 미만","전남"
"53336932","20240401","만족하는 편이다","어학여행맛집걷기등 여가생활이즐겁다","F","60대","300만원 미만","경기"
"53337118","20240401","보통이다","시간이 부족","F","30대","700만원 이상","인천"
"53337230","20240401","만족하는 편이다","시간적 경제적 주변지인들과의 교류등 원활한편이다","F","50대","700만원 이상","강원"
"53337308","20240401","보통이다","큰변화없다","F","40대","300~500만원 미만","인천"
"53337404","20240401","보통이다","대인활동이 줄어듬","M","40대","500~700만원 미만","경기"
"53337697","20240401","보통이다","최근에는 바빠서 많이 못햇다","M","40대","500~700만원 미만","서울"
"53337951","20240401","보통이다","육아 중이라서 아이와 있을 때는 시간이 내기 어렵지만 또 아이가 잘 때 시간적 여유가 생겨 여가생활이 가능함","F","30대","300만원 미만","전북"
"53338182","20240401","보통이다","시간부족","M","30대","300~500만원 미만","서울"
"53338347","20240401","보통이다","크게 변한것이 없기 때문에","M","60대","300~500만원 미만","충남"
"53338514","20240401","불만족하는 편이다","경제적인 이유로 하고싶은 것을 못해서","M","60대","300~500만원 미만","경기"
"53338517","20240401","만족하는 편이다","부지런히 참여하고 있음","F","60대","700만원 이상","충북"
"53338552","20240401","보통이다","날씨가 너무 더워서","M","30대","300만원 미만","경기"
"53338695","20240401","보통이다","비용 때문에","M","60대","300만원 미만","서울"
"53338857","20240401","만족하는 편이다","시간적인 여유가 상겨서","M","40대","500~700만원 미만","세종"
"53338894","20240401","매우 불만족한다","직장에일하므로","F","60대","700만원 이상","충남"
"53338964","20240401","보통이다","여가활동에 소모되는 금액 때문에 망설이게 되기 때문이다","F","40대","300~500만원 미만","경기"
"53339085","20240401","만족하는 편이다","오전근무만 하고 직업 특성상 시간이 여유로워 하고 싶은것을 다 할수있어서 ?","F","40대","700만원 이상","경기"
"53339112","20240401","만족하는 편이다","다양한 여가 활동 진행","M","50대","700만원 이상","강원"
"53339180","20240401","보통이다","숙소 청결도가 랜덤함","M","30대","없음/모름/무응답","전북"
"53339240","20240401","만족하는 편이다","단풍 보고옴","M","30대","없음/모름/무응답","강원"
"53339256","20240401","매우 불만족한다","바빠서 여가 생활을 못가진다","F","40대","300만원 미만","경북"
"53339274","20240401","보통이다","없음","F","50대","700만원 이상","전북"
"53339345","20240401","보통이다","영화","F","40대","300만원 미만","경기"
"53339403","20240401","보통이다","마음의 여유가 없는 편이어서","M","50대","700만원 이상","서울"
"53339508","20240401","만족하는 편이다","시간증가","M","19~29세","없음/모름/무응답","충남"
"53339852","20240401","보통이다","그럭저럭 만족하기 때문에","M","19~29세","300~500만원 미만","경기"
"53340326","20240401","만족하는 편이다","다 좋다","F","50대","500~700만원 미만","강원"
"53340455","20240401","보통이다","별 변화가 없어서","M","50대","500~700만원 미만","경기"
"53340555","20240401","보통이다","특별히 변동없음","M","40대","700만원 이상","대구"
"53340599","20240401","보통이다","여행을 가서","F","40대","300만원 미만","서울"
"53340652","20240401","보통이다","시간적 여유가 부족하고 날씨가 무더워 여가시간을 즐기기 어렵다","M","19~29세","700만원 이상","경기"
"53340761","20240401","보통이다","그냥","M","19~29세","없음/모름/무응답","전남"
"53340777","20240401","만족하는 편이다","더너머","M","19~29세","300만원 미만","충남"
"53340839","20240401","보통이다","평소와 비슷","M","30대","300~500만원 미만","부산"
"53340881","20240401","만족하는 편이다","아이들이 방학이라 같이 있는 시간이 늘었지만 어느정도 아이들이 자라서 원하는 만큼 즐기고 누리고 있다.","F","40대","300~500만원 미만","충남"
"53341134","20240401","보통이다","경제적인 여유가 없어서","M","60대","300만원 미만","서울"
"53341441","20240401","매우 불만족한다","건강상 활동이 불가능했음","F","60대","700만원 이상","서울"
"53341526","20240401","보통이다","시간이 충분치 않음","F","50대","700만원 이상","경기"
"53341580","20240401","보통이다","시간이 부족함","M","50대","700만원 이상","서울"
"53341597","20240401","보통이다","딱히 즐길 일도 없었고 그렇다고 불만족스럽지도 않았으","F","19~29세","700만원 이상","전북"
"53341699","20240401","만족하는 편이다","스포츠 시즌이라 여가를 즐기는 시간이 늘어났기때문에","F","30대","300~500만원 미만","전북"
"53341788","20240401","보통이다","없음","M","60대","700만원 이상","서울"
"53341792","20240401","만족하는 편이다","여자친구가 생겨서","M","30대","300만원 미만","인천"
"53341798","20240401","만족하는 편이다","여가 시간을 통해 휴식을 취함.","M","30대","없음/모름/무응답","서울"
"53341893","20240401","보통이다","피곤","F","30대","없음/모름/무응답","충남"
"53341894","20240401","만족하는 편이다","경제적 시간적 여유","M","30대","500~700만원 미만","서울"
"53342008","20240401","보통이다","변화없음","M","60대","700만원 이상","경기"
"53342074","20240401","만족하는 편이다","원하는 것만 하기 때문에 만족하지 않을 이유가 없음","F","40대","없음/모름/무응답","서울"
"53342330","20240401","만족하는 편이다","없는시간 쪼개서 나름 잘 활용하고있다고 생각함","M","40대","700만원 이상","경기"
"53342427","20240401","보통이다","생활환경에 큰변화가없기때문에","F","40대","300~500만원 미만","경남"
"53342531","20240401","만족하는 편이다","규칙적으로 해서","M","30대","700만원 이상","경기"
"53342812","20240401","보통이다","특별히 평소와 달라진게 없으니까","M","60대","300만원 미만","경기"
"53343064","20240401","매우 불만족한다","물가 상승 등 경제적 어려움","F","30대","300~500만원 미만","대구"
"53343096","20240401","만족하는 편이다","즐거웠기 때문","F","19~29세","700만원 이상","부산"
"53343119","20240401","보통이다","기타","M","40대","300만원 미만","강원"
"53343156","20240401","보통이다","별차이 가 없다","M","60대","300~500만원 미만","경기"
"53343405","20240401","보통이다","큰변화가 생길 나이와 상황이아니라 지금 평범한거에 만족해요","F","40대","500~700만원 미만","경남"
"53343828","20240401","만족하는 편이다","시간 여유가 있다","M","60대","500~700만원 미만","대구"
"53344011","20240401","만족하는 편이다","평소 이용안하던 SNS의 이용량이 늘면서 랜선 친구들을 사귈 수 있어서","F","60대","300만원 미만","경기"
"53344210","20240401","보통이다","정해진 시간이 아닌 시간을 유동적으로 사용하고 있어서.","F","50대","500~700만원 미만","광주"
"53344222","20240401","보통이다","직장 근무시간의 변화에 따른 여가시간 감소","M","40대","300~500만원 미만","경기"
"53344301","20240401","만족하는 편이다","시간적여유가많아서","F","50대","700만원 이상","서울"
"53344309","20240401","만족하는 편이다","원하는 것을 하고 있다","F","19~29세","없음/모름/무응답","부산"
"53344382","20240401","만족하는 편이다","좋은사람들과 가까운 곳에서~","F","50대","300만원 미만","부산"
"53344682","20240401","만족하는 편이다","시간적 여유가 있는 상태에서 하고 싶은 것을 다 하며 살았다","F","19~29세","없음/모름/무응답","전남"
"53344800","20240401","보통이다","여가시간늘 좀더 의미있겝내고 싶은데 그렇지 못한것 같다","F","50대","700만원 이상","경기"
"53344820","20240401","만족하는 편이다","시간적으로 굉장히 여유로와서 하고싶었던 일들을 할 수 있었다. 돈을 들이지 않고도 만족감을 얻을 수 있는 활동이 많아서 만족했다.","F","19~29세","500~700만원 미만","충남"
"53344839","20240401","만족하는 편이다","내마음이편해서","F","40대","500~700만원 미만","광주"
"53344886","20240401","보통이다","비슷하다","M","40대","300~500만원 미만","경기"
"53344930","20240401","만족하는 편이다","좋은 사람들과 캠핑or등산을 하며 소소한 일상을 나누고 자연을 접하는 일상이 즐겁다","F","50대","700만원 이상","서울"
"53344998","20240401","만족하는 편이다","시간적 에유","M","40대","700만원 이상","경기"
"53345273","20240401","보통이다","특별히 장단점이 없음","F","30대","500~700만원 미만","세종"
"53345389","20240401","보통이다","항상 똑같음","M","19~29세","없음/모름/무응답","전남"
"53345580","20240401","불만족하는 편이다","육아로 인해서","M","30대","300~500만원 미만","경기"
"53345710","20240401","보통이다","주변 사람들도 그정도에 여가 생활은 하고있으니가 나도 보통은 된다고 생각 합니다","F","60대","300만원 미만","충북"
"53345824","20240401","만족하는 편이다","여가생활을한후 호회가없으시깐.건강에도도움이되고","M","50대","500~700만원 미만","대구"
"53345899","20240401","보통이다","시간적인여유가있어 가능함","M","60대","700만원 이상","충남"
"53346247","20240401","만족하는 편이다","주변 이용시설이나 여가를 즐기기 의한 적절한 기반이 잘 조성되어 있었음.","M","19~29세","없음/모름/무응답","경기"
"53346421","20240401","만족하는 편이다","가족과 함께 즐거운 레포츠를 즐기는 편으로 행복하다","M","30대","700만원 이상","경기"
"53346444","20240401","불만족하는 편이다","시간없음","M","30대","300만원 미만","대전"
"53346678","20240401","만족하는 편이다","시간여유가 많으편이라 시간에 구속 받지 않음","F","50대","700만원 이상","경기"
"53346742","20240401","보통이다","여가생활을 많이 못해서","M","50대","300만원 미만","충남"
"53346876","20240401","불만족하는 편이다","여가시간을 보낼 주위여건이 불충분함.","F","60대","500~700만원 미만","경기"
"53346927","20240401","보통이다","눈 비올때 산책시 공원내에 잠시 피할 수 있는 지붕?있는 벤치가 없어 아쉽다","F","50대","700만원 이상","경기"
"53346942","20240401","불만족하는 편이다","갈곳이나 경제적인것","F","50대","300만원 미만","경북"
"53347457","20240401","매우 만족한다","시간적인 여유가 생겼다","F","50대","700만원 이상","광주"
"53347501","20240401","보통이다","날시때문인지 야외 행사가 별로 없어요","F","50대","500~700만원 미만","경북"
"53347654","20240401","보통이다","나쁘지도 좋지도 않기때문","F","40대","300만원 미만","울산"
"53347662","20240401","보통이다","변함이없다","M","50대","300~500만원 미만","강원"
"53347848","20240401","만족하는 편이다","정보공유","M","50대","700만원 이상","전북"
"53347902","20240401","만족하는 편이다","심신이 좋아지고 사교모임 증가","M","50대","700만원 이상","세종"
"53348237","20240401","만족하는 편이다","주변 환경 및 인프라가 대체로 괜찮게 이루어져 있음","M","50대","500~700만원 미만","경기"
"53348296","20240401","보통이다","습관적으로 여가생활을 하기때문","F","50대","700만원 이상","서울"
"53348323","20240401","보통이다","경제적 여건으로인해 위축되고있고 축소하는 바 향으로 되야할것같아서","F","60대","300~500만원 미만","대구"
"53348381","20240401","만족하는 편이다","교통. 시설이좋아서","M","60대","700만원 이상","경북"
"53348473","20240401","보통이다","여가생활을 즐기고 싶어도 마음껏 즐길 여유가 없습니다.","F","30대","500~700만원 미만","광주"
"53348695","20240401","매우 만족한다","할수있는 범위내에서 충분히 즐겼다고 생각합니다","F","50대","500~700만원 미만","부산"
"53349151","20240401","보통이다","작년과 동일","M","60대","300~500만원 미만","경기"
"53349365","20240401","만족하는 편이다","원하는 여가 생활을 계획하에 잘 이루고 있다","F","40대","700만원 이상","대구"
"53349398","20240401","보통이다","여가를 같이즐길 친구가 부족하다","F","60대","300~500만원 미만","서울"
"53349481","20240401","만족하는 편이다","시간 경제적만족","M","60대","300만원 미만","경기"
"53349638","20240401","만족하는 편이다","특별히 부족하지 않아서","M","40대","없음/모름/무응답","서울"
"53349655","20240401","만족하는 편이다","시간적 여유가 많고 다양한 정보를 통해서 여행과 독서활동을 할수있는 여건이 되어서 만족한다","F","60대","없음/모름/무응답","서울"
"53349725","20240401","불만족하는 편이다","취직을 해서 시간이 없음","F","40대","500~700만원 미만","경북"
"53349752","20240401","만족하는 편이다","충분한 시간적 여유가 있었고 시기적으로 함께 즐길수있는 사람도 있었음","F","40대","300만원 미만","경남"
"53349898","20240401","불만족하는 편이다","짧은휴일","F","40대","300만원 미만","경북"
"53349899","20240401","만족하는 편이다","시간이 여유로워져거","F","50대","500~700만원 미만","경기"
"53349954","20240401","불만족하는 편이다","시간이짧다","F","60대","700만원 이상","전남"
"53349994","20240401","불만족하는 편이다","돈이 없어서","M","50대","500~700만원 미만","서울"
"53350178","20240401","만족하는 편이다","경제적 여유","M","30대","300만원 미만","인천"
"53350196","20240401","만족하는 편이다","금전적인부분에서 만족합니다","M","40대","300만원 미만","대전"
"53350577","20240401","만족하는 편이다","강당에서 운동하기에 너무좋습니다.","M","60대","없음/모름/무응답","광주"
"53350602","20240401","만족하는 편이다","만족","M","30대","없음/모름/무응답","서울"
"53350653","20240401","보통이다","그냥","M","19~29세","700만원 이상","경기"
"53350671","20240401","만족하는 편이다","일단만족함","F","19~29세","없음/모름/무응답","서울"
"53350693","20240401","만족하는 편이다","여가생활이 즐겁다","M","19~29세","500~700만원 미만","서울"
"53350835","20240401","만족하는 편이다","심리적 안정","M","19~29세","300~500만원 미만","서울"
"53351023","20240401","보통이다","별 불만없음","F","50대","300~500만원 미만","제주"
"53351080","20240401","매우 만족한다","시간적 여유","M","50대","700만원 이상","경기"
"53351155","20240401","만족하는 편이다","코로나종식으로야외활동이자유로워?다","M","50대","300~500만원 미만","서울"
"53351234","20240401","만족하는 편이다","시간이며 경제적이며 여유가 있음","M","30대","700만원 이상","강원"
"53351351","20240401","만족하는 편이다","만족하는편이다","M","40대","500~700만원 미만","전북"
"53351397","20240401","매우 만족한다","조아서","F","19~29세","300만원 미만","경남"
"53351561","20240401","보통이다","여유로운 시간 부족","F","60대","300~500만원 미만","부산"
"53351663","20240401","보통이다","변화가 없음","M","30대","700만원 이상","강원"
"53351680","20240401","불만족하는 편이다","여가시간부족","M","40대","300~500만원 미만","광주"
"53352052","20240401","불만족하는 편이다","시간적여유","M","50대","300만원 미만","전남"
"53352083","20240401","만족하는 편이다","동호회 활동을 적극적으로 함.","M","60대","300~500만원 미만","경기"
"53352131","20240401","만족하는 편이다","활력이 넘치고 생기가 돋음","F","19~29세","300만원 미만","경남"
"53352200","20240401","보통이다","부족하지도 아주 만족하지도 못하고 최소한으로 하고 있어서","F","50대","300만원 미만","경북"
"53352491","20240401","보통이다","해외여행을 갔다옴","M","40대","700만원 이상","서울"
"53352521","20240401","보통이다","늘 하던대로","M","60대","500~700만원 미만","전북"
"53352575","20240401","보통이다","경제적여유가 없음","M","60대","300~500만원 미만","서울"
"53352828","20240401","만족하는 편이다","제한없이 여가를 즐길수 있어서","M","60대","없음/모름/무응답","서울"
"53352946","20240401","보통이다","시간이없다","F","40대","300~500만원 미만","강원"
"53353206","20240401","보통이다","건강해지는 느낌이라서","F","50대","500~700만원 미만","경북"
"53353327","20240401","보통이다","금전적인문제","F","50대","300~500만원 미만","대전"
"53353398","20240401","보통이다","보통비슷하닌깐","M","30대","없음/모름/무응답","서울"
"53353440","20240401","불만족하는 편이다","업무증가","F","40대","700만원 이상","부산"
"53353464","20240401","보통이다","그럭저럭","M","60대","700만원 이상","경북"
"53353524","20240401","만족하는 편이다","마음먹은계획이다 했의므로","F","60대","없음/모름/무응답","경북"
"53353612","20240401","만족하는 편이다","스트레스해소","F","60대","500~700만원 미만","강원"
"53353684","20240401","불만족하는 편이다","시간적여유부족","F","60대","300~500만원 미만","서울"
"53353726","20240401","만족하는 편이다","교통 인프라","M","40대","500~700만원 미만","대전"
"53353956","20240401","보통이다","혼자라는 외로움","F","30대","300~500만원 미만","강원"
"53354322","20240401","보통이다","여가 활동을 즐기는 시간이 비슷하다","M","50대","300~500만원 미만","서울"
"53354435","20240401","보통이다","귀찮아서","F","40대","없음/모름/무응답","경기"
"53354609","20240401","불만족하는 편이다","인프라 부족, 경제적 부족, 시간 부족","M","30대","300만원 미만","충남"
"53354653","20240401","보통이다","평소와 다른게없음","M","30대","300~500만원 미만","경기"
"53354700","20240401","보통이다","시간부족","F","50대","500~700만원 미만","광주"
"53354756","20240401","보통이다","주변 인프라 적음","F","30대","500~700만원 미만","강원"
"53354781","20240401","보통이다","비슷해서","F","40대","500~700만원 미만","광주"
"53355016","20240401","보통이다","접하기가 쉽지 않다.","M","60대","300만원 미만","인천"
"53355087","20240401","만족하는 편이다","시간을잘활용함","F","60대","700만원 이상","서울"
"53355187","20240401","불만족하는 편이다","시간이 없어서","F","40대","없음/모름/무응답","서울"
"53355511","20240401","매우 만족한다","그냥","M","19~29세","없음/모름/무응답","서울"
"53355603","20240401","보통이다","변화가 없어서","F","40대","300~500만원 미만","울산"
"53355633","20240401","만족하는 편이다","충분히 즐겨서","F","19~29세","300~500만원 미만","세종"
"53355683","20240401","불만족하는 편이다","시간적 비용적 여유","M","40대","500~700만원 미만","강원"
"53355713","20240401","보통이다","대체로 만족하며 즐기고 있지만 평일하는 활동이나 1박 이상의 활동의 경우 직장때문에 별로 해보지 못하고 있어서","M","30대","700만원 이상","인천"
"53355723","20240401","보통이다","늘 하던거여서","M","19~29세","없음/모름/무응답","광주"
"53356179","20240401","보통이다","특별한 여가활동이 없다","F","60대","300~500만원 미만","경남"
"53356183","20240401","만족하는 편이다","코로나가 지나고 시간적여유와 자유로운 활동의 제한이없어거","F","30대","500~700만원 미만","대전"
"53356678","20240401","보통이다","날씨가 추워서 할수있는게 제한되어있다","F","30대","700만원 이상","전북"
"53356708","20240401","불만족하는 편이다","아이들 뒷바라지에 시간이 없었음","F","40대","700만원 이상","강원"
"53356973","20240401","매우 불만족한다","시간부족","M","40대","500~700만원 미만","경기"
"53356993","20240401","만족하는 편이다","가족.친구만남","F","50대","700만원 이상","세종"
"53357031","20240401","만족하는 편이다","여가생활로 인한 스트레스는 없다","F","19~29세","없음/모름/무응답","서울"
"53357076","20240401","보통이다","변화없음","M","50대","300~500만원 미만","서울"
"53357312","20240401","만족하는 편이다","계절마다 꽃구경을 다니며 힐링","F","40대","300~500만원 미만","대구"
"53357416","20240401","보통이다","큰 이유 없음","M","30대","없음/모름/무응답","충남"
"53357709","20240401","만족하는 편이다","짧은 시간에 드라이브를 하고 맛집 찾아 가면서 교류가 가능해서","F","50대","700만원 이상","광주"
"53357903","20240401","보통이다","시간부족","M","60대","500~700만원 미만","울산"
"53357925","20240401","보통이다","시간적인 여유가 부족해서","F","40대","500~700만원 미만","전남"
"53357953","20240401","보통이다","보통과 같아서요","M","60대","300~500만원 미만","서울"
"53357971","20240401","보통이다","만족대비 지출이 높음","M","40대","300~500만원 미만","경남"
"53358039","20240401","만족하는 편이다","인프라구축 및 시간이 충분함","M","60대","300~500만원 미만","충남"
"53358079","20240401","만족하는 편이다","시간도 좀더 여유로워졌고 인프라도 구축되어서요","F","40대","300~500만원 미만","경기"
"53358100","20240401","만족하는 편이다","1개월의 여유있는 여행","F","60대","700만원 이상","강원"
"53358106","20240401","만족하는 편이다","친구들과. 어울려 함께한다는것 자체가 만존","F","50대","300만원 미만","충남"
"53358207","20240401","만족하는 편이다","불만족스러움을 느끼지 않았음./","M","19~29세","700만원 이상","경기"
"53358228","20240401","만족하는 편이다","즐거웠다","F","30대","300만원 미만","대전"
"53358295","20240401","보통이다","비슷한 수준이라서","F","40대","300~500만원 미만","울산"
"53358297","20240401","불만족하는 편이다","날씨 시간등 기타여건","M","50대","700만원 이상","경남"
"53358533","20240401","만족하는 편이다","시간전여유가 늘어나서","F","19~29세","300만원 미만","서울"
"53358654","20240401","보통이다","그냥","M","50대","300~500만원 미만","경남"
"53358677","20240401","만족하는 편이다","별로 스트레스받지않고 즐겁게시간을 보냄","M","60대","700만원 이상","경기"
"53358755","20240401","보통이다","그냥 그저 그렇다 특별할게 없다","F","50대","300만원 미만","부산"
"53358931","20240401","만족하는 편이다","휴직중이다","F","50대","300~500만원 미만","서울"
"53359195","20240401","보통이다","경제적으로 지출이커서","F","50대","500~700만원 미만","경기"
"53359256","20240401","보통이다","일을하고있어서 시간이 적당하지않다","F","60대","300만원 미만","강원"
"53359451","20240401","만족하는 편이다","바쁘지만 최대한 시간을 활용합니다","M","50대","700만원 이상","경기"
"53359558","20240401","불만족하는 편이다","취업해야하는데 노는거라 심적으로 불편하다","F","19~29세","없음/모름/무응답","제주"
"53359720","20240401","보통이다","가족 병환이 있어서 여가가 힘들다","M","50대","500~700만원 미만","대구"
"53359807","20240401","보통이다","주변에 저렴하게 여가 생활을 할 문화 공간이 없어 만족할 여가 생활을 누리지 못하고 있음","F","60대","500~700만원 미만","서울"
"53359814","20240401","보통이다","돈과 시간이 부족","F","50대","700만원 이상","경기"
"53359860","20240401","만족하는 편이다","원하는 정보를 얻음","F","50대","500~700만원 미만","강원"
"53359934","20240401","만족하는 편이다","만족","F","40대","300~500만원 미만","전북"
"53360358","20240401","만족하는 편이다","독서량이 늘어서","F","40대","300만원 미만","서울"
"53360372","20240401","만족하는 편이다","인프라가 좋음","F","40대","300만원 미만","경기"
"53360396","20240401","만족하는 편이다","영화관이 가까워서 자주볼수 있어서","M","40대","300~500만원 미만","경기"
"53360422","20240401","보통이다","경제적이유","M","50대","700만원 이상","경기"
"53360532","20240401","보통이다","시간이 부족하다","M","40대","300~500만원 미만","대구"
"53360537","20240401","불만족하는 편이다","경제적 /","M","60대","300~500만원 미만","서울"
"53360575","20240401","만족하는 편이다","하고싶은 활동을 하고 있음","M","50대","700만원 이상","경기"
"53360617","20240401","보통이다","시간 확보가 아직은 어렵습니다.","M","50대","없음/모름/무응답","서울"
"53360700","20240401","만족하는 편이다","야구 직관이 재미있음","M","19~29세","300~500만원 미만","울산"
"53360793","20240401","보통이다","시간이없다","M","40대","300~500만원 미만","경기"
"53361047","20240401","보통이다","하고싶은걸 다 할 수 없는 환경안에서 적당한 것들만 골라서 하는중이라","F","30대","300만원 미만","서울"
"53361212","20240401","만족하는 편이다","여가생활의 시간이 늘어나서","F","19~29세","500~700만원 미만","경기"
"53361226","20240401","보통이다","국내 경기가 안좋아져서","M","50대","700만원 이상","경북"
"53361462","20240401","불만족하는 편이다","시간부족 경제적부족","M","30대","300~500만원 미만","서울"
"53361570","20240401","만족하는 편이다","자연을 만끽할수있어서","F","50대","300만원 미만","강원"
"53361578","20240401","보통이다","그냥","M","30대","500~700만원 미만","부산"
"53361636","20240401","보통이다","변화없어서","F","30대","300~500만원 미만","경남"
"53361781","20240401","보통이다","항상 반복적인생활","F","60대","없음/모름/무응답","경기"
"53361822","20240401","보통이다","보통이다","M","30대","300~500만원 미만","충북"
"53362014","20240401","매우 만족한다","비용이 적게 들어가서","M","19~29세","300만원 미만","서울"
"53362027","20240401","보통이다","바빠서 원하는만큼 못 즐김","F","30대","700만원 이상","경기"
"53362038","20240401","매우 불만족한다","일에 지쳐 여가시간도 많이 줄고 만족감도 많이 떨어진다","F","19~29세","700만원 이상","경기"
"53362162","20240401","만족하는 편이다","남는게 시간이라서…","F","30대","300만원 미만","경남"
"53362337","20240401","만족하는 편이다","마음이후련하고즐겁다.긍정의힘이생기고다시시작하고싶은의욕이생긴다.","F","40대","300~500만원 미만","부산"
"53362373","20240401","보통이다","시간적 여유와 자금적으로 어려워서","M","40대","300만원 미만","광주"
"53362460","20240401","매우 만족한다","재밌어서","F","19~29세","300만원 미만","경남"
"53362511","20240401","매우 만족한다","감사합니다","M","40대","300~500만원 미만","서울"
"53362578","20240401","보통이다","아이를 어린이집에 보내기시작해서","F","30대","500~700만원 미만","경기"
"53362641","20240401","만족하는 편이다","자녀의 독립으로 저녁시간이 여유로운 편이다","F","50대","500~700만원 미만","대전"
"53362670","20240401","만족하는 편이다","남편하고 즐겁게 지내고 있음","F","30대","700만원 이상","서울"
"53362826","20240401","보통이다","특별히 좋거나 나쁜점이 없어서","F","30대","300만원 미만","전남"
"53362886","20240401","보통이다","여가생활 어?","M","19~29세","300~500만원 미만","서울"
"53362923","20240401","만족하는 편이다","원하는 여가활동을 할 수 있는 시간 돈 건강이 있으므로","F","50대","500~700만원 미만","경기"
"53362937","20240401","불만족하는 편이다","시간부족","M","40대","700만원 이상","경기"
"53363079","20240401","보통이다","딱히 감흥이 없다","F","50대","500~700만원 미만","서울"
"53363262","20240401","만족하는 편이다","사실이니까","F","60대","300만원 미만","충북"
"53363295","20240401","만족하는 편이다","그럭저럭 재밌게 보내서","M","30대","없음/모름/무응답","전남"
"53363459","20240401","보통이다","시간과 돈이 부족해서","M","60대","없음/모름/무응답","강원"
"53363546","20240401","보통이다","시간적 경제적 여유가 없음","F","40대","300~500만원 미만","강원"
"53363582","20240401","불만족하는 편이다","돈이 없어서","M","19~29세","없음/모름/무응답","강원"
"53363638","20240401","보통이다","여가생활부족","F","40대","300~500만원 미만","서울"
"53363758","20240401","만족하는 편이다","여가생활을 할 수 있게 주변 여건이 잘 마련되어 있어서","F","40대","700만원 이상","서울"
"53363763","20240401","보통이다","여가활동 종류가 다양하지 않음 신선하고 새로운 활동 부족","F","40대","500~700만원 미만","경북"
"53363794","20240401","보통이다","생각보다 많이 하지못해서","F","19~29세","300만원 미만","서울"
"53363931","20240401","보통이다","그냥","M","50대","700만원 이상","대전"
"53363932","20240401","불만족하는 편이다","시간이 없다","F","19~29세","없음/모름/무응답","서울"
"53363970","20240401","보통이다","시간과 돈이 여유가 없어서","F","19~29세","700만원 이상","서울"
"53363991","20240401","만족하는 편이다","스트레스 해소","M","50대","300~500만원 미만","대전"
"53364153","20240401","만족하는 편이다","시간을내서","M","50대","700만원 이상","전북"
"53364238","20240401","보통이다","항상 적당하다고 할때가 가장좋다.","M","50대","300만원 미만","경기"
"53364317","20240401","보통이다","시간과 돈이 여유가 없다","F","50대","300~500만원 미만","경기"
"53364846","20240401","만족하는 편이다","업무시간 단축으로 인한 시간적 여유 증가","M","30대","300~500만원 미만","충남"
"53364866","20240401","보통이다","이동거리가 너무 멀고 다양한시간대가 없엇니","F","40대","300~500만원 미만","경남"
"53365125","20240401","보통이다","경제적으로나 시간상 여의치 않음","F","60대","500~700만원 미만","인천"
"53365253","20240401","만족하는 편이다","시간적 여유가 많아 아무 때가 참여할수있어서","M","60대","500~700만원 미만","충북"
"53365264","20240401","보통이다","평소와 같음","M","19~29세","700만원 이상","서울"
"53365294","20240401","만족하는 편이다","하고싶은 것들 내에서 만족감을 주는 것을 할 수 있어서","F","30대","300만원 미만","경기"
"53365371","20240401","보통이다","시간의적절한 배분이 잘안되어 만족도가 떨어진것같다.","F","50대","500~700만원 미만","경기"
"53365582","20240401","만족하는 편이다","시간과 경제적으로 충분하기 때문에","M","60대","700만원 이상","부산"
"53365621","20240401","만족하는 편이다","가까워서","F","60대","300~500만원 미만","충북"
"53365633","20240401","보통이다","복지관이나 체육시설이 집에서 근접한 곳에 마련되어 있지 않음","F","60대","500~700만원 미만","경남"
"53365707","20240401","보통이다","시간적인 여유가 없고 피곤해서다","F","50대","700만원 이상","경기"
"53365750","20240401","보통이다","보통 직장생활때문에 최대한 쉰다 따라서 별 감응은 없다","M","50대","700만원 이상","경기"
"53365967","20240401","보통이다","여가생활을 즐기면 출근을 위한 온전한 휴식을 포기해야한 즐길 수 있음","M","30대","300만원 미만","서울"
"53366184","20240401","만족하는 편이다","시간과 여유가 충분하기 때문","M","30대","500~700만원 미만","서울"
"53366421","20240401","보통이다","1개월간은 딱히 뭘 안함.","F","30대","300만원 미만","서울"
"53366470","20240401","보통이다","여가를 적절히 이용하지 못했다","F","60대","300만원 미만","충북"
"53366795","20240401","만족하는 편이다","하고 싶은 건 다 하고 살았다","F","19~29세","없음/모름/무응답","강원"
"53366831","20240401","만족하는 편이다","아직 여유가 있어서","M","19~29세","300만원 미만","인천"
"53366835","20240401","보통이다","힘들다","M","19~29세","300~500만원 미만","경기"
"53366856","20240401","보통이다","개인적으로 만족할만한 수준은 아니지만 주변여건은 잘 갖춰져있음","M","40대","500~700만원 미만","서울"
"53366957","20240401","매우 불만족한다","비용부담","F","30대","없음/모름/무응답","경남"
"53367043","20240401","보통이다","그저 그렇습니다","F","19~29세","700만원 이상","대구"
"53367065","20240401","보통이다","시간과 경제적인면","F","50대","300만원 미만","서울"
"53367154","20240401","보통이다","적당하다 생각한다","F","40대","300~500만원 미만","울산"
"53367182","20240401","보통이다","좀 더 여가생활을 즐기고 싶지만 시간이 부족해서","M","19~29세","300~500만원 미만","강원"
"53367249","20240401","보통이다","특별한 점이 없으므로","M","30대","500~700만원 미만","부산"
"53367251","20240401","만족하는 편이다","시간적 경제적 여유가 있기때문","F","30대","700만원 이상","부산"
"53367369","20240401","만족하는 편이다","하고싶은 하면서 여가시간을 보낼수있어서요","M","60대","300만원 미만","인천"
"53367391","20240401","만족하는 편이다","하고싶었던 여가생활을 해서","F","19~29세","700만원 이상","대구"
"53367510","20240401","보통이다","시간부족","M","30대","700만원 이상","충남"
"53367694","20240401","보통이다","휴직 중이라","M","50대","300만원 미만","충남"
"53367768","20240401","만족하는 편이다","원할때 원하는 여가 활동을 즐기고 있음","F","30대","없음/모름/무응답","인천"
"53367973","20240401","만족하는 편이다","해외여행, 문화활동, 인간교류 등 다양하고 풍부한 활동","M","30대","700만원 이상","서울"
"53368078","20240401","보통이다","이전과 비슷","F","30대","700만원 이상","부산"
"53368123","20240401","매우 만족한다","시간과 돈의 여유","F","19~29세","없음/모름/무응답","전북"
"53368402","20240401","보통이다","특별히 불편함 없이 여가생활을 해서","F","40대","300~500만원 미만","충남"
"53368553","20240401","불만족하는 편이다","집안에 일이잇어서 시간적여유가없엇음","F","60대","300~500만원 미만","경남"
"53368790","20240401","만족하는 편이다","다세대 주택에서 아파트로이사오니 커뮤니티시설이 좋아서 여러가지 운동시설을 접하고있습니다","F","60대","300만원 미만","서울"
"53368799","20240401","보통이다","아이와 대부분 같이 다녀야 하기때문에 질적인 만족도는 그리 높지 않은 편이다.","F","30대","300~500만원 미만","인천"
"53368827","20240401","보통이다","대중교통을 이용해 어디든 갈 수 있으나 주변에는 갈 만한 곳이 매우 적다","F","30대","300~500만원 미만","서울"
"53369013","20240401","보통이다","특별히 변화없음","F","50대","300~500만원 미만","경기"
"53369066","20240401","보통이다","없음","M","19~29세","300만원 미만","충남"
"53369153","20240401","보통이다","뭘물어","M","30대","없음/모름/무응답","전남"
"53369225","20240401","보통이다","연애하고싶은데 뭔가 안됨","M","19~29세","300~500만원 미만","제주"
"53369344","20240401","보통이다","금전적인 부담 늘어남. 심리적인 요소 있음.","M","60대","500~700만원 미만","경기"
"53369546","20240401","보통이다","대소사가 있었다","F","50대","없음/모름/무응답","강원"
"53369825","20240401","만족하는 편이다","물리적 경제적 자유","M","60대","700만원 이상","경기"
"53369901","20240401","만족하는 편이다","ㅇ산족","F","60대","500~700만원 미만","광주"
"53370029","20240401","보통이다","아무 생각이 없다","M","30대","300~500만원 미만","강원"
"53370093","20240401","만족하는 편이다","누구의방해도 받지않고 내 의지로 모든것을할수 있어서 만족함","F","50대","300만원 미만","부산"
"53370542","20240401","보통이다","경제적 비용면에서 큰부담없어서","F","60대","700만원 이상","경기"
"53370992","20240401","보통이다","특별한변화없슴","M","60대","300만원 미만","경기"
"53371290","20240401","만족하는 편이다","여가생활에 대한 접근성이 좋아서","F","19~29세","300만원 미만","제주"
"53371626","20240401","만족하는 편이다","좋은자리여서","M","30대","500~700만원 미만","부산"
"53371968","20240401","만족하는 편이다","충분한 시간적 여유와 돈이 있어서","M","30대","300~500만원 미만","경남"
"53372161","20240401","만족하는 편이다","하고싶은거 보고싶은거 할수 있음에 만족","F","60대","500~700만원 미만","부산"
"53372196","20240401","만족하는 편이다","여가를 즐기는 기분이 들었다 내가 시간과 돈을 써서 이정도면 충분히 재밌다고 느꼈다","M","19~29세","500~700만원 미만","서울"
"53372213","20240401","보통이다","변화없음","F","40대","300만원 미만","부산"
"53372216","20240401","만족하는 편이다","불편함없이 여가를 즐김","M","60대","300~500만원 미만","경기"
"53372303","20240401","보통이다","시간이 부족해서","F","50대","700만원 이상","경북"
"53372322","20240401","보통이다","좋지도 나쁘지도 ?다","F","19~29세","700만원 이상","대구"
"53372344","20240401","만족하는 편이다","무난하다","M","50대","700만원 이상","서울"
"53372471","20240401","보통이다","아이가 있어 데리고 나가야 하는데 주변에는 그런 곳이 없다. 집에서 할 수 있는 것들을 찾아야 하는데 환경에 맞춘 것이기 때문에 보통이다","F","30대","300~500만원 미만","경북"
"53372521","20240401","보통이다","항상 같은 패턴으로 움직인다.","F","60대","700만원 이상","경기"
"53372575","20240401","보통이다","해오던거라 크게 특별함은 느끼지 못하는 듯","M","40대","300~500만원 미만","부산"
"53372627","20240401","보통이다","물가가 너무 올라 돈 쓰기가 무섭다.","F","50대","300~500만원 미만","인천"
"53372658","20240401","불만족하는 편이다","잘 찾아가지않고 수동적으로 움직임","F","40대","300만원 미만","충남"
"53372892","20240401","보통이다","만족하지도 불만족하지도 않음","M","40대","700만원 이상","서울"
"53372985","20240401","보통이다","사람이 북적여 갈만한 여행지가 한정적임","M","40대","300~500만원 미만","경기"
"53373138","20240401","만족하는 편이다","바쁜 업무로 인해 여가시간은 부족하지만 퇴근후 집 주변에 원하는 시설이 있어서 대체로 만족하는 편임","M","50대","700만원 이상","경기"
"53373149","20240401","매우 만족한다","몰라","M","19~29세","없음/모름/무응답","서울"
"53373191","20240401","보통이다","불만족한 부분이 없기때문입니다.","F","50대","700만원 이상","경기"
"53373276","20240401","보통이다","경제적인 사정때문에","F","40대","700만원 이상","충남"
"53373286","20240401","만족하는 편이다","원하는게 있으면 다 했음","F","50대","300~500만원 미만","서울"
"53373295","20240401","보통이다","예전과비슷하기때문에","M","50대","300~500만원 미만","인천"
"53373402","20240401","매우 불만족한다","시간부족","F","19~29세","300만원 미만","서울"
"53373412","20240401","만족하는 편이다","자유롭게 갈 수있어서","F","40대","없음/모름/무응답","충남"
"53373423","20240401","보통이다","특별한 감흥이 없어서","M","60대","500~700만원 미만","부산"
"53373506","20240401","불만족하는 편이다","물가 상승으로 인하여 쉽게 행동하기 힘들다","M","30대","300~500만원 미만","충남"
"53373659","20240401","만족하는 편이다","시간여유","M","50대","700만원 이상","서울"
"53373662","20240401","보통이다","경제적인 문제로 하고싶은걸 자제해야해서","F","50대","없음/모름/무응답","대구"
"53373939","20240401","보통이다","여가시간이 충분하지않고 건강이 여의치 못해서","F","60대","500~700만원 미만","부산"
"53373941","20240401","만족하는 편이다","짬짬이 잘 쉬었음","F","50대","700만원 이상","경기"
"53374005","20240401","보통이다","경제적 여유가 적어서","F","30대","300만원 미만","전남"
"53374239","20240401","보통이다","경제적 시간적인 여유","F","50대","300~500만원 미만","강원"
"53374400","20240401","보통이다","늘 같음","F","30대","300~500만원 미만","부산"
"53375073","20240401","보통이다","그럭저럭","M","30대","300만원 미만","제주"
"53375095","20240401","만족하는 편이다","시간낭비안하고 필요한 일들을 할수있어서","M","19~29세","300~500만원 미만","대구"
"53375180","20240401","만족하는 편이다","시간적 여유","M","30대","300~500만원 미만","서울"
"53375485","20240401","보통이다","평일 여가 시간부족 정보부족","F","40대","300만원 미만","전남"
"53375505","20240401","보통이다","보통이기 때문에","M","30대","없음/모름/무응답","강원"
"53375530","20240401","만족하는 편이다","하고싶은걸 하는대 불편함이 없는편","M","19~29세","없음/모름/무응답","강원"
"53375571","20240401","만족하는 편이다","필요한 시간과 경제적 능력이 되서","F","50대","700만원 이상","서울"
"53375789","20240401","보통이다","횟수가 줄어서","F","50대","없음/모름/무응답","인천"
"53375821","20240401","만족하는 편이다","날씨가 좋아서","F","50대","300~500만원 미만","대구"
"53375873","20240401","보통이다","여유되면 증가시키고싶다","F","40대","300~500만원 미만","경기"
"53375916","20240401","만족하는 편이다","문화활동을 향유할 소재가 많아져서","M","19~29세","500~700만원 미만","서울"
"53376010","20240401","만족하는 편이다","하고 싶은 여가활동 가능해서","F","40대","500~700만원 미만","울산"
"53376109","20240401","만족하는 편이다","여유와 즐거움","M","60대","300~500만원 미만","경북"
"53376257","20240401","만족하는 편이다","여유로움을 가지고 스트레스를 해소할 수 있어서","F","19~29세","없음/모름/무응답","경기"
"53376468","20240401","만족하는 편이다","시간이 주어져서","F","50대","300~500만원 미만","서울"
"53376521","20240401","보통이다","특별한 재미가 없음","M","40대","700만원 이상","서울"
"53376635","20240401","보통이다","뻔한 프로그램이기 때문입니다","F","60대","300~500만원 미만","경남"
"53376732","20240401","만족하는 편이다","새로운 여가생활이 재미있어 만족한다","F","50대","700만원 이상","경기"
"53376779","20240401","매우 만족한다","삶을 윤택하게 해준다","F","19~29세","없음/모름/무응답","경남"
"53376802","20240401","만족하는 편이다","원하는 여가시간 확보가능","M","30대","300~500만원 미만","대전"
"53376869","20240401","보통이다","여가생활이 많이.즐겁지가 않다","M","30대","700만원 이상","경기"
"53376908","20240401","보통이다","날도 덥고 경제도 어렵고 의욕이 떨어짐","M","40대","700만원 이상","경기"
"53376919","20240401","보통이다","특별한 변화?어서","M","40대","700만원 이상","광주"
"53376971","20240401","만족하는 편이다","시간도 충분하고 내용도 만족해서","F","60대","300~500만원 미만","서울"
"53377223","20240401","만족하는 편이다","주 여가활동을 위한 주변 인프라가 잘되어 있는편","M","40대","300~500만원 미만","경남"
"53377262","20240401","보통이다","만족도가 높지 않아요","F","50대","700만원 이상","서울"
"53377283","20240401","만족하는 편이다","좋아하는 것만 하고 다녀요^^*","M","50대","500~700만원 미만","경기"
"53377385","20240401","불만족하는 편이다","여가시간으로의 시간 조율. 실패 현재조율중이라 여가 시간을 더 늘릴것이다","M","40대","300만원 미만","광주"
"53377492","20240401","만족하는 편이다","마음만 먹으면 하고 싶은 여가활동을 언제든지 할 수 있기 때문이다.","M","60대","300~500만원 미만","경기"
"337589","20240408","불만족하는 편이다","시간부족","M","40대","300~500만원 미만","부산"
"354894","20240408","보통이다","크게 변화가 없어서","M","30대","없음/모름/무응답","광주"
"368738","20240408","불만족하는 편이다","시간을 못채우는 느낌","F","19~29세","없음/모름/무응답","세종"
"370130","20240408","만족하는 편이다","시간과 비용","F","60대","300~500만원 미만","대전"
"393517","20240408","보통이다","아이가 고등학생이라 생활이 아이에게 맞춰져 있어서 특별한 여가활동은 할 수 없어서","F","40대","300~500만원 미만","서울"
"402095","20240408","보통이다","항상 동일한 일상","F","30대","300만원 미만","부산"
"411040","20240408","만족하는 편이다","여유가 생김","F","19~29세","없음/모름/무응답","강원"
"429782","20240408","만족하는 편이다","여가생활 하면서 기분이 안 좋았던 적은 없었으니 만족하는 편이라 응답했습니다","F","30대","없음/모름/무응답","대구"
"436102","20240408","만족하는 편이다","원하는 여가생활을 즐기고있다","M","40대","700만원 이상","경기"
"442434","20240408","만족하는 편이다","큰 비용없이 즐길수있어서","M","19~29세","300~500만원 미만","부산"
"445057","20240408","매우 만족한다","여건상","M","50대","700만원 이상","경기"
"452064","20240408","만족하는 편이다","소소함","M","50대","700만원 이상","경기"
"454986","20240408","매우 불만족한다","돈이 없다","F","50대","300만원 미만","서울"
"458323","20240408","만족하는 편이다","잘 보내고있어서","M","30대","700만원 이상","경기"
"463013","20240408","보통이다","매년 그맘때에 관람합니다","M","50대","없음/모름/무응답","경북"
"464235","20240408","매우 만족한다","내가 원하는 시간에 할 수 있어서","M","19~29세","300만원 미만","전남"
"466840","20240408","보통이다","여가활동에 불만없어서","F","60대","500~700만원 미만","경북"
"468022","20240408","보통이다","직장다니면서잠깐의시간이여서","F","60대","없음/모름/무응답","대전"
"468171","20240408","보통이다","보통입니다","M","30대","300만원 미만","강원"
"468235","20240408","보통이다","시간부족","M","30대","700만원 이상","서울"
"469538","20240408","보통이다","일","M","40대","300~500만원 미만","강원"
"469636","20240408","보통이다","비슷한 패턴","M","50대","700만원 이상","충북"
"53322169","20240408","보통이다","특별한 변화가 없다.","M","40대","700만원 이상","강원"
"53322363","20240408","만족하는 편이다","만족","M","40대","700만원 이상","서울"
"53322514","20240408","보통이다","비용 증가","F","40대","300~500만원 미만","제주"
"53322987","20240408","불만족하는 편이다","경제적인이유","F","40대","300만원 미만","인천"
"53323133","20240408","만족하는 편이다","만족한다","F","19~29세","없음/모름/무응답","경기"
"53323474","20240408","보통이다","이동하는시간과거리","F","60대","500~700만원 미만","서울"
"53323675","20240408","매우 만족한다","불편한 점이 없다","M","19~29세","300~500만원 미만","대전"
"53323698","20240408","불만족하는 편이다","쉬는시간이 많이없음","M","50대","300~500만원 미만","경남"
"53323699","20240408","만족하는 편이다","충분한 여가 시간을 즐겼다","F","19~29세","500~700만원 미만","서울"
"53323767","20240408","보통이다","그냥그럼","F","40대","없음/모름/무응답","전남"
"53323809","20240408","만족하는 편이다","시간과 장소등이 만족스러움","F","50대","500~700만원 미만","충남"
"53324296","20240408","만족하는 편이다","시간 여유","M","30대","500~700만원 미만","경기"
"53324314","20240408","보통이다","아침시간에 주로활동함..퇴근후영상시청등 으로인하여","M","60대","없음/모름/무응답","경기"
"53324392","20240408","만족하는 편이다","원하고 계획한 활동을 꾸준히 실햄함","F","50대","300만원 미만","세종"
"53324581","20240408","보통이다","만족반, 불만족반","F","40대","없음/모름/무응답","서울"
"53324641","20240408","만족하는 편이다","여가생활하면서 스트레스도 풀고 행복해져요","M","19~29세","500~700만원 미만","서울"
"53324863","20240408","보통이다","날이더워서","F","60대","300~500만원 미만","서울"
"53324943","20240408","만족하는 편이다","여가를 즐기는 동안 편안한 마음이었기 때문에","M","50대","없음/모름/무응답","서울"
"53325093","20240408","보통이다","시간과 여건이 동일하다.","M","60대","500~700만원 미만","서울"
"53325148","20240408","보통이다","여가생활에 불만은 없기에 보통이라고 응답함","M","30대","300만원 미만","경기"
"53325184","20240408","보통이다","몰라요","M","19~29세","300만원 미만","서울"
"53325235","20240408","보통이다","보통","M","50대","700만원 이상","서울"
"53325320","20240408","만족하는 편이다","직장에서 여가시간이 충분하고 집주변 공원 그리고 시내와 가까워 시간적 여유가 있으면 즐기는 편이다","M","40대","300~500만원 미만","경기"
"53325395","20240408","보통이다","가까운 거리에서 여가생활 공간이 적은 편이다","M","40대","300~500만원 미만","전남"
"53325428","20240408","만족하는 편이다","행복하니까","F","60대","500~700만원 미만","서울"
"53325676","20240408","보통이다","환경에 비해 시간 부족","F","50대","300~500만원 미만","제주"
"53325699","20240408","불만족하는 편이다","특별한 활동을 못했다","F","50대","300만원 미만","서울"
"53325886","20240408","불만족하는 편이다","시간부족","M","30대","300만원 미만","경남"
"53325969","20240408","만족하는 편이다","국내영화를 많이 ?음","M","50대","300~500만원 미만","경북"
"53326003","20240408","만족하는 편이다","직장에서의 무급휴가..","M","30대","700만원 이상","경기"
"53326363","20240408","보통이다","병원다니고 집안 할일이 많아서","F","60대","300~500만원 미만","경기"
"53326406","20240408","보통이다","시간과 비용의 부담","M","19~29세","300만원 미만","경기"
"53326509","20240408","보통이다","특별함이 없어서","M","50대","300~500만원 미만","경기"
"53326565","20240408","보통이다","시간적여유. 경제적 비용","F","60대","700만원 이상","충북"
"53326569","20240408","불만족하는 편이다","시간이 부족하여","M","40대","700만원 이상","강원"
"53326623","20240408","만족하는 편이다","친구와 여행도 다녀오고 기대보다 만족스러웠음","M","19~29세","없음/모름/무응답","대구"
"53326639","20240408","만족하는 편이다","정기적으로 계획을 잡고 여가생활을 한 뒤로 여가시간을 알차게 보내게 되어서 만족합니다.","F","30대","700만원 이상","경기"
"53326762","20240408","보통이다","딱히 변화가 없어서","F","40대","500~700만원 미만","울산"
"53326805","20240408","매우 만족한다","주변에시설이충분하여서","F","50대","없음/모름/무응답","경남"
"53326808","20240408","만족하는 편이다","계절도 코로나도 끝나서 좋다","M","50대","500~700만원 미만","인천"
"53327011","20240408","보통이다","여유시간이 많이 없어서","F","50대","300~500만원 미만","충북"
"53327182","20240408","매우 만족한다","만족합니다","M","50대","500~700만원 미만","전남"
"53327305","20240408","보통이다","주변 인프라나 시간이 마땅치 않음","M","19~29세","없음/모름/무응답","충남"
"53327549","20240408","만족하는 편이다","나혼자즐기기에 좋은편","M","30대","300만원 미만","서울"
"53327636","20240408","보통이다","가성비가 좋은 편은 아니라 만족도가 보통이다.","F","19~29세","700만원 이상","서울"
"53327640","20240408","보통이다","일을 그만두고 이리저리 뭔가 취미활동이나 간단한 아르바이트 구직활동등을 알아봤지만 쉽지가 않았고 대신에 가능한 돈을 쓰지않고 할수 있는 운동이나 취미쪽으로 알아보다보니 거기에 따른 여가활동도 만족스럽지않아서 보통이라고 답했습니다","F","50대","700만원 이상","부산"
"53327645","20240408","만족하는 편이다","할만해서","F","30대","500~700만원 미만","경기"
"53327729","20240408","만족하는 편이다","원하면 할 수 있어서","M","30대","300~500만원 미만","경기"
"53327894","20240408","보통이다","많이도 적게도 하지않아서","F","30대","300~500만원 미만","대전"
"53328208","20240408","만족하는 편이다","우면산이 가까이 있어 맨발걷기. 아파트단 안에 피트니스가 있어 운동하기가 넘 편리함","F","60대","500~700만원 미만","서울"
"53328242","20240408","만족하는 편이다","건강과 힐링을 추구하는 여가 활동으로 만족하고 있음","M","60대","300~500만원 미만","경기"
"53328318","20240408","보통이다","그냥","F","30대","500~700만원 미만","서울"
"53328335","20240408","보통이다","항상ㅇ?원합니다","M","40대","300~500만원 미만","부산"
"53328471","20240408","만족하는 편이다","가족들과 함께 할 수 있는 시간이 있기 때문에","M","30대","700만원 이상","서울"
"53328573","20240408","불만족하는 편이다","잘 못 선택함 만족합니다 내가 하고 싶은 운동도 하고 독서량도 증가해서","F","19~29세","없음/모름/무응답","서울"
"53328591","20240408","만족하는 편이다","자유롭게 하니까","F","30대","300~500만원 미만","광주"
"53328622","20240408","매우 만족한다","시간 충분 경제적 여유","F","19~29세","300~500만원 미만","경기"
"53328648","20240408","만족하는 편이다","하고 싶은거 대부분 함","M","40대","700만원 이상","인천"
"53328672","20240408","보통이다","보통이다","F","40대","300만원 미만","강원"
"53328774","20240408","매우 만족한다","계획 세운대로 잘 여가상활을 하고 있어서 만족합니다.","M","19~29세","300만원 미만","서울"
"53328955","20240408","보통이다","색다른 여가에 대한 정보 부족","F","50대","300~500만원 미만","부산"
"53329054","20240408","보통이다","달라진게없음","F","40대","500~700만원 미만","경기"
"53329077","20240408","보통이다","주변에 나이에 맞는 여가시설이 충분치 않어 차를 타고 이동하는것에 부담을 느끼며 정보에 대해 어두음","F","60대","300만원 미만","서울"
"53329139","20240408","보통이다","무난하게 즐겼다","M","19~29세","700만원 이상","전북"
"53329228","20240408","만족하는 편이다","내가 원하는 시간에 원하는만큼의 여가를 충분히 즐길수 있어서","M","60대","700만원 이상","경기"
"53329283","20240408","보통이다","잘모르겟음","M","19~29세","300~500만원 미만","강원"
"53329285","20240408","보통이다","건강이 좋지 않아 제대로 즐기지 못해서요","M","50대","300~500만원 미만","충북"
"53329730","20240408","만족하는 편이다","필요한 정보를 얻고 체험하기 쉬움","F","40대","700만원 이상","대구"
"53329744","20240408","만족하는 편이다","원하는 시간대에 원하는 것을 할 수 있음.","M","30대","500~700만원 미만","충북"
"53329767","20240408","만족하는 편이다","불편한게 없음","F","60대","없음/모름/무응답","인천"
"53329779","20240408","만족하는 편이다","종류가 많아서","F","19~29세","300만원 미만","광주"
"53329824","20240408","만족하는 편이다","시간적 여유가 충분","M","60대","없음/모름/무응답","경기"
"53329857","20240408","만족하는 편이다","수입을늘면서","M","40대","500~700만원 미만","강원"
"53329996","20240408","보통이다","예전과 별다를게없다","F","19~29세","300만원 미만","부산"
"53330093","20240408","보통이다","프로그램 개선이 없다","F","50대","300만원 미만","충북"
"53330113","20240408","보통이다","경제적인 문제도 있고 원하는 수강을 하고싶지만 멀리있어 시간여유도 부족하고 비용이 높은편이라 아쉽다","F","60대","300~500만원 미만","서울"
"53330365","20240408","보통이다","명절시즌 제사를내야해서...","M","40대","500~700만원 미만","충북"
"53330445","20240408","만족하는 편이다","잘 모르겠다","F","19~29세","없음/모름/무응답","서울"
"53330464","20240408","만족하는 편이다","아이들 독립시키고 경제적ㆍ마음적 여유가 생김","F","50대","700만원 이상","대구"
"53330540","20240408","만족하는 편이다","시간적으로 여유있다","M","60대","300~500만원 미만","전남"
"53330629","20240408","보통이다","모릅","M","19~29세","없음/모름/무응답","충남"
"53330645","20240408","만족하는 편이다","독서,만남 취미 생활등 균형적인 여가생활로 스트레스로 부터 좀 벗어날 수 있었다.","F","50대","300~500만원 미만","서울"
"53330763","20240408","매우 만족한다","평소보다 시간이 많아 여러할동을함","M","50대","없음/모름/무응답","서울"
"53330774","20240408","만족하는 편이다","여행의즐거움..힐링등...","F","60대","300~500만원 미만","인천"
"53330957","20240408","보통이다","보통","M","40대","300만원 미만","강원"
"53330963","20240408","불만족하는 편이다","ㅇ","M","19~29세","없음/모름/무응답","부산"
"53331038","20240408","보통이다","그저그렇다","M","19~29세","300~500만원 미만","서울"
"53331099","20240408","불만족하는 편이다","주말에 혼자서 꼭 해보고 싶은 활동보다는 가족 위주의 여가생활을 즐기는 편이다. 평일에는 시간적 여유가 나지 않는다.","F","40대","700만원 이상","경북"
"53331122","20240408","보통이다","사실 그렇다!","M","40대","300만원 미만","충남"
"53331220","20240408","보통이다","집돌이라서 뭔든 그저그럼","M","30대","없음/모름/무응답","경기"
"53331437","20240408","보통이다","Nasi","M","19~29세","300만원 미만","경기"
"53331531","20240408","만족하는 편이다","원하는 만큼의 시간을 소요하고 있다","M","40대","500~700만원 미만","부산"
"53331560","20240408","만족하는 편이다","수입증가.시간여유","M","60대","700만원 이상","서울"
"53331633","20240408","보통이다","경제적 여유 줄어듬","M","50대","없음/모름/무응답","강원"
"53331813","20240408","만족하는 편이다","충분한시설","F","60대","300만원 미만","경남"
"53331845","20240408","불만족하는 편이다","아이위주로 생활을해서 여가시간이 별로없음","F","40대","500~700만원 미만","경북"
"53332110","20240408","만족하는 편이다","경제적으로나 시간적으로 제약을 받지 않았다","M","50대","700만원 이상","인천"
"53332190","20240408","보통이다","날씨때문에 잘 못함","F","40대","없음/모름/무응답","대전"
"53332258","20240408","보통이다","시간적 여유가 부족","F","19~29세","없음/모름/무응답","대구"
"53332286","20240408","만족하는 편이다","작년에 비해서 시간이 많아져서","M","19~29세","700만원 이상","경기"
"53332352","20240408","만족하는 편이다","집에서 보통 여가활동을 보내기 따문","F","19~29세","300~500만원 미만","대전"
"53332354","20240408","보통이다","별다른변화가 없어서","F","50대","700만원 이상","부산"
"53332382","20240408","보통이다","알 수 없는 불안감과 물가상승으로 인한 심리적인 위축","F","50대","300~500만원 미만","인천"
"53332438","20240408","만족하는 편이다","적절한 시간이 있고 가까운 곳에 하고 싶은 시설들이 있다","F","50대","500~700만원 미만","경기"
"53332443","20240408","불만족하는 편이다","시간부족","M","50대","없음/모름/무응답","강원"
"53332652","20240408","만족하는 편이다","여가생활로 인한 스트레스해소ㆍ건강증진ㆍ친목도모의 목적이룸","F","50대","300만원 미만","전북"
"53332672","20240408","보통이다","여유시간이 많지 않다","F","50대","500~700만원 미만","서울"
"53332789","20240408","만족하는 편이다","내 생활리듬에 맞춰하니 재미있고 건강해지는 느낌","F","50대","700만원 이상","경기"
"53332850","20240408","불만족하는 편이다","새벽시간대에 방송이 많다","M","30대","300만원 미만","제주"
"53332987","20240408","만족하는 편이다","시간과 경제적 여유가 있다","M","50대","700만원 이상","서울"
"53333010","20240408","보통이다","적당히 한다","F","40대","700만원 이상","전북"
"53333180","20240408","보통이다","특별히 기억에 남는 사항이 없다.","F","60대","300~500만원 미만","서울"
"53333200","20240408","만족하는 편이다","적당한 시간과 횟수투자로- 만족감과 스트레스해소","F","60대","700만원 이상","부산"
"53333341","20240408","보통이다","주변 인프라나 시간이 마땅치 않음","M","19~29세","없음/모름/무응답","충남"
"53333436","20240408","보통이다","작년과 크게 달라진게 없다","F","30대","300만원 미만","경기"
"53333460","20240408","만족하는 편이다","하고싶은건 하고있어서","F","40대","700만원 이상","강원"
"53333513","20240408","만족하는 편이다","추운데도 불구하고차박을 많이 했다","M","50대","700만원 이상","부산"
"53333643","20240408","만족하는 편이다","퇴임 후 시간이 충분하다","F","60대","700만원 이상","강원"
"53333682","20240408","보통이다","그냥","F","30대","300만원 미만","울산"
"53333715","20240408","매우 불만족한다","여가시간 확보 불가","F","50대","700만원 이상","세종"
"53333760","20240408","만족하는 편이다","일과 여유시간을 적절히 활용하고 내 몸과 건강을 위해 즐겁게 하고 있음.","F","60대","500~700만원 미만","대전"
"53333777","20240408","만족하는 편이다","그냥 다 좋았습니다","M","19~29세","없음/모름/무응답","경남"
"53333891","20240408","보통이다","기존의 여가생활에 비해 큰변화가 없었음","M","40대","300~500만원 미만","전북"
"53334076","20240408","만족하는 편이다","적당히 하고 싶은 건 다 할수 있었음","F","30대","700만원 이상","부산"
"53334135","20240408","보통이다","일상ㅈ생활이 큰변화가 없어니까","M","50대","700만원 이상","부산"
"53334170","20240408","보통이다","육아를 같이 하다보니 아무래도 여의치 않다","F","40대","700만원 이상","서울"
"53334594","20240408","불만족하는 편이다","경제적인여유","M","40대","없음/모름/무응답","강원"
"53334684","20240408","만족하는 편이다","심적 물적 부담이없다","M","40대","없음/모름/무응답","경북"
"53334730","20240408","보통이다","여가활동 하고 싶을때 큰 비용들지 않고 편하게 이용할주 있어서 만족해 합니다","M","60대","300~500만원 미만","부산"
"53334878","20240408","보통이다","돈이없다","M","19~29세","300만원 미만","서울"
"53334887","20240408","불만족하는 편이다","사는 지역에서는 여가생활 할 인프라가 적음","F","30대","700만원 이상","전북"
"53335174","20240408","보통이다","변한것없음","M","40대","없음/모름/무응답","대전"
"53335188","20240408","만족하는 편이다","즐거운 마음으로 봉사합니다.","F","50대","700만원 이상","경북"
"53335466","20240408","만족하는 편이다","시간적아 어유로","F","50대","700만원 이상","서울"
"53335596","20240408","보통이다","무탈하게 똑같아요 일상이","M","19~29세","없음/모름/무응답","경북"
"53335600","20240408","보통이다","직장생활로 인해 시간이 충분치 않다","F","50대","700만원 이상","광주"
"53335716","20240408","만족하는 편이다","자유롭게 생활할수 있는 여건","F","60대","500~700만원 미만","서울"
"53335792","20240408","불만족하는 편이다","기름값 경비 상승","M","40대","300만원 미만","부산"
"53335873","20240408","보통이다","항상 또같이 반복","M","50대","700만원 이상","강원"
"53336107","20240408","불만족하는 편이다","육아와 가사노동 회사등으로 인한 시간부족. 체력부족","F","40대","700만원 이상","서울"
"53336139","20240408","만족하는 편이다","펜데믹.이후 활동 증가","M","50대","700만원 이상","서울"
"53336703","20240408","보통이다","항상 똑같다고 생각해서","F","40대","300~500만원 미만","서울"
"53336718","20240408","매우 만족한다","혼자만의 시간을 많이 가지며 여행에 대한 만족도가 높음","M","30대","500~700만원 미만","인천"
"53336724","20240408","만족하는 편이다","자주 여가생활을 즐길수 있어서","M","19~29세","700만원 이상","울산"
"53336741","20240408","불만족하는 편이다","하고싶은걸 맘대로할수없는경제력","F","60대","없음/모름/무응답","서울"
"53336832","20240408","보통이다","특별한 감흥이 없음","M","40대","500~700만원 미만","서울"
"53336851","20240408","보통이다","경제적 문제","F","50대","300만원 미만","경기"
"53336969","20240408","보통이다","없음","M","50대","300만원 미만","경남"
"53337645","20240408","보통이다","여가활동에 관한 자금이 모자라지만 만족한다","M","50대","300~500만원 미만","경기"
"53337715","20240408","보통이다","이유없음","M","60대","500~700만원 미만","전북"
"53337796","20240408","보통이다","만족 불만족 어느쪽으로도 기울지 않아서입니다 그저 그렇기 때문입니다","F","50대","500~700만원 미만","충남"
"53337987","20240408","보통이다","잦은 야근으로 평일 여가시간 부족","F","30대","없음/모름/무응답","인천"
"53338255","20240408","만족하는 편이다","내가 만족하고 있고..여유도있고..건강한모습이라서","F","40대","300만원 미만","경기"
"53338307","20240408","만족하는 편이다","잘쉬고 하고싶은건 대부분 한다.","F","19~29세","500~700만원 미만","경기"
"53338385","20240408","보통이다","조금 힘들어 요","F","60대","없음/모름/무응답","경북"
"53338533","20240408","불만족하는 편이다","경제적 여유 ? 시간 부족","M","30대","없음/모름/무응답","경기"
"53338577","20240408","불만족하는 편이다","자녀도있고 돌봐야되므로","M","30대","300만원 미만","대구"
"53338717","20240408","보통이다","비슷해서요","F","30대","300~500만원 미만","충남"
"53338950","20240408","만족하는 편이다","특별한 불편 없이 여가 생활을 즐기고 있음.","M","19~29세","300만원 미만","서울"
"53338952","20240408","불만족하는 편이다","여행하고싶지만 직장생활을 하면서 제약이있다.","F","50대","700만원 이상","경기"
"53338985","20240408","보통이다","늘 하던 종류로 하기때문에 큰 변화가 없음","F","40대","700만원 이상","서울"
"53339004","20240408","보통이다","물가가 너무 많이 올랐다. 그렇지만 활동 자체는 즐겁다.","M","40대","500~700만원 미만","울산"
"53339316","20240408","만족하는 편이다","선택지가 다양해짐","M","30대","700만원 이상","울산"
"53339408","20240408","보통이다","과도한업무로인한 피로함","M","40대","300만원 미만","경북"
"53339475","20240408","보통이다","강하게 끌리는거 찾기 어려워서 습관적으로 시행하다보니 만족도 보통으로 느껴집니다","F","60대","300~500만원 미만","강원"
"53339497","20240408","만족하는 편이다","퇴직후 시간이 많아짐","F","50대","300~500만원 미만","경기"
"53339534","20240408","보통이다","더워서 아외활동은 못하고 실내에만 있어서","F","50대","700만원 이상","경기"
"53339762","20240408","보통이다","최근 시간의 부족으로 충분한 여가생활을 보내지 못함","M","60대","700만원 이상","울산"
"53339888","20240408","만족하는 편이다","만족하는편ㅇ다","M","30대","300만원 미만","대구"
"53339922","20240408","만족하는 편이다","하고싶은거 하고 살아서...","F","30대","없음/모름/무응답","서울"
"53339977","20240408","매우 만족한다","건강을 지길 수 있어 좋습니다","M","60대","300~500만원 미만","울산"
"53340231","20240408","만족하는 편이다","시간적으로 여유가.있다","M","40대","300~500만원 미만","경기"
"53340286","20240408","만족하는 편이다","건강이 좋아짐","M","40대","300~500만원 미만","경기"
"53340349","20240408","불만족하는 편이다","시간과 경제적인 부분이 부족","F","40대","500~700만원 미만","서울"
"53340783","20240408","만족하는 편이다","시간적 여유가 많아서 재택 근무인 날에는 시간적 여유가 많아 여가를 충분히 즐기고 있다 출퇴근 시간이 줄어들어서 그 시간에 여가를 즐긴다","F","30대","300~500만원 미만","경기"
"53340836","20240408","보통이다","특별한 변화 없음","M","50대","700만원 이상","서울"
"53340862","20240408","보통이다","항상 변함없는 연속의 루틴 여가생활이어서","F","60대","없음/모름/무응답","경북"
"53340902","20240408","보통이다","습관적","M","50대","700만원 이상","강원"
"53340975","20240408","만족하는 편이다","내가 원하는 시간에 할수있어서","M","60대","700만원 이상","서울"
"53341189","20240408","만족하는 편이다","하고싶은것 하면서 자기만족","M","50대","700만원 이상","전남"
"53341458","20240408","보통이다","시간은 있으나 여가 비용이나 시설이 부족함","M","30대","300~500만원 미만","서울"
"53341651","20240408","보통이다","평소와 별다른 변화가 없어서.","F","50대","300만원 미만","서울"
"53341790","20240408","보통이다","시간적여유가 없음","F","40대","700만원 이상","서울"
"53341801","20240408","보통이다","하고싶은일을 함에 제약이 많음","M","30대","300~500만원 미만","서울"
"53341860","20240408","보통이다","예전과비슷","M","40대","500~700만원 미만","경남"
"53342157","20240408","만족하는 편이다","전반적으로 인터넷 검색해서 많이 접하고 참가함","F","40대","300만원 미만","충북"
"53342163","20240408","보통이다","특별한 만족도 증가가 없음 다만 좀더 집중적으로 한 분야에 여가를 즐길 수 있어서 좋은점도 있지만 반면 경제적인 여유는 많이 줄어듬","M","40대","300~500만원 미만","경남"
"53342169","20240408","만족하는 편이다","운동 한가지 더 시작함","F","60대","300~500만원 미만","경남"
"53342203","20240408","보통이다","변화없음","M","50대","700만원 이상","경기"
"53342391","20240408","만족하는 편이다","여유롭게 지내고 있다고 생각한다","F","19~29세","500~700만원 미만","서울"
"53342497","20240408","보통이다","특별한 경험이없다","M","30대","300~500만원 미만","경기"
"53342673","20240408","만족하는 편이다","자녀를 결혼시킨후 경제적 여유와 시간적 여유와 하고자하는 열정을 가지고 적극적으로 하고싶은것을 찾아서 하니 만족도 가 높은점","M","60대","300만원 미만","광주"
"53342797","20240408","만족하는 편이다","가고싶은곳을가고 먹고 쉴수있어서","F","40대","없음/모름/무응답","경기"
"53342929","20240408","보통이다","큰 변도?다","M","60대","300만원 미만","세종"
"53342960","20240408","만족하는 편이다","시간적인 여유와 시설에 대한 만족","M","50대","500~700만원 미만","경기"
"53343221","20240408","보통이다","그냥 평소와비슷해서","F","40대","700만원 이상","서울"
"53343514","20240408","보통이다","매일 같아서","M","50대","300~500만원 미만","서울"
"53343720","20240408","만족하는 편이다","경기가 않좋아서 시간적여유 때문","M","40대","없음/모름/무응답","충남"
"53343788","20240408","보통이다","보통하는대로하고있다","M","60대","300~500만원 미만","경기"
"53343847","20240408","만족하는 편이다","스트레스를 해소할 정도로 여가생활을 하고 있음","M","19~29세","없음/모름/무응답","서울"
"53343995","20240408","만족하는 편이다","만족도가 있어서","M","60대","700만원 이상","강원"
"53344008","20240408","만족하는 편이다","가까운데 모든인프라가되어있어 편하게 여가를 즐길수밌기때문","M","60대","500~700만원 미만","인천"
"53344128","20240408","만족하는 편이다","즐거웠다","M","60대","500~700만원 미만","서울"
"53344327","20240408","불만족하는 편이다","시간적 여유가 없어서 여유롭게 여가를 즐기지 못함","F","40대","500~700만원 미만","충남"
"53344340","20240408","만족하는 편이다","여유있는 해외여행 참가","M","40대","700만원 이상","서울"
"53344449","20240408","만족하는 편이다","꾸준한여가생활유지","F","40대","300~500만원 미만","광주"
"53344499","20240408","보통이다","일상적이어서","M","60대","300~500만원 미만","서울"
"53344612","20240408","보통이다","질이떨어짐","M","40대","700만원 이상","인천"
"53344726","20240408","만족하는 편이다","스트레스해소","F","50대","500~700만원 미만","강원"
"53344885","20240408","보통이다","딱히 욕심을 내지 않기 때문에...","M","40대","300~500만원 미만","인천"
"53345188","20240408","만족하는 편이다","충분한시간 경제적인여유 동반자등","F","60대","700만원 이상","충남"
"53345285","20240408","보통이다","비용증가로","M","50대","700만원 이상","서울"
"53345367","20240408","보통이다","시간이 부족해서","F","50대","없음/모름/무응답","충북"
"53345371","20240408","만족하는 편이다","내가 하고싶은걸해서","M","40대","500~700만원 미만","전북"
"53345555","20240408","보통이다","평소와 다름없음","F","40대","700만원 이상","경기"
"53345606","20240408","만족하는 편이다","내가 원하는 여가시간을 보냄","F","40대","300만원 미만","부산"
"53345743","20240408","보통이다","특별한 사연이없어","M","60대","없음/모름/무응답","충남"
"53345782","20240408","매우 불만족한다","시간과 체력 부족","F","30대","700만원 이상","강원"
"53345814","20240408","만족하는 편이다","하고싶은 시간에 하고싶은 것을 할수있어서","M","60대","700만원 이상","서울"
"53345937","20240408","보통이다","주변에 공원 도서관 등이 없다.","F","60대","300만원 미만","서울"
"53345973","20240408","보통이다","피곤하여 여가생활 거의 못함","M","50대","700만원 이상","부산"
"53345992","20240408","보통이다","경제력","F","30대","300~500만원 미만","경북"
"53346066","20240408","보통이다","특별함이없다","M","50대","300~500만원 미만","대전"
"53346177","20240408","보통이다","그냥","F","40대","300만원 미만","광주"
"53346199","20240408","만족하는 편이다","그럭저럭 돈도 모으고 할 수 있는 것을 왠만해서 다 한 것 같음","F","19~29세","500~700만원 미만","강원"
"53346254","20240408","불만족하는 편이다","금전적인 부분","M","30대","300만원 미만","경남"
"53346284","20240408","매우 불만족한다","시간을 버리는 것 같아서","M","19~29세","700만원 이상","서울"
"53346344","20240408","만족하는 편이다","교통이 편리하고 여가활동에 만족","F","60대","300만원 미만","부산"
"53346353","20240408","보통이다","여가 생활을 위해서는 충분한 돈과 시간이 필요한데 직장인으로서 두가지 모두 부족하다고 느끼기 때문에","F","30대","700만원 이상","서울"
"53346546","20240408","매우 불만족한다","육체적 건강과 정신적인 건강이 좋지도 않지만 가정 경제가 너무 많이 어려워져서","F","60대","300만원 미만","부산"
"53346577","20240408","보통이다","만족스럽게 활용하지못하는것같아서","F","50대","700만원 이상","강원"
"53346652","20240408","보통이다","특별히 특별할것이 없다","M","19~29세","300만원 미만","전남"
"53346653","20240408","보통이다","물가가 많이 올랐어요","F","40대","없음/모름/무응답","세종"
"53346851","20240408","불만족하는 편이다","시간적 여유 부족","F","50대","300~500만원 미만","부산"
"53346866","20240408","불만족하는 편이다","돈","F","40대","없음/모름/무응답","경남"
"53347000","20240408","만족하는 편이다","국내 남해로 숙박여행을 합리덕인 금액을 여행비용으로 지출하고 다녀오면서 자연풍경과 낚시를 통해 힐링 할 수 있었음","F","40대","500~700만원 미만","서울"
"53347023","20240408","불만족하는 편이다","시간부족","M","50대","500~700만원 미만","경기"
"53347061","20240408","보통이다","시간적 여유가 없어서","M","19~29세","없음/모름/무응답","강원"
"53347097","20240408","만족하는 편이다","시간과 경제적 여유","M","50대","700만원 이상","전북"
"53347125","20240408","만족하는 편이다","좋으니깐","M","50대","700만원 이상","세종"
"53347178","20240408","매우 만족한다","시간 여유가 많다","M","60대","300~500만원 미만","강원"
"53347221","20240408","보통이다","여가시간을 보내는데 큰 불만이없고 대체적으로 시간있을때 잘보내고있는듯해서요","F","30대","300만원 미만","인천"
"53347350","20240408","만족하는 편이다","바쁘지마누하루여유가 없어서 적은 여유로 하는 것에 만족한다","F","30대","300만원 미만","충북"
"53347359","20240408","보통이다","항상패턴이 똑같다","M","60대","300만원 미만","광주"
"53347819","20240408","만족하는 편이다","스트레스 잘풀고","M","19~29세","300만원 미만","경기"
"53347913","20240408","만족하는 편이다","원할 때 저렴한 비용으로 하고 있음","M","30대","300~500만원 미만","서울"
"53347930","20240408","만족하는 편이다","비용도많이들지않고 집에서가까워 이용하기가편리하다","F","60대","500~700만원 미만","경남"
"53347984","20240408","보통이다","매년 그랬던것 같다","F","40대","300만원 미만","서울"
"53347995","20240408","보통이다","여가를 즐긴다는 생각이 들지않는다","F","60대","700만원 이상","충남"
"53348224","20240408","보통이다","특별한 점 없이 평범하다","F","19~29세","500~700만원 미만","서울"
"53348328","20240408","매우 불만족한다","갈려나가요","M","19~29세","700만원 이상","경기"
"53348356","20240408","보통이다","주변시설부족","F","60대","300~500만원 미만","서울"
"53348415","20240408","보통이다","특별히 더 만족 안하기 때문","M","60대","300~500만원 미만","충남"
"53348515","20240408","보통이다","달라진것이 없다","M","60대","500~700만원 미만","서울"
"53348603","20240408","만족하는 편이다","내 생활에 만족","F","40대","500~700만원 미만","전남"
"53348924","20240408","보통이다","시간과경제적인면에서부족","F","50대","300~500만원 미만","인천"
"53349009","20240408","보통이다","예년과 같아서","M","30대","700만원 이상","서울"
"53349150","20240408","만족하는 편이다","가족간 우애도 좋아졌고 운동으로인해 건강도 좋아지는걸 느끼니까 더 재미있고 만족도도 좋아지고있음","M","60대","300~500만원 미만","경기"
"53349199","20240408","만족하는 편이다","맘맞는 가족들과의 여행은 언제나 설레고기대되고즐겁다","F","50대","500~700만원 미만","충남"
"53349318","20240408","보통이다","비용적인 부담","F","30대","없음/모름/무응답","서울"
"53349438","20240408","만족하는 편이다","내가 하고싶은 것을 내의지대로 할 수 있어서","M","50대","300~500만원 미만","경북"
"53349507","20240408","만족하는 편이다","주말에 가족들과 함께하는 시간이 늘어서","M","40대","없음/모름/무응답","경남"
"53349530","20240408","만족하는 편이다","만족하기 때문에","M","19~29세","없음/모름/무응답","경기"
"53349618","20240408","보통이다","불편함없이 잘 이용","F","30대","500~700만원 미만","대구"
"53349748","20240408","보통이다","비슷","M","50대","500~700만원 미만","경기"
"53349760","20240408","보통이다","별다를게 없어서","F","19~29세","300만원 미만","경기"
"53349822","20240408","보통이다","평소와크게달라진점이 없음","F","19~29세","없음/모름/무응답","충북"
"53349847","20240408","보통이다","과하지않고 적당히 해서","M","40대","500~700만원 미만","서울"
"53349973","20240408","보통이다","취업준비의압박으로 경제적 심적 여유 줄어듬","F","30대","300~500만원 미만","부산"
"53350042","20240408","보통이다","크게 다를게 없어서","F","30대","300~500만원 미만","서울"
"53350059","20240408","만족하는 편이다","경제활동을 통해 여유가 생겼음","F","19~29세","300만원 미만","경남"
"53350073","20240408","만족하는 편이다","여가시설이 우수하다","M","30대","700만원 이상","대구"
"53350214","20240408","만족하는 편이다","친구들과 국내여행을 재밌게 다녀왔다","M","30대","700만원 이상","경기"
"53350264","20240408","보통이다","변한게 거의 없어서 입니다","M","40대","300만원 미만","부산"
"53350373","20240408","보통이다","근무시간","M","19~29세","300만원 미만","강원"
"53350470","20240408","만족하는 편이다","가족들과보낸시간이증가","M","40대","700만원 이상","전북"
"53350704","20240408","보통이다","육아로 쉴 틈이 나질 않습니다","F","40대","500~700만원 미만","서울"
"53350893","20240408","만족하는 편이다","만족","M","50대","700만원 이상","경남"
"53351000","20240408","보통이다","여행지에 인프라가 약해서","F","50대","300만원 미만","부산"
"53351043","20240408","보통이다","시간은 많으나 돈이 부족함","M","30대","없음/모름/무응답","대구"
"53351125","20240408","만족하는 편이다","배우고 싶었던걸 해 봐서 좋았음","F","50대","500~700만원 미만","경북"
"53351150","20240408","보통이다","장소부족","F","50대","300만원 미만","경남"
"53351266","20240408","만족하는 편이다","생활을 잘 누리고 있기 때문이다","F","60대","500~700만원 미만","경북"
"53351312","20240408","매우 불만족한다","잦은 회식과 휴일이 줄어듬","M","30대","300~500만원 미만","울산"
"53351322","20240408","보통이다","적극성부족","F","60대","500~700만원 미만","서울"
"53351434","20240408","보통이다","시간적 여유가 점점 줄어 들 것 같음","F","40대","300만원 미만","충남"
"53351500","20240408","만족하는 편이다","욕심을 버리고 가진것에 만족할려고 하니 마음이 편하고 꿈을 이루기위해 무의식에 원하는모습각인시키며 기도와액션으로 앞으로 나아가고있으며 곧성공하여 배풀며 살아걸것입니다","F","50대","300만원 미만","경기"
"53351917","20240408","불만족하는 편이다","시간이 부족하다","M","60대","500~700만원 미만","서울"
"53351930","20240408","매우 만족한다","시험이 끝나고 여유가 생김","F","19~29세","700만원 이상","부산"
"53352005","20240408","보통이다","그럭저럭 평이하다고생각","F","50대","700만원 이상","부산"
"53352019","20240408","보통이다","보통","F","40대","300만원 미만","경기"
"53352106","20240408","보통이다","ㅇㅇ","M","19~29세","없음/모름/무응답","부산"
"53352113","20240408","보통이다","감사합니다","M","40대","300~500만원 미만","전북"
"53352205","20240408","만족하는 편이다","자유롭게 시간을 낼 수있다","F","50대","700만원 이상","인천"
"53352350","20240408","보통이다","특별히 활동이 많지 않아서","F","60대","700만원 이상","경북"
"53352429","20240408","보통이다","경비부족","F","50대","300~500만원 미만","서울"
"53352484","20240408","보통이다","친구를 만남이 특별하지 않았다.","F","50대","500~700만원 미만","인천"
"53352568","20240408","불만족하는 편이다","여가활동이 다양하지 않아서","F","40대","300~500만원 미만","충남"
"53352583","20240408","보통이다","시간을 내서 하는 여가가 아닌 남는 자투리 시간에 하는 여가이므로","M","30대","300만원 미만","강원"
"53352693","20240408","불만족하는 편이다","여가생활을 충분히 즐길수 있는 시간이 없어서","F","30대","500~700만원 미만","강원"
"53352696","20240408","보통이다","보통이다","F","19~29세","700만원 이상","충남"
"53352793","20240408","만족하는 편이다","여유가 있다","M","50대","500~700만원 미만","강원"
"53352937","20240408","불만족하는 편이다","일하느라 시간 내기가 쉽지 않아서","F","60대","300~500만원 미만","서울"
"53353014","20240408","보통이다","변한게없음","M","50대","500~700만원 미만","경기"
"53353045","20240408","만족하는 편이다","기반 시설이 대체적으로 잘 되어있다","M","60대","700만원 이상","서울"
"53353344","20240408","보통이다","일상생활 에 큰 변화가 없다","F","60대","500~700만원 미만","강원"
"53353360","20240408","만족하는 편이다","여유시간이 많아져서","M","50대","700만원 이상","충북"
"53353361","20240408","만족하는 편이다","즐겁게 할 수 있는 정도의 인프라가 있음","F","40대","500~700만원 미만","대전"
"53353816","20240408","만족하는 편이다","시간적여유","M","50대","700만원 이상","전북"
"53353861","20240408","만족하는 편이다","작년에는 여가생활을 못했으나 올해부터는 할수있어서 만족합니다","F","50대","없음/모름/무응답","강원"
"53353930","20240408","보통이다","보통","F","40대","300만원 미만","대전"
"53353985","20240408","보통이다","그렇다할 즐거움은 없음","F","19~29세","300만원 미만","경기"
"53354098","20240408","보통이다","금전적 여건이 부족하다","F","40대","300~500만원 미만","경남"
"53354099","20240408","보통이다","변한게 없어서요","M","50대","300만원 미만","광주"
"53354123","20240408","보통이다","똑같다","M","40대","없음/모름/무응답","부산"
"53354235","20240408","보통이다","나이때문에","F","30대","없음/모름/무응답","인천"
"53354282","20240408","보통이다","활동 범위가 비슷하다","F","40대","700만원 이상","대구"
"53354297","20240408","보통이다","별다른 사항이 없다","F","40대","300만원 미만","경기"
"53354354","20240408","보통이다","느낌상","M","40대","300만원 미만","세종"
"53354356","20240408","만족하는 편이다","움직일 수 있는 건강이 있어서","M","60대","300만원 미만","강원"
"53354478","20240408","만족하는 편이다","활동을 통한 힐링","M","50대","300만원 미만","대전"
"53354693","20240408","만족하는 편이다","비용이들기는 하지만 원할때휴가를 쓸 수 있어서 제약사항이 많지 않다.","M","40대","300~500만원 미만","서울"
"53354745","20240408","보통이다","좋지도 싫지도 않음","F","30대","없음/모름/무응답","인천"
"53354755","20240408","만족하는 편이다","마스크를 쓰지 않고 좀 더 자유롭다","F","30대","500~700만원 미만","대전"
"53354882","20240408","만족하는 편이다","내가 감당할 수 있는 경제적 환경에서 최대한으로 하고 있기 때문에 만족스럽다","F","30대","300~500만원 미만","서울"
"53354928","20240408","만족하는 편이다","무난하다","M","50대","700만원 이상","강원"
"53355113","20240408","만족하는 편이다","몇년간 계속 해오던 취미생활이라 좋아요. 만족함","F","40대","700만원 이상","전남"
"53355182","20240408","보통이다","시간적인 여유가 부족하다","F","60대","300만원 미만","서울"
"53355360","20240408","보통이다","여가시간에 만족함","M","30대","500~700만원 미만","인천"
"53355384","20240408","보통이다","음주를 많이 항","M","50대","300~500만원 미만","대구"
"53355474","20240408","만족하는 편이다","내가 하고싶은거 할 수 잇으니까","F","30대","없음/모름/무응답","경기"
"53355545","20240408","매우 불만족한다","육아로 인해 여가 시간이 없음","F","30대","500~700만원 미만","광주"
"53355573","20240408","보통이다","시간 여건 등으로","F","60대","없음/모름/무응답","부산"
"53355764","20240408","보통이다","항상 비슷 한 루틴","F","60대","500~700만원 미만","인천"
"53355797","20240408","불만족하는 편이다","이런저런 부모님의 건강상태에 따라 요양해야하므로 쉬는 시간을 가지기 힘들고 스트레스를 많이 받고있다","F","60대","300만원 미만","경기"
"53356041","20240408","보통이다","작년이랑 비슷하게 보내고","F","30대","700만원 이상","강원"
"53356058","20240408","보통이다","시간이 없으므로","M","50대","300~500만원 미만","전남"
"53356414","20240408","보통이다","그냥","M","30대","500~700만원 미만","서울"
"53356418","20240408","보통이다","좀더 많은 시간을 내서 하고 싶은데 여건이 안따름","M","50대","300~500만원 미만","인천"
"53356446","20240408","보통이다","큰 변화 없이 평소와 비슷한 수준이라서...","M","60대","300만원 미만","울산"
"53356478","20240408","보통이다","주변시설적음","M","40대","500~700만원 미만","전남"
"53356509","20240408","보통이다","시간이.그렇다","F","50대","300~500만원 미만","강원"
"53356694","20240408","보통이다","없음","M","60대","300만원 미만","대전"
"53356830","20240408","만족하는 편이다","돈 걱정 안하고 가족들과 함께 또는 혼자~ 원하는것 원하는 곳에 갈 수있다는것이 제일 만족할만한 부분","F","40대","700만원 이상","경남"
"53356842","20240408","만족하는 편이다","시간과 경제적으로 여유가 있는 편이고 여가활동으로 인해 자기만족과 편안함을 느끼기 때문임","F","60대","300~500만원 미만","광주"
"53356866","20240408","불만족하는 편이다","돈이 부족하다","M","30대","300~500만원 미만","경기"
"53357049","20240408","만족하는 편이다","하고 싶은걸 다 하는 편임","F","60대","700만원 이상","경북"
"53357169","20240408","보통이다","만족도 불만족도 아님","M","30대","300~500만원 미만","경기"
"53357247","20240408","만족하는 편이다","만족","F","50대","500~700만원 미만","서울"
"53357387","20240408","만족하는 편이다","해외여행을 다녀왔음","M","40대","700만원 이상","강원"
"53357420","20240408","매우 만족한다","관광인프라가 다양하기 때문입니다!","M","40대","300만원 미만","인천"
"53357502","20240408","보통이다","그냥 생각이그렇다","F","50대","300만원 미만","대구"
"53357542","20240408","만족하는 편이다","여유있는 직장 근무시간","M","30대","300만원 미만","대전"
"53357778","20240408","만족하는 편이다","혼자 보낼 수 있는 시간이 많아졌음.","F","40대","300~500만원 미만","충북"
"53357931","20240408","만족하는 편이다","주변인프라가 잘되어 있다","M","40대","500~700만원 미만","경북"
"53357939","20240408","보통이다","특별한것은 없습니다","M","60대","700만원 이상","경기"
"53358096","20240408","만족하는 편이다","야외활동이 가능해지고 다 같이 함께할 수 있는 시간이 많아져서","M","50대","700만원 이상","제주"
"53358362","20240408","보통이다","지인과의 비교","M","40대","700만원 이상","경남"
"53358381","20240408","보통이다","경제적으로 더 여유가 필요하다","F","50대","300~500만원 미만","서울"
"53358395","20240408","보통이다","현상황이 지속된지 오래되어서","M","30대","없음/모름/무응답","서울"
"53358506","20240408","만족하는 편이다","접근성이 좋음","F","60대","300~500만원 미만","서울"
"53358521","20240408","매우 만족한다","백수라","M","19~29세","없음/모름/무응답","강원"
"53358612","20240408","만족하는 편이다","모든 활동을 긍정적으로 맞추다 보니 시간이되고 만족을 느낄수있음","F","60대","없음/모름/무응답","제주"
"53358815","20240408","보통이다","늘 같은 동선.","M","50대","300~500만원 미만","경북"
"53358824","20240408","보통이다","무난하다","M","19~29세","500~700만원 미만","대구"
"53358877","20240408","보통이다","날씨탓에 제한이 있었음","F","30대","300~500만원 미만","경북"
"53359058","20240408","만족하는 편이다","자유롭게 여행지 등 선택가능하고 체험도 폭넓게 즐길수 있어서","M","50대","700만원 이상","경북"
"53359151","20240408","만족하는 편이다","하고 싶은것을 거의 다했어요","F","40대","500~700만원 미만","서울"
"53359160","20240408","만족하는 편이다","좋은날씨","M","60대","700만원 이상","강원"
"53359418","20240408","보통이다","시간적여유가 많지않아서","F","40대","700만원 이상","경남"
"53359422","20240408","만족하는 편이다","시간 경제적 충분 동반자좋음","F","60대","700만원 이상","충남"
"53359800","20240408","만족하는 편이다","한가한 시간과 여유시간을 가져봄","F","50대","300~500만원 미만","전북"
"53359865","20240408","보통이다","회사가 바쁜이유로 시간적인 여유가생활을 가지지못햇다","M","50대","700만원 이상","경북"
"53360511","20240408","보통이다","시간이 없다","F","40대","700만원 이상","경북"
"53360533","20240408","만족하는 편이다","원하는대로 할 수 있음","F","19~29세","300~500만원 미만","서울"
"53360749","20240408","만족하는 편이다","지금까지 꾸준히 하고있는 연장선으로 계속하고 있는것에 만족임","F","60대","300~500만원 미만","서울"
"53360992","20240408","보통이다","시간부족","M","30대","300~500만원 미만","부산"
"53361099","20240408","보통이다","시간 비용이 적절치 않아","M","60대","300~500만원 미만","대전"
"53361104","20240408","만족하는 편이다","행복하고 즐겁다","F","50대","300~500만원 미만","경북"
"53361143","20240408","보통이다","동호회에서 즐겁게 운동하지만 가끔 스트레스 받을때가 있어","F","40대","300만원 미만","전남"
"53361167","20240408","만족하는 편이다","시간및 비용에 부담 없음","M","50대","700만원 이상","인천"
"53361642","20240408","보통이다","머니","F","40대","없음/모름/무응답","경기"
"53361896","20240408","보통이다","특별히 환경이 달라지지 않았다.","M","30대","700만원 이상","서울"
"53362045","20240408","매우 만족한다","방학중이다","M","30대","300~500만원 미만","충남"
"53362079","20240408","보통이다","경기가 안 좋지만 억지로 다니는 경우가 많다","M","50대","500~700만원 미만","대구"
"53362324","20240408","보통이다","육아로 인해 여가시간이 없음","F","30대","300~500만원 미만","서울"
"53362353","20240408","보통이다","주변에 만족할 만한 여가시설이 부족하다","M","60대","300만원 미만","전남"
"53362428","20240408","보통이다","돈도 부족하고 시간도 부족하다","M","30대","300만원 미만","서울"
"53362736","20240408","불만족하는 편이다","시간이 너무 부족하고 물가가 너무 올라서 여가활동을 즐기기 힘들다","F","30대","없음/모름/무응답","서울"
"53362799","20240408","보통이다","시간 구애받지않음","F","30대","없음/모름/무응답","충북"
"53362809","20240408","보통이다","적당함","F","40대","700만원 이상","부산"
"53362819","20240408","만족하는 편이다","다양하게 활동했기 때문이다.","M","19~29세","없음/모름/무응답","서울"
"53363031","20240408","만족하는 편이다","원하는 강좌를 수강할수 있어서","F","40대","300~500만원 미만","대구"
"53363038","20240408","보통이다","다른먼가를 할 생각이 없어서","M","40대","300~500만원 미만","충남"
"53363152","20240408","매우 불만족한다","재미가 없다","M","30대","300~500만원 미만","경기"
"53363253","20240408","매우 불만족한다","회사적응기간 한달 조금 넘어서 여유시간 자체가 없습니다","F","19~29세","300만원 미만","전북"
"53363320","20240408","만족하는 편이다","생활이 윤택해 져서","M","60대","700만원 이상","서울"
"53363458","20240408","만족하는 편이다","즐거운 경험","M","60대","700만원 이상","부산"
"53363537","20240408","매우 만족한다","다양한 취미활동을 하고 있음","F","50대","700만원 이상","경기"
"53363667","20240408","보통이다","여가생활을 딱히 한것도 없어서요","F","40대","300만원 미만","충남"
"53363821","20240408","만족하는 편이다","만족스러운 여가활동","M","30대","300만원 미만","서울"
"53364221","20240408","보통이다","Tv영상이 ?해서","F","40대","300~500만원 미만","강원"
"53364336","20240408","매우 만족한다","여가시간을 잘 활용하고 있다고 생각함","F","19~29세","없음/모름/무응답","서울"
"53364482","20240408","불만족하는 편이다","직장생활을 하게 되어서 여가시간이 크게 줄어들었기때문","F","50대","700만원 이상","대전"
"53364543","20240408","매우 만족한다","없","F","60대","300만원 미만","충남"
"53364628","20240408","보통이다","특별히 좋을 것도 나쁠 것도 없기에 보통이라 한거고 어차피 해야할거라 생각하니 보통이라 한거임","M","60대","300만원 미만","부산"
"53364762","20240408","불만족하는 편이다","시간적여유부족","F","19~29세","300~500만원 미만","대전"
"53365024","20240408","보통이다","전날과 비슷해서","F","19~29세","300~500만원 미만","인천"
"53365088","20240408","보통이다","날이 춥다보니 야외활동을 많이 못해서","F","60대","300~500만원 미만","서울"
"53365210","20240408","보통이다","없음","M","50대","300만원 미만","경남"
"53365357","20240408","보통이다","소득감소. 등","M","50대","700만원 이상","서울"
"53365392","20240408","만족하는 편이다","돈 걱정 시간 걱정 없음","M","30대","300~500만원 미만","경기"
"53365674","20240408","만족하는 편이다","딱히 불편한 점이 없음.","M","40대","700만원 이상","서울"
"53365693","20240408","보통이다","경제적부담","F","60대","300~500만원 미만","서울"
"53365829","20240408","만족하는 편이다","충분한 시간이 있었다.","M","19~29세","300~500만원 미만","강원"
"53365943","20240408","보통이다","시간을정해놓고 앱을통해서 비슷한시간대에보통으로하고있다","F","60대","300~500만원 미만","경기"
"53365954","20240408","보통이다","영화는 힐링이다","M","40대","500~700만원 미만","강원"
"53366134","20240408","만족하는 편이다","여행도 다녀오고 시간적 여유도 충분함","F","30대","300~500만원 미만","대구"
"53366229","20240408","보통이다","달라진게없다","F","60대","500~700만원 미만","강원"
"53366274","20240408","만족하는 편이다","만족하니까","F","19~29세","없음/모름/무응답","서울"
"53366280","20240408","만족하는 편이다","시간과 비용을 감안하여 적절히 이용하므로","F","60대","없음/모름/무응답","대구"
"53366575","20240408","보통이다","전년 보다 시간적 여유가없어 하고 싶은 것을 못해서","F","19~29세","300만원 미만","경기"
"53366649","20240408","만족하는 편이다","다양한 여가시설을 잘 즐겼다","F","19~29세","없음/모름/무응답","세종"
"53366697","20240408","보통이다","비용","F","19~29세","700만원 이상","충북"
"53366756","20240408","보통이다","변화없음","M","60대","500~700만원 미만","전북"
"53366855","20240408","보통이다","특별한게 없음","M","50대","700만원 이상","인천"
"53367094","20240408","보통이다","금전적인 부분을 고려햐서 여가생활을 해야하다보니 원하는 것보다는 현실적인 부분에 맞춰서 움직이다보니 보통이라고 응답.","M","30대","500~700만원 미만","서울"
"53367300","20240408","보통이다","겨울 날씨 관계로","M","60대","300~500만원 미만","경남"
"53367371","20240408","만족하는 편이다","스트레스 해소가 됨","F","19~29세","300만원 미만","서울"
"53367467","20240408","만족하는 편이다","해외여행 다녀옴","M","40대","500~700만원 미만","경북"
"53367561","20240408","매우 만족한다","내가 하고자한 활동을 원하는시간에 다 했기때문에","F","19~29세","500~700만원 미만","서울"
"53367662","20240408","보통이다","보통이라","M","30대","없음/모름/무응답","강원"
"53367667","20240408","만족하는 편이다","장학금 받아서 하고 싶었던걸 다 할 수 있었다.","F","19~29세","300만원 미만","전남"
"53367703","20240408","만족하는 편이다","시간에 구애 받지않고할수있음","F","60대","300~500만원 미만","충남"
"53367820","20240408","보통이다","보통","M","40대","없음/모름/무응답","제주"
"53367914","20240408","보통이다","큰 비용 들이지 않고 내가 하고 싶을 때 하니 늘 비슷하다","F","40대","700만원 이상","경북"
"53367990","20240408","보통이다","건강상의 이유와 시간적이여유가 없다","F","50대","500~700만원 미만","충북"
"53368019","20240408","보통이다","크게 재밌다거나 재미없다고 느끼지못함","F","40대","500~700만원 미만","충남"
"53368067","20240408","만족하는 편이다","비용작년보다저렴이용","F","50대","700만원 이상","서울"
"53368091","20240408","만족하는 편이다","즐기는것이 즐거움","M","50대","700만원 이상","제주"
"53368173","20240408","보통이다","크게 만족감이 없음","M","40대","300~500만원 미만","서울"
"53368199","20240408","보통이다","특별히 변화한게 없음","F","40대","500~700만원 미만","경북"
"53368211","20240408","만족하는 편이다","원하는 만큼 즐겨서","F","19~29세","없음/모름/무응답","강원"
"53368578","20240408","보통이다","일 하는 시간이 들쑥날쑥해서","M","50대","300~500만원 미만","경기"
"53368687","20240408","보통이다","와이프랑 국내여행 하는데 만족합니다","M","50대","700만원 이상","강원"
"53368981","20240408","불만족하는 편이다","여유시간이 없어 여가생활을 제대로 즐기지 못함","F","19~29세","700만원 이상","제주"
"53369003","20240408","만족하는 편이다","할링의 시간이 될수 있었다","F","40대","300~500만원 미만","경기"
"53369084","20240408","만족하는 편이다","시설이 잘 되어있다","M","50대","700만원 이상","충남"
"53369145","20240408","보통이다","변화없음","M","30대","없음/모름/무응답","경기"
"53369317","20240408","매우 만족한다","즐겁게 즐겨서","M","40대","700만원 이상","경기"
"53369371","20240408","보통이다","특별히 재밌게 한 기억이 없음","M","40대","500~700만원 미만","인천"
"53369378","20240408","만족하는 편이다","좋다","F","30대","없음/모름/무응답","광주"
"53369507","20240408","보통이다","내가 원하는 시간에 할 수 있어서...","F","50대","700만원 이상","경기"
"53369899","20240408","보통이다","근처에 인프라가 좋지 않음","F","19~29세","없음/모름/무응답","서울"
"53370045","20240408","보통이다","필요할때 조절해서 여가생활 즐겨서","F","30대","없음/모름/무응답","서울"
"53370118","20240408","불만족하는 편이다","배우고 싶은 수영교실 요가교실 필라테스교실에 야간수업이 있는곳이 드물어서 참여를 하고 싶어도 못한다","F","60대","500~700만원 미만","경기"
"53370159","20240408","만족하는 편이다","오랜만에 가족과의 숙박 여행을 해서 좋았습니다.","M","40대","300만원 미만","전남"
"53370222","20240408","만족하는 편이다","인프라가 충분하다","F","30대","700만원 이상","경기"
"53370397","20240408","보통이다","보통","M","40대","300만원 미만","경북"
"53370400","20240408","보통이다","다쳐서 불편했다","F","50대","700만원 이상","서울"
"53370616","20240408","보통이다","특별한 활동없음","F","30대","300만원 미만","경기"
"53370689","20240408","보통이다","내가할수있는선에서만 하고이써서","F","60대","300~500만원 미만","서울"
"53370752","20240408","보통이다","아이들이 방학이라서 여가생활을 충분히 누리지 못했어요! 오히려 더 나태해지고 생활 리듬이 깨졌네요ㅜㅜ 그래서 <보통>이라고 했어요!","F","40대","700만원 이상","인천"
"53371342","20240408","보통이다","보통이라서","F","40대","300만원 미만","서울"
"53371419","20240408","보통이다","요즘 일이 많아서","M","19~29세","없음/모름/무응답","서울"
"53371525","20240408","불만족하는 편이다","돈과시간이없다.마음의여유가없다.","M","30대","없음/모름/무응답","경북"
"53371591","20240408","보통이다","시간적으로 쫓기고 있어 더 만족도 있는 여가시간을 보내지 못했다.","M","30대","500~700만원 미만","서울"
"53371668","20240408","보통이다","변화된것이 없음","M","60대","300~500만원 미만","경기"
"53371728","20240408","만족하는 편이다","여가생활로인해 스트레스도 풀고 삶에 활력이 되기때문","F","50대","700만원 이상","서울"
"53372070","20240408","보통이다","인프라 부족","F","40대","300만원 미만","경기"
"53372371","20240408","매우 만족한다","내가 원하는 시간에 원하는 장소에서 하고싶은 활동을 할 수 있으므로","F","50대","300만원 미만","대구"
"53372380","20240408","보통이다","특이한게없음","M","40대","없음/모름/무응답","경남"
"53372404","20240408","만족하는 편이다","아직은 덥지 않은 날씨에 자전거타기에 탁좋은 날씨라 만족하는 편이다","M","50대","300~500만원 미만","경북"
"53372483","20240408","보통이다","비슷해서","M","40대","500~700만원 미만","강원"
"53372920","20240408","보통이다","특별한 변화가 없음","M","50대","700만원 이상","전북"
"53373039","20240408","보통이다","특별하게 증가한 것이 아니기때문에","M","19~29세","없음/모름/무응답","인천"
"53373269","20240408","만족하는 편이다","직접 체험을 하기 때문에","M","40대","300~500만원 미만","강원"
"53373562","20240408","보통이다","시간은 있지만 맞지 않았고 금전부분 비싸고 다양하게 접하지 못하여서","F","40대","없음/모름/무응답","전북"
"53373741","20240408","보통이다","손자육아부담","F","60대","300만원 미만","부산"
"53373836","20240408","보통이다","크게 달라진 것이 ?어서","F","40대","500~700만원 미만","경북"
"53373863","20240408","보통이다","그냥 저냥 만족도 안하고 불만족도 안해서","M","19~29세","없음/모름/무응답","서울"
"53374001","20240408","만족하는 편이다","서로 좋은 취미 활동을 공유","M","60대","500~700만원 미만","서울"
"53374089","20240408","만족하는 편이다","퇴직후 시간이 많은편이라 만족함","M","60대","300~500만원 미만","경남"
"53374387","20240408","만족하는 편이다","특별히 달라진것도 없이 가까운곳에 드라이브를 다녀왔다","M","50대","300~500만원 미만","강원"
"53374638","20240408","만족하는 편이다","삶의활력","M","60대","500~700만원 미만","충북"
"53374776","20240408","보통이다","보편적이어서","M","40대","없음/모름/무응답","광주"
"53374831","20240408","보통이다","특별히 좋은 전시회나 변경사항이 없어서","F","60대","700만원 이상","경남"
"53374888","20240408","만족하는 편이다","재미있게 지내는 편이라","F","50대","500~700만원 미만","강원"
"53374937","20240408","보통이다","새로운 놀거리 부족","M","19~29세","300~500만원 미만","경북"
"53375193","20240408","보통이다","시간부족으로 한계가있음","F","40대","300~500만원 미만","경남"
"53375219","20240408","만족하는 편이다","시간적 여유가 있어서","F","60대","300~500만원 미만","부산"
"53375405","20240408","만족하는 편이다","모든면에 저 자신이 만족하기 때문에","F","60대","없음/모름/무응답","서울"
"53375451","20240408","만족하는 편이다","경제적 시간적 여유가 있음으로 인해 만족스러움","F","60대","300~500만원 미만","경기"
"53375565","20240408","보통이다","적당했다고 생각함","F","19~29세","없음/모름/무응답","대구"
"53375587","20240408","만족하는 편이다","즐거워서","F","19~29세","없음/모름/무응답","대구"
"53375652","20240408","만족하는 편이다","필요한만큼의 시간과비용이 층분함","M","50대","500~700만원 미만","충북"
"53375953","20240408","보통이다","경제적여유","M","50대","500~700만원 미만","부산"
"53376201","20240408","만족하는 편이다","확실히 더 가격이 저렴하고 접근성이 좋다","M","19~29세","700만원 이상","서울"
"53376564","20240408","만족하는 편이다","경제적으로 약간의 여유","M","30대","없음/모름/무응답","세종"
"53376621","20240408","만족하는 편이다","내 마음대로 잘 되는 것 같음","M","60대","500~700만원 미만","부산"
"53376775","20240408","보통이다","접근성","M","60대","500~700만원 미만","경기"
"53376985","20240408","만족하는 편이다","딱히 이유가없다","F","40대","700만원 이상","서울"
"53377216","20240408","보통이다","일상에서 여가 활동을 체계적으로 하고 싶어도 타의에 의해 시간이 불균일하여 하기 어렵고 하더라도 시설이 만족스럽지 못함","M","40대","500~700만원 미만","전남"
"53377318","20240408","보통이다","딱히 특별할 것이 없어서","F","19~29세","없음/모름/무응답","서울"
"52350","20240415","보통이다","변함이없음","M","60대","700만원 이상","경기"
"66504","20240415","만족하는 편이다","원하는 활동이어서","F","30대","300~500만원 미만","서울"
"146337","20240415","매우 불만족한다","새로움이 없음","M","30대","없음/모름/무응답","경남"
"149538","20240415","만족하는 편이다","날씨도 좋고 건강도 좋아서 만족한다","F","60대","700만원 이상","경기"
"238721","20240415","보통이다","만족스럽다","F","50대","300만원 미만","인천"
"254601","20240415","보통이다","즐기지멋했다","M","19~29세","300만원 미만","경기"
"257684","20240415","보통이다","팝업스토어를 방문하고 싶은데 수도권이 아니라서 방문에 어려움이 있음","F","19~29세","300만원 미만","대전"
"265782","20240415","매우 만족한다","인프라 좋음","F","60대","700만원 이상","경기"
"281198","20240415","보통이다","최근에 시간이 없었음","M","19~29세","300~500만원 미만","서울"
"297769","20240415","보통이다","자녀방학으로 인해 돌봄시간 증가로 여가생활 불가함","F","40대","500~700만원 미만","서울"
"324321","20240415","만족하는 편이다","시설이나 비용이 적정함","M","50대","없음/모름/무응답","제주"
"336231","20240415","보통이다","시간이 모자람","F","40대","300만원 미만","대구"
"339300","20240415","만족하는 편이다","모든게수조롭댜","M","60대","300만원 미만","서울"
"365469","20240415","보통이다","큰 변화가 없서서","M","50대","없음/모름/무응답","서울"
"366557","20240415","보통이다","평상시와 같음","M","60대","없음/모름/무응답","강원"
"389201","20240415","만족하는 편이다","최근 콘서트 관람해서","F","30대","없음/모름/무응답","울산"
"394153","20240415","만족하는 편이다","하고 싶은 여가생활을 하는 편이기 때문","F","19~29세","없음/모름/무응답","서울"
"398527","20240415","만족하는 편이다","편하게 여유롭게 움직일수있어서","F","40대","없음/모름/무응답","대구"
"400016","20240415","보통이다","작년과 비수함","M","60대","500~700만원 미만","충남"
"400867","20240415","보통이다","경제적 상황","M","50대","300~500만원 미만","경기"
"408809","20240415","만족하는 편이다","주변에있으므로 비용이적게든다","M","60대","700만원 이상","경기"
"418862","20240415","만족하는 편이다","하고싶은 여가활동을 시간적인 고민없이 할 수 있어서","F","30대","500~700만원 미만","경기"
"419933","20240415","만족하는 편이다","시간과 경제적 여유가 생겼기때문","F","30대","700만원 이상","경기"
"420748","20240415","매우 만족한다","보건소에서 하는 요가 순환운동 하는데 너무 만족합니다. 중구체육회에서 자유공원 걷기운동도 너무 좋아요.","F","60대","300~500만원 미만","인천"
"421289","20240415","보통이다","보통이니까요","M","40대","300만원 미만","경기"
"422097","20240415","보통이다","삶의 만족도가 올라서","M","19~29세","300만원 미만","경북"
"424547","20240415","보통이다","다른 달과 별로 달라진 것이 없다.","F","60대","700만원 이상","서울"
"425439","20240415","보통이다","활동을많이하지않기때문에","F","40대","없음/모름/무응답","경남"
"425872","20240415","보통이다","시간적여유가 부족한편","M","50대","700만원 이상","경남"
"429242","20240415","만족하는 편이다","서천군에 위치한 치유의 숲이 있어서 공기도 좋고 산책도 할수 있어서 너무 좋아요","F","50대","300~500만원 미만","충남"
"429940","20240415","보통이다","평소와 비슷하기에","M","60대","500~700만원 미만","강원"
"430734","20240415","만족하는 편이다","직접 운동하러가 맘껏 즐길수 있어서","F","50대","500~700만원 미만","울산"
"431072","20240415","보통이다","즐겁지만 돈이 한번에 빠져나갈때도있기에","M","30대","300만원 미만","경기"
"439844","20240415","보통이다","생활에 불편함이 없이 시간내어 여가활동하고 있음","M","60대","700만원 이상","울산"
"442108","20240415","보통이다","시간보내기","M","60대","300만원 미만","경남"
"444017","20240415","보통이다","평소와 변함없으니","M","60대","300만원 미만","대전"
"445256","20240415","불만족하는 편이다","힘드네요","M","60대","500~700만원 미만","대구"
"445860","20240415","보통이다","생활의 일부분","M","60대","700만원 이상","서울"
"447315","20240415","보통이다","사는게 여전히 피곤","F","60대","300~500만원 미만","제주"
"450261","20240415","만족하는 편이다","주변 편의시설 및 주차장","M","50대","없음/모름/무응답","강원"
"453053","20240415","보통이다","많이 발전하지 않았다.","F","30대","없음/모름/무응답","서울"
"454411","20240415","만족하는 편이다","시간 경제적으로 여유롭다","F","30대","500~700만원 미만","부산"
"457087","20240415","만족하는 편이다","만족","M","40대","300~500만원 미만","전북"
"459454","20240415","보통이다","이사관계로 시간이부족했다","F","60대","700만원 이상","제주"
"463091","20240415","만족하는 편이다","다양","F","19~29세","700만원 이상","서울"
"463602","20240415","보통이다","시간적 여유와 경제적 여유가 충분하지 못하나 짬짬이 여유생활을 즐기고 있음","F","30대","없음/모름/무응답","충북"
"463926","20240415","불만족하는 편이다","가격이 너무 올라 여가를 즐기기 부담스러움","M","19~29세","300만원 미만","경기"
"465381","20240415","보통이다","굿","M","19~29세","없음/모름/무응답","강원"
"466999","20240415","보통이다","변한게 거의 없다","F","50대","500~700만원 미만","부산"
"467090","20240415","만족하는 편이다","히고 싶은 게 있으면 할 수 있어서","M","19~29세","300~500만원 미만","서울"
"467261","20240415","만족하는 편이다","시간적 경제적으로 여유롭게 친구도 만나고 여행도 가고 잡담도 하는등","F","60대","300~500만원 미만","경남"
"470167","20240415","보통이다","큰변화가없어서","M","60대","700만원 이상","충남"
"471454","20240415","보통이다","큰 변화없이 늘 하던 방식으로 감","M","50대","700만원 이상","충남"
"472208","20240415","만족하는 편이다","내가 계획한대로 실행하였음","F","50대","300~500만원 미만","부산"
"473185","20240415","만족하는 편이다","내마음의 평안","F","50대","500~700만원 미만","서울"
"53322328","20240415","불만족하는 편이다","바쁘고 몸이 아파서","F","50대","300~500만원 미만","전남"
"53322437","20240415","보통이다","날씨가 더워서 외부 활동이 힘들어서","M","40대","300~500만원 미만","경기"
"53322749","20240415","보통이다","다른 할게 없음","M","40대","300만원 미만","충남"
"53322854","20240415","보통이다","특별한점이 없었음","M","30대","없음/모름/무응답","서울"
"53323003","20240415","보통이다","보통이에요","F","19~29세","300만원 미만","전북"
"53323086","20240415","만족하는 편이다","최대한의 시간을 쪼개어 그 시간대에 힐링을 하였으므로","M","50대","300~500만원 미만","경기"
"53323236","20240415","보통이다","보통","M","30대","없음/모름/무응답","제주"
"53323289","20240415","만족하는 편이다","크게 불만 없음","M","50대","700만원 이상","서울"
"53323421","20240415","보통이다","만족스럽지도 불만족스럽지도 않어서","M","30대","700만원 이상","경기"
"53323495","20240415","만족하는 편이다","정신적.육체적 건강","F","50대","300만원 미만","인천"
"53323543","20240415","보통이다","보통이라서","M","30대","300~500만원 미만","충북"
"53323607","20240415","만족하는 편이다","시간 경제적으로 적당하고 힐링된다","F","40대","700만원 이상","부산"
"53323743","20240415","보통이다","그저 그렇다","M","50대","없음/모름/무응답","강원"
"53324431","20240415","불만족하는 편이다","단조로움","M","40대","300~500만원 미만","경기"
"53324432","20240415","보통이다","시간부족","M","40대","300~500만원 미만","서울"
"53324499","20240415","매우 만족한다","할 거 다함","M","30대","700만원 이상","부산"
"53324598","20240415","만족하는 편이다","하고 싶은 활동을 대체적으로 하며 지내므로","F","40대","700만원 이상","인천"
"53324603","20240415","만족하는 편이다","수입","M","40대","500~700만원 미만","경북"
"53324604","20240415","불만족하는 편이다","비용","M","60대","300만원 미만","대구"
"53324918","20240415","만족하는 편이다","코로나.독감 유행이 전제적 예방에 국가가 추가 접종을 시행 행정이 늦어져 작년에 비해 국내보다 국외를 선호하게 되었다","F","40대","700만원 이상","울산"
"53324935","20240415","만족하는 편이다","다른 사람들에 비해 많은 활동을 하는 것 같아서","M","19~29세","500~700만원 미만","세종"
"53324937","20240415","보통이다","여가생활에 대한 특이한 변화가 없어서","M","60대","없음/모름/무응답","제주"
"53325305","20240415","만족하는 편이다","걷기는 주변에 쉽게 경치좋은 곳에서 할수있고 아무때나 할수있고 다른 취미도 인프라가 잘 되있다","M","50대","500~700만원 미만","전남"
"53325340","20240415","보통이다","물가상승","F","30대","300만원 미만","부산"
"53325386","20240415","보통이다","별다른 이유없이 지속적으로 하고있다","M","50대","500~700만원 미만","경기"
"53325478","20240415","불만족하는 편이다","돈이 없고 물가는 오르고 앞날이 블랙","M","50대","300만원 미만","경기"
"53325527","20240415","불만족하는 편이다","시간ㆍ금전","M","50대","없음/모름/무응답","전북"
"53325651","20240415","보통이다","이례적으로 크게 달라진점이 없음","M","30대","300~500만원 미만","충북"
"53325713","20240415","만족하는 편이다","좋아하는거들을 하고있어서","F","40대","300~500만원 미만","경남"
"53325858","20240415","만족하는 편이다","재활을위해시작한 필라테스에 만족하는편이다","F","60대","700만원 이상","강원"
"53325983","20240415","만족하는 편이다","시간적여유","M","50대","없음/모름/무응답","전남"
"53326017","20240415","보통이다","적당하다","F","60대","500~700만원 미만","서울"
"53326063","20240415","만족하는 편이다","시간과비용이많이들지않고서도만족해서","M","60대","700만원 이상","대전"
"53326175","20240415","보통이다","크게 만족하거나 불만족하는 사항 없음 (여가는 여가일 뿐)","M","30대","300만원 미만","경기"
"53326212","20240415","만족하는 편이다","계획한대로 실행해서","F","60대","500~700만원 미만","제주"
"53326254","20240415","보통이다","시간이 부족","F","40대","300만원 미만","서울"
"53326711","20240415","만족하는 편이다","주말에 여가 시간이 충분해서 휴식 및 친구모임을 가질 수 있었다","F","19~29세","500~700만원 미만","부산"
"53326732","20240415","만족하는 편이다","원할때 항상 할수는 없지만 그래도 대부분 할 수 있는 편이어서?","M","40대","300~500만원 미만","서울"
"53326866","20240415","만족하는 편이다","나쁠건 없어서 입니다","M","19~29세","500~700만원 미만","서울"
"53326935","20240415","만족하는 편이다","여가를 통해 회복이 일어남","F","60대","없음/모름/무응답","경기"
"53327211","20240415","만족하는 편이다","해외여행과.자기개발의 중심에 가까워졌기 때문이다","F","19~29세","없음/모름/무응답","경기"
"53327272","20240415","만족하는 편이다","원하는 것을 할 수있기에","M","60대","700만원 이상","경기"
"53327833","20240415","만족하는 편이다","재미있는놀이","M","60대","300만원 미만","서울"
"53327919","20240415","보통이다","변함이 없는편이다","F","60대","300~500만원 미만","서울"
"53327998","20240415","보통이다","시간이 부족함","F","19~29세","없음/모름/무응답","경남"
"53328071","20240415","만족하는 편이다","내가 하고 싶은 여가생활을 내가 하고 싶은 시간대에 모두 할 수 있었기 때문이다","F","19~29세","없음/모름/무응답","충남"
"53328247","20240415","만족하는 편이다","여가생활을 즐기는데 자유로워서","M","40대","300~500만원 미만","전북"
"53329033","20240415","보통이다","변한게 없다","M","19~29세","없음/모름/무응답","전북"
"53329411","20240415","보통이다","평소와 비슷해서","F","40대","700만원 이상","충남"
"53329805","20240415","만족하는 편이다","나쁘진 않았기에..","F","40대","700만원 이상","전남"
"53329952","20240415","만족하는 편이다","하고 싶은 활동을해서","F","50대","700만원 이상","서울"
"53329964","20240415","불만족하는 편이다","사회생활 피로감으로 외출을 자주 못한다","F","30대","500~700만원 미만","경기"
"53330033","20240415","보통이다","무","F","60대","300만원 미만","충북"
"53330068","20240415","보통이다","변화가 없어서 계속 하던대로 하고 있다","M","40대","500~700만원 미만","인천"
"53330084","20240415","만족하는 편이다","없음","M","50대","700만원 이상","강원"
"53330180","20240415","만족하는 편이다","가족과 시간을 보낼수있딘","M","30대","300~500만원 미만","세종"
"53330601","20240415","보통이다","특별히 변화없음","F","30대","700만원 이상","강원"
"53330717","20240415","불만족하는 편이다","가족질병","M","60대","300~500만원 미만","부산"
"53330768","20240415","만족하는 편이다","거의 매주 주말에 걷기를 하였음","M","60대","없음/모름/무응답","서울"
"53331048","20240415","만족하는 편이다","충분히 즐겼다","M","19~29세","300~500만원 미만","서울"
"53331074","20240415","보통이다","여가활동을 평균적으로 진행해서","M","40대","500~700만원 미만","경기"
"53331078","20240415","보통이다","일이 바빠져서 충분히 즐기기 어려워졌다","F","19~29세","없음/모름/무응답","강원"
"53331123","20240415","만족하는 편이다","다양한 것을 했음","M","40대","500~700만원 미만","부산"
"53331173","20240415","불만족하는 편이다","금전적으로 부족해서","F","30대","없음/모름/무응답","서울"
"53331712","20240415","보통이다","돈이없어서 많이 못하는편입니다.","M","30대","없음/모름/무응답","경기"
"53331764","20240415","만족하는 편이다","여가를 즐겼음","F","19~29세","500~700만원 미만","충남"
"53331779","20240415","보통이다","이전과 크게 달라진게 없었음","M","40대","700만원 이상","경남"
"53331901","20240415","보통이다","잘하고 있습니다...","M","50대","700만원 이상","충남"
"53331946","20240415","보통이다","여가시간이지만 여루롭개 지낸것 같지는 안항서","M","40대","300~500만원 미만","충북"
"53332073","20240415","만족하는 편이다","만족합니다","F","30대","500~700만원 미만","인천"
"53332159","20240415","매우 만족한다","할수있는 만큼 걷다보면 즐겁고 행복한 생각만하고 하려고 노력하면서 만족 하고 있어요","F","60대","300만원 미만","충북"
"53332191","20240415","만족하는 편이다","만족함","M","30대","300만원 미만","부산"
"53332420","20240415","만족하는 편이다","원하는 것을 할 수 있어서","F","60대","700만원 이상","경기"
"53332515","20240415","보통이다","없음","M","19~29세","300만원 미만","대전"
"53332543","20240415","만족하는 편이다","만족하니까","F","30대","300~500만원 미만","충남"
"53332562","20240415","만족하는 편이다","만족하는 여행이 되고있어서","M","30대","500~700만원 미만","충북"
"53332734","20240415","불만족하는 편이다","시간 금전적 여유 없음","M","19~29세","700만원 이상","인천"
"53332776","20240415","보통이다","모든 물가상승...","F","60대","300~500만원 미만","충남"
"53332791","20240415","불만족하는 편이다","경제력 저하","M","50대","500~700만원 미만","경기"
"53332829","20240415","만족하는 편이다","경제적 시간적여유가 다소 만족할수 있다","F","60대","700만원 이상","대전"
"53333036","20240415","만족하는 편이다","원하는 시간에 원하는 여가를 즐겼다.","M","30대","없음/모름/무응답","서울"
"53333166","20240415","보통이다","사는거에 변화가 거의 없음","M","30대","없음/모름/무응답","전남"
"53333224","20240415","만족하는 편이다","경제적 부담 없음","F","60대","300~500만원 미만","부산"
"53333338","20240415","만족하는 편이다","스트레스 해소에 도움이 됨","M","50대","300~500만원 미만","경북"
"53333389","20240415","보통이다","특이사항 없슴","M","60대","없음/모름/무응답","강원"
"53333439","20240415","만족하는 편이다","계절적으로 이동하기용이하며 현장만족도가 높음","M","60대","300만원 미만","경남"
"53333496","20240415","만족하는 편이다","내 삶에 여우를 느낀다","F","60대","500~700만원 미만","인천"
"53333711","20240415","만족하는 편이다","봉사활동과손주돌보기등","M","60대","300~500만원 미만","대전"
"53333797","20240415","보통이다","특별한 여가활동이 없었고 일상적 보통의 여가 생활이었슴","M","60대","300~500만원 미만","충남"
"53333806","20240415","보통이다","아직 많인 활동을 못해서","F","19~29세","300만원 미만","서울"
"53333863","20240415","불만족하는 편이다","시간없음","M","30대","300만원 미만","광주"
"53333958","20240415","보통이다","전과 같은 샘활을하기때문","M","60대","700만원 이상","전북"
"53334025","20240415","만족하는 편이다","별로 노력이 안 드는 걸 해서","F","19~29세","없음/모름/무응답","경남"
"53334098","20240415","보통이다","시간도 적당히 있으나 경제적 여유가 덜해서","M","50대","300~500만원 미만","울산"
"53334122","20240415","만족하는 편이다","특별한 불만이 없다","M","50대","700만원 이상","전북"
"53334187","20240415","만족하는 편이다","구애를받지않고자유롭고편해서...","M","60대","700만원 이상","서울"
"53334197","20240415","보통이다","딱히 한일이 없어서","F","40대","500~700만원 미만","인천"
"53334205","20240415","보통이다","크게 변하거나 특이사항이 없음","M","30대","없음/모름/무응답","서울"
"53334383","20240415","불만족하는 편이다","시간이 부족하다","F","50대","500~700만원 미만","경기"
"53334468","20240415","만족하는 편이다","인프라 구성이 필요없어서 만족","M","30대","없음/모름/무응답","제주"
"53334598","20240415","보통이다","시간이 촉박하게","F","60대","500~700만원 미만","대전"
"53334615","20240415","만족하는 편이다","여유있는 시간에 여가생활을 함으로써 마음이 안정된다.","F","19~29세","300~500만원 미만","충남"
"53334690","20240415","보통이다","평소와 별반 다를바 없었음","M","30대","500~700만원 미만","대구"
"53334828","20240415","만족하는 편이다","좋아","F","30대","300~500만원 미만","충남"
"53334856","20240415","만족하는 편이다","편안하고 특별한일이없다","F","50대","500~700만원 미만","전북"
"53335071","20240415","만족하는 편이다","특별한 불만족사항이 없음","M","60대","700만원 이상","충북"
"53335170","20240415","불만족하는 편이다","할 시간이 부족해서","F","19~29세","없음/모름/무응답","강원"
"53335431","20240415","보통이다","글쎄요 저도잘모름","M","40대","300~500만원 미만","서울"
"53335462","20240415","보통이다","자격증 준비로 바빠서 다른 여가생활을 하지 못하고 있다","F","40대","700만원 이상","경기"
"53335552","20240415","보통이다","금전적인 부분에 있어 여가를 즐기는데 적절한 상태이다","M","50대","700만원 이상","경기"
"53335628","20240415","만족하는 편이다","여유로운 시간에 내가 하고 싶은 것을 하고 있으므로 만족함","F","60대","300~500만원 미만","전북"
"53335675","20240415","보통이다","특별히 흥미가 있는 여가생활이 증가하지않음","M","50대","300~500만원 미만","광주"
"53335699","20240415","만족하는 편이다","불편한게없다 요즘 하고싶은거 하고 산다","F","50대","500~700만원 미만","광주"
"53335705","20240415","만족하는 편이다","대도시에 살아서 그나마 인프라가 구축되어있는 편이라고 생각함","M","19~29세","없음/모름/무응답","부산"
"53335723","20240415","보통이다","새해 일과 관련해 계획을 세우고 여가 시간을 만들어야해서","F","50대","700만원 이상","광주"
"53335943","20240415","만족하는 편이다","선택과 등산의 시간의 증가로서 삶의 질이 향상 되었다","M","19~29세","300만원 미만","인천"
"53335982","20240415","불만족하는 편이다","시간과 자금이 없음","M","50대","700만원 이상","서울"
"53336026","20240415","매우 만족한다","형제간의 해외여행이 뜻깊었고 새로시작한 라인댄스가 재있다","F","60대","300~500만원 미만","서울"
"53336275","20240415","보통이다","별 변화가 없음","M","40대","300~500만원 미만","서울"
"53336281","20240415","보통이다","육아로 바빠서 여가생활을 즐길 많은 시간이 부족하지만 점점 시간이 생기는 것 같아서","F","30대","500~700만원 미만","경기"
"53336336","20240415","만족하는 편이다","연말이라 공연을 많이 해서 쉽게 볼 수 있었기 때문","F","19~29세","없음/모름/무응답","경남"
"53336386","20240415","보통이다","Nothinking","M","19~29세","300~500만원 미만","경기"
"53336480","20240415","보통이다","비용적으로 부담이 되어","F","50대","300~500만원 미만","경기"
"53336536","20240415","만족하는 편이다","자녀결혼 남편퇴직후 시간적으로 여유가생겨 부담없이 원하는여가시간을보내고있는편","F","60대","300~500만원 미만","경남"
"53336654","20240415","만족하는 편이다","본인이 원하는 곳을 만족하며 잘 다니고 있다","F","50대","300~500만원 미만","대구"
"53336680","20240415","만족하는 편이다","하고 싶은 적정수준은 즐기고 삽니다.","M","30대","700만원 이상","강원"
"53336755","20240415","만족하는 편이다","나이가 들어감에 따라 나의 수준과 능력에 따른 여가를 하기때문에 만족하는편임","M","60대","500~700만원 미만","경기"
"53336836","20240415","보통이다","시간여유가없어 크게 즐기지못하고있다","F","40대","500~700만원 미만","경기"
"53336905","20240415","만족하는 편이다","여가활동을 하는데 별다른 제약없이 즐김","M","50대","500~700만원 미만","대구"
"53336933","20240415","보통이다","육아로인한 여가생활 즐길 시간이 없음","F","30대","300~500만원 미만","강원"
"53337015","20240415","만족하는 편이다","적당한 즐거움을 주고 있음","M","19~29세","없음/모름/무응답","세종"
"53337071","20240415","만족하는 편이다","여가생활할 시간과 경제적 여유가 있음","F","50대","500~700만원 미만","서울"
"53337137","20240415","보통이다","폭염으로 활동제한","M","60대","300~500만원 미만","부산"
"53337253","20240415","만족하는 편이다","시간을 즐겁게 보내서 만족감이 큼","F","19~29세","없음/모름/무응답","경기"
"53337258","20240415","보통이다","늘상 하는일이라","M","50대","700만원 이상","대구"
"53337355","20240415","보통이다","보통이라서","F","19~29세","500~700만원 미만","서울"
"53337489","20240415","불만족하는 편이다","가족중 질환자로 시간적 여유가 부족","M","60대","500~700만원 미만","충북"
"53337532","20240415","만족하는 편이다","충분한휴식","F","50대","없음/모름/무응답","서울"
"53337708","20240415","만족하는 편이다","노년의 편안함으로..","F","60대","300~500만원 미만","경기"
"53337710","20240415","만족하는 편이다","시간이 많습니다","F","40대","500~700만원 미만","경기"
"53337742","20240415","만족하는 편이다","이걸로 만족하니까요","F","40대","없음/모름/무응답","전북"
"53337749","20240415","보통이다","네","M","19~29세","없음/모름/무응답","경기"
"53337852","20240415","보통이다","크게변화없어서","F","40대","500~700만원 미만","인천"
"53337940","20240415","보통이다","차이없음","F","40대","300만원 미만","경기"
"53337955","20240415","보통이다","경제적으로 여유가 감소했다","F","50대","700만원 이상","서울"
"53338037","20240415","만족하는 편이다","마음먹은대로 움직일수있는 건강과 시간이 있다.","F","60대","700만원 이상","경기"
"53338065","20240415","보통이다","주변시설이 많이 없고 수강하기 쉽지않다","F","50대","700만원 이상","경남"
"53338099","20240415","보통이다","주변 인프라 부족","F","40대","700만원 이상","충남"
"53338151","20240415","만족하는 편이다","경제적으로나 시간적으로 크게 부담없음","M","30대","500~700만원 미만","경기"
"53338160","20240415","만족하는 편이다","재밌다고 느껴서","M","40대","700만원 이상","경기"
"53338267","20240415","보통이다","일때문에 멀리 나와있어 최근 잠깐동안 여가시간이 많이 줄어들었다","M","19~29세","700만원 이상","경기"
"53338271","20240415","불만족하는 편이다","물가상승","M","50대","300~500만원 미만","서울"
"53338376","20240415","보통이다","평상시 대로 하는편이라서","M","60대","없음/모름/무응답","울산"
"53338554","20240415","보통이다","특별히 달라진게 없다.","M","30대","700만원 이상","부산"
"53338573","20240415","만족하는 편이다","만족하니깐","M","19~29세","없음/모름/무응답","전북"
"53338735","20240415","만족하는 편이다","시간적으로 큰 구애없이 여가시간을 보내서","F","50대","500~700만원 미만","경기"
"53338792","20240415","보통이다","날씨가 너무 더워져 등산이 힘듦","F","30대","없음/모름/무응답","제주"
"53338877","20240415","만족하는 편이다","즐겁고 건강에 도움도 되고 친목활동도 겸하게 되어서","F","60대","300~500만원 미만","충북"
"53338887","20240415","만족하는 편이다","만족하는게 우선인거 같아서","M","40대","500~700만원 미만","강원"
"53339186","20240415","보통이다","바뀐게 없음","M","40대","500~700만원 미만","서울"
"53339236","20240415","보통이다","비슷해서","F","30대","300만원 미만","경기"
"53339261","20240415","보통이다","시험 준비로 인해 시간이 없었다","F","19~29세","700만원 이상","서울"
"53339346","20240415","만족하는 편이다","시간적으로 여유가 생긴편이다","M","40대","300만원 미만","경기"
"53339614","20240415","보통이다","그냥 만족한다","M","50대","300~500만원 미만","경기"
"53339615","20240415","만족하는 편이다","내가 누릴 수 있는 활동들을 많이 여유롭게 즐기고 있기 때문이다","M","19~29세","700만원 이상","경기"
"53339733","20240415","보통이다","별다른 변화가 없어서","M","50대","300~500만원 미만","경기"
"53339761","20240415","보통이다","여가 비용이 크게 증가했기 때문이다.","M","19~29세","300~500만원 미만","서울"
"53339827","20240415","보통이다","시간 부족","F","50대","700만원 이상","경기"
"53339835","20240415","보통이다","인접한곳의 인프라부족","M","40대","700만원 이상","경남"
"53339955","20240415","만족하는 편이다","주변 환경이 여가 활동 하기 좋음","M","40대","300~500만원 미만","경북"
"53340051","20240415","만족하는 편이다","해외여행 자격증취득함","M","60대","500~700만원 미만","충남"
"53340086","20240415","만족하는 편이다","비용과 장소 교통편이 잘 갖추어져 있다","M","60대","300~500만원 미만","부산"
"53340094","20240415","보통이다","농번기 일이 바빠 당일치기로 다녀서 피곤하기도 하고 충분한 여유가 없어서","F","50대","700만원 이상","전북"
"53340436","20240415","보통이다","필요한 재료를 구입하기 어려움","F","30대","없음/모름/무응답","전북"
"53340502","20240415","보통이다","늘 같은 여가 생활이라 특별할게 없음","M","40대","300만원 미만","대구"
"53340529","20240415","만족하는 편이다","시간이 있을때 쓸 수 있는 비용이 있는 정도에 만족","F","30대","300만원 미만","세종"
"53340572","20240415","보통이다","경제적이나 시간여유가","M","40대","300~500만원 미만","경남"
"53340675","20240415","만족하는 편이다","시간적 여유가있음","M","50대","300~500만원 미만","서울"
"53340696","20240415","불만족하는 편이다","여행을 더 자주 가고 싶다","F","19~29세","500~700만원 미만","경기"
"53340744","20240415","보통이다","변화가 없다","M","60대","300만원 미만","대전"
"53340950","20240415","만족하는 편이다","건강하기 때문","M","60대","300만원 미만","경기"
"53341062","20240415","보통이다","보통","F","30대","500~700만원 미만","서울"
"53341272","20240415","만족하는 편이다","같이 놀 사람이있어서","M","19~29세","없음/모름/무응답","전남"
"53341352","20240415","만족하는 편이다","시간적 여유가 많아졌다","F","50대","700만원 이상","서울"
"53341537","20240415","보통이다","여가시간 활용의 큰변화가 없음","M","30대","300~500만원 미만","제주"
"53341562","20240415","보통이다","금전적인 이유로 충분히 즐기지못함","M","19~29세","300~500만원 미만","부산"
"53341956","20240415","만족하는 편이다","인프라가 잘 갖춰있어 만족","F","19~29세","700만원 이상","경기"
"53342037","20240415","보통이다","기억에 남는 이색적인 여가생활을 누리진 못했습니다","M","30대","700만원 이상","대구"
"53342118","20240415","보통이다","충분하다고 느끼지 못했다","F","50대","700만원 이상","대구"
"53342499","20240415","보통이다","여가 활동의 선택의 폭이 좁다 주변 인프라가 매우 부족하다 충북에서 돈 벌어서 다른 지역에서 돈 쓴다","F","30대","500~700만원 미만","충북"
"53342652","20240415","만족하는 편이다","평소처럼 생활했기 때문 입니다","F","40대","500~700만원 미만","경남"
"53342827","20240415","보통이다","특별한 활동이 없었기 때문에","F","50대","700만원 이상","서울"
"53343035","20240415","만족하는 편이다","여가생활을 할 시간이 충분하다","F","30대","없음/모름/무응답","경기"
"53343179","20240415","만족하는 편이다","재밌는 영화가 많이 나와서","F","30대","없음/모름/무응답","경기"
"53343397","20240415","보통이다","비슷하게 하고 있어서","F","50대","500~700만원 미만","서울"
"53343513","20240415","보통이다","시간 부족","M","50대","500~700만원 미만","경북"
"53343930","20240415","불만족하는 편이다","보통","M","40대","300~500만원 미만","경북"
"53344034","20240415","보통이다","날씨가너무더워서 활동하기가힘듭니다","F","60대","300만원 미만","대구"
"53344044","20240415","불만족하는 편이다","여기시간 부족","M","50대","300만원 미만","서울"
"53344069","20240415","보통이다","주변시설 부족","F","40대","500~700만원 미만","강원"
"53344101","20240415","보통이다","남들과비교해서 보통 인것같아서","F","60대","300~500만원 미만","부산"
"53344252","20240415","만족하는 편이다","내가 원할때 시간에 구애받지 않아서","F","50대","500~700만원 미만","광주"
"53344324","20240415","만족하는 편이다","내가하고싶은만큼하는편이다","M","50대","500~700만원 미만","전북"
"53344600","20240415","불만족하는 편이다","활동성이 떨어지고 집밖에 안나가게된다","F","30대","없음/모름/무응답","경기"
"53344824","20240415","보통이다","좋은곳이 있을때만 참석함","F","60대","없음/모름/무응답","제주"
"53345080","20240415","보통이다","정보가부족하다고 느낀다","F","40대","500~700만원 미만","강원"
"53345115","20240415","보통이다","만족 불만족이 없으니까요","F","60대","300만원 미만","경기"
"53345153","20240415","만족하는 편이다","시설이 충분하다 거주지 주변 가까이 위치","M","40대","300만원 미만","부산"
"53345372","20240415","보통이다","가능한 시간과 장소를 적당히 선택해서 운동한다","F","60대","500~700만원 미만","경남"
"53345393","20240415","보통이다","일도 해야되고 야근할때도 많아서","M","30대","300~500만원 미만","강원"
"53345582","20240415","보통이다","여가를 즐길 환경부족 경제적 부담증가로 인한 여가비 삭감","M","50대","500~700만원 미만","충북"
"53345723","20240415","불만족하는 편이다","시간부족","M","40대","300~500만원 미만","경기"
"53345835","20240415","보통이다","특별하것이 없음","M","50대","300만원 미만","경기"
"53346027","20240415","매우 불만족한다","시간이 부족하다","M","40대","300만원 미만","충남"
"53346114","20240415","보통이다","보통이니까","M","40대","없음/모름/무응답","서울"
"53346222","20240415","보통이다","최근 1개월 동안의 여가 생활은 크게 불만족스럽지는 않았지만, 특별히 만족스럽지도 않았습니다. 일과 준비해야 할 일들에 우선순위를 두다 보니 여가 시간을 충분히 활용하지 못한 것 같습니다. 예를 들어, 좋아하는 취미인 자전거 타기를 몇 번 했지만, 계획 없이 짧은 거리만 다녀와 아쉬움이 있었습니다. 또한, 특별한 활동이나 새로운 경험 없이 단조로운 일상이 반복되어 여가 시간의 질이 다소 떨어졌다고 느꼈습니다. 앞으로는 여가 시간을 더 체계적으로 계획하여 만족도를 높이고 싶습니다.","M","30대","300~500만원 미만","서울"
"53346503","20240415","만족하는 편이다","하고싶은거 다함","F","30대","300만원 미만","부산"
"53346693","20240415","보통이다","적당하다","M","19~29세","700만원 이상","경기"
"53346808","20240415","매우 만족한다","하고 싶은 거 다해서","M","30대","700만원 이상","세종"
"53346831","20240415","보통이다","건강상태가 안좋아서 많이 못움직여서","F","40대","300~500만원 미만","경남"
"53346854","20240415","보통이다","불만족하지 않아서","F","19~29세","300만원 미만","전북"
"53346873","20240415","보통이다","평소 하는 행동 패턴이라 크게 만족하며 하는 행위가 아님","F","30대","300~500만원 미만","경남"
"53346962","20240415","만족하는 편이다","큰경기가 자주있어서 볼것이많다","F","30대","300만원 미만","대구"
"53347142","20240415","만족하는 편이다","여가 시간 증가","M","30대","500~700만원 미만","충남"
"53347384","20240415","보통이다","별차이가없음","M","30대","없음/모름/무응답","부산"
"53347398","20240415","보통이다","여가생활에 큰의미를 두지 않아서","M","50대","300만원 미만","서울"
"53347532","20240415","보통이다","나름 평범하게 여가 생활을 보냄","M","50대","700만원 이상","서울"
"53347545","20240415","만족하는 편이다","특별히 부족한게 없다","M","19~29세","700만원 이상","강원"
"53347628","20240415","보통이다","일상생활의 변수 갑작스런 집안일 직장일등","M","50대","700만원 이상","충남"
"53347669","20240415","만족하는 편이다","없음","M","60대","300~500만원 미만","인천"
"53347823","20240415","보통이다","시간적 금전적 여유 부족","M","30대","300~500만원 미만","충남"
"53347891","20240415","만족하는 편이다","가족들과 여가를 잘보내고 있다","F","40대","700만원 이상","충남"
"53347912","20240415","만족하는 편이다","시간적 여유와 비용이 저렴하여 만족하는편이다","F","40대","700만원 이상","대전"
"53347914","20240415","보통이다","내 생활에서 여가생활은 삶에있어서 보통이상이 되지않아 보통이라고 응답했어요.","M","60대","300만원 미만","경남"
"53347935","20240415","만족하는 편이다","가족들과 대화를 하는 기회가 많아졌기때문","M","40대","500~700만원 미만","부산"
"53347959","20240415","보통이다","시간이 없다","M","50대","300~500만원 미만","대구"
"53348011","20240415","보통이다","평소 즐기는 방식대로 변함이 없다","F","60대","700만원 이상","서울"
"53348038","20240415","보통이다","마음 편하게 느낌","M","50대","500~700만원 미만","경북"
"53348234","20240415","만족하는 편이다","내가 하고싶은 봉사활동이 주위에서 어는정도 인정해준다","M","50대","300~500만원 미만","충북"
"53348294","20240415","보통이다","경제적인 부분이 넉넉하지 않아서~~","F","50대","700만원 이상","광주"
"53348402","20240415","보통이다","비슷해서","M","19~29세","300만원 미만","충남"
"53348558","20240415","보통이다","육아로 이해 피로도 증가","M","30대","700만원 이상","서울"
"53348626","20240415","보통이다","변화가 없이 항상 같아서...","M","50대","300~500만원 미만","전남"
"53348646","20240415","보통이다","예년과 변동이 없고 평이한 생활 수준이기 때문","M","60대","500~700만원 미만","제주"
"53348758","20240415","보통이다","출근시간이 새벽이라 시간적 여유가 없고 몸이 피곤해서","M","40대","500~700만원 미만","경북"
"53348759","20240415","만족하는 편이다","만족해서","M","19~29세","300만원 미만","강원"
"53348851","20240415","불만족하는 편이다","시간부족","M","30대","300~500만원 미만","대전"
"53348890","20240415","만족하는 편이다","직업 특성 상 출퇴근 시간이 일정하여 여가계획을 짜기에 좋고 내가 즐기는 여가활동이 경제적 비용이 적은 편이다. (도서관 이용 및 무료 시립박물관 이용. 지방 소도시라 같은 공연이라도 서울에 비하여 가격대가 저렴함.)","F","30대","300만원 미만","강원"
"53349083","20240415","만족하는 편이다","여행가서 흴링하고 스트레스 날리고 오니깐","F","60대","700만원 이상","경기"
"53349181","20240415","만족하는 편이다","마음이 편해짐","F","40대","700만원 이상","경북"
"53349197","20240415","만족하는 편이다","즐겁고 기쁜 활동","M","60대","700만원 이상","인천"
"53349204","20240415","보통이다","주변ㆍ산ㆍ공원 많아 좋음","M","60대","300만원 미만","인천"
"53349209","20240415","불만족하는 편이다","주변에 인프라가 부족함","F","30대","700만원 이상","충남"
"53349248","20240415","만족하는 편이다","만족","M","50대","700만원 이상","경기"
"53349310","20240415","보통이다","벽지지역이라 인프라 부족","F","19~29세","없음/모름/무응답","전남"
"53349334","20240415","보통이다","여가를 좀 더 갖고 싶은데 퇴근 이후 가사를 돌보고 나면 여유가 없으니 늘~그대로이다","F","60대","500~700만원 미만","서울"
"53349482","20240415","만족하는 편이다","이유없음","M","40대","300~500만원 미만","서울"
"53349505","20240415","보통이다","하고싶은것을 했기때문에","F","40대","300만원 미만","경기"
"53349663","20240415","만족하는 편이다","여가를즐길기회가많다","F","40대","300만원 미만","전북"
"53349779","20240415","만족하는 편이다","충분한 시간을 들여서 여유있게 즐기는 편이고 지출도 많지 않아 만족하고 있어요","F","50대","300~500만원 미만","서울"
"53349816","20240415","불만족하는 편이다","회사 이직으로 인한 주6일 업무로 인한 시간 부족","M","40대","300~500만원 미만","인천"
"53349913","20240415","만족하는 편이다","편안한잠자리와 맛있는 음식","M","40대","300~500만원 미만","부산"
"53349955","20240415","불만족하는 편이다","경제적 어려움","M","40대","500~700만원 미만","제주"
"53349991","20240415","매우 불만족한다","자금부족","M","40대","300만원 미만","울산"
"53350025","20240415","만족하는 편이다","좋음","F","30대","없음/모름/무응답","강원"
"53350156","20240415","보통이다","그냥 그렇게 생각하고 있기때문에","M","19~29세","500~700만원 미만","경기"
"53350198","20240415","보통이다","뚜렷하게 좋고 나쁨을 평가할만큼의 수준이 아니라서","M","40대","300~500만원 미만","경북"
"53350203","20240415","만족하는 편이다","충분한 시간 동안 즐김","F","30대","700만원 이상","경기"
"53350354","20240415","불만족하는 편이다","일을 시작힌여 여가시간을 즐길 충분한 시간적 여유가없어짐","F","50대","300~500만원 미만","서울"
"53350476","20240415","보통이다","평소대로","M","60대","700만원 이상","강원"
"53350670","20240415","보통이다","큰변화가 없어서..","M","60대","300~500만원 미만","부산"
"53350788","20240415","보통이다","별 불편함이 없어서","M","50대","700만원 이상","부산"
"53350806","20240415","만족하는 편이다","다양하게 만나고 싶은시간, 장소등에 구애를 받지 않아서","F","40대","없음/모름/무응답","충남"
"53350879","20240415","만족하는 편이다","나의 생활의 질을 향상시켜준다","F","40대","700만원 이상","서울"
"53350891","20240415","매우 불만족한다","여가를 보낼 여유가 없음","F","30대","300~500만원 미만","전북"
"53350940","20240415","만족하는 편이다","적당히 즐거운정도로 하고 있어서.","F","19~29세","300만원 미만","서울"
"53351109","20240415","보통이다","딱히 만족도 높은것이 별로 없음","F","40대","500~700만원 미만","경북"
"53351149","20240415","만족하는 편이다","큰 스트레스가 없다","F","40대","700만원 이상","서울"
"53351290","20240415","만족하는 편이다","편하게 접근할 수 있고 사람들과 교류함.","F","60대","500~700만원 미만","인천"
"53351378","20240415","보통이다","별반 달라진게 없다","M","40대","300~500만원 미만","제주"
"53351431","20240415","만족하는 편이다","우선 시간이 여유롭대","F","60대","500~700만원 미만","경북"
"53351521","20240415","만족하는 편이다","영화관에서 영화관람을 크게 선호하는 편인데, 관람료가 부담되기 시작하면서 독서 취미를 새로 시작했습니다. 컨텐츠 소비하는 측면에서 영화 못지 않게 만족도가 높고 장소에 크게 구애받지 않는 점 덕분에 여가를 효과적으로 누리는 것 같아서 만족도가 크게 상승했습니다.","F","30대","300~500만원 미만","경북"
"53351596","20240415","만족하는 편이다","충분히 여유 시간이 있고 경제적인 뒷받침이 됨","M","50대","500~700만원 미만","대전"
"53351642","20240415","보통이다","별다른 흥미가없어서","M","50대","300만원 미만","서울"
"53351768","20240415","보통이다","시간과 재정이 빠듯해서","F","30대","300~500만원 미만","경기"
"53351838","20240415","보통이다","크게 변화가 없다.","M","40대","300~500만원 미만","경기"
"53351866","20240415","만족하는 편이다","만족할만큼 스트레스해소를 하는것같아서","M","19~29세","없음/모름/무응답","경남"
"53352002","20240415","만족하는 편이다","불편함을 못느꼈다","M","50대","300~500만원 미만","대구"
"53352159","20240415","보통이다","많은 변화가 없다","F","60대","500~700만원 미만","전남"
"53352234","20240415","보통이다","하고 싶은 마음 대비 시간적 여유가 없음","M","40대","500~700만원 미만","제주"
"53352255","20240415","만족하는 편이다","낚시.등산을 충분히 즐겼으므로","M","50대","300~500만원 미만","제주"
"53352672","20240415","보통이다","특별하게 여가를 즐기지 않았다","M","50대","300만원 미만","경기"
"53352731","20240415","보통이다","물가가 너무 올랐음","M","30대","500~700만원 미만","경기"
"53352733","20240415","보통이다","경제적 여유가 없음","M","30대","300만원 미만","부산"
"53352871","20240415","보통이다","엄청 좋지도 안좋지도 해서","F","30대","없음/모름/무응답","광주"
"53352993","20240415","만족하는 편이다","배우자와 같이하는 시간이 많아졌어요","F","60대","700만원 이상","대구"
"53353123","20240415","만족하는 편이다","만족하니까","M","60대","300~500만원 미만","서울"
"53353210","20240415","만족하는 편이다","경제적으로나 시간적으로 여유가 있는 편이다","F","60대","300~500만원 미만","서울"
"53353223","20240415","만족하는 편이다","시간이 많고 여가생활 종류가 다양함. 접근성도 좋은 편","F","19~29세","300만원 미만","서울"
"53353247","20240415","보통이다","종전과 변화가 없기때문","M","50대","300~500만원 미만","부산"
"53353480","20240415","보통이다","크게 변한게 없어서","M","50대","700만원 이상","인천"
"53353572","20240415","매우 만족한다","여가생활을 충분히 행복하게 즐기고 있습니다.","F","19~29세","없음/모름/무응답","서울"
"53353635","20240415","보통이다","다양한 일로 시간이 충분치 않음","M","60대","500~700만원 미만","강원"
"53354309","20240415","보통이다","매너리즘에 빠져서","M","30대","700만원 이상","부산"
"53354431","20240415","불만족하는 편이다","시간없음","F","40대","300~500만원 미만","서울"
"53354571","20240415","보통이다","시간부족","F","50대","300만원 미만","강원"
"53354769","20240415","만족하는 편이다","시간이 많았다","F","19~29세","없음/모름/무응답","서울"
"53354974","20240415","보통이다","변화없음","M","50대","300~500만원 미만","강원"
"53355192","20240415","만족하는 편이다","시간적 경제적 여유있다","F","60대","300~500만원 미만","부산"
"53355214","20240415","만족하는 편이다","시간의 여유가 있어 선택의 자유가 넓어짐","F","50대","700만원 이상","대구"
"53355421","20240415","보통이다","즐길거리가 주변에 없다","M","40대","700만원 이상","경남"
"53355484","20240415","보통이다","주변에 뭐가 없다","M","30대","없음/모름/무응답","제주"
"53355492","20240415","보통이다","작년에 비해서 횟수나 빈도는 부족하지만 알찼던것 같아서","F","50대","500~700만원 미만","부산"
"53355512","20240415","보통이다","주변 인프라가 불편하여 주로 멀리 나가거나 해외를 나가는 경우가 많다.","F","50대","700만원 이상","경기"
"53355517","20240415","매우 만족한다","현 상황에 만족","M","50대","700만원 이상","경기"
"53356306","20240415","만족하는 편이다","시간과 경제적으로도 충분한 부분과 함께 즐길 수 있는 친구들이 있어 만족스러움","F","30대","300~500만원 미만","대구"
"53356364","20240415","보통이다","돈이없어서","M","60대","300~500만원 미만","부산"
"53356413","20240415","만족하는 편이다","원하는 여가생활을 충족시키고있어서","F","19~29세","없음/모름/무응답","대구"
"53356433","20240415","보통이다","근로를 하다보니 여가의 시간이 부족해요","F","50대","300~500만원 미만","경남"
"53356479","20240415","매우 불만족한다","게임 SNS 영상 시청을 질 좋은 여가생활이라고 생각하지 않는다","M","30대","없음/모름/무응답","경기"
"53356584","20240415","보통이다","하던활동만 해서","F","19~29세","없음/모름/무응답","울산"
"53356611","20240415","만족하는 편이다","여유롭게 시간을보냈다","F","60대","500~700만원 미만","강원"
"53356656","20240415","보통이다","육아로 인한 시간 부족","F","30대","500~700만원 미만","경기"
"53356687","20240415","보통이다","매일 같은 패턴","M","60대","300만원 미만","서울"
"53356804","20240415","만족하는 편이다","여유로운 시간","M","50대","500~700만원 미만","서울"
"53356839","20240415","만족하는 편이다","가정의 불화를 막기위해 혼자만의 시간을가짐","M","40대","300~500만원 미만","부산"
"53356947","20240415","만족하는 편이다","즐겁디","F","40대","500~700만원 미만","울산"
"53357191","20240415","보통이다","타지역으로 드라이브 및 쇼핑 다녀와서 좋았음","M","40대","300~500만원 미만","경북"
"53357234","20240415","보통이다","내가 소유한 시간과 능력으로 여가생활에 맞추기 때문에 대체적으로 만족합니다","M","60대","500~700만원 미만","경기"
"53357471","20240415","만족하는 편이다","주변환경과 인프라가 구축되어있다.","M","60대","300~500만원 미만","전남"
"53357556","20240415","보통이다","최근 여행에서 날씨때문에 불편했음","F","30대","500~700만원 미만","충북"
"53357628","20240415","보통이다","큰 차이가없음","M","30대","없음/모름/무응답","경기"
"53358092","20240415","만족하는 편이다","하고싶은 여가활동은 다 하고 있으므로 만족함","F","50대","700만원 이상","서울"
"53358273","20240415","매우 불만족한다","시간이없다","M","30대","700만원 이상","전북"
"53358464","20240415","만족하는 편이다","시간과 경제력이 불편하지 않으므로 만족","F","40대","500~700만원 미만","전남"
"53358490","20240415","보통이다","예기치 못한 일정으로 심적 여유가 없었음","M","40대","700만원 이상","경기"
"53358510","20240415","보통이다","외부활동보단 내부활동의 증가","M","30대","500~700만원 미만","경북"
"53358696","20240415","보통이다","크게 달라진게 없음","M","40대","300만원 미만","광주"
"53358801","20240415","만족하는 편이다","정신적이나 육체적이나 크게 스트레스 받지않고 나름대로 평일과 주말에 적절히 여가활동을 했기때문에 워라벨이 충분했다","F","30대","없음/모름/무응답","경기"
"53359153","20240415","만족하는 편이다","시간적 여유가 있어 만족스럽다","F","50대","700만원 이상","충북"
"53359433","20240415","보통이다","예전과 같은 상황지속","M","60대","700만원 이상","경북"
"53359466","20240415","보통이다","시간도 없고 돈도 없다","F","50대","300만원 미만","강원"
"53359504","20240415","보통이다","비슷하다","M","19~29세","300~500만원 미만","서울"
"53359609","20240415","보통이다","예전과 비슷한 여가 활동으로 특별히 흥미롭지 않기 때문","M","60대","300~500만원 미만","부산"
"53359782","20240415","만족하는 편이다","충분한휴식","F","50대","300~500만원 미만","인천"
"53359858","20240415","만족하는 편이다","휴가를 받을수 있어서","F","50대","없음/모름/무응답","경남"
"53359888","20240415","보통이다","밖애서 하는 활동이라 겨울철 추위때문","F","60대","300만원 미만","인천"
"53359954","20240415","만족하는 편이다","여가시간이 늘었다","M","40대","300~500만원 미만","경기"
"53360034","20240415","보통이다","시간부족","M","40대","700만원 이상","세종"
"53360059","20240415","보통이다","일직장병행하며 불충분","F","60대","300~500만원 미만","경기"
"53360126","20240415","보통이다","일때문에 여가활동이 부족하다ㅠ","F","50대","300~500만원 미만","경기"
"53360253","20240415","보통이다","불만족스러운게 없음","F","19~29세","없음/모름/무응답","인천"
"53360543","20240415","보통이다","늘 비슷하게 해서","M","19~29세","700만원 이상","경기"
"53360639","20240415","보통이다","그럭저럭","M","40대","300~500만원 미만","제주"
"53360738","20240415","보통이다","특별히 불만족하는 부분이 없어서","F","40대","300~500만원 미만","대전"
"53360745","20240415","보통이다","코로나 증가로 인하여 활동 범위가 줄었응","M","60대","500~700만원 미만","인천"
"53360781","20240415","보통이다","여가활동에대해서 자세이 알지못해서","M","60대","300만원 미만","전북"
"53360962","20240415","만족하는 편이다","비용이 적게 들어서","F","50대","500~700만원 미만","대전"
"53361164","20240415","매우 만족한다","남편과 단둘이 해외 자유여향","F","50대","700만원 이상","경기"
"53361197","20240415","보통이다","일과 여가의 양립이어려움","M","60대","500~700만원 미만","세종"
"53361204","20240415","보통이다","봉통이라서","M","30대","500~700만원 미만","전남"
"53361322","20240415","보통이다","직장 일때문","M","40대","700만원 이상","서울"
"53361435","20240415","보통이다","여건","M","60대","300~500만원 미만","제주"
"53361597","20240415","매우 불만족한다","시간부족","F","40대","없음/모름/무응답","경기"
"53361966","20240415","보통이다","원하는 시간에 원하는만큼 여가생활을 즐길수있기때문","F","50대","700만원 이상","경북"
"53362054","20240415","만족하는 편이다","즐거운 시간을 보낼수 있어서","M","60대","700만원 이상","경기"
"53362107","20240415","보통이다","날씨가 추워서","M","40대","300~500만원 미만","경기"
"53362481","20240415","매우 만족한다","근처 인프라가 잘 되어있고 시에서 하는 문화센터의 비용이 아주 저렴해서 좋아요","F","50대","700만원 이상","경기"
"53362590","20240415","보통이다","금전적으로 여유롭지 못하다","F","60대","300~500만원 미만","경기"
"53362627","20240415","보통이다","변화가 적다","M","40대","300만원 미만","경기"
"53362907","20240415","만족하는 편이다","너무 힘들면 그냥 쉬기도하고 적당하게 하고 있으므로","M","50대","700만원 이상","강원"
"53363221","20240415","만족하는 편이다","만족","M","19~29세","없음/모름/무응답","부산"
"53363225","20240415","불만족하는 편이다","여가생활을 누릴 시간이 부족하다","F","50대","700만원 이상","강원"
"53363256","20240415","보통이다","많이즐겨서","M","19~29세","500~700만원 미만","경기"
"53363480","20240415","보통이다","작년과 비슷한 여가생활을 하고있습니다","F","30대","300~500만원 미만","경남"
"53363749","20240415","매우 만족한다","여유가 있다","M","40대","700만원 이상","서울"
"53363833","20240415","보통이다","보통이다","M","19~29세","없음/모름/무응답","경기"
"53363919","20240415","보통이다","기존 대비 큰 변동이 없기 때문","M","50대","500~700만원 미만","강원"
"53363976","20240415","만족하는 편이다","즐거워서","M","30대","700만원 이상","경남"
"53363977","20240415","만족하는 편이다","원하면 하고싶은것을 할수있어서","F","60대","700만원 이상","경기"
"53363984","20240415","보통이다","특별한 관심이 없다","F","40대","700만원 이상","전남"
"53364035","20240415","만족하는 편이다","하고자 하는 것을 하기 때문에?","F","19~29세","300만원 미만","전남"
"53364086","20240415","만족하는 편이다","날씨와 방문장소 만족","F","50대","700만원 이상","서울"
"53364135","20240415","보통이다","달라진것이 별로없다","F","50대","300만원 미만","경기"
"53364186","20240415","만족하는 편이다","불편할 이유가 없어서","F","50대","700만원 이상","세종"
"53364196","20240415","보통이다","바빴던 1개월","F","30대","700만원 이상","충남"
"53364247","20240415","매우 만족한다","내가좋아하는 취미라서","M","19~29세","없음/모름/무응답","강원"
"53364286","20240415","만족하는 편이다","여행등 여유로운 운동시간","F","40대","300만원 미만","서울"
"53364288","20240415","보통이다","손가락 부상으로 추가 활동이 어려워서","M","60대","700만원 이상","광주"
"53364316","20240415","만족하는 편이다","혼족에서 가족으로 바뀌어서","M","60대","없음/모름/무응답","전북"
"53364377","20240415","보통이다","국내보다 해외여행이가고 싶어서","F","60대","300만원 미만","서울"
"53364422","20240415","보통이다","비용","M","50대","500~700만원 미만","경기"
"53364454","20240415","보통이다","소소한 여가 생활을 즐길만큼의 경제적 시간적 여유가 있으나 큰 지출이 필요한 여가 생활을 하기에는 무리가 있슴","F","50대","700만원 이상","경기"
"53364511","20240415","만족하는 편이다","적당히 여가생활을 보내고있다고 생각","F","30대","300~500만원 미만","서울"
"53364580","20240415","보통이다","회사일하고 예년에 에 비해 달라 진 것이 없다","M","50대","없음/모름/무응답","제주"
"53364850","20240415","보통이다","특별한 여가생활이 없어서","M","30대","없음/모름/무응답","대전"
"53364911","20240415","보통이다","여행","M","40대","500~700만원 미만","제주"
"53365042","20240415","만족하는 편이다","불만이 없어서","M","19~29세","300만원 미만","대구"
"53365276","20240415","불만족하는 편이다","여가생활을 즐길 시건적 여유가 부족하다","F","30대","500~700만원 미만","경기"
"53365644","20240415","보통이다","큰 변화가 없어ㅓ","M","19~29세","300만원 미만","경기"
"53365716","20240415","만족하는 편이다","만족하니까","M","50대","300만원 미만","경북"
"53365735","20240415","보통이다","큰 변화 없음","F","50대","700만원 이상","경기"
"53365794","20240415","만족하는 편이다","나의 여가생활은 실행하기 어렵지 않은 활동들이어서 시간적 공간적 제약을 받지 않고 언제든지 여가생활을 즐길 수 있다는 점에서 만족한다. 또한 여가생활을 통해 얻는 개인적인 만족감이 큰 편이다.","F","19~29세","없음/모름/무응답","경기"
"53365955","20240415","만족하는 편이다","여가시간이 충분하기때문","F","40대","없음/모름/무응답","경기"
"53366109","20240415","보통이다","별다른 변동이 없음","M","40대","300~500만원 미만","서울"
"53366240","20240415","보통이다","반복","M","40대","700만원 이상","광주"
"53366250","20240415","보통이다","직장을 그만두고 가족과 보낼수 있는 시간이 늘었다","F","40대","500~700만원 미만","경기"
"53366321","20240415","보통이다","별다른 변화가 없음","M","40대","300~500만원 미만","경남"
"53366448","20240415","만족하는 편이다","퇴근이 빠른 편이라 독서나 뉴스 시청등 자기계발을 위한 시간을 많이 가질 수 있었음. 또한 날씨가 선선해져서 야외활동 하기 좋아 외출빈도가 잦아짐","F","19~29세","없음/모름/무응답","경기"
"53366499","20240415","보통이다","경제적 이유로 하고 싶어도 못하는게 많다보니 미음속으로 불만 자기비하 같은 생각이 들때가 있음.","M","60대","300만원 미만","부산"
"53366529","20240415","만족하는 편이다","생활편의시설 ,근교갈수잇는행사나죽제 많음","F","40대","없음/모름/무응답","서울"
"53366688","20240415","보통이다","경기악화","M","50대","700만원 이상","전남"
"53367067","20240415","만족하는 편이다","특별히 불만스러운 점 없음","F","19~29세","없음/모름/무응답","세종"
"53367103","20240415","보통이다","시간적인제한이 있다","M","50대","700만원 이상","강원"
"53367149","20240415","만족하는 편이다","시간적 금전적으로 큰 불편도 없으며 코로나 이후 불편함이 없음","M","40대","500~700만원 미만","경기"
"53367173","20240415","보통이다","시간과 노력이 부족해서","F","60대","300~500만원 미만","경남"
"53367201","20240415","만족하는 편이다","방학이라서 시간적 여유가 많아 충분한 휴식을 취할 수 있었고 힐링하는 시간도 많이 가질 수 있었기 때문이다.","F","19~29세","500~700만원 미만","경기"
"53367509","20240415","만족하는 편이다","하고싶은걸하고있어서임","M","60대","300~500만원 미만","서울"
"53367792","20240415","보통이다","시간적이 여유가 있어 가족과 보내는 시간이 여유러웠다","F","50대","700만원 이상","강원"
"53368099","20240415","보통이다","요즘 심심하가","M","19~29세","300만원 미만","인천"
"53368421","20240415","보통이다","변함없이 꾸준히 하고 있음","M","50대","700만원 이상","인천"
"53368506","20240415","만족하는 편이다","시간도 충분하고 방문할 곳도 많기 때문이다.","F","40대","500~700만원 미만","서울"
"53368678","20240415","만족하는 편이다","즐기고 있는 편이기때문에","F","19~29세","700만원 이상","부산"
"53368713","20240415","보통이다","이직 준비로 여가시간 부족","F","19~29세","300만원 미만","인천"
"53369099","20240415","보통이다","딱히 여가생활을 즐기는게 없네요","M","50대","500~700만원 미만","부산"
"53369410","20240415","불만족하는 편이다","경비부족","M","60대","300~500만원 미만","대구"
"53369417","20240415","만족하는 편이다","시간이 생겨 여유로운 시간을 보내고 있다","M","19~29세","없음/모름/무응답","서울"
"53369773","20240415","만족하는 편이다","큰 불만 없이 여가 생활을 즐기고 있어서","M","30대","300~500만원 미만","서울"
"53369878","20240415","불만족하는 편이다","삶이 힘듬","M","30대","300만원 미만","경기"
"53369922","20240415","매우 만족한다","여가생활 할 수 있는 시간이 있어서 충분히 즐길 수 있는 시간이 많다.","M","19~29세","없음/모름/무응답","충남"
"53369972","20240415","보통이다","육아로 인한 기회부족","M","40대","300~500만원 미만","경기"
"53369989","20240415","불만족하는 편이다","주변에 없어서","F","40대","없음/모름/무응답","세종"
"53369994","20240415","만족하는 편이다","건강위주로 운동하고 있어서","F","40대","500~700만원 미만","대구"
"53370129","20240415","만족하는 편이다","일하고 충분히 가능하니까","M","40대","300~500만원 미만","충남"
"53370180","20240415","만족하는 편이다","내가 좋아하는 종목의 운동을 해서","M","40대","300~500만원 미만","경남"
"53370378","20240415","보통이다","경제적인이유","F","60대","300만원 미만","인천"
"53370609","20240415","만족하는 편이다","계획한대로 여가 생활을 즐기고 있어서","F","30대","300~500만원 미만","서울"
"53370694","20240415","보통이다","체력소모와 금전적인 여유 부족 시간부족 기후여건 부족등으로","M","50대","700만원 이상","경남"
"53371093","20240415","보통이다","전과 다르지 않아서 보통이에요","F","30대","없음/모름/무응답","강원"
"53371176","20240415","불만족하는 편이다","시간적 여유 부족","M","30대","300~500만원 미만","서울"
"53371241","20240415","보통이다","재미있는 영화가 개봉하지 않았음","F","50대","500~700만원 미만","서울"
"53371600","20240415","보통이다","별 생각이 없어이서","F","19~29세","없음/모름/무응답","서울"
"53371628","20240415","매우 만족한다","만족","M","19~29세","300만원 미만","서울"
"53371840","20240415","보통이다","혼자 보다는 가족중심으로 진행됨에 만족도가 보통입니다.","M","60대","없음/모름/무응답","서울"
"53371926","20240415","만족하는 편이다","하고싶은대로 하는편이여서","M","60대","없음/모름/무응답","충남"
"53372098","20240415","불만족하는 편이다","실내보다는 실외활동을 선호하는데 여가생활을 보내기에 너무 추운 날씨탓이 큼","F","19~29세","700만원 이상","전남"
"53372126","20240415","보통이다","경제적인 여유가 없씀.","M","50대","300만원 미만","부산"
"53372163","20240415","만족하는 편이다","재택근무로 시간적여유도많고 건강이 좀 허락해주고 나름 경제적으로 힘들지 않아서 만족하는편이다","F","60대","700만원 이상","경기"
"53372314","20240415","보통이다","그냥","M","19~29세","없음/모름/무응답","서울"
"53372465","20240415","보통이다","특별한 감동 없음","M","60대","500~700만원 미만","경남"
"53372537","20240415","매우 만족한다","일상 생활에서 지속적인 여가활동을 하고 있다. 꾸준함이 쌓이고 과정의 즐거움이 많다.","F","60대","700만원 이상","전북"
"53372642","20240415","만족하는 편이다","편하게 쇼핑하고 친구들만나 맛있는음식먹고 즐길수있음","F","40대","700만원 이상","서울"
"53372652","20240415","보통이다","치매아버지를 모시는 관계로 오후5시 이후로는 시간적으로 매여있기때문","F","60대","300~500만원 미만","울산"
"53372938","20240415","만족하는 편이다","접근성이좋은편이다","M","30대","300~500만원 미만","경기"
"53372991","20240415","보통이다","여가생활 그저그렇다","M","60대","700만원 이상","경기"
"53373031","20240415","만족하는 편이다","여유시간의 적절한 활용","M","60대","700만원 이상","경기"
"53373172","20240415","보통이다","시간 경제적 여유가 적어 원하는 걸 못하기에?","F","40대","300만원 미만","경기"
"53373614","20240415","보통이다","평상시와 다를게 없어서","M","50대","300만원 미만","경기"
"53374381","20240415","보통이다","시간,경제적으로 풍요롭지 못하다","F","50대","없음/모름/무응답","대전"
"53374715","20240415","만족하는 편이다","축제가 많아 참여합니다","M","60대","없음/모름/무응답","충남"
"53375142","20240415","보통이다","변화가 없는 편이라서","F","40대","300~500만원 미만","경기"
"53375298","20240415","보통이다","시간이?어서","F","19~29세","없음/모름/무응답","경남"
"53375321","20240415","보통이다","특별하지 않아서..","F","40대","없음/모름/무응답","부산"
"53375388","20240415","보통이다","허리 치료웅","F","60대","300만원 미만","경기"
"53375757","20240415","보통이다","보통으로 ?기므로","F","40대","700만원 이상","서울"
"53375758","20240415","만족하는 편이다","좋아하는 공연을 볼 수 있어서 만족합니다","F","30대","없음/모름/무응답","광주"
"53375958","20240415","만족하는 편이다","시간에 불편함이 없어서","M","50대","300만원 미만","인천"
"53375970","20240415","불만족하는 편이다","원하는 책 들이 있지만 주변 도서관에서 보유되어 있는 책이 없어서 상대적으로 도서 구입 등 비용의 지출이 늘어난다","M","50대","없음/모름/무응답","강원"
"53376011","20240415","만족하는 편이다","저렴하게 차이나타운이나 영화관이나 여가생활을 잘 즐기고 있다 느낍니다","F","30대","300만원 미만","인천"
"53376176","20240415","만족하는 편이다","시간적으로 여유가 있어 만족하는 편임","F","60대","300~500만원 미만","부산"
"53376428","20240415","보통이다","늘 똑같습니다","M","40대","300~500만원 미만","경기"
"53376586","20240415","만족하는 편이다","산뜻하고 기분좋다","M","30대","300~500만원 미만","서울"
"53376653","20240415","보통이다","특별한것이 없고 보통이다","M","50대","500~700만원 미만","경기"
"53376749","20240415","만족하는 편이다","나에게 주어진 시간이 충분하다","M","60대","300~500만원 미만","충남"
"236099","20240422","보통이다","이전과 비교해 큰 변화가 없음","M","60대","700만원 이상","서울"
"289713","20240422","보통이다","만족도 불만족도 아니기에","M","40대","없음/모름/무응답","광주"
"306059","20240422","매우 만족한다","충분한 휴식이 된다","M","19~29세","없음/모름/무응답","서울"
"332896","20240422","보통이다","작년 대비 만족도가 적음","F","30대","700만원 이상","경기"
"335203","20240422","보통이다","자금","F","40대","없음/모름/무응답","강원"
"343457","20240422","보통이다","증가된게없음","M","60대","300만원 미만","강원"
"347539","20240422","만족하는 편이다","그냥","F","19~29세","없음/모름/무응답","경기"
"368740","20240422","보통이다","경제적인이유","F","60대","300만원 미만","서울"
"379871","20240422","만족하는 편이다","원하는 시간에 여가활동을 할수 있어서","F","30대","300~500만원 미만","충남"
"387817","20240422","보통이다","경제적여유","M","50대","300만원 미만","경기"
"392528","20240422","만족하는 편이다","내가 원하는대로 다해서","F","40대","없음/모름/무응답","경북"
"410595","20240422","만족하는 편이다","하고싶은 것이 있으면 기상 상태가 좋지 못한 경우를 제외하고는 다 할 수 있었다","M","19~29세","300~500만원 미만","경기"
"411711","20240422","보통이다","만족도가 같음","F","30대","700만원 이상","전남"
"412680","20240422","보통이다","항상 일정하다","M","40대","300~500만원 미만","서울"
"421014","20240422","만족하는 편이다","시간이 넉넉해서","F","60대","700만원 이상","경남"
"421494","20240422","만족하는 편이다","만족하므로","M","50대","300만원 미만","경기"
"422188","20240422","만족하는 편이다","최근에 친구들과 국내여행을 해서요","F","60대","300만원 미만","경기"
"422723","20240422","보통이다","평소와 크게 다른게 없었댜","F","19~29세","300만원 미만","경북"
"424076","20240422","보통이다","시간부족","F","30대","500~700만원 미만","충북"
"424656","20240422","만족하는 편이다","많은 비용과 시간이 들지 않는다.","M","40대","700만원 이상","서울"
"426032","20240422","보통이다","평소와 같아서","M","40대","300~500만원 미만","대구"
"429389","20240422","매우 만족한다","재미있네요","M","30대","300만원 미만","충남"
"435613","20240422","보통이다","보통이라고 생각해서","M","19~29세","없음/모름/무응답","경기"
"439207","20240422","만족하는 편이다","하고싶은 것을 할수 있어서","M","50대","300만원 미만","경남"
"451730","20240422","만족하는 편이다","맘이 편하다","F","50대","700만원 이상","강원"
"451783","20240422","보통이다","그냥","F","30대","300~500만원 미만","경남"
"451833","20240422","보통이다","교통편 및 시간적 여유가 많지않다","M","19~29세","500~700만원 미만","경기"
"452906","20240422","보통이다","2박3일 국내여행 다녀옴","F","40대","700만원 이상","대전"
"455632","20240422","보통이다","그저그렇다","M","40대","700만원 이상","경기"
"458325","20240422","보통이다","육아때문에 오랜시간 지속해서 하기힘듬","M","30대","500~700만원 미만","광주"
"458700","20240422","만족하는 편이다","인프라가 갖춰져있어서","M","30대","700만원 이상","서울"
"460112","20240422","보통이다","경제적 여건","M","50대","없음/모름/무응답","경남"
"464744","20240422","매우 불만족한다","각종시설이나 교통편등이불편하다 바가지요금등","M","60대","300만원 미만","전남"
"465701","20240422","보통이다","경제적인이유","F","50대","300~500만원 미만","충남"
"467471","20240422","보통이다","여가활동의 비용이 점점 높아지고 있어서","F","40대","500~700만원 미만","서울"
"469561","20240422","보통이다","특별한 일이 없어서 .","M","50대","300~500만원 미만","경북"
"473330","20240422","보통이다","아이들이 커서 시간적 여유가 많아짐","F","40대","500~700만원 미만","경기"
"53322248","20240422","만족하는 편이다","여가시간의 활용도와 구체성. 목표성이 높아짐","F","50대","700만원 이상","울산"
"53322261","20240422","보통이다","아","F","19~29세","300만원 미만","서울"
"53322272","20240422","매우 만족한다","해보지 않은 경험들을 해서","F","30대","300만원 미만","전남"
"53322452","20240422","만족하는 편이다","시간적여유가 많아서","M","60대","500~700만원 미만","경기"
"53322501","20240422","만족하는 편이다","원하는 것을 충분히 이루었음","M","60대","300~500만원 미만","강원"
"53322652","20240422","만족하는 편이다","만좃","F","19~29세","없음/모름/무응답","서울"
"53322759","20240422","매우 만족한다","충분히 스트레스가 풀려서","F","19~29세","700만원 이상","경기"
"53323024","20240422","보통이다","새로운 정보 부족","M","60대","700만원 이상","서울"
"53323089","20240422","매우 만족한다","하고싶은데로 다할수있어서","F","30대","700만원 이상","대전"
"53323176","20240422","보통이다","만족하기때문","F","19~29세","없음/모름/무응답","경기"
"53323301","20240422","보통이다","시간적인 여유가 없어서","M","50대","300~500만원 미만","제주"
"53323309","20240422","만족하는 편이다","여행 가서 맛난거 먹고 일상 벗어나서","F","50대","300~500만원 미만","경기"
"53323480","20240422","보통이다","겨울이라 할 게 많지 않다","M","40대","700만원 이상","경북"
"53323483","20240422","만족하는 편이다","퇴직 후 연금과 시간이 자유롭고 자녀들이 경제적으로 독립하여 여가 생활을 즐길 수 있다.","F","50대","700만원 이상","경기"
"53323829","20240422","만족하는 편이다","스트레스 해소.","F","40대","300만원 미만","강원"
"53324238","20240422","보통이다","정보교류가 미흡하다","F","50대","500~700만원 미만","대구"
"53324526","20240422","만족하는 편이다","스트레스가 좀 더 해소된 것 같다.","F","19~29세","500~700만원 미만","경기"
"53324571","20240422","보통이다","딱히 변한게 없다","F","30대","500~700만원 미만","경기"
"53324588","20240422","보통이다","적당히 잘 다니는것 같다","F","30대","500~700만원 미만","충북"
"53324638","20240422","매우 만족한다","냥","M","40대","300~500만원 미만","충남"
"53324768","20240422","보통이다","별다른 변화가 없어서","M","60대","500~700만원 미만","경남"
"53324810","20240422","보통이다","여가생활을 즐길순 있지만 피곤하나","M","30대","300만원 미만","서울"
"53325101","20240422","보통이다","불편없이 자유롭게 하기때문","F","60대","500~700만원 미만","광주"
"53325121","20240422","만족하는 편이다","생활의 여유 와 지출비용 적당함","M","60대","300만원 미만","경기"
"53325150","20240422","보통이다","생활이 풍족하지못해서","F","40대","500~700만원 미만","경북"
"53325366","20240422","만족하는 편이다","스트레스해소","F","50대","700만원 이상","대전"
"53325382","20240422","만족하는 편이다","스트레스받을일이 없었다","M","30대","700만원 이상","경기"
"53325476","20240422","보통이다","그냥내가할스있는거니까","F","50대","700만원 이상","경기"
"53325609","20240422","만족하는 편이다","일 외적인 시간여유가 생겨서","M","50대","700만원 이상","강원"
"53325760","20240422","불만족하는 편이다","업무 시간과 출퇴근 시간이 많이 소요되어 운동 등을 할 시간적 체력적 여유가 현실적으로 부족합니다","M","40대","700만원 이상","경기"
"53325871","20240422","보통이다","일을 안해서 경제적 이유","M","40대","300~500만원 미만","서울"
"53325955","20240422","보통이다","남편과 여가시간 같이 보내고 싶은데 남편여유시간 맞지않아 함께 시간 보내지 못함","F","50대","300~500만원 미만","경남"
"53326006","20240422","만족하는 편이다","원하면 할 수있다","M","40대","500~700만원 미만","서울"
"53326154","20240422","보통이다","더하고 싶은데 경제적여력이 부족해서","M","50대","700만원 이상","경기"
"53326223","20240422","만족하는 편이다","시간이 많아 좋아하는 운동을 하고 영상을 시청함","M","50대","500~700만원 미만","경남"
"53326302","20240422","불만족하는 편이다","경제활동으로 바빠짐","F","30대","300만원 미만","전북"
"53326348","20240422","보통이다","활동이 많지 않아서","F","40대","300~500만원 미만","경남"
"53326478","20240422","보통이다","작년과 비슷해서","F","30대","300~500만원 미만","인천"
"53326586","20240422","보통이다","항상 매년 같기 때문에","F","60대","300~500만원 미만","부산"
"53326668","20240422","불만족하는 편이다","업무변경으로 인한 시간부족 및 자녀(신생아) 양육으로 인한 외출시간 부족","M","30대","300~500만원 미만","부산"
"53326822","20240422","불만족하는 편이다","블러그를 믿으면 안된다","F","50대","500~700만원 미만","강원"
"53326858","20240422","보통이다","크게 만족스럽지고 크게 불만족스럽지도 않음","F","30대","없음/모름/무응답","부산"
"53327274","20240422","만족하는 편이다","충분한 여가시간","M","19~29세","300~500만원 미만","부산"
"53327380","20240422","만족하는 편이다","내가 하고 싶은 것은 할 수 있는 시간과 경제적인 여유 때문에","M","60대","300~500만원 미만","전북"
"53327441","20240422","보통이다","적정함","M","60대","300~500만원 미만","경남"
"53327447","20240422","불만족하는 편이다","돈도없고 시간도없다","F","19~29세","300만원 미만","충남"
"53327449","20240422","보통이다","차가 있었으면 더 만족이었을거같습니다","F","19~29세","없음/모름/무응답","서울"
"53327495","20240422","만족하는 편이다","주위 인프라가 잘되어있음","M","50대","700만원 이상","부산"
"53327513","20240422","만족하는 편이다","시간이 많아져서","M","19~29세","300~500만원 미만","서울"
"53327554","20240422","보통이다","원하는만큼 만족함","M","60대","700만원 이상","경기"
"53327787","20240422","보통이다","육아를 하느라 시간이 많이 나지는 않지만 시간이 날때마다 여가활동을 즐기려 노력하는중","M","30대","300만원 미만","경남"
"53327948","20240422","만족하는 편이다","건강유지","M","50대","300~500만원 미만","충남"
"53327952","20240422","만족하는 편이다","맘이 여유롭다","M","50대","300~500만원 미만","경기"
"53327988","20240422","만족하는 편이다","작년에 비해 횟수도 조금씩 늘고 비용적인 측면에서도 괜찮았다 생각한다.","F","30대","300~500만원 미만","경북"
"53328304","20240422","보통이다","시간과 경제적여유가 있어서이다","M","40대","700만원 이상","서울"
"53328435","20240422","불만족하는 편이다","시간맞추기어려움","M","30대","300~500만원 미만","인천"
"53328577","20240422","보통이다","문화생활보다 스포츠쪽으로 활동하고싶어서","M","60대","300~500만원 미만","서울"
"53328702","20240422","보통이다","그냥","F","30대","500~700만원 미만","부산"
"53328719","20240422","만족하는 편이다","내가 좋아서 하는것이니까","M","40대","300~500만원 미만","인천"
"53328758","20240422","보통이다","시간이없어서","F","60대","300~500만원 미만","경기"
"53328783","20240422","보통이다","쓸수이ㅆ는 경비와 시간을 최대한 활용함","F","40대","300만원 미만","부산"
"53328903","20240422","만족하는 편이다","하고자 하는 여가생활을 대체로 즐겼기 때문에","M","19~29세","없음/모름/무응답","서울"
"53329002","20240422","만족하는 편이다","하고 싶은 활동을 해서","F","30대","700만원 이상","경남"
"53329029","20240422","보통이다","그냥","M","19~29세","없음/모름/무응답","강원"
"53329099","20240422","만족하는 편이다","인프라가 잘 잡혀있기 때문","M","19~29세","없음/모름/무응답","경북"
"53329184","20240422","보통이다","경제적문제","M","50대","700만원 이상","인천"
"53329209","20240422","만족하는 편이다","시간.여건이 다 만족해서","F","50대","300만원 미만","경기"
"53329400","20240422","보통이다","반복되는 여가활동","M","50대","500~700만원 미만","서울"
"53329650","20240422","만족하는 편이다","충분히 즐기고 있음","M","30대","500~700만원 미만","서울"
"53329715","20240422","만족하는 편이다","그래도 어찌저찌 하고 있으니 만족함","F","30대","300~500만원 미만","전남"
"53329755","20240422","만족하는 편이다","종교활동, 지인들과의 만남 등은 심적 편안함을 준다.","F","50대","300~500만원 미만","울산"
"53329898","20240422","만족하는 편이다","좋은 날씨 좋은 사람들","M","30대","300~500만원 미만","서울"
"53329914","20240422","보통이다","시간과 돈에 쫓기는 느낌이 든다","F","40대","500~700만원 미만","충남"
"53330306","20240422","만족하는 편이다","다양한 여가생활을 즐길수있다","M","19~29세","300만원 미만","인천"
"53330325","20240422","만족하는 편이다","시간과 같이 할수있는 친구가 있다","F","60대","700만원 이상","경기"
"53330417","20240422","만족하는 편이다","하고싶을때 할수있어서","F","40대","700만원 이상","제주"
"53330446","20240422","보통이다","하루하루반복","M","60대","300~500만원 미만","인천"
"53330555","20240422","만족하는 편이다","약 1달 전 다녀 온 서울 여행에서 친구들과 좋은 시간을 보내며 추억을 쌓았기 때문이다","F","19~29세","300만원 미만","부산"
"53330620","20240422","보통이다","저렴하거나 무료 문화공연등이 많이 없다","F","50대","없음/모름/무응답","강원"
"53330719","20240422","보통이다","재미 있을때도 있고 아닐때도 있어서","M","40대","500~700만원 미만","경기"
"53330862","20240422","불만족하는 편이다","경제적인 여유가 없음","M","40대","300만원 미만","경북"
"53330919","20240422","만족하는 편이다","원하는 여가활동을 충분히 즐겼음","M","19~29세","500~700만원 미만","서울"
"53330951","20240422","보통이다","충분한 시간을 가지고 여가활동을 하기 때문입니다","M","60대","300~500만원 미만","서울"
"53331006","20240422","만족하는 편이다","혼자서 즐길수 있는 요건이 충분 하니 만족 하는 편 입니다","F","60대","700만원 이상","서울"
"53331178","20240422","보통이다","예전처럼 활력소가 떨어지는 느낌이다","M","50대","500~700만원 미만","경기"
"53331291","20240422","보통이다","기타","M","30대","500~700만원 미만","충남"
"53331374","20240422","만족하는 편이다","시간과여유","M","19~29세","300만원 미만","부산"
"53331388","20240422","만족하는 편이다","몸컨디션도회복되고 직장생활도활력이생겨요","F","60대","700만원 이상","경기"
"53331504","20240422","보통이다","시간이 적당하고 재정부담이 적다","M","60대","300~500만원 미만","경남"
"53331566","20240422","보통이다","특별한 이유없이 습관적으로 생활한다","M","60대","700만원 이상","경기"
"53331744","20240422","만족하는 편이다","시간을 정해서 여가생활을 즐기는편입니다.","M","30대","700만원 이상","광주"
"53331795","20240422","보통이다","시간과 경제력에 해당되는 만큼은 여가생활을 즐겼다고 생각함","F","60대","300~500만원 미만","경기"
"53331884","20240422","보통이다","금전적으로나 시간적으로 크게 다르지 않아서...","M","50대","300~500만원 미만","세종"
"53332091","20240422","만족하는 편이다","스트레스해소가된다","F","30대","300만원 미만","서울"
"53332151","20240422","보통이다","크게 불만족 없어서","F","30대","500~700만원 미만","경기"
"53332594","20240422","보통이다","보통이다","F","30대","300만원 미만","경기"
"53332771","20240422","만족하는 편이다","그냥","M","19~29세","없음/모름/무응답","경남"
"53332839","20240422","보통이다","그냥","M","19~29세","700만원 이상","경기"
"53332915","20240422","만족하는 편이다","시간,금전적인것과 주변 인프라","F","60대","500~700만원 미만","충남"
"53332996","20240422","보통이다","적당하게 여가생활을 하고 잇는것 같다.","F","40대","500~700만원 미만","충남"
"53333040","20240422","보통이다","작년이랑 비슷해서","F","40대","300만원 미만","인천"
"53333130","20240422","보통이다","경제적여유의 부담감을 느낀다","M","19~29세","300만원 미만","충남"
"53333382","20240422","보통이다","독서","M","50대","300만원 미만","경기"
"53333675","20240422","보통이다","몸이 아파 잘움직이지 않았음","F","50대","500~700만원 미만","경기"
"53333688","20240422","보통이다","돈이많이들어서","M","19~29세","없음/모름/무응답","강원"
"53333898","20240422","보통이다","평소랑똑같아서","F","30대","500~700만원 미만","부산"
"53333921","20240422","만족하는 편이다","실업급여 받으면서 쉬면서 공부와 연애하니 마음이 조금 편합니다.","F","30대","500~700만원 미만","강원"
"53334080","20240422","불만족하는 편이다","시간도 부족하지만 여건이 되는날도 제주도 자체 문화생활을 누릴수 있는 시설이 매우 열악하고 부족하기때문","F","40대","700만원 이상","제주"
"53334437","20240422","만족하는 편이다","겨울방학을 해서 시간이 남고 아르바이트를 꾸준히 한 덕에 여러 여가활동을 동시에 할 수 있었음.","M","19~29세","500~700만원 미만","경기"
"53334522","20240422","보통이다","여가생활할 시간이 없음","F","30대","700만원 이상","경기"
"53334728","20240422","보통이다","더많으면 좋겠지만 지금이정도만으로도 만족","F","50대","500~700만원 미만","서울"
"53334738","20240422","만족하는 편이다","시간을 온전히 보낼 수 있어서","F","30대","없음/모름/무응답","강원"
"53335032","20240422","보통이다","평소와 비슷함","M","40대","500~700만원 미만","충북"
"53335306","20240422","만족하는 편이다","가성비","M","19~29세","없음/모름/무응답","경기"
"53335310","20240422","만족하는 편이다","적은비용으로 동호회를 가입해 운동을 할 수 있습니다","F","60대","700만원 이상","울산"
"53335459","20240422","보통이다","크게 시간이 늘어나지못해서","F","40대","500~700만원 미만","서울"
"53335528","20240422","보통이다","이도저도아니어서","F","30대","500~700만원 미만","충남"
"53335544","20240422","만족하는 편이다","여가생활을 할수있는 시간이 많이 생겨서","M","30대","500~700만원 미만","경기"
"53335642","20240422","만족하는 편이다","주말에 힐링이 목적인 여가생활이므로 만족하는편.","F","50대","700만원 이상","울산"
"53335669","20240422","만족하는 편이다","자기계발","F","50대","700만원 이상","서울"
"53335945","20240422","만족하는 편이다","하고 싶은 걸 제약없이 다 했다.","M","19~29세","없음/모름/무응답","경북"
"53335951","20240422","만족하는 편이다","적당히 하고 있다","F","40대","700만원 이상","서울"
"53335985","20240422","만족하는 편이다","휴식 위주로 취해 피로가 덜함","F","19~29세","없음/모름/무응답","부산"
"53336158","20240422","불만족하는 편이다","인프라 부족","F","19~29세","300만원 미만","전남"
"53336280","20240422","만족하는 편이다","다른해에 비해 나에게 투자를 많이 했다","F","40대","300만원 미만","충남"
"53336344","20240422","보통이다","시간적여유없음","F","50대","300~500만원 미만","경기"
"53336566","20240422","만족하는 편이다","시간과경제적으로여유롭다","F","60대","700만원 이상","서울"
"53336774","20240422","만족하는 편이다","함께하는 사림들에 만존해서","M","50대","500~700만원 미만","서울"
"53336847","20240422","불만족하는 편이다","군대에서 여가활동하기 어렵기때문","M","19~29세","700만원 이상","경기"
"53337032","20240422","보통이다","경제적인 여유가 없어서","F","60대","300만원 미만","경북"
"53337062","20240422","불만족하는 편이다","여가활동을 즐길 시간 비용 여유가 없음","M","40대","500~700만원 미만","서울"
"53337505","20240422","보통이다","비슷해서","M","19~29세","300만원 미만","경기"
"53337519","20240422","보통이다","시간이 없어서","M","30대","300만원 미만","인천"
"53337641","20240422","보통이다","특별함이 없다","F","50대","300만원 미만","부산"
"53337658","20240422","만족하는 편이다","야근을 하지 않아서, 차가 생겨서","F","30대","500~700만원 미만","경기"
"53337716","20240422","만족하는 편이다","은퇴 후 시간에 여유가 있어서","F","50대","700만원 이상","전남"
"53337790","20240422","만족하는 편이다","불편함이 없음","M","50대","700만원 이상","서울"
"53337932","20240422","보통이다","가족과 함께하는시간이여서","M","30대","300만원 미만","인천"
"53337937","20240422","매우 만족한다","하고싶은 활동을 했다.","M","30대","700만원 이상","서울"
"53338052","20240422","만족하는 편이다","없다","F","30대","없음/모름/무응답","서울"
"53338171","20240422","보통이다","비슷하다","F","40대","300만원 미만","강원"
"53338418","20240422","보통이다","금전 시간의 여유","M","50대","300~500만원 미만","경기"
"53338428","20240422","보통이다","생환팬턴이 달라지지 않음","F","50대","300~500만원 미만","충북"
"53338593","20240422","만족하는 편이다","비교적 여러가지 정보를 접할수 있어서 선택이가능함","F","60대","500~700만원 미만","서울"
"53338670","20240422","만족하는 편이다","비교적 여가생활을 잘 즐긴 것 같아서","M","40대","300~500만원 미만","경기"
"53338835","20240422","만족하는 편이다","마음이 편안하고 여유가 있어요","F","40대","700만원 이상","충남"
"53338871","20240422","만족하는 편이다","시간 및 경제적 여건이 충족됨","M","60대","300~500만원 미만","제주"
"53338919","20240422","보통이다","대체적으로 최근 1년간 비슷하기 때문","M","50대","500~700만원 미만","서울"
"53339013","20240422","만족하는 편이다","원하는 공연이나 만남을 가졌기때문에","M","40대","700만원 이상","서울"
"53339171","20240422","보통이다","마음먹은데로 되지않아서","M","50대","300~500만원 미만","경남"
"53339244","20240422","보통이다","크게 달라진점이없음","F","30대","500~700만원 미만","경기"
"53339362","20240422","매우 만족한다","포토샵 자격증 시험 봄. 캘리그라피 휘호대회 준비중.","F","40대","없음/모름/무응답","강원"
"53339391","20240422","보통이다","가격면에서 그리 착하지 않기때문","F","50대","700만원 이상","경기"
"53339550","20240422","만족하는 편이다","예전만큼 자주 뭔가를 보러가거나 즐기지는 못하지만 그래도 한달에 한번정도는 시간내서 전시회 즐기는것에 소소하게 만족하는편이고 특히 운동은 꾸준히 하니까 몸도 마음도 건강해지는것이 느껴져서 만족하는편입니다.","F","19~29세","없음/모름/무응답","서울"
"53339890","20240422","보통이다","경제적 여유","M","40대","300~500만원 미만","서울"
"53339988","20240422","보통이다","삶에 큰변화가 없어서","M","40대","300~500만원 미만","경남"
"53340012","20240422","보통이다","주변 환경이 크게 변화가 없어서","M","50대","700만원 이상","충북"
"53340215","20240422","만족하는 편이다","즐거우니까","M","60대","700만원 이상","강원"
"53340282","20240422","보통이다","없음","M","50대","300~500만원 미만","제주"
"53340350","20240422","보통이다","작년과 별 다를게 없어서","F","50대","300~500만원 미만","경기"
"53340522","20240422","보통이다","교통이 좀불편하다","F","50대","300만원 미만","충북"
"53340732","20240422","보통이다","시간적여유가 없어서","M","50대","300만원 미만","경남"
"53340779","20240422","만족하는 편이다","회사와 육아를 병행하면서도 시간을 짬내서 여가시간을 갖는데 있어 만족합니다.","M","30대","500~700만원 미만","경기"
"53340798","20240422","보통이다","높고낮음없이 평범하다","M","50대","300~500만원 미만","광주"
"53340859","20240422","불만족하는 편이다","돈이 부족하다","M","50대","300~500만원 미만","대전"
"53341072","20240422","보통이다","외부 온도가 너무 높음","M","50대","700만원 이상","부산"
"53341098","20240422","만족하는 편이다","여유시간을 계획적으로 활용","M","60대","700만원 이상","경기"
"53341109","20240422","매우 만족한다","친구들과 함께하는 국내 트레킹","M","60대","300~500만원 미만","경기"
"53341215","20240422","만족하는 편이다","항상 즐겁게생활한다","M","60대","300만원 미만","전남"
"53341405","20240422","만족하는 편이다","만나면 편하고 즐겁다","F","60대","없음/모름/무응답","강원"
"53341439","20240422","보통이다","예년과비슷","M","60대","300~500만원 미만","강원"
"53341467","20240422","만족하는 편이다","좋아하는 활동을 할수있어서","M","19~29세","300~500만원 미만","서울"
"53341508","20240422","만족하는 편이다","배우자가 퇴직을 해서 시간이 생겼고 지방에서 수도권으로 이사를 해서","F","60대","500~700만원 미만","서울"
"53341515","20240422","만족하는 편이다","하고싶은 여가활동함","F","40대","500~700만원 미만","충북"
"53341553","20240422","만족하는 편이다","시간적 여유가 생기고 이동거리도 가까워 만족하고 있음.","F","40대","500~700만원 미만","경북"
"53341813","20240422","보통이다","충분한 인프라부족과 다양성이 부족한편이다","M","40대","300만원 미만","경북"
"53341815","20240422","보통이다","서울경기에비해 시설규모가 작거나 적은편이고 이용비용도 비싼편입니다. 더불어 교통또한 자차가아니면 자유롭게 이동하는데도 불편합니다.","M","40대","300~500만원 미만","강원"
"53341890","20240422","보통이다","나쁘지도 좋지도 않음","F","19~29세","700만원 이상","서울"
"53341902","20240422","보통이다","없음","M","60대","300~500만원 미만","강원"
"53342090","20240422","보통이다","없다","M","19~29세","300만원 미만","경북"
"53342134","20240422","보통이다","비슷하기때문","M","30대","300~500만원 미만","서울"
"53342207","20240422","보통이다","별 변화가 없으므로","F","50대","300만원 미만","서울"
"53342328","20240422","보통이다","시간이충분치 않았다","M","50대","300~500만원 미만","충북"
"53342526","20240422","보통이다","평소에 하는 그대로이기 때문이다","M","60대","300만원 미만","경남"
"53342615","20240422","보통이다","경제적인 비용이 많이 든다. 국내 및 해외 여행을 하기에는 시간과 비용이 걸림돌이 된다. 특히 항공료가 비싸다.","F","40대","500~700만원 미만","울산"
"53342771","20240422","보통이다","여유가 없음","M","40대","300만원 미만","경기"
"53342809","20240422","보통이다","평이한 정도일 뿐 셀렘이 없다","M","60대","300~500만원 미만","경기"
"53342838","20240422","매우 만족한다","내가 가거나 하고 싶을때 할수 있다","M","60대","700만원 이상","부산"
"53343023","20240422","불만족하는 편이다","시간이 부족합니다","F","60대","300만원 미만","제주"
"53343032","20240422","보통이다","경재적여유","M","40대","300만원 미만","경남"
"53343125","20240422","보통이다","설연휴 이용하여 본가 방문 시간이 짧아 박물관등 이용시간이 불충분함","F","40대","300~500만원 미만","울산"
"53343236","20240422","만족하는 편이다","재밌어서","M","19~29세","없음/모름/무응답","서울"
"53343338","20240422","불만족하는 편이다","시간 부족","M","30대","500~700만원 미만","서울"
"53343365","20240422","보통이다","보통","F","40대","300만원 미만","전북"
"53343442","20240422","만족하는 편이다","적정한 시간활용해서 원하는 여가활동","M","50대","500~700만원 미만","경기"
"53343479","20240422","보통이다","보토이이니따~","M","19~29세","300만원 미만","서울"
"53343614","20240422","만족하는 편이다","특별한 이벤트는 없었지만 평온하게 보내서","M","40대","300~500만원 미만","경기"
"53343729","20240422","보통이다","경제적어려움","F","50대","700만원 이상","인천"
"53343768","20240422","보통이다","경제적 여건(전체적 활동에 필요한 고물가 시대). 일주일(주6일) 근로에 대한 피로도 누적. 육아에 대한 사회적 시선 불안(이해&배려 부족). 사회 사건&사고(묻지마 사건)","M","30대","300만원 미만","경남"
"53343812","20240422","보통이다","특별한것이 별로없으니까..","M","60대","없음/모름/무응답","전북"
"53343827","20240422","보통이다","이전과 크게 달라짐을 느끼진 않음","M","19~29세","300만원 미만","서울"
"53343932","20240422","보통이다","크게 여가생활을 활발하게 하지않으니까","M","60대","300~500만원 미만","부산"
"53344088","20240422","매우 불만족한다","돈이 없다","M","40대","300~500만원 미만","울산"
"53344199","20240422","보통이다","그냥좋지도나쁘지도않다고생각","F","50대","700만원 이상","경기"
"53344390","20240422","보통이다","영화관람료가너무비싸졌다","F","40대","300만원 미만","전북"
"53344498","20240422","만족하는 편이다","별일 없이 마무리가 된다.","M","50대","500~700만원 미만","세종"
"53344551","20240422","보통이다","별 변화가 없다","F","60대","300~500만원 미만","경기"
"53344742","20240422","보통이다","1개월동안 변동차이가 없습니다","M","50대","300~500만원 미만","울산"
"53344827","20240422","만족하는 편이다","집 앞 공원이 있어 언제든 걷기가 가능해 만족","F","50대","300만원 미만","경남"
"53345023","20240422","보통이다","지역간균형발전과교통인프라미흡","M","60대","300~500만원 미만","경남"
"53345047","20240422","만족하는 편이다","시간이 많이 남아서 여가 시간을 보내기 적당함","M","19~29세","없음/모름/무응답","부산"
"53345185","20240422","불만족하는 편이다","여유가 적어짐","M","30대","300만원 미만","경남"
"53345355","20240422","보통이다","큰 변회가 없어서","F","40대","300~500만원 미만","강원"
"53345489","20240422","보통이다","큰 변화가 없음","M","50대","700만원 이상","인천"
"53345576","20240422","만족하는 편이다","경제적여우","F","19~29세","300~500만원 미만","서울"
"53345604","20240422","보통이다","날씨가추워서","F","50대","300~500만원 미만","대구"
"53345610","20240422","만족하는 편이다","커카","F","19~29세","700만원 이상","인천"
"53345638","20240422","만족하는 편이다","일을 시작하며 경제적으로 여유가 생김","F","19~29세","700만원 이상","서울"
"53345693","20240422","보통이다","시간과 경비가들어 줄이는편이다","M","60대","700만원 이상","서울"
"53345740","20240422","만족하는 편이다","여유롭기때문","M","30대","300만원 미만","경기"
"53345963","20240422","보통이다","뭔가애매해서","M","19~29세","없음/모름/무응답","울산"
"53346012","20240422","보통이다","시간은 여유롭지만 지방중소도시라서 인프라가 미흡히다.","F","60대","300~500만원 미만","전남"
"53346248","20240422","만족하는 편이다","건강이 활동에 부담없고 경제적으로 힘들지 않고 여유 시간 적당하고 같이 하는 아내가 있으므로 만족한다.","M","60대","300~500만원 미만","부산"
"53346395","20240422","만족하는 편이다","시간 여유","M","50대","700만원 이상","경북"
"53346448","20240422","보통이다","시간부족","F","50대","300만원 미만","대전"
"53346821","20240422","보통이다","똑같아서","M","30대","300만원 미만","인천"
"53346846","20240422","보통이다","예전과 똑같아","M","40대","300만원 미만","전북"
"53346899","20240422","만족하는 편이다","아이랑 함께해서","M","40대","300만원 미만","광주"
"53347001","20240422","만족하는 편이다","건강에 최적이고. 주변에 체육시설이 있어 접근하기가 용이하다","F","60대","300~500만원 미만","경기"
"53347049","20240422","보통이다","그냥보통이니까","F","60대","300만원 미만","광주"
"53347225","20240422","보통이다","개인적 시간","M","40대","300~500만원 미만","충북"
"53347396","20240422","매우 만족한다","건강, 시간 , 자금 등 여유있어서","F","60대","700만원 이상","서울"
"53347911","20240422","보통이다","일하는 시간이 많아 쉴시간이 적다","M","30대","없음/모름/무응답","강원"
"53347958","20240422","만족하는 편이다","기분전환","F","40대","500~700만원 미만","세종"
"53348006","20240422","보통이다","경제적 상황이 비슷","M","40대","700만원 이상","전남"
"53348057","20240422","만족하는 편이다","여가시간이 늘어서..","F","40대","300~500만원 미만","인천"
"53348340","20240422","만족하는 편이다","여가생활 장소도 좋았고 관람한 연극도 만족해서입니다.","F","40대","700만원 이상","서울"
"53348405","20240422","만족하는 편이다","시간여유많아서","F","50대","500~700만원 미만","충남"
"53348510","20240422","만족하는 편이다","시간적 여유가 있어서 만족합니다.","M","50대","700만원 이상","서울"
"53348743","20240422","보통이다","자유를 잘 즐기고 살고 있드","F","30대","700만원 이상","경기"
"53348839","20240422","만족하는 편이다","충분한 여가","M","19~29세","300~500만원 미만","대전"
"53348846","20240422","만족하는 편이다","시간여유도 많고 주변상권도 좋은편이다","F","50대","300만원 미만","경기"
"53348852","20240422","보통이다","똑같으니꺄","F","50대","300만원 미만","서울"
"53349176","20240422","보통이다","수영은 접수자 많아서 편안한 시간에 불참","F","60대","300만원 미만","인천"
"53349191","20240422","보통이다","시간 및 비용 부담","F","40대","없음/모름/무응답","서울"
"53349212","20240422","보통이다","금전적 여유가 있으면 여가 시간을 더 갖고싶다","M","40대","300~500만원 미만","광주"
"53349292","20240422","보통이다","그저그렇다","M","50대","300~500만원 미만","강원"
"53349321","20240422","만족하는 편이다","나쁘지않아서","M","19~29세","300만원 미만","충남"
"53349356","20240422","만족하는 편이다","부족한게 없으","F","19~29세","없음/모름/무응답","서울"
"53349358","20240422","보통이다","하고자하는 부분을 다 못했음.","F","40대","300만원 미만","경북"
"53349361","20240422","불만족하는 편이다","시간ㆍ경비 부족","F","50대","300~500만원 미만","부산"
"53349508","20240422","보통이다","매일 산책. 등산을 꾸준히 하고 있음","M","60대","500~700만원 미만","경북"
"53349518","20240422","보통이다","건강상이유로","F","50대","700만원 이상","경남"
"53349826","20240422","보통이다","만족스럽지 않아서","M","30대","300만원 미만","서울"
"53350147","20240422","만족하는 편이다","시간활용에 적절해서 불만이 없다","M","50대","300~500만원 미만","경기"
"53350238","20240422","보통이다","시간적 제약이 많은 편이다","M","50대","700만원 이상","서울"
"53350466","20240422","보통이다","예전과 같아서...","M","60대","700만원 이상","인천"
"53350579","20240422","보통이다","제반 주위환경이 그렇게 나쁘지는 않지만 그렇다고 좋은편은 아님..","M","50대","500~700만원 미만","경남"
"53350582","20240422","보통이다","시간 부족.","F","19~29세","300만원 미만","광주"
"53350677","20240422","보통이다","비보북","M","19~29세","없음/모름/무응답","광주"
"53350690","20240422","불만족하는 편이다","더하고싶음","M","40대","없음/모름/무응답","강원"
"53350909","20240422","만족하는 편이다","하고 싶은 것은 대부분 무리없이 하고 있어서","M","40대","500~700만원 미만","대구"
"53350934","20240422","만족하는 편이다","아파트내 커무니티 시설이있어 저렴하게 이용 가능","F","60대","300~500만원 미만","서울"
"53351007","20240422","보통이다","같은생활반복","M","40대","500~700만원 미만","제주"
"53351069","20240422","보통이다","여유자금의 부족 등","M","60대","300만원 미만","충남"
"53351111","20240422","보통이다","인프라나 경제적 상태가 불만족스럽지만 나름 여건에 맞게 잘 찾아서 즐겼다고 생각합니다.","F","19~29세","300만원 미만","서울"
"53351182","20240422","보통이다","보통","M","40대","300만원 미만","경북"
"53351210","20240422","만족하는 편이다","시간에 맞춰 현실적으로 적당하다생각함","F","40대","500~700만원 미만","강원"
"53351252","20240422","불만족하는 편이다","여유를 누리지못했다","F","50대","300만원 미만","광주"
"53351342","20240422","만족하는 편이다","비용이 발생안됨 걸어서 도서관 이나 갈맷길을갈수있어서","F","60대","500~700만원 미만","부산"
"53351371","20240422","불만족하는 편이다","돈이 많이 든다","F","19~29세","없음/모름/무응답","강원"
"53351472","20240422","만족하는 편이다","시간과 금전적인면과 나의 생활에 만족합니다","F","40대","300~500만원 미만","경남"
"53351508","20240422","만족하는 편이다","코로나때에 비해 자유롭게 활동이 가능해져서","M","40대","500~700만원 미만","서울"
"53351669","20240422","보통이다","시간적인 여유가 많지 않아서","F","30대","없음/모름/무응답","경기"
"53351739","20240422","만족하는 편이다","시간여유가 생겨 영화관에 갈 수 있었다","F","50대","700만원 이상","경기"
"53352417","20240422","만족하는 편이다","기대이상으로 좋았음.","F","40대","700만원 이상","울산"
"53352496","20240422","만족하는 편이다","많이 관람해서.","M","40대","300~500만원 미만","전북"
"53352567","20240422","불만족하는 편이다","해외생활 중이기 때?","M","19~29세","300~500만원 미만","경남"
"53352586","20240422","불만족하는 편이다","경제적으로","M","60대","500~700만원 미만","부산"
"53352660","20240422","만족하는 편이다","캘리 그라피를 배우는데 주어진 여건에서 강사의 노력과 수강생들의 열정으로 점차 좋아지는 것에 만족한다. 수강료도 저렴하고","F","60대","700만원 이상","강원"
"53352850","20240422","보통이다","이용하는 사람들이 많아 불편한적이 가끔 있슴...","M","50대","300만원 미만","울산"
"53353007","20240422","만족하는 편이다","커뮤니티 시설이좋고 주변 산책길도 좋음","F","30대","500~700만원 미만","부산"
"53353205","20240422","보통이다","시간 부족","F","40대","700만원 이상","부산"
"53353230","20240422","보통이다","약간에 여유가 있다","M","50대","없음/모름/무응답","인천"
"53353307","20240422","보통이다","필라테스등 활동비 지출이 많다","F","60대","300~500만원 미만","광주"
"53353378","20240422","만족하는 편이다","여가시간을 이용해서 평소 하고 싶었던 활동을해서 좋음","F","60대","없음/모름/무응답","서울"
"53353498","20240422","만족하는 편이다","내가 편한시간에 마음돼로 할수있어 좋아요.","F","60대","700만원 이상","경기"
"53353499","20240422","불만족하는 편이다","우리나라 경제가 먹고 살기 힘들어서 경제활동에 더 많은 시간을 할애해서 여가생활에 할애할 시간이 없음","F","30대","없음/모름/무응답","충남"
"53353618","20240422","보통이다","여가활동에 들인 비용과 시간에 비해 만족하기때문이다.","F","50대","없음/모름/무응답","서울"
"53353905","20240422","만족하는 편이다","여가활동을 할수있는 시간과여유가 있어서","M","60대","300만원 미만","충남"
"53353926","20240422","만족하는 편이다","주로 만나는 친구와 동시적으로 시간이 많아져 자주만나게 되어 만족한다.","M","19~29세","없음/모름/무응답","서울"
"53353959","20240422","보통이다","루틴으로 하고 있음","F","60대","없음/모름/무응답","강원"
"53354028","20240422","만족하는 편이다","시간을 자유로히 쓸 수 있어서..","F","40대","700만원 이상","전북"
"53354038","20240422","보통이다","비슷해서","F","19~29세","300~500만원 미만","대전"
"53354339","20240422","만족하는 편이다","시간적인 여유","F","60대","700만원 이상","부산"
"53354370","20240422","만족하는 편이다","마음이 편안해져서","F","60대","500~700만원 미만","서울"
"53354498","20240422","만족하는 편이다","내가 원하는 여가생활을 원하는 시간에 할수있다","M","50대","700만원 이상","대구"
"53354543","20240422","보통이다","횟수가 적어서","F","60대","없음/모름/무응답","서울"
"53354558","20240422","불만족하는 편이다","돈이 부족","M","50대","300만원 미만","대전"
"53354786","20240422","매우 만족한다","여가시간 및 여가 시간을 즐길 경제적 여유가 있음으로","F","19~29세","300만원 미만","경기"
"53354839","20240422","보통이다","시설부족","M","50대","500~700만원 미만","서울"
"53354852","20240422","보통이다","비용이충분하지않아서","F","50대","300~500만원 미만","광주"
"53354886","20240422","보통이다","더 다양하고 빈도높운 여가생활을 하고싶지만 비용이 많이 듦. 하지만 경제적 수준에 적합한 여가생활을 하고 잇어 만족한다","F","19~29세","300만원 미만","서울"
"53354912","20240422","만족하는 편이다","시간과 경제적으로 여가생활할수가 있어서요^^","F","60대","700만원 이상","인천"
"53355261","20240422","보통이다","비용이 많이든다","M","50대","300~500만원 미만","전북"
"53355449","20240422","보통이다","시간적으로 충분하지 않다고 느껴서","F","40대","300~500만원 미만","세종"
"53355516","20240422","보통이다","특별한 불만이나 만족이 없음","M","40대","500~700만원 미만","서울"
"53355553","20240422","보통이다","원하는 여가활동의 제약이 있으나 지금의 여가생활도 그럭저럭 만족함","F","40대","500~700만원 미만","인천"
"53355571","20240422","보통이다","영화감상.여행.당구.친지.지인 만남 등등 시간적여유가 없리 보통이었던것 같습니다","M","50대","500~700만원 미만","인천"
"53355640","20240422","만족하는 편이다","이전보다 여가시간이 늘어났고 다양한 활동들을 하기 때문.","F","30대","300만원 미만","경기"
"53355647","20240422","보통이다","일하고 애기 돌보느라 여가시간이 크게 없었음","F","30대","700만원 이상","제주"
"53355802","20240422","만족하는 편이다","살짝 아쉬운 건 있지만 크게 불편한 건 없음","M","30대","300~500만원 미만","경기"
"53355947","20240422","만족하는 편이다","시간적으로나 경제적으로 큰 부담 없이 향유할 수 있어서","M","60대","500~700만원 미만","경기"
"53355961","20240422","불만족하는 편이다","살이쪄서요","M","50대","300만원 미만","경기"
"53356140","20240422","만족하는 편이다","바로 할수 있으니까","F","50대","500~700만원 미만","충남"
"53356189","20240422","만족하는 편이다","충분한 재정때문","F","19~29세","300~500만원 미만","서울"
"53356221","20240422","만족하는 편이다","청년요금제로 영화권람권을 저렴하게 구입한다","F","19~29세","700만원 이상","대구"
"53356368","20240422","만족하는 편이다","계획했던 해외여행을 다뇽하서","F","30대","500~700만원 미만","대구"
"53356420","20240422","불만족하는 편이다","경제적 시간적 여유가없다","F","40대","300만원 미만","경기"
"53356655","20240422","만족하는 편이다","회사를 그만둬서","F","40대","500~700만원 미만","충북"
"53356700","20240422","보통이다","항상 비슷해서","F","40대","300~500만원 미만","부산"
"53356914","20240422","보통이다","불만도 없고 그렇다고 만족하는 것도 아 님 해서 보통으로 함","M","60대","300~500만원 미만","경북"
"53356917","20240422","만족하는 편이다","새로운 언어 공부를 하고있기때문에 자기발전 중심으로 바뀜","F","19~29세","없음/모름/무응답","서울"
"53357203","20240422","보통이다","충분히 쉴시간이 있었다","M","40대","300~500만원 미만","경북"
"53357327","20240422","만족하는 편이다","가까운데 운동시설이 있습니다","M","60대","500~700만원 미만","서울"
"53357566","20240422","보통이다","현재에 만족하기 때문이다","F","30대","300만원 미만","경기"
"53357675","20240422","만족하는 편이다","여가시간을통해 친구들도 만날수있어.","M","60대","300~500만원 미만","서울"
"53357688","20240422","보통이다","자주 밖에 안나가요","F","40대","500~700만원 미만","인천"
"53357722","20240422","불만족하는 편이다","시간적 경제적여유","M","60대","300만원 미만","경기"
"53357746","20240422","만족하는 편이다","백수라서","M","30대","300만원 미만","인천"
"53357818","20240422","만족하는 편이다","시간적여유가 있으니까","F","50대","300~500만원 미만","서울"
"53358018","20240422","만족하는 편이다","비용대비 걷기 영화 등을 내 기준에 불편함이 어뵤어서","M","50대","300~500만원 미만","부산"
"53358103","20240422","불만족하는 편이다","여가 시간이 부족함","M","40대","700만원 이상","서울"
"53358246","20240422","만족하는 편이다","시간적 여유와 쉼이 필요해서","M","50대","300~500만원 미만","대전"
"53358480","20240422","불만족하는 편이다","시간이모자르고 돈이없음 물가가너무비쌈","F","30대","500~700만원 미만","서울"
"53358522","20240422","보통이다","장소의 선택과 비용과 만족도 불편","M","60대","없음/모름/무응답","서울"
"53358527","20240422","보통이다","없음","M","40대","300~500만원 미만","제주"
"53358578","20240422","보통이다","시간부족","M","50대","300만원 미만","제주"
"53358646","20240422","만족하는 편이다","일의 능률이 올라서","M","50대","700만원 이상","경기"
"53358719","20240422","매우 만족한다","내 계획대로 됐다","M","19~29세","500~700만원 미만","광주"
"53358837","20240422","보통이다","시설물에대한 볼거리가 다양하지 못한점","M","50대","500~700만원 미만","광주"
"53358853","20240422","보통이다","가성비가 좋음","M","30대","700만원 이상","서울"
"53359132","20240422","보통이다","특별히 전과 비교해 달라진것이 없다","F","60대","300~500만원 미만","전남"
"53359179","20240422","만족하는 편이다","집 주변에서 가급적 해결해서 이동이 편리하고 가격이 저렴함","M","40대","500~700만원 미만","부산"
"53359225","20240422","보통이다","좀 더 시간을 알차게 이용하고 싶음","F","40대","700만원 이상","서울"
"53359283","20240422","만족하는 편이다","휴식","M","60대","700만원 이상","세종"
"53359316","20240422","보통이다","자녀들이 어려 여가생활에 대한 만족이 보통이다","M","30대","500~700만원 미만","전북"
"53359454","20240422","보통이다","시간이 없지만 출퇴근시간에 하려 한다","F","30대","700만원 이상","인천"
"53359469","20240422","만족하는 편이다","박물관 미술관 관람이 예약없이 편히 관람가능","F","40대","300~500만원 미만","부산"
"53359554","20240422","만족하는 편이다","꾸준히 늘 해오던 것이라 만족하는편이다","F","50대","700만원 이상","경기"
"53359621","20240422","불만족하는 편이다","여유가 없음","M","40대","300~500만원 미만","경기"
"53359790","20240422","만족하는 편이다","인프라가 잘 된곳으로 여행을가서 편하다","M","40대","500~700만원 미만","경기"
"53359854","20240422","보통이다","관심은 있는데 잘안되서 그렇게 애기 했음","M","50대","300~500만원 미만","경남"
"53360041","20240422","만족하는 편이다","시간과예산이 있어서 하고싶은걸 할수 있음","M","40대","700만원 이상","서울"
"53360168","20240422","불만족하는 편이다","인프라가 없음","F","40대","없음/모름/무응답","충남"
"53360273","20240422","만족하는 편이다","계획했던 대로 실천을 했고 새로운 분야의 사람들을 만나서 성장할 수 있었기 때문이다","F","60대","300~500만원 미만","서울"
"53360306","20240422","보통이다","매년 똑같음","M","40대","없음/모름/무응답","대구"
"53360307","20240422","만족하는 편이다","만족하니까","M","50대","300~500만원 미만","강원"
"53360434","20240422","만족하는 편이다","하고싶은건 전부 할수가 있어서","M","40대","300~500만원 미만","강원"
"53360972","20240422","불만족하는 편이다","시간이없다","M","50대","없음/모름/무응답","전북"
"53361006","20240422","보통이다","특별할 것 없는 일상이다보니","M","40대","700만원 이상","경남"
"53361179","20240422","보통이다","그냥 그래서","F","19~29세","없음/모름/무응답","광주"
"53361270","20240422","보통이다","매일 하니","M","50대","300~500만원 미만","충남"
"53361588","20240422","보통이다","시간적 경제적으로 부족함","F","50대","300만원 미만","경북"
"53361649","20240422","매우 만족한다","원하는 걸 다 할수는 없지만 만족감을 느끼는 수준에서 하고 있음","F","40대","700만원 이상","강원"
"53361669","20240422","보통이다","시간부족","M","40대","500~700만원 미만","서울"
"53361742","20240422","만족하는 편이다","시간적 여유가 있다","F","60대","300~500만원 미만","인천"
"53361784","20240422","보통이다","적절한 워라밸","M","30대","500~700만원 미만","인천"
"53361796","20240422","보통이다","크게 달라지지 않음.","M","40대","500~700만원 미만","서울"
"53361814","20240422","보통이다","건강상이유로 많은 제한을 받고 있다","F","50대","300만원 미만","서울"
"53361826","20240422","만족하는 편이다","주어진 환경에 생활 하고있으며 더많은 시설이 대도시에 비하면 차이나지만 시설이 더 많으면 더좋지 만","M","50대","300~500만원 미만","경기"
"53361899","20240422","보통이다","시간 경제적으로여가비가없어서.보통이란고생각함.","M","40대","300만원 미만","경남"
"53361968","20240422","만족하는 편이다","쉬는시간이용해서 즐기고있는편","F","40대","없음/모름/무응답","서울"
"53362519","20240422","만족하는 편이다","마음맞는 사람들과의 여행으로 좋은 추억을 만들었음","F","50대","700만원 이상","경기"
"53362532","20240422","만족하는 편이다","충분한 시간 적절한 비용","M","60대","300만원 미만","대전"
"53362610","20240422","보통이다","원하는 만큼 하지 못하기에","M","50대","500~700만원 미만","부산"
"53362810","20240422","보통이다","나가려면 비용이 너무 많이 듬","F","30대","300~500만원 미만","경기"
"53362832","20240422","보통이다","그냥 적당한 만족과 불믄","M","30대","300만원 미만","서울"
"53363028","20240422","만족하는 편이다","혼자만의시간이늘어서","F","19~29세","없음/모름/무응답","경남"
"53363086","20240422","만족하는 편이다","환경이 잘 조성되어있음","M","19~29세","700만원 이상","경기"
"53363161","20240422","보통이다","특별한 사유 없음","M","50대","700만원 이상","강원"
"53363227","20240422","보통이다","그저그렇다","M","30대","없음/모름/무응답","제주"
"53363610","20240422","만족하는 편이다","취미생활을 위한 이동시간이 줄어 시간활용이 용이해졌음","F","40대","700만원 이상","경북"
"53363643","20240422","만족하는 편이다","평일 저녁 활용할 개인시간이 많음","F","50대","700만원 이상","경기"
"53363692","20240422","만족하는 편이다","라운딩 다녀왔고 평창에서 가족.언니들과 바베큐파티 즐거웠음.","F","50대","700만원 이상","서울"
"53363716","20240422","만족하는 편이다","행복해서","F","50대","300~500만원 미만","경기"
"53363738","20240422","보통이다","항상 만족","F","50대","700만원 이상","광주"
"53363815","20240422","보통이다","없음","F","50대","500~700만원 미만","서울"
"53363898","20240422","불만족하는 편이다","걷기운동 적어졌다","M","50대","없음/모름/무응답","경기"
"53363909","20240422","보통이다","시간적 여유가 없어서","M","40대","300만원 미만","광주"
"53364008","20240422","보통이다","일상생활에 큰 변화가 없습니다. 항시 평소대로 하기 때문에 만족도는 '보통이다'입니다.","F","60대","500~700만원 미만","인천"
"53364189","20240422","보통이다","별다른 변화없슴","M","50대","500~700만원 미만","대구"
"53364197","20240422","보통이다","크게 부족함 없이 다님","M","50대","없음/모름/무응답","충남"
"53364516","20240422","만족하는 편이다","재밌게 즐기고 잇고 블만족스러울 이유가 없기에","F","19~29세","300~500만원 미만","충북"
"53364688","20240422","불만족하는 편이다","경제적인 문제","F","40대","300만원 미만","경기"
"53364855","20240422","불만족하는 편이다","여가시간부족","M","60대","700만원 이상","경기"
"53364910","20240422","보통이다","평상시와 늘 같은 패턴으로 여가생활을 하기 때문에","F","40대","700만원 이상","충북"
"53365004","20240422","보통이다","보통이기 때문에","M","19~29세","300~500만원 미만","경기"
"53365060","20240422","만족하는 편이다","주말에 여행다녀온것","F","40대","500~700만원 미만","서울"
"53365356","20240422","만족하는 편이다","여유","F","40대","300만원 미만","전남"
"53365697","20240422","보통이다","가격이나 서비스면에서 매력이 증가하지 않아서","M","40대","700만원 이상","세종"
"53365758","20240422","불만족하는 편이다","시간적 환경적 여유부족","F","40대","700만원 이상","충남"
"53366027","20240422","보통이다","없음","M","40대","500~700만원 미만","서울"
"53366130","20240422","매우 만족한다","변하지도 않고 줄어들지 않음","M","30대","500~700만원 미만","부산"
"53366155","20240422","보통이다","만족도가 높지도 낮지도 않아서","F","19~29세","없음/모름/무응답","인천"
"53366284","20240422","보통이다","크게 불만족하지도 만족하지도 않은 상태라서.","F","30대","없음/모름/무응답","서울"
"53366292","20240422","만족하는 편이다","아파트단지내에 이용시설","M","60대","500~700만원 미만","대전"
"53366395","20240422","만족하는 편이다","주변시설","M","50대","500~700만원 미만","경기"
"53366456","20240422","보통이다","정보가 없다","M","50대","700만원 이상","서울"
"53366536","20240422","만족하는 편이다","집근처에 한강과 공원이 있어 산책하기에 환경이 훌륭함","F","40대","700만원 이상","서울"
"53366816","20240422","보통이다","좋음","M","19~29세","없음/모름/무응답","경기"
"53367047","20240422","만족하는 편이다","여가 생활을 할때 비용을 생각하지 않고 마음껏 하는편이라서","F","40대","700만원 이상","서울"
"53367209","20240422","만족하는 편이다","여가활동을 하고 싶을때는 언제든지 할수 있기때문!","F","60대","500~700만원 미만","서울"
"53367260","20240422","만족하는 편이다","퇴직 후 여가 활동 증가","M","60대","700만원 이상","경남"
"53367444","20240422","보통이다","경제적 여건으로 인해 포기하","M","30대","300~500만원 미만","경남"
"53367749","20240422","보통이다","항상 편하게 하는게 여유라고 생각합니다","F","40대","300~500만원 미만","경남"
"53368022","20240422","만족하는 편이다","원하는 시간에 원하는 활동을 할 수 있었음","F","30대","없음/모름/무응답","강원"
"53368150","20240422","만족하는 편이다","보고 싶던 뮤지컬을 관람해서","M","19~29세","없음/모름/무응답","전북"
"53368774","20240422","매우 불만족한다","돈 시간 여건 부족","F","30대","없음/모름/무응답","울산"
"53368899","20240422","만족하는 편이다","원하는 시간에 여가를 즐길 수 있고 비용이 합리적인 편임","F","19~29세","없음/모름/무응답","제주"
"53369211","20240422","만족하는 편이다","다양한 여가생활을 했기때문","M","30대","700만원 이상","대전"
"53369236","20240422","만족하는 편이다","하고싶은 여가활동을 하고 있습니다.","F","30대","300~500만원 미만","경기"
"53369269","20240422","보통이다","특별히 만족한것이 없어서","M","60대","300만원 미만","서울"
"53369310","20240422","만족하는 편이다","쌓인피로를 효과적으로 해소중","M","30대","300~500만원 미만","경남"
"53369368","20240422","만족하는 편이다","시간적 경제적으로 가능","F","50대","500~700만원 미만","경기"
"53369490","20240422","불만족하는 편이다","일하는 시간이 너무많구 주위에 불편한관계도 적지이않구요.. 제가시간을 잘활용하지못해서입니다","M","40대","300만원 미만","충북"
"53369588","20240422","만족하는 편이다","하고 싶은 여가 활동을 불편함없이 했다","F","60대","500~700만원 미만","서울"
"53369639","20240422","보통이다","시간여유가 없음","F","60대","500~700만원 미만","강원"
"53369696","20240422","만족하는 편이다","여가활동에 만족한다","M","50대","700만원 이상","제주"
"53369822","20240422","만족하는 편이다","힐링이되고 코로나이후로 여행이 자유롭다","F","40대","300~500만원 미만","경남"
"53369895","20240422","보통이다","달라진점 없음","F","30대","500~700만원 미만","충북"
"53370217","20240422","보통이다","여가시간이 별로 없음","F","30대","없음/모름/무응답","전북"
"53370308","20240422","보통이다","굳이 더만족스럽거나 나이지거없음","F","40대","500~700만원 미만","경남"
"53370321","20240422","보통이다","별로변한여건이없다","M","60대","300만원 미만","경기"
"53370405","20240422","만족하는 편이다","원하는 것을 할 수 있는 여건","F","60대","700만원 이상","부산"
"53370451","20240422","보통이다","인프라 부족","M","30대","300~500만원 미만","충남"
"53370486","20240422","보통이다","평소랑 비슷해서","M","30대","500~700만원 미만","경북"
"53370508","20240422","불만족하는 편이다","연차쓰기 눈치보이고 내 일을 대행자가 해쥬는게 미안함 쉬었던 만큼 쌓여있는 일","F","30대","없음/모름/무응답","충북"
"53370526","20240422","보통이다","변화없이 늘 똑같다","F","30대","300~500만원 미만","충남"
"53370993","20240422","만족하는 편이다","관심분야에 대한 정보습득이나 시간 경제적 여유가 다소 생겨서","M","40대","500~700만원 미만","경기"
"53371048","20240422","불만족하는 편이다","몸이 불편해서","F","19~29세","300만원 미만","경기"
"53371069","20240422","매우 만족한다","만족 하니까요","F","60대","300~500만원 미만","전남"
"53371582","20240422","보통이다","여가를 즐길 시간 부족","F","30대","300만원 미만","전북"
"53372175","20240422","만족하는 편이다","스트레스 해소에 많은 도움을 주어서","M","50대","300~500만원 미만","서울"
"53372244","20240422","만족하는 편이다","원하는 시간대에 여가를 즐길 수 있다.","M","50대","500~700만원 미만","대구"
"53372247","20240422","보통이다","변화 없음","M","30대","700만원 이상","인천"
"53372405","20240422","만족하는 편이다","만족하는편.","F","30대","500~700만원 미만","경기"
"53372421","20240422","보통이다","특별히 변한게 없어서","M","19~29세","없음/모름/무응답","서울"
"53372428","20240422","보통이다","이유는 없음","F","40대","없음/모름/무응답","경남"
"53372468","20240422","보통이다","작년과 비교했을째 크게 변화하지 않아서","F","19~29세","없음/모름/무응답","인천"
"53372623","20240422","불만족하는 편이다","시간이 부족함","F","50대","500~700만원 미만","서울"
"53372667","20240422","보통이다","환절기 건강이상","M","40대","300~500만원 미만","광주"
"53373055","20240422","보통이다","시간과 경제적 여유가 힘들어서","M","50대","500~700만원 미만","경기"
"53373147","20240422","보통이다","몸도 피곤하고 너무 바쁜나날이 되다보니 여가시간을 가질 시간이 별로 안되는거 같습니다","F","60대","300만원 미만","서울"
"53373320","20240422","보통이다","새로운 것 없이 늘 하던 패턴이라.","F","40대","없음/모름/무응답","서울"
"53373345","20240422","보통이다","비슷함","M","30대","300~500만원 미만","서울"
"53373646","20240422","보통이다","횟수가 적다","F","50대","500~700만원 미만","경남"
"53373988","20240422","만족하는 편이다","여가생활을 꾸준히 하고 있으니까.","M","60대","300만원 미만","서울"
"53374053","20240422","만족하는 편이다","즐겁고 스트레스가 풀린다","F","40대","700만원 이상","서울"
"53374136","20240422","보통이다","평소와 같습니다","F","60대","700만원 이상","서울"
"53374339","20240422","보통이다","은톼자의 아내로서 충분히 즐긴다고 생각합니다","F","60대","300~500만원 미만","경기"
"53374416","20240422","불만족하는 편이다","좀더 다양한 경험을할수있는 정보가필요함","F","60대","700만원 이상","전북"
"53374640","20240422","만족하는 편이다","접근성","M","40대","700만원 이상","서울"
"53374674","20240422","보통이다","예전과 별차이 없으므로","M","60대","300~500만원 미만","울산"
"53374947","20240422","만족하는 편이다","지인과 함께 하는 시간이 즐거움","M","30대","없음/모름/무응답","제주"
"53375031","20240422","보통이다","시간과경제적인이유로","F","60대","500~700만원 미만","전남"
"53375189","20240422","만족하는 편이다","현 생활에 만족하고 있어서","M","40대","없음/모름/무응답","울산"
"53375431","20240422","보통이다","만족도는 높지만 비용이 많이 들어요.","M","40대","300만원 미만","부산"
"53375443","20240422","보통이다","시간부족","F","30대","300~500만원 미만","전남"
"53375545","20240422","불만족하는 편이다","경제적 여유가없다.","M","40대","300~500만원 미만","서울"
"53375573","20240422","보통이다","다양한 여가생활을 못하고있어서","F","60대","300~500만원 미만","인천"
"53376074","20240422","보통이다","시간에 구애받지 않고 원할때 할수있을 정도로 크게 바쁘질 않았기 때문에 대체로 만족함","M","50대","700만원 이상","경기"
"53376159","20240422","보통이다","시간적,경제적여유가없어서","F","40대","500~700만원 미만","경남"
"53376164","20240422","만족하는 편이다","휴일에 가족과 근교드라이브가서 맛집도가고 카페도다니고 즐거운시간보냈습니다.","M","30대","없음/모름/무응답","경북"
"53376270","20240422","보통이다","주변 여가 시설 부족때문","F","40대","300만원 미만","충북"
"53376303","20240422","만족하는 편이다","일이 덜 바빠지면서 충분히 여가시간을 활용할 수 있어졌고 수영을통한 신체활동과 모바일영상관람 게임등의 비율을 적정하게 나눠 진행할 수 있어서 만족하고있습니다.","F","19~29세","500~700만원 미만","경기"
"53376306","20240422","보통이다","남편이 은퇴하고 집에 있어 시간이 자유롭지 않아서.","F","60대","500~700만원 미만","경기"
"53376321","20240422","보통이다","그전 일상과 같아서","M","50대","없음/모름/무응답","서울"
"53376394","20240422","만족하는 편이다","여가시간이 더 있었으면 좋겠음","F","40대","없음/모름/무응답","대전"
"53376627","20240422","보통이다","좋고 기억에 남고 그런 경험없이 평범했기때문","F","40대","300만원 미만","경기"
"53376640","20240422","매우 불만족한다","주변 인프라 부족","F","19~29세","300만원 미만","강원"
"53376890","20240422","보통이다","시간내기가 어려워 한벅 움직이기 어렵고 몸이 피곤하다","F","40대","500~700만원 미만","경기"
"53376981","20240422","보통이다","특별히 달라진게 없음","M","40대","700만원 이상","강원"
"53377016","20240422","만족하는 편이다","계약끝나고 시간이많이 남음","M","19~29세","없음/모름/무응답","경남"
"53377040","20240422","보통이다","시간 적당 건강 적당","M","60대","700만원 이상","서울"
"53377251","20240422","보통이다","열심히 최선을 다해서 노력하고 있습니다 결과 가 보통입니다","F","60대","300만원 미만","인천"
"53377405","20240422","만족하는 편이다","적당한 비용이 들었고 딱히 나쁜점이 없었다","M","19~29세","없음/모름/무응답","전남"
"53377457","20240422","만족하는 편이다","재미있어서","M","40대","500~700만원 미만","경기"
"247342","20240501","만족하는 편이다","해외여행","M","60대","700만원 이상","경기"
"270602","20240501","보통이다","내게 맞는 활동임으로","F","30대","500~700만원 미만","광주"
"304079","20240501","보통이다","그냥 할게없음","M","19~29세","300~500만원 미만","광주"
"339973","20240501","만족하는 편이다","비교적 만족합니다","F","60대","300만원 미만","경기"
"348124","20240501","보통이다","바뿐 일정에 시간을 내서 여가시간을 내는게 힘이듭니다","M","50대","300만원 미만","강원"
"350568","20240501","불만족하는 편이다","제대로 못즐김","M","50대","300~500만원 미만","서울"
"421122","20240501","만족하는 편이다","집에있으면서 친지와 소소한이야기를하다보면 마음이편안해짐","F","60대","없음/모름/무응답","서울"
"422095","20240501","보통이다","돈이 충분하지 않아 맘껏 못누림","F","50대","300만원 미만","대전"
"422770","20240501","보통이다","특별한 이벤트가없다","M","50대","700만원 이상","세종"
"424679","20240501","만족하는 편이다","딱히 없음","M","19~29세","300~500만원 미만","전북"
"425777","20240501","보통이다","특별히 한게 없음","F","40대","300~500만원 미만","인천"
"433028","20240501","보통이다","시간적여유가 없다","F","60대","300만원 미만","전북"
"434348","20240501","만족하는 편이다","비용이 저렴함","M","50대","700만원 이상","서울"
"441368","20240501","만족하는 편이다","포항에 살고있고 축구를 좋아하는데 프로축구구단이 있다.","M","40대","700만원 이상","경북"
"444929","20240501","만족하는 편이다","편함","M","30대","없음/모름/무응답","경북"
"445957","20240501","만족하는 편이다","건강에 도움이 많이 됨 그리고 가족간 소통에도 효율적임","F","50대","300~500만원 미만","광주"
"450903","20240501","보통이다","주변 가까이 시설 부족","F","40대","700만원 이상","강원"
"451264","20240501","만족하는 편이다","쉬고 있을 때와 일하고 있을 때 여가 생활이 다르기 때문","M","30대","300~500만원 미만","부산"
"452919","20240501","만족하는 편이다","여가시간이 보장되어있기 때문에","F","19~29세","없음/모름/무응답","강원"
"453740","20240501","보통이다","전년도랑크게 달라진게 없다","F","50대","300만원 미만","세종"
"454865","20240501","보통이다","시간부족으로","M","40대","300~500만원 미만","부산"
"456673","20240501","보통이다","현재환경이 조금","F","60대","300만원 미만","서울"
"458319","20240501","만족하는 편이다","건강에 도움","F","50대","700만원 이상","전북"
"458569","20240501","불만족하는 편이다","경제적 문제와시간부족","M","60대","500~700만원 미만","경북"
"458602","20240501","불만족하는 편이다","시간도 여건도 즐길 여력이 안 되었음","M","50대","700만원 이상","서울"
"459319","20240501","만족하는 편이다","스트레스 해소가 많이 된다","F","19~29세","없음/모름/무응답","대구"
"459747","20240501","만족하는 편이다","아이들이 독립했기때문에","F","50대","700만원 이상","강원"
"460751","20240501","만족하는 편이다","나름 여기저기 여행도 다님","F","19~29세","300~500만원 미만","경기"
"460805","20240501","만족하는 편이다","스트레스해소에 도움이됨","M","40대","500~700만원 미만","경남"
"461390","20240501","매우 불만족한다","돈 없어서","F","19~29세","300만원 미만","대구"
"462987","20240501","만족하는 편이다","서울에뭐가많다","F","19~29세","300~500만원 미만","서울"
"463230","20240501","불만족하는 편이다","집안일 행사가 너무 많았다","F","50대","500~700만원 미만","광주"
"463481","20240501","만족하는 편이다","시간 및 인프라 구축","M","40대","500~700만원 미만","경남"
"463539","20240501","만족하는 편이다","비용대비","M","60대","300~500만원 미만","인천"
"463904","20240501","보통이다","시간부족, 경제적 이유로","F","50대","없음/모름/무응답","강원"
"464152","20240501","만족하는 편이다","시간적인 여유가 있어서","F","50대","700만원 이상","제주"
"465760","20240501","만족하는 편이다","현생활에 만족","F","40대","300~500만원 미만","인천"
"466885","20240501","만족하는 편이다","한달에한번 국내여행 가서 맛난거먹고 데이트하고 사우나하고 푹쉽니다","M","40대","없음/모름/무응답","경기"
"467945","20240501","보통이다","딱히나쁘진않아서","M","30대","300~500만원 미만","경기"
"469357","20240501","보통이다","특별히 여가시간이없다","F","40대","300만원 미만","대구"
"469755","20240501","만족하는 편이다","자격증","M","40대","500~700만원 미만","경남"
"469813","20240501","만족하는 편이다","다양하게 많이 보고 놀면서 즐겼기때문","F","19~29세","없음/모름/무응답","서울"
"470100","20240501","만족하는 편이다","아니다","M","19~29세","500~700만원 미만","전북"
"473682","20240501","만족하는 편이다","내가 원하는 것을 부담없이 할 수 있음","M","60대","700만원 이상","광주"
"53322245","20240501","만족하는 편이다","흥미","M","60대","500~700만원 미만","세종"
"53322329","20240501","보통이다","내 시간","M","40대","500~700만원 미만","경기"
"53322420","20240501","보통이다","딱히 재미가 없다","M","30대","700만원 이상","부산"
"53322564","20240501","보통이다","그냥","M","50대","500~700만원 미만","부산"
"53322648","20240501","불만족하는 편이다","여가생활시간이 부족하다","M","30대","300~500만원 미만","충북"
"53322965","20240501","만족하는 편이다","주변에있어서편안하게할수가있다","F","60대","없음/모름/무응답","경남"
"53323104","20240501","만족하는 편이다","시간적 여유가 너무 많아 하고 싶은걸 한다.","M","40대","300만원 미만","광주"
"53323328","20240501","만족하는 편이다","재밋어서","M","19~29세","500~700만원 미만","서울"
"53323445","20240501","매우 만족한다","종교활동 시간에 충실","F","50대","300만원 미만","경기"
"53323550","20240501","보통이다","크게 불편함은 없지만 파크골프의 경우 대기시간이 긴편임","M","60대","300~500만원 미만","부산"
"53323740","20240501","매우 만족한다","마음의 여유를 느낄 수 있어서.","F","50대","700만원 이상","강원"
"53323746","20240501","만족하는 편이다","재미있어서","M","50대","300만원 미만","서울"
"53323774","20240501","보통이다","주로 집에서 쉬는것 위주여서","F","50대","300만원 미만","경기"
"53323787","20240501","보통이다","일상적으로 하는것들","F","50대","300~500만원 미만","경기"
"53324288","20240501","보통이다","시간부족","F","40대","300~500만원 미만","부산"
"53324609","20240501","보통이다","늘 하던 만큼 즐기고 있기 때문입니다","M","40대","500~700만원 미만","경기"
"53325127","20240501","만족하는 편이다","여행시 크게 불편한 상황 없어서","M","60대","없음/모름/무응답","서울"
"53325579","20240501","보통이다","시간적 여유가 부족함","F","19~29세","500~700만원 미만","경기"
"53325654","20240501","만족하는 편이다","교통과 숙박시설 이용에 불편이 없으므로 만족합니다.","M","60대","500~700만원 미만","대구"
"53325768","20240501","만족하는 편이다","시간과 경제제여유가 되니까","F","50대","700만원 이상","경북"
"53325796","20240501","불만족하는 편이다","건강상이유","F","60대","300만원 미만","경남"
"53325817","20240501","보통이다","거의 하는것이 같아서 그리구 같은테두리에서 벗어나지안아서","F","60대","300만원 미만","강원"
"53325929","20240501","만족하는 편이다","적어도 1단에 한번정도는 여가를 즐길 여유나 시간이 있었다","M","40대","500~700만원 미만","부산"
"53326016","20240501","보통이다","고만고만해서","M","40대","500~700만원 미만","서울"
"53326092","20240501","보통이다","여유가없다","M","50대","700만원 이상","서울"
"53326213","20240501","매우 불만족한다","시간이 너무 부족하다","F","19~29세","없음/모름/무응답","경남"
"53326216","20240501","만족하는 편이다","시간이 충분함","M","50대","700만원 이상","대전"
"53326554","20240501","만족하는 편이다","스트레스 해소","M","30대","300~500만원 미만","서울"
"53326683","20240501","만족하는 편이다","하이티비","M","19~29세","700만원 이상","대구"
"53326825","20240501","보통이다","작년과 비교해 비슷해서","M","30대","500~700만원 미만","대구"
"53326837","20240501","불만족하는 편이다","물가 상승으로 인한 경제적 부담","F","19~29세","없음/모름/무응답","서울"
"53326944","20240501","만족하는 편이다","제가 만족할만한 여러가지 여가생활을 했기 때문입니다.","M","19~29세","300만원 미만","대전"
"53326999","20240501","보통이다","자기계발을 못해서..","F","40대","300~500만원 미만","서울"
"53327141","20240501","보통이다","바빠서","M","19~29세","700만원 이상","서울"
"53327210","20240501","매우 만족한다","시간이 많이 남아서 할 수 있는 게 많았음","F","19~29세","없음/모름/무응답","충북"
"53327270","20240501","불만족하는 편이다","공연관람 장소 및 여기시설 부족 프로그램이 적다","M","40대","300~500만원 미만","충북"
"53327328","20240501","보통이다","바쁨","M","50대","없음/모름/무응답","서울"
"53327329","20240501","보통이다","없음","F","19~29세","300만원 미만","인천"
"53327406","20240501","매우 만족한다","시간이 충분","M","30대","500~700만원 미만","충북"
"53327410","20240501","보통이다","특별히 불만족이 없어서","M","50대","700만원 이상","서울"
"53327451","20240501","보통이다","여유가 없어서","F","30대","300만원 미만","충남"
"53327604","20240501","보통이다","시간이 있으나 비용이 부담되어 취소함","F","40대","300~500만원 미만","울산"
"53327638","20240501","보통이다","마음이그래서","M","60대","300만원 미만","서울"
"53327652","20240501","보통이다","없음","M","60대","300만원 미만","충북"
"53327711","20240501","보통이다","적극","M","19~29세","없음/모름/무응답","광주"
"53327888","20240501","만족하는 편이다","지인 가족들과 시간을 같이 항수 있어서...","M","50대","500~700만원 미만","전남"
"53327922","20240501","보통이다","바빴음","M","40대","700만원 이상","서울"
"53328564","20240501","만족하는 편이다","충분한 여가 시간과 자유로운 여가생활이 가능했음","F","19~29세","300만원 미만","부산"
"53328606","20240501","보통이다","별다른 생활에 변화가 없다","M","60대","300~500만원 미만","충남"
"53328661","20240501","보통이다","딱히","M","19~29세","700만원 이상","대구"
"53328681","20240501","보통이다","더 놀고 싶습니다","M","19~29세","없음/모름/무응답","서울"
"53328760","20240501","보통이다","일을 하기 때문에 여가시간이 많지는 않지만 나름 몇시간 이라도 충분히 알차게 쓸 수 있기때문","F","50대","500~700만원 미만","서울"
"53328823","20240501","만족하는 편이다","기분좋고 스트레스가 풀리고 활력차서","F","40대","500~700만원 미만","서울"
"53328847","20240501","보통이다","그냥 내컨디션대로 하다보니깐","F","40대","300만원 미만","부산"
"53328916","20240501","보통이다","보통","M","50대","300~500만원 미만","광주"
"53328936","20240501","보통이다","개인여가시간 증가로 영화 관람 등 가능","F","30대","700만원 이상","충남"
"53329067","20240501","보통이다","내 마음대로 할 수 있어서.","M","60대","500~700만원 미만","서울"
"53329303","20240501","만족하는 편이다","친구들과 만나서 즐겁고 재미있음","F","50대","300만원 미만","울산"
"53329305","20240501","보통이다","시간이없음","M","50대","300만원 미만","경기"
"53329451","20240501","보통이다","항상 비슷하고 시간이 빠듯해서","F","40대","300만원 미만","부산"
"53329687","20240501","매우 만족한다","원하는 시간에 적정 비용으로 영유할 수 있음","F","50대","700만원 이상","경기"
"53329751","20240501","만족하는 편이다","자기만족","M","60대","300만원 미만","대구"
"53329939","20240501","만족하는 편이다","시간과 주변여건이 만족스러운 편.","F","60대","700만원 이상","부산"
"53329970","20240501","보통이다","똑같은 생활 반복","M","30대","없음/모름/무응답","광주"
"53330171","20240501","보통이다","달라진게없어서","M","30대","300만원 미만","경북"
"53330209","20240501","보통이다","평일의 이른 출근 시간과 긴 퇴근 시간으로 인한 피로 누적으로 인한 여가시간 부족","M","40대","300~500만원 미만","경북"
"53330269","20240501","보통이다","딱히 불만이 있지도 없지도 않다","M","19~29세","300만원 미만","경기"
"53330271","20240501","만족하는 편이다","여가 생활(헬스)을 통해 건강해지고 있다는 게 보여서.","F","19~29세","없음/모름/무응답","서울"
"53330359","20240501","만족하는 편이다","시간과 여유가 있기 때문에 만족하는 편이다.","F","30대","700만원 이상","부산"
"53330377","20240501","보통이다","보통이어서","M","19~29세","없음/모름/무응답","서울"
"53330512","20240501","보통이다","여가를 내거나 그럴 여력이 줄어든다","M","60대","300~500만원 미만","인천"
"53330539","20240501","보통이다","크게 변화가 없다","M","30대","300~500만원 미만","경기"
"53330723","20240501","불만족하는 편이다","시간과경제제인여유가없다","F","40대","300만원 미만","부산"
"53330784","20240501","보통이다","시간적 경제적이유","M","40대","300~500만원 미만","광주"
"53331589","20240501","만족하는 편이다","ㅎㅎ","M","60대","700만원 이상","경기"
"53331601","20240501","만족하는 편이다","가까운 곳에서 찾을 수 있어서","F","60대","700만원 이상","경남"
"53331806","20240501","보통이다","좋아여","F","40대","700만원 이상","서울"
"53331829","20240501","만족하는 편이다","새로 시작한 댄스가 만족스럽다","F","50대","500~700만원 미만","충남"
"53331841","20240501","보통이다","통신사 할인을 받지 못하면 금액이 비싼편","F","30대","300만원 미만","부산"
"53332175","20240501","보통이다","시간적 여유가 부족함을 느낌","M","50대","700만원 이상","서울"
"53332187","20240501","만족하는 편이다","즐거운 사람과 함께","M","40대","500~700만원 미만","충북"
"53332367","20240501","만족하는 편이다","가족과 함께 할수있어서","F","50대","700만원 이상","경기"
"53332528","20240501","보통이다","일이 바쁨","M","19~29세","300~500만원 미만","인천"
"53332582","20240501","보통이다","경계적여유가 없다.","F","50대","500~700만원 미만","경남"
"53332943","20240501","불만족하는 편이다","혼자라","F","40대","300만원 미만","경기"
"53332986","20240501","만족하는 편이다","여유","M","50대","500~700만원 미만","경기"
"53333256","20240501","만족하는 편이다","부족한걸느끼지못함","M","30대","700만원 이상","충남"
"53333300","20240501","만족하는 편이다","쉬고 싶을 때 쉬고 있어서","F","19~29세","없음/모름/무응답","서울"
"53333349","20240501","만족하는 편이다","시간적 여유가 없었지만 억지로 라도 여행을 다녀옴","F","40대","500~700만원 미만","경남"
"53333411","20240501","보통이다","ㅇ","M","30대","300만원 미만","전남"
"53333446","20240501","만족하는 편이다","최근에 여행다녀옴","F","19~29세","300~500만원 미만","전남"
"53333746","20240501","보통이다","자기계발이 없어서 만족도가 낮다","M","30대","700만원 이상","경북"
"53333834","20240501","만족하는 편이다","스트레스없이 편하게 무조건 음악듣고 영화보며 잔다","F","50대","700만원 이상","서울"
"53333915","20240501","만족하는 편이다","크게 돈 들이지 않고 즐김","M","30대","300~500만원 미만","부산"
"53334234","20240501","보통이다","늘상 있어온수준의 만족도입니다. 나쁘다는 뜻은 아닙니다.","M","30대","700만원 이상","부산"
"53334246","20240501","보통이다","보통","M","30대","없음/모름/무응답","부산"
"53334338","20240501","보통이다","낮잠만 많이 자서","F","30대","300만원 미만","전북"
"53334562","20240501","만족하는 편이다","많이 푹 쉴수 있었음","F","30대","700만원 이상","경기"
"53334620","20240501","만족하는 편이다","스트레스가 줄어듦","F","40대","500~700만원 미만","경기"
"53334921","20240501","불만족하는 편이다","여가시간부족","F","40대","300~500만원 미만","경북"
"53334957","20240501","매우 만족한다","힐링이 되는 여가를 가짐","M","30대","300~500만원 미만","강원"
"53334986","20240501","보통이다","경제적여유가없음","M","60대","없음/모름/무응답","대구"
"53335129","20240501","만족하는 편이다","충분한 휴식과 여유","M","50대","500~700만원 미만","전남"
"53335198","20240501","불만족하는 편이다","시간이없음","F","19~29세","없음/모름/무응답","강원"
"53335223","20240501","보통이다","비싸다 너무비싸다","M","40대","700만원 이상","서울"
"53335261","20240501","만족하는 편이다","일상의 피로를 회복하는 데 도움이 된다.","M","19~29세","700만원 이상","경기"
"53335662","20240501","만족하는 편이다","백수라서 놀고 있음","F","30대","없음/모름/무응답","부산"
"53335714","20240501","만족하는 편이다","주의에 힘들게하는 사람이 없으니 마음이 편해서여유가 있다고함","F","60대","300~500만원 미만","서울"
"53335726","20240501","만족하는 편이다","경제적으로 부족함이 없었기 때문","F","19~29세","500~700만원 미만","서울"
"53335867","20240501","보통이다","딱히 이유없음","M","30대","700만원 이상","경기"
"53335870","20240501","만족하는 편이다","친목모임","F","40대","700만원 이상","경기"
"53335937","20240501","보통이다","변동없음","M","40대","700만원 이상","경기"
"53335965","20240501","보통이다","시간이 부족하진 않지만 경제적으로 여유롭지는 않은 편이라서 그냥 딱 보통임.","F","19~29세","300~500만원 미만","전북"
"53336002","20240501","불만족하는 편이다","비용","F","19~29세","없음/모름/무응답","경남"
"53336155","20240501","만족하는 편이다","만족함","F","30대","300만원 미만","경기"
"53336248","20240501","보통이다","시간부족 돈부족","M","40대","300~500만원 미만","전북"
"53336439","20240501","만족하는 편이다","연주 활동이 늘어나서","F","30대","없음/모름/무응답","세종"
"53336577","20240501","보통이다","다쳐서 입원 수술을 해서 외출자체가 힘들었다","F","60대","700만원 이상","경기"
"53336674","20240501","보통이다","입장료 등이 많아 오른듯","F","50대","700만원 이상","경기"
"53336770","20240501","만족하는 편이다","소일거리로즐겁다","M","50대","500~700만원 미만","경남"
"53336793","20240501","보통이다","특별한 계획이 없어서","M","60대","500~700만원 미만","경기"
"53336895","20240501","보통이다","살고있는 지역에서 여가를 즐기고있다","M","60대","300만원 미만","경북"
"53336959","20240501","만족하는 편이다","가족과 시간을 함께 보낼수 잇어수","M","30대","없음/모름/무응답","경남"
"53336970","20240501","보통이다","새로운 활동이 없어서","F","40대","300~500만원 미만","경기"
"53337287","20240501","보통이다","일과 적당히 잘 밸런스 맞춘 것 같다","F","19~29세","700만원 이상","경기"
"53337340","20240501","만족하는 편이다","늘 정기적으로 하고있어서","M","60대","500~700만원 미만","서울"
"53337394","20240501","만족하는 편이다","하고싶은 여가활동등을 적당한 비용 시간등을 활용해서 만족하고있슴","M","60대","500~700만원 미만","서울"
"53337631","20240501","만족하는 편이다","주변에 여가생활 할수 있는 환경이 우수","M","50대","700만원 이상","인천"
"53337649","20240501","만족하는 편이다","여가시간을 보내는게 즐거움","F","19~29세","300~500만원 미만","서울"
"53337682","20240501","만족하는 편이다","진행하던 SI 프로젝트가 조기에 종료되어서 여가시간이 충분했다","M","50대","300~500만원 미만","서울"
"53337827","20240501","보통이다","활용 시설은 많으나 시간이 부족","M","50대","700만원 이상","경기"
"53337889","20240501","만족하는 편이다","친지 친구들과 함께 즐겁고 행복한 만남을 가졌기 때문에","F","50대","300만원 미만","경남"
"53337963","20240501","보통이다","주변에 원하는 여가 인프라가 적다","F","50대","700만원 이상","서울"
"53338146","20240501","보통이다","시간이 부족","M","60대","300~500만원 미만","인천"
"53338480","20240501","보통이다","별반 차이가 없어서다","F","40대","300~500만원 미만","광주"
"53338529","20240501","만족하는 편이다","가족과의 해외여행이 좋아서.","M","50대","700만원 이상","전북"
"53338544","20240501","보통이다","돈이없다","F","30대","300만원 미만","서울"
"53338649","20240501","보통이다","물가가비싸고","M","50대","300만원 미만","강원"
"53338682","20240501","불만족하는 편이다","함께할수있는사람이적어졌다","F","40대","300~500만원 미만","서울"
"53338690","20240501","보통이다","시간여유","M","50대","300~500만원 미만","충북"
"53338732","20240501","만족하는 편이다","여가생활로 삶의 질이 올라감","F","60대","700만원 이상","경기"
"53339359","20240501","만족하는 편이다","전반적으로 만족","M","30대","700만원 이상","서울"
"53339494","20240501","보통이다","바빠서 여가시간이 평소보다 부족했다.","F","19~29세","없음/모름/무응답","강원"
"53339839","20240501","보통이다","많이못해서","F","50대","없음/모름/무응답","경기"
"53339868","20240501","보통이다","바쁜 일상으로 시간적 여유가 적었음","F","50대","700만원 이상","경남"
"53340254","20240501","만족하는 편이다","삶의 여유","M","50대","300~500만원 미만","제주"
"53340259","20240501","불만족하는 편이다","경제적 ㅣ유","M","40대","300만원 미만","경기"
"53340393","20240501","보통이다","등산 자전거 타기 여가 생활 만족","M","60대","300~500만원 미만","경남"
"53340466","20240501","만족하는 편이다","충분한 인프라","F","30대","300~500만원 미만","경기"
"53340614","20240501","만족하는 편이다","여가활동으로 충분한 만족감을 얻었다.","F","40대","300~500만원 미만","서울"
"53340828","20240501","만족하는 편이다","특별히 불만스러운 적이 없어서","F","50대","300~500만원 미만","서울"
"53340897","20240501","만족하는 편이다","여가시간에 헬스운동을 꾸준히 할수있어서 만족한다","F","50대","700만원 이상","강원"
"53341190","20240501","만족하는 편이다","나의만족","M","60대","300~500만원 미만","서울"
"53341221","20240501","만족하는 편이다","시간이 여유롭고 주변 경관이 아름답기 때문에","F","60대","300~500만원 미만","전남"
"53341299","20240501","보통이다","현재 생활에 개선의 여지가 없다","M","40대","700만원 이상","인천"
"53341408","20240501","만족하는 편이다","환경과 건강개선되서","M","19~29세","300만원 미만","서울"
"53341507","20240501","불만족하는 편이다","여가생활을 할만한곳이 타지에 있고 시설이 많지않다","F","30대","500~700만원 미만","경남"
"53341684","20240501","보통이다","그냥 자기 만족","F","60대","300~500만원 미만","서울"
"53341735","20240501","보통이다","예년과 비슷함","F","40대","500~700만원 미만","부산"
"53341781","20240501","보통이다","중간 정도 만족해서","M","30대","300~500만원 미만","서울"
"53341797","20240501","만족하는 편이다","시간과 충분한 용돈","M","60대","300~500만원 미만","경북"
"53341945","20240501","보통이다","건강상 문제로","M","60대","500~700만원 미만","경기"
"53342068","20240501","만족하는 편이다","다양하게 접하고 있다","F","40대","500~700만원 미만","인천"
"53342100","20240501","만족하는 편이다","스포츠직접하기의 선수활동이 많이 주어지기 때문","M","60대","없음/모름/무응답","강원"
"53342138","20240501","보통이다","시간과 비용이 비슷하게 지불","M","60대","700만원 이상","경기"
"53342185","20240501","보통이다","그냥","F","50대","없음/모름/무응답","강원"
"53342206","20240501","불만족하는 편이다","내가 귀찮아짐","F","40대","500~700만원 미만","경기"
"53342350","20240501","보통이다","경제적인 이유가 크기때문에","M","50대","700만원 이상","서울"
"53342403","20240501","보통이다","거의 반복적이라","F","60대","300~500만원 미만","충북"
"53342420","20240501","보통이다","변함없이 꾸준히 여가시간을 보내고있어서","M","30대","300~500만원 미만","울산"
"53342683","20240501","보통이다","큰 불만이 없기때문","M","30대","없음/모름/무응답","전북"
"53342806","20240501","보통이다","감흥이 없었습니다.","M","40대","500~700만원 미만","경기"
"53342899","20240501","보통이다","적당한 비용과 적절한시간 사용","M","50대","500~700만원 미만","경기"
"53343282","20240501","불만족하는 편이다","기본적 업무외 저녁 알바때문에 개인시간이 부족함","F","50대","300~500만원 미만","대전"
"53343439","20240501","보통이다","날씨 영향","M","40대","300만원 미만","경기"
"53343445","20240501","보통이다","물가가 너무 올라서 무엇을 하더라도 신경이 많이 쓰이는 부분이다.","F","40대","300~500만원 미만","서울"
"53343492","20240501","만족하는 편이다","시간과 비용 모두 부족하지 않은 것 같다","F","30대","500~700만원 미만","경북"
"53343520","20240501","만족하는 편이다","가족과 함께여서","M","40대","500~700만원 미만","인천"
"53343622","20240501","보통이다","관절이 안좋아서 최대한 무리를 안할려고함","F","60대","300~500만원 미만","대구"
"53343733","20240501","보통이다","특별한것도없고 주변사람들 이야기 들어보면 그런것같음","M","60대","700만원 이상","인천"
"53343756","20240501","만족하는 편이다","지인과의 편안한여행으로 만족","M","40대","500~700만원 미만","부산"
"53343764","20240501","보통이다","금전부족","M","30대","300만원 미만","경기"
"53343765","20240501","보통이다","건강상이유","M","50대","500~700만원 미만","경북"
"53343805","20240501","보통이다","그냥 평범해서","F","50대","500~700만원 미만","강원"
"53343862","20240501","보통이다","시간이나 비용이 여유롭지는 않지만 즐길만 하다","M","40대","300만원 미만","전북"
"53343937","20240501","보통이다","시간이늘지도경제가나아지지도않았다","F","60대","300~500만원 미만","경북"
"53343940","20240501","만족하는 편이다","시간적 여유","F","19~29세","없음/모름/무응답","부산"
"53344211","20240501","만족하는 편이다","내가 좋아하는걸 해서","F","50대","700만원 이상","제주"
"53344233","20240501","만족하는 편이다","시간도 괜찮고 비용은 많이 들지만 좋은 여가를 즐기고 았이 때문에","F","19~29세","300~500만원 미만","강원"
"53344332","20240501","불만족하는 편이다","시간 및 경제적 여유가 없어서","M","50대","500~700만원 미만","전북"
"53344355","20240501","만족하는 편이다","지난주에 일본 여행을 다녀와서","F","50대","500~700만원 미만","부산"
"53344566","20240501","만족하는 편이다","여행정보를 찾아보기쉬워서","M","40대","없음/모름/무응답","강원"
"53344596","20240501","불만족하는 편이다","시간부족","F","40대","700만원 이상","서울"
"53344644","20240501","보통이다","시민을 위한 구체적이고 계획적인 프로그램이 좀 부족","M","40대","700만원 이상","경기"
"53344731","20240501","만족하는 편이다","시간적 여유가 많아서 만족하는 편","M","30대","없음/모름/무응답","인천"
"53344864","20240501","만족하는 편이다","가까운 곳에 영화관 및 산책로가 있다.","M","50대","700만원 이상","경기"
"53344934","20240501","보통이다","주변환경과 여건의 변화가 없습니다","M","60대","700만원 이상","경남"
"53345010","20240501","보통이다","만족하지 않은 것도 있지만 반려동물과 함께 하는 시간으로 상쇄","F","19~29세","없음/모름/무응답","울산"
"53345071","20240501","만족하는 편이다","경제적 시간적인 제한을 받지 않고 만족스런 여가 생활을 하고 있음","F","40대","500~700만원 미만","인천"
"53345231","20240501","보통이다","미래 경제적 불안감","M","19~29세","700만원 이상","충북"
"53345237","20240501","만족하는 편이다","가족여행이여서 좋았다","F","40대","300만원 미만","광주"
"53345238","20240501","만족하는 편이다","못해본 활동을 많이 해보아서","M","19~29세","500~700만원 미만","경기"
"53345346","20240501","보통이다","바뀐게 없어서","M","30대","300~500만원 미만","대전"
"53345408","20240501","만족하는 편이다","그저그렇다","M","40대","300~500만원 미만","전북"
"53345737","20240501","보통이다","변한게없습니다.","M","50대","300만원 미만","서울"
"53345758","20240501","만족하는 편이다","하고싶은것 잘 하고 있음","F","50대","500~700만원 미만","서울"
"53345796","20240501","만족하는 편이다","시간적인 여유가 있어서","M","60대","500~700만원 미만","전북"
"53345904","20240501","보통이다","그냥보통","M","50대","300만원 미만","경기"
"53346101","20240501","보통이다","시간이없음","F","50대","300~500만원 미만","서울"
"53346106","20240501","만족하는 편이다","특별히 불편한점을 못느껴서","M","50대","700만원 이상","강원"
"53346170","20240501","만족하는 편이다","SNS에서 새로운 친구들을 많이 알게되어 여가시간을 알차게 보내는 경우가 많아졌다.","F","60대","300만원 미만","경기"
"53346383","20240501","보통이다","시간과 경제적 여유","M","40대","500~700만원 미만","전북"
"53346405","20240501","보통이다","딱히","F","19~29세","300~500만원 미만","경기"
"53346428","20240501","매우 만족한다","경제적 시간적으로 여유가 있습니다. 정보와 여건이 충분히 갖추어져 있기에 만족스러운 여가생활을 영위할 수 있습니다.","F","19~29세","700만원 이상","경기"
"53346566","20240501","불만족하는 편이다","시간이 없고 돈이 없어서","M","40대","500~700만원 미만","경기"
"53346874","20240501","매우 만족한다","날씨도 좋아서 어딜가든 행복합니다 :)","F","30대","700만원 이상","경기"
"53347040","20240501","만족하는 편이다","즐겁게 시간보내고 있음","M","40대","700만원 이상","경기"
"53347340","20240501","만족하는 편이다","최근 근무시간이 줄어서 여가에 더 시간 투자를 할 수 ?ㅅ어서","M","40대","300~500만원 미만","인천"
"53347369","20240501","보통이다","특별이 변화가 없음","M","40대","없음/모름/무응답","전북"
"53347386","20240501","만족하는 편이다","시간 넉넉함","F","60대","500~700만원 미만","서울"
"53347587","20240501","보통이다","경제적여유가 없어서?","F","60대","700만원 이상","충북"
"53347634","20240501","보통이다","시간적여유부족","M","60대","300~500만원 미만","부산"
"53347709","20240501","보통이다","물가 상승으로 인한 비용 부담감 증가","F","50대","500~700만원 미만","대구"
"53347713","20240501","만족하는 편이다","인프라가 잘 되어있음","F","30대","없음/모름/무응답","서울"
"53347795","20240501","불만족하는 편이다","집에서도 하는 일(부업)이 있어서 여가를 즐길 시간적여유가 없음","F","40대","300~500만원 미만","경기"
"53347923","20240501","보통이다","이전보다 나아진 것도 나빠진 것도 없으므로","M","60대","500~700만원 미만","경기"
"53348061","20240501","만족하는 편이다","대면 공연이 많아지고 경제적으로 여유가 생김","M","40대","500~700만원 미만","경남"
"53348103","20240501","만족하는 편이다","하고싶은거 왠만하면 다 함","F","19~29세","300~500만원 미만","서울"
"53348120","20240501","보통이다","비슷","M","50대","300~500만원 미만","제주"
"53348200","20240501","불만족하는 편이다","개인적인 시간이 별로없다","M","50대","500~700만원 미만","경기"
"53348235","20240501","만족하는 편이다","아이랑 충분한 여가 생활을 ?","F","40대","700만원 이상","경기"
"53348334","20240501","보통이다","일상변화없기에","F","40대","없음/모름/무응답","서울"
"53348511","20240501","보통이다","그냥그래사","F","19~29세","500~700만원 미만","서울"
"53348600","20240501","보통이다","겨울철이라 날씨로 인해 외출이 줄었다.","F","50대","700만원 이상","경기"
"53348714","20240501","만족하는 편이다","작년보다 나아서","M","19~29세","500~700만원 미만","경기"
"53348721","20240501","만족하는 편이다","재밌었음","F","19~29세","없음/모름/무응답","경기"
"53348729","20240501","만족하는 편이다","무난무난 괜찮게 지내왔기때문","F","30대","300~500만원 미만","서울"
"53348732","20240501","보통이다","특별할것없는 이유로 ?","F","50대","700만원 이상","제주"
"53348801","20240501","만족하는 편이다","여유시간이 많아져 해보고싶었던것들을 충분히 할 수 있었다.","F","50대","700만원 이상","대전"
"53349035","20240501","만족하는 편이다","불만족하지 않을 이유가 없어서","M","19~29세","300~500만원 미만","강원"
"53349366","20240501","보통이다","특별한 이유 없음","M","50대","700만원 이상","경기"
"53349383","20240501","만족하는 편이다","하고 싶은 걸 할 수 있었음","F","40대","700만원 이상","경기"
"53349523","20240501","만족하는 편이다","재밌어서","M","19~29세","없음/모름/무응답","부산"
"53349587","20240501","보통이다","만적할만한 곳에 방문하지 못해서","F","30대","300만원 미만","대전"
"53349792","20240501","불만족하는 편이다","시간, 금전적 여유가 없어서","F","40대","없음/모름/무응답","서울"
"53350049","20240501","만족하는 편이다","방학","F","40대","300~500만원 미만","충남"
"53350067","20240501","보통이다","시간적여유부족","M","50대","500~700만원 미만","대구"
"53350084","20240501","만족하는 편이다","시간적 여유가 충분해서","M","19~29세","없음/모름/무응답","광주"
"53350122","20240501","보통이다","서울이라는 장소적 특성에 의해 인프라는 갖춰져 있지믄 물가가 너무 올라 즐길 수 없다","F","19~29세","300만원 미만","서울"
"53350228","20240501","만족하는 편이다","직장내 헬스장 사용","M","40대","500~700만원 미만","충남"
"53350295","20240501","보통이다","특별히 좋아지거나 나빠진게 없음","M","30대","500~700만원 미만","세종"
"53350369","20240501","보통이다","횟수가 증가할수록 비용도 증가해 가계에 부담이 됨","F","40대","500~700만원 미만","경기"
"53350421","20240501","매우 만족한다","계획부터 실행까지 원활","F","19~29세","없음/모름/무응답","인천"
"53350520","20240501","만족하는 편이다","최근 시간적 여유가 생김","F","19~29세","300~500만원 미만","부산"
"53350527","20240501","보통이다","가격?","F","19~29세","300~500만원 미만","경기"
"53350608","20240501","보통이다","시간이 부족하다","F","30대","500~700만원 미만","서울"
"53350641","20240501","만족하는 편이다","안정적이었음","M","30대","300~500만원 미만","전북"
"53350918","20240501","만족하는 편이다","시간적 여유에 따른 여가생활 증가","M","50대","300만원 미만","인천"
"53351240","20240501","보통이다","지단달과 같음","M","60대","300~500만원 미만","경기"
"53351319","20240501","보통이다","시간이나 돈이 예전보다 조금 나아져서","M","40대","700만원 이상","경기"
"53351588","20240501","만족하는 편이다","유연근무로 10-5 출퇴근","F","30대","300만원 미만","경기"
"53351637","20240501","만족하는 편이다","활동 잘 하고 있음","F","50대","300~500만원 미만","서울"
"53351640","20240501","보통이다","건강 상의 이유로 몸이 자유롭지 못해서","F","60대","300만원 미만","서울"
"53351905","20240501","만족하는 편이다","시간적 여유가 있어서","M","50대","700만원 이상","강원"
"53351965","20240501","보통이다","늘 변하지않아서","M","30대","500~700만원 미만","경기"
"53351988","20240501","보통이다","헬스장이 비싸지 않고 걸을수 았는 시간이 ?아서","F","60대","300만원 미만","경기"
"53352250","20240501","보통이다","육아","M","40대","300~500만원 미만","대구"
"53352388","20240501","만족하는 편이다","좋은사람들과 재미있는 여가를 보냈음","F","60대","500~700만원 미만","광주"
"53352389","20240501","만족하는 편이다","시간적 여유와 기회가 주어져서","F","60대","없음/모름/무응답","대전"
"53352424","20240501","보통이다","그냥 무난해서","M","19~29세","300만원 미만","경기"
"53352427","20240501","보통이다","많은 시간을 보내지 못함","F","40대","500~700만원 미만","경기"
"53352465","20240501","만족하는 편이다","만족하니까","M","60대","없음/모름/무응답","강원"
"53352486","20240501","불만족하는 편이다","여유없음","M","19~29세","300만원 미만","서울"
"53352593","20240501","만족하는 편이다","최근 여행을 길게 갔다왔어서","F","19~29세","없음/모름/무응답","서울"
"53352700","20240501","만족하는 편이다","편하게 여가활동할 수 있어서","F","50대","300~500만원 미만","서울"
"53352886","20240501","보통이다","중간정도니까 보통이다","M","40대","없음/모름/무응답","제주"
"53352921","20240501","만족하는 편이다","퇴직교원이라 시간이 많은편","F","60대","300~500만원 미만","충북"
"53352943","20240501","불만족하는 편이다","경제적인여유가없어요","F","50대","300~500만원 미만","경기"
"53353009","20240501","보통이다","크게 달라진 점이 없기 때문이다.","M","19~29세","300만원 미만","전남"
"53353035","20240501","매우 만족한다","다 할수있어서","M","50대","700만원 이상","서울"
"53353057","20240501","만족하는 편이다","시간나는대로 즐기는편이다","F","60대","500~700만원 미만","전북"
"53353185","20240501","보통이다","특별히 어려움이 없다.","M","50대","300~500만원 미만","경기"
"53353303","20240501","만족하는 편이다","행복했다","F","50대","없음/모름/무응답","강원"
"53353316","20240501","보통이다","더 자주 많은시간을 할애하지 못 하기 때문에","F","30대","700만원 이상","서울"
"53353337","20240501","만족하는 편이다","만족합니다.","F","30대","300~500만원 미만","충남"
"53353419","20240501","만족하는 편이다","참여","M","60대","700만원 이상","세종"
"53353736","20240501","만족하는 편이다","재미있고 힐링이된다","F","60대","700만원 이상","서울"
"53353765","20240501","보통이다","시간이빠듯.쉬는날과 공연시간이 안맞았어..","F","60대","700만원 이상","경북"
"53353809","20240501","만족하는 편이다","여가시간 여유가 충분하다","M","50대","500~700만원 미만","전남"
"53353943","20240501","만족하는 편이다","일주일에 2일 출근하고 평일오전은 내 시간/ 오후에 육아를 할수 있기때문입니다","F","30대","500~700만원 미만","서울"
"53353954","20240501","보통이다","시간이 없어서","M","50대","300만원 미만","경기"
"53354018","20240501","만족하는 편이다","시간적으로 어느정도 가능하고 특별히 비용을 많이 요하는 활동이 없는편임","M","50대","700만원 이상","경기"
"53354026","20240501","매우 불만족한다","시간 여유가없다","F","60대","없음/모름/무응답","충북"
"53354190","20240501","보통이다","육아로 인한 시간 부족","F","30대","700만원 이상","전남"
"53354204","20240501","보통이다","현재 승진공부로 여가생활 잘 즐기고 있지 못함","M","30대","500~700만원 미만","경기"
"53354306","20240501","만족하는 편이다","건강이 좋아짐","F","30대","500~700만원 미만","부산"
"53354575","20240501","보통이다","특별히 변한것이 없어서","F","50대","500~700만원 미만","인천"
"53354601","20240501","만족하는 편이다","하고 싶었던 가고 싶었던 보고 싶었던 것들을 꽤 했기 때문.","F","19~29세","없음/모름/무응답","경기"
"53354605","20240501","만족하는 편이다","하고 싶은것을 했으니 만족한다","F","50대","300만원 미만","서울"
"53354675","20240501","불만족하는 편이다","시간부족","M","30대","300만원 미만","경기"
"53354784","20240501","보통이다","생활하는 방식이 크게 바뀌지 않아서 이다","F","60대","700만원 이상","인천"
"53354979","20240501","만족하는 편이다","시간도 충분했고 경제적으로도 무리가 가지 않았음.","F","50대","700만원 이상","경북"
"53354989","20240501","보통이다","일과 병행하니 크게 만족이 안된다","F","60대","300만원 미만","대전"
"53355336","20240501","보통이다","뭘 그렇게 많이 하지 않음","F","19~29세","없음/모름/무응답","전북"
"53355339","20240501","만족하는 편이다","여가시간 및 비용이 충분히 확보가 되어 있으나 여건을 만들기 위해 다른 지역으로 이동해야 할 때가 종종 있어서","M","19~29세","300~500만원 미만","충북"
"53355417","20240501","보통이다","날씨와 비용","M","60대","없음/모름/무응답","강원"
"53355418","20240501","보통이다","환경적 영향","F","60대","500~700만원 미만","전북"
"53355509","20240501","보통이다","지금 여가 생활에 적당히 만족하고 있긴 하나 환경적 요건만 가능하면 다른 여가를 시도하고 싶음","F","30대","500~700만원 미만","경기"
"53355534","20240501","보통이다","다이어트가 잘 안되서","M","40대","300~500만원 미만","전북"
"53355584","20240501","만족하는 편이다","힐링 시간을 충분히 가짐","F","19~29세","없음/모름/무응답","대구"
"53355620","20240501","매우 만족한다","전체 여가 시간은 별로 되지 않으니 짧은 시간 동안 할 수 있는 여가활동을 하기 때문에","M","30대","300만원 미만","전남"
"53355953","20240501","보통이다","별다른 변화없다","M","60대","300~500만원 미만","경북"
"53356046","20240501","보통이다","집에 있는 시간이 많아서","M","50대","없음/모름/무응답","인천"
"53356135","20240501","보통이다","그냥 적당하게 잘즐기는거 같기 때문입니다","M","19~29세","300~500만원 미만","부산"
"53356145","20240501","보통이다","겨울이라 움직임이 적어서","F","50대","700만원 이상","서울"
"53356195","20240501","보통이다","그냥","M","19~29세","없음/모름/무응답","경북"
"53356402","20240501","만족하는 편이다","원하는 여가를 충분히 즐겼다고 생각함","M","19~29세","없음/모름/무응답","전북"
"53356430","20240501","보통이다","비슷","M","30대","500~700만원 미만","경북"
"53356431","20240501","만족하는 편이다","아이들이커서 집을 잠시 비워도 마음이 평안하다","F","50대","700만원 이상","충북"
"53356512","20240501","보통이다","재미가 없음","F","50대","없음/모름/무응답","경기"
"53356580","20240501","보통이다","돈이없다","M","60대","300~500만원 미만","경기"
"53356801","20240501","불만족하는 편이다","비용이 많이 드는데... 돈이 없다","M","19~29세","없음/모름/무응답","전남"
"53356981","20240501","보통이다","특별한 변화가 없어서","F","40대","700만원 이상","강원"
"53357037","20240501","불만족하는 편이다","비용","F","60대","300만원 미만","전북"
"53357048","20240501","보통이다","특별히 변한 활동이 없어서.","F","40대","300~500만원 미만","인천"
"53357145","20240501","보통이다","잘 변하지 않는 패턴","M","40대","없음/모름/무응답","충남"
"53357190","20240501","만족하는 편이다","시간이 나면 틈틈히 친구와 가족과 함께 여가생활을 충분히 즐겼기 때문에 만족한다.","F","19~29세","500~700만원 미만","경남"
"53357245","20240501","만족하는 편이다","늦바람이 불어서 재미있는 것 같아서","M","30대","없음/모름/무응답","충북"
"53357265","20240501","보통이다","없습니다","M","40대","300~500만원 미만","인천"
"53357344","20240501","만족하는 편이다","적절한 시간에 부담없이해서","F","40대","300~500만원 미만","대전"
"53357555","20240501","만족하는 편이다","훌륭한 강사님과 장소가 가까워서 좋다","F","60대","300만원 미만","대구"
"53357864","20240501","불만족하는 편이다","경제활동으로 여가생활에 필요한 시간이 부족하다.","M","30대","300~500만원 미만","경기"
"53357880","20240501","만족하는 편이다","적당한 시간과 인프라가 있어 접근성이 좋음.","F","40대","700만원 이상","대구"
"53358233","20240501","매우 만족한다","생활에 활력","F","50대","700만원 이상","대전"
"53358242","20240501","불만족하는 편이다","병원입원으로","F","50대","500~700만원 미만","충북"
"53358270","20240501","만족하는 편이다","시간적 여유 및 경제적인 어려움이 없어서 대체로 만족함","M","50대","700만원 이상","경기"
"53358419","20240501","만족하는 편이다","퇴근이 빠른 편이라 시간 여유가 충분하여 저녁시간에 여가를 즐길 시간이 많아 원하는 장르를 즐길 수 있음.","F","19~29세","300만원 미만","충북"
"53358525","20240501","불만족하는 편이다","육아로 인한 여가시간 부족","F","19~29세","300~500만원 미만","경기"
"53358541","20240501","보통이다","그런것같아서","F","30대","300만원 미만","대구"
"53358694","20240501","만족하는 편이다","시간여유가 늘어서","M","30대","500~700만원 미만","충남"
"53358808","20240501","만족하는 편이다","가격저렴","M","50대","300만원 미만","인천"
"53359053","20240501","보통이다","근교를 자주 나가고 싶은데 시간적 여유가 많지 않아 자주 못가는게 아쉬움","F","60대","700만원 이상","경기"
"53359121","20240501","만족하는 편이다","여가시간이 충분해서","F","19~29세","500~700만원 미만","제주"
"53359157","20240501","만족하는 편이다","시간이 많아서","F","19~29세","없음/모름/무응답","서울"
"53359289","20240501","보통이다","네","M","19~29세","700만원 이상","경남"
"53359540","20240501","보통이다","흥이 없다 아이를 보여주기위해 다니는 것들입니다","F","40대","700만원 이상","충남"
"53359750","20240501","만족하는 편이다","시간적여유","F","50대","500~700만원 미만","강원"
"53359765","20240501","불만족하는 편이다","경제적 공간적 부족","F","50대","300~500만원 미만","충남"
"53359777","20240501","만족하는 편이다","다양한 여과를 즐겨서","F","19~29세","300만원 미만","충남"
"53359801","20240501","만족하는 편이다","여가시간이 충분하지는 않지만 그래도 그 시간을 잘 활용해서 보내고 있다고 생각한다","F","30대","300만원 미만","경기"
"53359836","20240501","만족하는 편이다","걷기도 많이하고 국내여행도 해서 만족한다","F","50대","300~500만원 미만","충북"
"53359850","20240501","만족하는 편이다","여가생활에 만족하기 때문","F","50대","700만원 이상","강원"
"53359875","20240501","만족하는 편이다","내가 즐겁기 때문.","F","30대","500~700만원 미만","충남"
"53359999","20240501","보통이다","별다른 변화가 없었음","M","30대","700만원 이상","제주"
"53360039","20240501","만족하는 편이다","직장근처가 시내이기에 접근이 용이합니다","F","50대","500~700만원 미만","대구"
"53360243","20240501","보통이다","별로 바뀌는게 엎다","M","40대","300만원 미만","충남"
"53360247","20240501","보통이다","경제적인 여유가 없다보니 보통이엇으나 전주부터 취업이 되어 앞으로는 차츰더 좋아질것이기에 희망을 갖습니다","F","50대","300만원 미만","부산"
"53360429","20240501","보통이다","늘상 해오던 생활 패턴으로 변동 사항이 별로 없어요.","M","30대","300~500만원 미만","울산"
"53360514","20240501","만족하는 편이다","즐거음","F","60대","300~500만원 미만","대구"
"53360724","20240501","보통이다","전반적주변환경만족","F","50대","300~500만원 미만","경기"
"53360979","20240501","만족하는 편이다","시간적으로 여유가 있어서","M","60대","700만원 이상","경기"
"53361077","20240501","만족하는 편이다","편하게즐길수있어서","M","50대","500~700만원 미만","경기"
"53361126","20240501","만족하는 편이다","마음 흡족","M","60대","500~700만원 미만","경기"
"53361557","20240501","보통이다","완전히 만족하지는 않지만 편안하게 있을 수 있다는것 자체가 감사한 일인것같아서 보통이라고 선택했다","F","30대","300~500만원 미만","경기"
"53361598","20240501","보통이다","겨울이라 날씨가 추워서~~","F","60대","700만원 이상","전북"
"53361817","20240501","만족하는 편이다","시간적","M","30대","300~500만원 미만","경남"
"53361913","20240501","보통이다","경제적부담","F","60대","없음/모름/무응답","강원"
"53361989","20240501","만족하는 편이다","노래도 자주 플레이해서 듣고있고 영상시청이나 핸드폰 게임도 조금씩 하고 있어서","F","30대","300만원 미만","충남"
"53362020","20240501","만족하는 편이다","행복해서","F","50대","700만원 이상","서울"
"53362134","20240501","매우 만족한다","인프라가 잘 갖춰져 있다","M","50대","500~700만원 미만","경북"
"53362286","20240501","보통이다","특별히 변한게 없습니다","M","50대","300~500만원 미만","강원"
"53362326","20240501","만족하는 편이다","여가를 즐길수 있는 조건이 적절히 갖추짐. 시간 비용등","F","50대","700만원 이상","대전"
"53362349","20240501","만족하는 편이다","하고싶고가고싶은곳을갔기에","M","60대","500~700만원 미만","울산"
"53362371","20240501","만족하는 편이다","여가생활 하면서 행복감을 느끼기 때문에.","F","60대","없음/모름/무응답","대전"
"53362450","20240501","보통이다","불편한부분이 없어서","F","40대","700만원 이상","인천"
"53362484","20240501","보통이다","피곤해서","M","40대","700만원 이상","서울"
"53362679","20240501","만족하는 편이다","가족과 함께 해서","M","40대","500~700만원 미만","인천"
"53362692","20240501","보통이다","육아로 시간과 체력부족","F","40대","700만원 이상","대전"
"53362780","20240501","보통이다","특별한게 없어서","M","50대","없음/모름/무응답","서울"
"53362820","20240501","만족하는 편이다","원하시는 시간에 할 수 있음","F","40대","700만원 이상","서울"
"53362847","20240501","보통이다","특별히 변화한게 없어서","M","30대","700만원 이상","경남"
"53362873","20240501","만족하는 편이다","불편함 없이 이용 가능해서","M","19~29세","700만원 이상","경기"
"53362946","20240501","보통이다","특별한 것도 안특별한 것도 없었음","F","30대","500~700만원 미만","서울"
"53362980","20240501","만족하는 편이다","여가생활에 시간적 여유가있어 만족하는편입니다","M","50대","300~500만원 미만","충북"
"53363114","20240501","보통이다","시간이 부족","M","50대","500~700만원 미만","서울"
"53363151","20240501","보통이다","그냥 보통이니까","F","30대","300~500만원 미만","충북"
"53363335","20240501","보통이다","최근 일이 늘어나 여가 생활이 적었음","M","50대","700만원 이상","서울"
"53363408","20240501","만족하는 편이다","만족스러움","F","30대","없음/모름/무응답","강원"
"53363672","20240501","만족하는 편이다","주변시설이 깨끗하다","M","60대","300만원 미만","경기"
"53363809","20240501","만족하는 편이다","내마음의충족?기때문","F","50대","500~700만원 미만","제주"
"53363855","20240501","만족하는 편이다","계?한 만큼 실행함","M","60대","300~500만원 미만","경북"
"53363867","20240501","보통이다","시간이없어서","F","60대","500~700만원 미만","경기"
"53363878","20240501","불만족하는 편이다","가까운곳에없어서 교퉁이 어려운편","F","60대","300만원 미만","전북"
"53363964","20240501","매우 불만족한다","경제적인 여유가 없어서","F","40대","500~700만원 미만","강원"
"53364089","20240501","만족하는 편이다","타인의 간섭없이 자유롭게 여유럽게 지내고있어서.","M","50대","300만원 미만","제주"
"53364167","20240501","만족하는 편이다","여유시간이 좀 생겨나서 조금더 즐길수 있었던것 같아서이다","F","40대","300~500만원 미만","인천"
"53364249","20240501","보통이다","큰이유는없음","F","40대","300~500만원 미만","전북"
"53364251","20240501","보통이다","크게 변화가 없기때문에","F","40대","300~500만원 미만","대전"
"53364252","20240501","만족하는 편이다","내가 원하는 시간에 필요한 활동을 할수 있음","F","50대","없음/모름/무응답","서울"
"53364463","20240501","보통이다","변화없음","M","50대","500~700만원 미만","충남"
"53364480","20240501","만족하는 편이다","건강유지와 대인관계에 매우 효과적","M","60대","300~500만원 미만","인천"
"53364549","20240501","보통이다","시간적 경제적 부족","M","50대","700만원 이상","부산"
"53364568","20240501","만족하는 편이다","시간이 늘어남","M","19~29세","없음/모름/무응답","서울"
"53364624","20240501","만족하는 편이다","하고싶었던 것들을 했고 즐거웠기 때문","F","19~29세","없음/모름/무응답","인천"
"53365175","20240501","보통이다","ㅇ 평소와 비슷한 시간 할애함","M","60대","300~500만원 미만","전북"
"53365665","20240501","보통이다","특별히변화된것이없다","M","60대","300만원 미만","경기"
"53365727","20240501","보통이다","So so","M","60대","300~500만원 미만","서울"
"53365743","20240501","만족하는 편이다","여가생활로","F","50대","없음/모름/무응답","서울"
"53365770","20240501","만족하는 편이다","인프라가 괜찮다고 생각함","F","19~29세","없음/모름/무응답","인천"
"53365772","20240501","보통이다","시설의근접성이 풍족하진않다","M","40대","300~500만원 미만","대구"
"53365813","20240501","만족하는 편이다","하고 싶은ㅈ것을 할 수 있다","F","60대","500~700만원 미만","대전"
"53365873","20240501","보통이다","특별히 좋거나 나쁘지 않아서 보통이라고 답함","F","60대","없음/모름/무응답","대구"
"53366139","20240501","보통이다","바쁜시간 쪼개서 틈틈히 하고있어요. 연차를 자유롭게 사용하면 좋은데 일에 치여 잠자는시간을 줄여서 하고있어요","M","40대","300~500만원 미만","충북"
"53366188","20240501","만족하는 편이다","여가생활 전반이 만족스러워서","F","60대","500~700만원 미만","서울"
"53366356","20240501","만족하는 편이다","주변에 가까이 즐길거리가있다","F","40대","700만원 이상","경기"
"53366540","20240501","만족하는 편이다","회사 퇴사로 시간적 여유가 많아져서 하루를 어떻게 보낼까 하다가 스스로 찾다보니 만족도가 높아졌다","F","60대","500~700만원 미만","서울"
"53366573","20240501","만족하는 편이다","내가 원할 때 할 수 있어서","F","19~29세","300~500만원 미만","서울"
"53366616","20240501","보통이다","별차이가 없음","M","40대","500~700만원 미만","인천"
"53366683","20240501","보통이다","체력이 약해지는 시기라서 그런지 힘이들어서 그런것 같습니다","F","60대","300~500만원 미만","서울"
"53366778","20240501","매우 만족한다","사랑하는 가족들과 함께 할 수 있는 시간이 많았기때문이다","F","40대","700만원 이상","경기"
"53366895","20240501","만족하는 편이다","특?한 제약없이 여가활도믈 할수 있어서","M","60대","500~700만원 미만","인천"
"53366997","20240501","불만족하는 편이다","여가시간을 조금 더 가지고 싶음","F","40대","500~700만원 미만","서울"
"53367161","20240501","보통이다","특별히 생각되는것이 없어서","M","50대","700만원 이상","경기"
"53367359","20240501","보통이다","경제적이유","M","50대","300만원 미만","대구"
"53367624","20240501","만족하는 편이다","충분한 여가생활로 전반적으로 만족","F","30대","300만원 미만","대구"
"53367708","20240501","불만족하는 편이다","시간부족","F","50대","300만원 미만","인천"
"53367986","20240501","만족하는 편이다","퇴직후 시간이 흘러. 적응이되니 시간적여유로움이 넘행복하기만합니다","F","60대","300만원 미만","서울"
"53368174","20240501","만족하는 편이다","시간이 충분하다","M","50대","700만원 이상","경기"
"53368309","20240501","만족하는 편이다","여유 시간과 나이와 걸 맞는 문화로 만족함","F","60대","500~700만원 미만","세종"
"53368318","20240501","보통이다","그냥","M","60대","300~500만원 미만","충남"
"53368340","20240501","보통이다","작년과 크게 변한게 없기 때문이다","F","40대","300~500만원 미만","경남"
"53368550","20240501","보통이다","시간여유가 없는편에 비해 전반적으로 만족합니다.","M","30대","500~700만원 미만","경기"
"53368652","20240501","보통이다","그냥 지나간 시간이 많다","F","50대","700만원 이상","서울"
"53368874","20240501","만족하는 편이다","별 부담없이 주변에서 즐길 수 있는 것들이 많고 시간적으로 여유가 있어서","M","40대","500~700만원 미만","울산"
"53369577","20240501","만족하는 편이다","힐링되니깐","F","40대","없음/모름/무응답","광주"
"53369658","20240501","보통이다","특별히 여가 활동이라고 생각해 보지를 않았다","F","60대","300만원 미만","경기"
"53369659","20240501","보통이다","매일 산책하려고 노력함","F","40대","300~500만원 미만","경기"
"53369671","20240501","보통이다","해보고 싶은 거에 비해 경제적으로나 시간적으로 여유가 부족하기에..","M","40대","300~500만원 미만","전북"
"53369745","20240501","보통이다","코로나이흐부쩍외출이줄었네요그러다보니생활만족도가그저그런거같아요","F","50대","500~700만원 미만","제주"
"53369933","20240501","만족하는 편이다","가고 싶으면 갈수 있고 할수 있으면 다 하는편이다 친구나 지인도 만나고 싶으면 만날수 있으니 만족합니다","F","60대","700만원 이상","서울"
"53369986","20240501","불만족하는 편이다","시간이 없다 바빳어요","M","30대","없음/모름/무응답","경북"
"53370236","20240501","만족하는 편이다","하고 싶은것은 할수 있으니까","F","60대","500~700만원 미만","대구"
"53370453","20240501","만족하는 편이다","충분히 즐기고 있어서","M","19~29세","300~500만원 미만","서울"
"53370509","20240501","만족하는 편이다","딱히 불만이 없어서","F","19~29세","없음/모름/무응답","경기"
"53370539","20240501","만족하는 편이다","만족하닌깐","F","30대","700만원 이상","경남"
"53370720","20240501","보통이다","그냥 그럭저럭해서","M","30대","없음/모름/무응답","경남"
"53371151","20240501","보통이다","시간은 있지만 경제적이부분이 있어서","M","50대","300~500만원 미만","제주"
"53371348","20240501","만족하는 편이다","시간 시설 경제적여건이 적합","M","50대","700만원 이상","서울"
"53371783","20240501","매우 만족한다","전에는 가족이 3명이였지만 제작년에 들여온 반려견과 함께한 여행이라 더 만족스럽다","M","19~29세","500~700만원 미만","경기"
"53371946","20240501","보통이다","여가활동 지속","M","60대","500~700만원 미만","경기"
"53372011","20240501","만족하는 편이다","내가 하고싶을때 바로 할수있있어","F","50대","700만원 이상","부산"
"53372058","20240501","보통이다","그럭저럭","F","30대","없음/모름/무응답","대전"
"53372167","20240501","보통이다","생각보다 인프라가 충분하지 않다","F","40대","300~500만원 미만","서울"
"53372239","20240501","만족하는 편이다","은퇴 후 여유를 가지고 즐김으로서 만족도 증가 여가 관련 공공 시설 증가.","M","60대","700만원 이상","전남"
"53372464","20240501","보통이다","이제는 삶에 대해 무뎌진 편이다.","M","30대","500~700만원 미만","전북"
"53373220","20240501","만족하는 편이다","마음속으로 여유가 생겼음","F","50대","500~700만원 미만","강원"
"53373706","20240501","보통이다","적당한 장소를 ?지 못했다","F","60대","300만원 미만","부산"
"53373886","20240501","보통이다","여가시간이 특별하게 변동이 없다","M","50대","500~700만원 미만","경북"
"53374226","20240501","보통이다","크게 늘지도 줄지도 않아서 보통이라고 답했습니다.","F","19~29세","500~700만원 미만","경기"
"53374719","20240501","보통이다","날씨가 춥고 근무여건 상 자유롭지 않다","F","60대","300~500만원 미만","충북"
"53374780","20240501","보통이다","특별히 변화가 없이 항상 똑같이 반복된 생활","M","60대","300~500만원 미만","서울"
"53374804","20240501","만족하는 편이다","걷기운동이나 산책을 자주 하며 친구들도 만나서 좋은 시간을 보냈다","F","60대","300~500만원 미만","경북"
"53374907","20240501","불만족하는 편이다","적당한 내용의 콘텐츠 부족 형식적이고 천편일률적인 내용들의 향연","M","50대","300만원 미만","부산"
"53375247","20240501","매우 만족한다","동행한 인적 구성 장소 활동 등 모두 흡족한 경험이었음","F","60대","700만원 이상","경기"
"53375271","20240501","매우 만족한다","좋아하는 일 하면서 시간 보내서","F","19~29세","500~700만원 미만","경기"
"53375494","20240501","매우 불만족한다","정부가 나라 망침","M","19~29세","없음/모름/무응답","울산"
"53375644","20240501","만족하는 편이다","온라인 영상시청 및 큰 비용을 들이지 않고 만족함","M","40대","300~500만원 미만","대전"
"53376112","20240501","보통이다","적정해서","M","19~29세","300~500만원 미만","경기"
"53376136","20240501","만족하는 편이다","종강","F","19~29세","없음/모름/무응답","대구"
"53376158","20240501","보통이다","평범해서","F","19~29세","300~500만원 미만","서울"
"53376171","20240501","만족하는 편이다","여가생활을 하고 싶을 때 큰 비용이 들지 않아도 할 수 있다는 것이 좋은 거 임","M","60대","500~700만원 미만","부산"
"53376254","20240501","만족하는 편이다","시간과 비용등에 불만이 없음","M","60대","700만원 이상","강원"
"53376259","20240501","만족하는 편이다","친구와어른신목욕봉사를하고함께차 한잔의여유를즐게기때문에 행복했습니다 감사합니다 사랑합니다 고맙습니다","F","60대","300만원 미만","경북"
"53376373","20240501","보통이다","그냥 즐기기때문에","M","50대","300~500만원 미만","경남"
"53376444","20240501","만족하는 편이다","시간 경제적 약간여유있음","F","40대","500~700만원 미만","대구"
"53376558","20240501","매우 만족한다","읽고 싶었던 책들을 모두 읽었기 때문이다","F","19~29세","700만원 이상","서울"
"53376663","20240501","만족하는 편이다","삶의 만족","F","60대","700만원 이상","제주"
"53376734","20240501","만족하는 편이다","시간여유가많고 컨디선이좋음","F","30대","300~500만원 미만","경기"
"53376756","20240501","만족하는 편이다","즐거운것 같다","M","50대","300~500만원 미만","인천"
"53376761","20240501","보통이다","건강상 이유로 하고싶은것을 덜함","M","50대","300~500만원 미만","경남"
"53376859","20240501","만족하는 편이다","내 시간을 내맘대로 할 수 있으니","F","30대","300만원 미만","경북"
"53377072","20240501","보통이다","일상생활이 비슷하다","F","60대","300~500만원 미만","경기"
"53377330","20240501","불만족하는 편이다","가족이나 주변 사람들과 여가 시간을 맞추기가 힘들다.","M","50대","700만원 이상","경남"
"53377361","20240501","매우 만족한다","인프라가 잘 갖춰져 있고 함께 하는 사람들과 교류하면서 여가 생활이 풍족해지고 편해지고 있다고 생각합니다.","M","40대","300만원 미만","서울"
"76639","20240508","불만족하는 편이다","정보 및 인프라 부족 여유자금 부족","M","30대","700만원 이상","경기"
"133018","20240508","만족하는 편이다","시간적인 여유와 경제적인. 요소가 있다","F","60대","300~500만원 미만","광주"
"143935","20240508","보통이다","모든물가가 너무올라서부담","M","60대","없음/모름/무응답","충남"
"158119","20240508","보통이다","여가생활 시간 부족","M","50대","500~700만원 미만","경남"
"195630","20240508","만족하는 편이다","스트레스도 풀고 컨디션도 좋아졌다","F","40대","500~700만원 미만","대구"
"269005","20240508","만족하는 편이다","인프라가 잘 갖추어져 있고 정보 확득이 용이하다","M","50대","700만원 이상","경기"
"352352","20240508","보통이다","크게 변화된거 없음","F","19~29세","300만원 미만","울산"
"360492","20240508","보통이다","여가활동 이 많지 ?았다","F","60대","300만원 미만","경기"
"360774","20240508","매우 만족한다","즐겁다","M","19~29세","500~700만원 미만","서울"
"365673","20240508","매우 만족한다","자기만족","F","19~29세","없음/모름/무응답","서울"
"366631","20240508","만족하는 편이다","여가시간을 잘 활용하고 조절 할 수 있어서.","M","30대","300~500만원 미만","서울"
"366668","20240508","만족하는 편이다","시간이 많아져서 할 수 있는게 늘었다","M","19~29세","500~700만원 미만","경기"
"369223","20240508","불만족하는 편이다","육아로 여가 활동 참여시간이 짧아짐","F","30대","300~500만원 미만","충북"
"382304","20240508","보통이다","큰 변화가 없고 일정하게 계속하기 때문","F","50대","300만원 미만","서울"
"393338","20240508","보통이다","시간적여유 부족","F","40대","500~700만원 미만","대구"
"407377","20240508","보통이다","좋지는 않은데 그렇게 썩 나쁘지도 않아서","M","30대","300만원 미만","부산"
"411010","20240508","보통이다","특별히 생활이 나아진게 없어서.. 물가탓","M","40대","500~700만원 미만","강원"
"412320","20240508","만족하는 편이다","인프라가 잘 되어있ㅂ다","M","30대","300만원 미만","경기"
"412879","20240508","불만족하는 편이다","횟수의 감소 비용부담","F","50대","700만원 이상","경기"
"420941","20240508","보통이다","경제적인 면이 부담이 된다","F","60대","300만원 미만","서울"
"422121","20240508","만족하는 편이다","좋아하는활동을 하니까","M","19~29세","700만원 이상","경기"
"422782","20240508","만족하는 편이다","가깝고 쉽게 할 수 있어서 좋다","F","50대","300~500만원 미만","서울"
"423731","20240508","보통이다","바람 쐴정도라 보통이라고함","F","50대","없음/모름/무응답","서울"
"423897","20240508","만족하는 편이다","없음","M","50대","700만원 이상","서울"
"424037","20240508","만족하는 편이다","즐기고 싶을때 언제든지 가능한거.","M","60대","300~500만원 미만","경북"
"424683","20240508","보통이다","인프라가 적어 야외에서 할 수 있는 활동이 적다","M","30대","500~700만원 미만","경남"
"424689","20240508","만족하는 편이다","야구 많이 볼 수 있어서","F","19~29세","700만원 이상","경기"
"425585","20240508","보통이다","자주할 수 없어서","M","50대","500~700만원 미만","서울"
"432979","20240508","보통이다","변화가 없다","F","50대","700만원 이상","제주"
"435158","20240508","보통이다","물가상승으로 여가생활힘듬","M","30대","300~500만원 미만","충북"
"437934","20240508","보통이다","늘 같은거라 생각해서","M","50대","700만원 이상","경기"
"442800","20240508","보통이다","없음","F","60대","300만원 미만","경기"
"444321","20240508","보통이다","시간과 돈이 부족한 편이다","M","60대","700만원 이상","경기"
"444895","20240508","만족하는 편이다","주변 환경 우수","M","50대","300~500만원 미만","세종"
"448545","20240508","만족하는 편이다","여가생활로 충분히 스트레스를 해결하였다","F","19~29세","없음/모름/무응답","경남"
"451495","20240508","만족하는 편이다","만족하는 편이다","M","30대","500~700만원 미만","충북"
"451634","20240508","만족하는 편이다","양질의 문화를 잘 경험함","M","30대","700만원 이상","서울"
"451823","20240508","보통이다","항상 똑같다","F","50대","없음/모름/무응답","경북"
"451861","20240508","보통이다","특별이 좃마진것이 없으니까","M","60대","300만원 미만","서울"
"452639","20240508","만족하는 편이다","소?한 반려동물을 만나 잘 놀고 영화 감상 걷기 등의 활동 역시 활발하게 할 수 있었기 때문이다.","M","19~29세","300~500만원 미만","서울"
"455828","20240508","보통이다","생각했던것 처럼 몸이 안따라 주는것 같다","M","60대","300~500만원 미만","울산"
"463260","20240508","보통이다","특별한 이벤트가없음","F","50대","300~500만원 미만","대구"
"464151","20240508","만족하는 편이다","패스 상품이나 지역할인권 등을 활용하다보니 경제적 부담.감소","M","40대","300~500만원 미만","서울"
"466952","20240508","보통이다","이유는 없다","F","19~29세","없음/모름/무응답","대전"
"467042","20240508","보통이다","없음","M","19~29세","없음/모름/무응답","인천"
"468607","20240508","보통이다","시간을 자유롭게 쓰기 어렵다","M","60대","700만원 이상","충북"
"469623","20240508","만족하는 편이다","운동하고 데이트할 시간이 충분함","F","30대","300~500만원 미만","부산"
"470528","20240508","보통이다","항살 하던대로 하고있습니다","M","40대","500~700만원 미만","경기"
"471661","20240508","만족하는 편이다","관심있는 전시를 잘 다녀왔다","F","50대","700만원 이상","서울"
"472879","20240508","보통이다","그럭저럭 만족하므로","F","50대","700만원 이상","부산"
"53322349","20240508","만족하는 편이다","그 시간이 즐겁고, 행복했다.","M","60대","500~700만원 미만","서울"
"53322403","20240508","만족하는 편이다","업무적으로 조금의 여유가 생겼습니다","M","19~29세","없음/모름/무응답","인천"
"53322629","20240508","보통이다","경제적어려움","M","50대","없음/모름/무응답","경북"
"53322654","20240508","불만족하는 편이다","기상이변","F","50대","700만원 이상","충북"
"53322669","20240508","만족하는 편이다","나의 의지에 따라 이루어지니까","F","40대","500~700만원 미만","경기"
"53322735","20240508","보통이다","so so","F","30대","300만원 미만","부산"
"53322896","20240508","불만족하는 편이다","즐길수있는 상황이나 경제적 여건이 충분치않음","F","30대","300만원 미만","경기"
"53323001","20240508","보통이다","자기만족의 부족","F","50대","300~500만원 미만","강원"
"53323227","20240508","만족하는 편이다","여유로움","M","30대","500~700만원 미만","서울"
"53323319","20240508","보통이다","수입이 적어 나가면 돈을 써야되는데 부의금 축의금등이 너무 많이 나가니 쓸 돈이 없어서?","F","60대","300만원 미만","부산"
"53323361","20240508","만족하는 편이다","삶이 즐거워서","F","19~29세","없음/모름/무응답","제주"
"53323379","20240508","불만족하는 편이다","시간과 경제적 여유가 없다","F","30대","300만원 미만","대구"
"53323462","20240508","불만족하는 편이다","여가생활을 즐길만한 충분한 시간 경제적 여유 주변환경 모두 부족하다.","M","30대","없음/모름/무응답","경기"
"53323998","20240508","보통이다","그닥","F","50대","700만원 이상","경기"
"53324391","20240508","보통이다","시간과 경제적인 여유가부족하다","F","50대","500~700만원 미만","인천"
"53324543","20240508","만족하는 편이다","시간적 여유가 있어서 여유롭고 지금하고있는 여가생활에 만족하기때문이다","F","19~29세","700만원 이상","제주"
"53324699","20240508","보통이다","전년에 비해 거계지출이 증가","M","50대","300~500만원 미만","강원"
"53324844","20240508","보통이다","일상생활으로 대체로 만족합니다","M","60대","300~500만원 미만","경북"
"53324871","20240508","만족하는 편이다","그냥","M","19~29세","300~500만원 미만","전북"
"53324910","20240508","만족하는 편이다","시간이 여유가 있다","F","50대","700만원 이상","경남"
"53324927","20240508","보통이다","계획대로 실천","M","50대","500~700만원 미만","경기"
"53325020","20240508","만족하는 편이다","명절연휴때 부모님과 함께 여행도 다녀왔고 혼자서 운동도 많이 하고 개인적 취미생활도 함","M","60대","700만원 이상","경기"
"53325038","20240508","만족하는 편이다","현재 워라밸이 잘 맞춰져 있다.","F","30대","300~500만원 미만","강원"
"53325170","20240508","만족하는 편이다","비슷하게 만족해서","M","30대","없음/모름/무응답","경북"
"53325171","20240508","매우 불만족한다","경제적여유가없어 그냥 시간을 보낸다고 하는게 맞을것같다","F","50대","300~500만원 미만","경기"
"53325627","20240508","보통이다","갈수록 체력이 검소하기 때문에","M","60대","300만원 미만","경기"
"53325727","20240508","매우 불만족한다","비싼 물가","M","40대","300~500만원 미만","충북"
"53325789","20240508","보통이다","현재 여유롭지않음","M","30대","500~700만원 미만","서울"
"53326113","20240508","보통이다","돈이 없음","M","40대","300~500만원 미만","인천"
"53326158","20240508","보통이다","시간여유가있어서?","M","50대","없음/모름/무응답","울산"
"53326185","20240508","불만족하는 편이다","시간이 더 많으면 좋겠다","M","19~29세","300만원 미만","강원"
"53326397","20240508","보통이다","작년과 큰 차이가 없음","M","40대","500~700만원 미만","경기"
"53326466","20240508","보통이다","시간 비용면에서","M","60대","300~500만원 미만","인천"
"53326477","20240508","보통이다","별로 달라지지 않아서요","M","60대","300~500만원 미만","인천"
"53326479","20240508","보통이다","평일에는 퇴근하고 나면 여가시간을 즐길 시간이 없어서 여가생활 선택의 폭이 줄어든다.","F","19~29세","없음/모름/무응답","경기"
"53326557","20240508","만족하는 편이다","경제적여유가있다","F","40대","700만원 이상","대구"
"53326747","20240508","보통이다","하고싶은게 더 많음","M","40대","없음/모름/무응답","강원"
"53326812","20240508","만족하는 편이다","형제들과 해외여행","M","50대","500~700만원 미만","경북"
"53327022","20240508","보통이다","새로운게 별로 없어요","M","30대","300만원 미만","인천"
"53327037","20240508","보통이다","ㅎ","F","19~29세","300만원 미만","경기"
"53327048","20240508","만족하는 편이다","스트레스를 적게받아서","M","40대","300만원 미만","서울"
"53327281","20240508","만족하는 편이다","자기개발에 만족","M","60대","300만원 미만","울산"
"53327446","20240508","보통이다","없음","M","30대","300만원 미만","경기"
"53327518","20240508","보통이다","특별히 좋고 나쁨이 없어서","M","40대","300~500만원 미만","부산"
"53327563","20240508","만족하는 편이다","시간을잘 쪼개어 하고싶은 여가를 즐긴다","F","60대","300~500만원 미만","서울"
"53327830","20240508","보통이다","여가생활시간 부족","M","50대","300~500만원 미만","경기"
"53327923","20240508","만족하는 편이다","가성비 있게 여가활동 한것 같아서 좋아요","F","40대","300만원 미만","경남"
"53327969","20240508","만족하는 편이다","스트레스 해소를 하여서","M","19~29세","없음/모름/무응답","충남"
"53328067","20240508","매우 만족한다","자녀가 성장해서 시간적으로 더 많은 여유가 생겼어요","F","60대","300~500만원 미만","경기"
"53328151","20240508","만족하는 편이다","만족하니까","M","30대","700만원 이상","전남"
"53328163","20240508","만족하는 편이다","시간확보","M","19~29세","700만원 이상","제주"
"53328253","20240508","보통이다","적당히 쉬고 있다.","F","60대","500~700만원 미만","강원"
"53328343","20240508","만족하는 편이다","원할 때 언제든지 여가생활을 할 수 있는 상황이었다","F","19~29세","500~700만원 미만","충남"
"53328396","20240508","보통이다","익숙해서","F","50대","300만원 미만","광주"
"53328524","20240508","보통이다","별다른 활동없이 시간만 보내기 때문","F","40대","300~500만원 미만","경남"
"53328599","20240508","만족하는 편이다","의미?게 보냄","M","30대","500~700만원 미만","서울"
"53328636","20240508","보통이다","경제적 여유는 없지만 그 안에서 적당하게 여가생활하려고 하고 있습니다.","F","30대","300만원 미만","전북"
"53328745","20240508","보통이다","비용이많이들어서","F","19~29세","500~700만원 미만","경기"
"53328928","20240508","만족하는 편이다","친구들도 만나고 산책도 잘했다","F","19~29세","300만원 미만","서울"
"53329268","20240508","만족하는 편이다","시간이 밌고 경제적 부담이 가능","M","60대","500~700만원 미만","경기"
"53329528","20240508","만족하는 편이다","은퇴 후 시간의 여유로움.","M","60대","없음/모름/무응답","경북"
"53329530","20240508","보통이다","문제는 돈과시간","M","19~29세","없음/모름/무응답","강원"
"53329625","20240508","만족하는 편이다","시간 거리 비용 다만족함","F","40대","300~500만원 미만","부산"
"53329674","20240508","불만족하는 편이다","시간의여유가 없어서","F","60대","500~700만원 미만","인천"
"53329684","20240508","매우 불만족한다","비용이 많이듬","M","19~29세","없음/모름/무응답","대구"
"53329874","20240508","보통이다","시간적 여유가 생겼고 많은 콘텐츠가 생김","F","50대","300~500만원 미만","대전"
"53329888","20240508","보통이다","늘 해오던 일이라서요","M","60대","500~700만원 미만","경북"
"53329971","20240508","만족하는 편이다","주변 인프라가 좋다","F","19~29세","300만원 미만","서울"
"53329988","20240508","보통이다","시간을 효율적으로 보내지 못 했다","F","40대","500~700만원 미만","서울"
"53330329","20240508","만족하는 편이다","건강과 재미를 전부 만족하고 시간적 여유가 있어서","M","40대","700만원 이상","강원"
"53330336","20240508","만족하는 편이다","불만족스러운 부분이 없어서","F","19~29세","없음/모름/무응답","충남"
"53330350","20240508","보통이다","시간이 별로 없다","F","40대","300만원 미만","울산"
"53330755","20240508","보통이다","시간적인 여유가 없어서(엄마간병)","F","50대","500~700만원 미만","경남"
"53330824","20240508","보통이다","자영업을 하는 사정상 많은 시간을 내지못함","M","50대","700만원 이상","충남"
"53330827","20240508","보통이다","특별한이유없음","F","40대","300만원 미만","충북"
"53330911","20240508","만족하는 편이다","하고싶은걸한다","F","40대","500~700만원 미만","제주"
"53331149","20240508","보통이다","그냥","M","19~29세","없음/모름/무응답","서울"
"53331193","20240508","만족하는 편이다","느그스","M","19~29세","300만원 미만","전북"
"53331279","20240508","불만족하는 편이다","시간부족","M","30대","500~700만원 미만","경기"
"53331381","20240508","만족하는 편이다","원하는 여가생활을 그런대로 할 수 있어서","F","60대","300~500만원 미만","서울"
"53331390","20240508","보통이다","여가생활할 시간이 부족한것같다.","F","40대","500~700만원 미만","대전"
"53331466","20240508","만족하는 편이다","비용 시간 위치등이 좋다","F","50대","500~700만원 미만","경기"
"53331550","20240508","보통이다","이정도라도 여가 시간을 가질 수 있는 것에 만족해서","F","30대","300~500만원 미만","대구"
"53331704","20240508","매우 만족한다","시간과 여유가 있었다","M","50대","500~700만원 미만","전남"
"53331752","20240508","만족하는 편이다","시간이 많고 건강을 생각해서","M","60대","300~500만원 미만","서울"
"53331812","20240508","만족하는 편이다","품격업","F","60대","700만원 이상","대구"
"53331936","20240508","만족하는 편이다","시간적 여유가 많음","F","19~29세","500~700만원 미만","경남"
"53331939","20240508","만족하는 편이다","편안하고 좋았다","M","60대","300~500만원 미만","경북"
"53332051","20240508","보통이다","업무과중","M","40대","700만원 이상","부산"
"53332231","20240508","보통이다","ㅇ","M","30대","300~500만원 미만","서울"
"53332241","20240508","만족하는 편이다","힐링이 되기때문","F","40대","500~700만원 미만","제주"
"53332366","20240508","보통이다","시간적여유와 경제적상황 등 자녀 학기초 준비 비용증가","M","50대","500~700만원 미만","서울"
"53332479","20240508","만족하는 편이다","다양한 커피종류와 맛을 내기위한 기법 공부","M","50대","700만원 이상","인천"
"53332646","20240508","만족하는 편이다","경제적으로 불편함 없이 만족스럽게 즐기고 있음","F","30대","300~500만원 미만","전북"
"53332799","20240508","만족하는 편이다","코로나로 인한 규제 해제","M","50대","500~700만원 미만","대전"
"53332836","20240508","보통이다","매일똑같은일상","M","60대","300만원 미만","부산"
"53332869","20240508","보통이다","더운 날씨로 힘들다","F","50대","700만원 이상","서울"
"53332916","20240508","만족하는 편이다","나혼자 보고 웃고 울고 즐겨서~^^","M","50대","700만원 이상","인천"
"53332946","20240508","불만족하는 편이다","여가시간이 너무 부족했습니다 토요일도 출근을 해서요","M","30대","없음/모름/무응답","경북"
"53333061","20240508","만족하는 편이다","나이가 주는 여유로음으로 모든것에 감사할 따름이다.","F","60대","500~700만원 미만","충남"
"53333074","20240508","만족하는 편이다","사회적 제약이 줄어서","M","30대","700만원 이상","충북"
"53333118","20240508","보통이다","수영을 배울수없다 과밀","M","40대","500~700만원 미만","경남"
"53333234","20240508","보통이다","아기 양육중","F","30대","없음/모름/무응답","서울"
"53333281","20240508","만족하는 편이다","내가 원하는 시간 장소에 경제적 부담없이 다닌다","F","60대","300만원 미만","경기"
"53333288","20240508","매우 만족한다","3주간의 휴무기간이 생겨 시간적 여유 가지고 계획한 여행을 다녀올 수 있었다.","F","50대","700만원 이상","인천"
"53333329","20240508","불만족하는 편이다","시간 경제적 부족","M","19~29세","700만원 이상","경기"
"53333701","20240508","만족하는 편이다","하지 않은 것 보다 나아서","M","19~29세","500~700만원 미만","충남"
"53333811","20240508","불만족하는 편이다","접근성 및 다양한 여가생활이 주변에서 접하기 힘들다","M","30대","300~500만원 미만","부산"
"53334093","20240508","불만족하는 편이다","시간내기가 어렵다","M","60대","300만원 미만","제주"
"53334156","20240508","보통이다","크게 만족하거나 불만족하지 않아서","M","30대","300~500만원 미만","서울"
"53334608","20240508","보통이다","ㅇ불만족 없이 여가 생활함.","M","60대","300~500만원 미만","전북"
"53334632","20240508","보통이다","ㄴ","M","30대","300~500만원 미만","경기"
"53334890","20240508","만족하는 편이다","자유로윤 스케줄 구성","M","19~29세","300~500만원 미만","서울"
"53334898","20240508","만족하는 편이다","원하는 시간에 이용할 수 있음","F","40대","300만원 미만","경기"
"53335072","20240508","만족하는 편이다","하고싶은 일은 할수있어서","F","19~29세","300만원 미만","경북"
"53335163","20240508","만족하는 편이다","해외여행","M","50대","700만원 이상","경북"
"53335169","20240508","보통이다","일과육아병행","F","40대","300~500만원 미만","광주"
"53335501","20240508","만족하는 편이다","여가생활로인해 돈 버는 이유를 찾았다","M","19~29세","없음/모름/무응답","대전"
"53335576","20240508","불만족하는 편이다","시간이모자름","F","30대","300만원 미만","서울"
"53335586","20240508","불만족하는 편이다","경제적 여유없음 건강도 안좋아짐","F","50대","300~500만원 미만","서울"
"53335796","20240508","불만족하는 편이다","경제적이유","F","50대","300만원 미만","광주"
"53335881","20240508","만족하는 편이다","내삶을 알차게 꾸리는 마음으로 열심히성실히하고있고 재미있고시간이 금방간다","F","50대","700만원 이상","서울"
"53335885","20240508","매우 만족한다","주위에 원하는 현대차문화회관있어서이용합니다","F","60대","500~700만원 미만","대전"
"53335887","20240508","만족하는 편이다","휴식","M","40대","300~500만원 미만","경남"
"53336096","20240508","보통이다","만족하기때문","F","60대","300만원 미만","경남"
"53336290","20240508","만족하는 편이다","워라벨","F","30대","300만원 미만","경북"
"53336323","20240508","만족하는 편이다","그냥 만족함","F","19~29세","300만원 미만","경남"
"53336454","20240508","보통이다","하고는 있지만 재미는없다","F","40대","500~700만원 미만","서울"
"53336543","20240508","만족하는 편이다","시간적 경제적 여유가 있음","F","50대","300~500만원 미만","경기"
"53336646","20240508","만족하는 편이다","운동 산책 친구모임 가족과의시간 모두적당","F","60대","500~700만원 미만","경기"
"53336664","20240508","보통이다","특별히 뭐가없어서","F","19~29세","300만원 미만","인천"
"53336694","20240508","보통이다","보통이다","M","60대","300만원 미만","울산"
"53336862","20240508","보통이다","그저그럼","M","19~29세","300~500만원 미만","서울"
"53337041","20240508","보통이다","즐길거리는 많지만 삶의 여유가 없다.","M","40대","300~500만원 미만","경기"
"53337043","20240508","만족하는 편이다","나름 일하면서 쉬긴쉼","F","19~29세","700만원 이상","제주"
"53337095","20240508","만족하는 편이다","내가 즐거우면","F","50대","300만원 미만","경북"
"53337129","20240508","만족하는 편이다","시간적으로 여유가 있어서","M","60대","700만원 이상","인천"
"53337188","20240508","만족하는 편이다","방해받지않고하고있다","F","40대","700만원 이상","충북"
"53337411","20240508","보통이다","특별히 없음","M","50대","300~500만원 미만","경기"
"53337434","20240508","보통이다","재미없다","M","50대","300~500만원 미만","제주"
"53337479","20240508","보통이다","큰 변화가 없음","F","50대","500~700만원 미만","서울"
"53337575","20240508","불만족하는 편이다","경제적여유가없음","M","50대","500~700만원 미만","경기"
"53337670","20240508","보통이다","soso","F","19~29세","300~500만원 미만","제주"
"53337689","20240508","매우 만족한다","가고 싶을땐 가서...","F","50대","500~700만원 미만","경기"
"53337721","20240508","보통이다","크게뭐가없음","M","19~29세","없음/모름/무응답","서울"
"53337821","20240508","매우 만족한다","이성과의 만남 및 친밀감 형성 여행 드라이브 등으로 좋은 시간 보냄","M","30대","700만원 이상","경기"
"53337837","20240508","매우 불만족한다","야근이 많아서","F","40대","500~700만원 미만","인천"
"53337851","20240508","매우 만족한다","시간을 알차게 보낼수있다","F","40대","500~700만원 미만","강원"
"53337871","20240508","보통이다","임신으로 인한 경제활동 제한으로 생긴 여가생활을 즐기는 중이라서 종류또한 제한적임","F","30대","700만원 이상","강원"
"53338016","20240508","보통이다","재미 없음","M","60대","300~500만원 미만","경기"
"53338024","20240508","만족하는 편이다","관련 정보 취득이 용이함","M","60대","700만원 이상","경기"
"53338236","20240508","만족하는 편이다","만족하지 않을 이유가 없으므로","M","50대","300~500만원 미만","경기"
"53338336","20240508","보통이다","특별히 더 좋아지지 않아서","M","60대","300~500만원 미만","강원"
"53338416","20240508","불만족하는 편이다","조금더 다양한 경험을 하고 싶다","F","40대","500~700만원 미만","인천"
"53338460","20240508","만족하는 편이다","시간이 있고 어느 정도 여유가 있고 명확히 좋아하는 여가생활이 있기 때문이다","M","19~29세","300~500만원 미만","울산"
"53338490","20240508","보통이다","함께하지 못하고 혼자서 해서 그렇게 느껴짐","M","60대","300~500만원 미만","경기"
"53338640","20240508","보통이다","급여의 문제","M","30대","300만원 미만","강원"
"53338769","20240508","보통이다","시간이나 경제적여유가 크게 변동이 없기때문","M","40대","300~500만원 미만","경북"
"53338833","20240508","보통이다","돈이 있으면 시간이 없고 시간이 있으면 돈이 없다","M","30대","700만원 이상","울산"
"53338872","20240508","보통이다","그냥 그렇다","M","19~29세","없음/모름/무응답","인천"
"53338893","20240508","불만족하는 편이다","시간적으로 여유가 없어서","F","30대","700만원 이상","부산"
"53339012","20240508","만족하는 편이다","원하는대로 할수 있이서","M","50대","없음/모름/무응답","부산"
"53339093","20240508","만족하는 편이다","내가 원하는 여가생활을 검색가능하고 근처에서 할수 있기때문","F","40대","500~700만원 미만","대구"
"53339102","20240508","보통이다","여름이라 날씨가 더워서 집에서 잘 안나감","M","50대","300~500만원 미만","충남"
"53339154","20240508","만족하는 편이다","시난적 여유","M","50대","300~500만원 미만","경남"
"53339208","20240508","만족하는 편이다","시간여유가 많아서 만족합니다","F","50대","700만원 이상","강원"
"53339271","20240508","만족하는 편이다","시간과 인프라 등의 여유","M","50대","300~500만원 미만","서울"
"53339291","20240508","보통이다","좋지도 나쁘지도 않아서","M","40대","300만원 미만","광주"
"53339320","20240508","보통이다","물가가 비싸져서","F","40대","700만원 이상","서울"
"53339514","20240508","보통이다","없음","M","30대","500~700만원 미만","부산"
"53339575","20240508","보통이다","별반다르지 않아서","F","40대","300~500만원 미만","울산"
"53339586","20240508","만족하는 편이다","시간적 여유가 충분했음","F","30대","300만원 미만","인천"
"53339653","20240508","보통이다","반려동물 돌보기에 시간과 정성이 많이 소요되서 다른 활동에 시간을 좀 뺏김","F","60대","700만원 이상","경기"
"53339735","20240508","보통이다","특별함이 없음","F","40대","없음/모름/무응답","세종"
"53339844","20240508","매우 만족한다","만족크","M","19~29세","300만원 미만","경기"
"53339867","20240508","보통이다","이전과 크게 차이가 없어서","M","40대","500~700만원 미만","인천"
"53339915","20240508","만족하는 편이다","여행지와 맛집을 다니는 것이 좋았으나 경제적인 지출이 부담됨","M","40대","500~700만원 미만","서울"
"53340088","20240508","보통이다","날씨탓도있지만 아침운동걷기및소래산갔다오면시간이없는편임 퇴근후 헬스장 가면힘들어1시간하고샤워후집에옮 주5일근무 9시출1800시퇴근","M","60대","300만원 미만","인천"
"53340175","20240508","만족하는 편이다","함께한 사람들도 만족하였기에","M","40대","700만원 이상","부산"
"53340176","20240508","만족하는 편이다","만족스러워서","M","40대","500~700만원 미만","인천"
"53340205","20240508","보통이다","특별한 이유는 없음","M","30대","700만원 이상","부산"
"53340262","20240508","보통이다","아이방학으로인해 개인여가시간 감소","F","40대","300~500만원 미만","경기"
"53340452","20240508","만족하는 편이다","특별한이유없음","M","60대","700만원 이상","인천"
"53340576","20240508","보통이다","적극적으로 하지 않았다","F","40대","500~700만원 미만","충남"
"53340967","20240508","보통이다","똑같은 생활 패턴의 반복으로 변화가 없어서","F","60대","500~700만원 미만","서울"
"53341000","20240508","보통이다","달라진게 없어서","M","30대","300만원 미만","대전"
"53341011","20240508","보통이다","변함없음","M","19~29세","없음/모름/무응답","경기"
"53341133","20240508","보통이다","크게 변화가 없음","M","60대","700만원 이상","경남"
"53341201","20240508","만족하는 편이다","수다 쟁","M","60대","300~500만원 미만","제주"
"53341203","20240508","보통이다","똑같음","F","60대","300~500만원 미만","인천"
"53341369","20240508","만족하는 편이다","계절상 바깥활동하기 좋은 계절이라서 전반적으로 여가생활 만족하는편입니다.","M","30대","300~500만원 미만","경남"
"53341546","20240508","만족하는 편이다","보고싶은 야구 경기를 봐서","F","19~29세","없음/모름/무응답","서울"
"53341556","20240508","만족하는 편이다","공원이나 산책로가 잘되있다","F","40대","300~500만원 미만","충남"
"53341744","20240508","만족하는 편이다","딱히 불만족 스럽지 않아서","F","40대","700만원 이상","제주"
"53341747","20240508","불만족하는 편이다","여행을 못가서","F","40대","300~500만원 미만","울산"
"53341766","20240508","보통이다","시간이 더 많으면 좋겠음","F","30대","700만원 이상","서울"
"53341832","20240508","보통이다","목표에거의근접","M","60대","500~700만원 미만","전남"
"53341839","20240508","만족하는 편이다","종교생활을 자유롭게할수있다","F","60대","300만원 미만","경기"
"53341858","20240508","만족하는 편이다","하고싶은것을 하고싶은때에 하니까","F","30대","300~500만원 미만","충남"
"53341948","20240508","만족하는 편이다","근속연수가 증가하면서 휴가 사용이 조금 더 자유로워짐","F","30대","300만원 미만","전북"
"53341964","20240508","만족하는 편이다","재밌게 잘 보내고 있음","M","19~29세","300~500만원 미만","경기"
"53342032","20240508","만족하는 편이다","내가 원하는 시간대에 원하는 여가 생활을 했기 때문임","F","50대","300~500만원 미만","대전"
"53342055","20240508","만족하는 편이다","전보다 여가생활을 즐길 시간이 증가하여 여유가 생겼기 때문레","F","19~29세","없음/모름/무응답","경기"
"53342492","20240508","보통이다","전반적으로 크게 불만은 없지만 나의 욕구는 새롭고 다양한 여가생활을 하고 싶습니다. 하지만 경제적이유로 못하는 점이 불만이라서 보통이다 라고 하였습니다.","M","40대","300~500만원 미만","부산"
"53342557","20240508","만족하는 편이다","멀리 출사 나가진 못해도 집에서 꾸준히 사진을 찍었고 기타도 수시로 연습 했기 때문에","F","60대","300~500만원 미만","충남"
"53342858","20240508","불만족하는 편이다","즐기는 여가 방법이 제한적이고 반복적이다","F","30대","700만원 이상","대전"
"53342919","20240508","만족하는 편이다","스트레스감소","F","60대","300~500만원 미만","인천"
"53343134","20240508","보통이다","딱히 불만만족없음","F","50대","500~700만원 미만","광주"
"53343395","20240508","만족하는 편이다","재미난 영화와 OTT콘텐츠가 나쁘지 않기에","M","19~29세","300~500만원 미만","경기"
"53343400","20240508","보통이다","항상 비슷한 활동","F","60대","없음/모름/무응답","인천"
"53343480","20240508","만족하는 편이다","내가 원할 때 어디서나 할 수 있어서","M","50대","700만원 이상","서울"
"53343889","20240508","보통이다","작년에 비했을 때 큰 변화가 없음. 주4일제 등 근무시간 단축 같은 근무환경의 큰 변화가 아닌 이상 만족도의 극적인 변화는 없을 것임.","F","19~29세","700만원 이상","강원"
"53344072","20240508","보통이다","경제적인이유","F","40대","300만원 미만","전북"
"53344153","20240508","보통이다","비적극적","M","60대","300~500만원 미만","인천"
"53344488","20240508","보통이다","일상이 되어서","M","60대","없음/모름/무응답","인천"
"53344557","20240508","만족하는 편이다","검색이나 예약일 잘 되어서","F","50대","500~700만원 미만","제주"
"53344575","20240508","보통이다","큰 차이가 없음","M","30대","300~500만원 미만","부산"
"53344589","20240508","만족하는 편이다","시간활용하기 좋은 장소에 있다","M","40대","700만원 이상","경기"
"53344638","20240508","불만족하는 편이다","잠이 부족해서 자느라 다른 걸 못한다","F","30대","없음/모름/무응답","세종"
"53344708","20240508","불만족하는 편이다","일이많음","F","30대","없음/모름/무응답","경북"
"53344715","20240508","만족하는 편이다","불만족이 없음","M","60대","300만원 미만","경기"
"53344891","20240508","매우 불만족한다","여가시간이.충분하지 않고 돈도 부족함","F","30대","700만원 이상","경기"
"53345284","20240508","만족하는 편이다","주변 인프라가 좋아서, 본사근무로 시간이 많아서","M","50대","700만원 이상","경북"
"53345308","20240508","보통이다","흥미로운 컨텐츠 부족","M","50대","700만원 이상","경기"
"53345386","20240508","보통이다","경기가 좋지않고 부채가 많아짐","F","50대","300만원 미만","경남"
"53345472","20240508","만족하는 편이다","재미가 있었고 신체적 정신적으로 건강해지며 스트레스가 풀리는 느낌이었다","F","40대","300~500만원 미만","전남"
"53345663","20240508","보통이다","생활 만족도 개선","M","60대","300만원 미만","경남"
"53345934","20240508","보통이다","시간도 모자라고 물가도 올라 비용이 증대했다","F","50대","700만원 이상","서울"
"53346482","20240508","만족하는 편이다","건강상태가 좋지 않았는데 여가활동으로 좋아지고있음","F","50대","500~700만원 미만","경남"
"53346512","20240508","만족하는 편이다","생활반경에 여가시설을 즐길수있는 환경이 잘 마련되어있다","M","19~29세","300~500만원 미만","경기"
"53346530","20240508","보통이다","시간이 별로 없음","M","30대","700만원 이상","경기"
"53346593","20240508","보통이다","없음","M","50대","500~700만원 미만","충남"
"53346717","20240508","만족하는 편이다","스트레스 해소에 큰 도움을 받고 있다","F","19~29세","700만원 이상","울산"
"53346881","20240508","만족하는 편이다","마음의힐린","F","19~29세","500~700만원 미만","인천"
"53346928","20240508","만족하는 편이다","여유롭게 시간을보낸것같아서","F","50대","500~700만원 미만","경남"
"53347202","20240508","불만족하는 편이다","자기개발을 하고픈 마음이 현재의 여가 활동을 불만족 하다 느끼게한다","F","50대","500~700만원 미만","경기"
"53347211","20240508","매우 만족한다","여가를 즐길 시간도 충분하고 만족스러운 여가 활동을 하기때문에","F","19~29세","700만원 이상","울산"
"53347372","20240508","만족하는 편이다","시간 경제적 기후/ 기온이 올라 활동하기 편함","M","40대","300~500만원 미만","경기"
"53347385","20240508","불만족하는 편이다","여가할만한 시간이없음","M","30대","300만원 미만","강원"
"53347497","20240508","만족하는 편이다","시간적여유가있어서","M","50대","500~700만원 미만","광주"
"53347644","20240508","보통이다","이전과 크게 만족도 여가시간 등 전반적으로 달라진 것이 없다","M","30대","500~700만원 미만","경기"
"53347940","20240508","만족하는 편이다","산이 가까이 있어 원하면 언제든지 산행을 할수 있어서","F","60대","300~500만원 미만","울산"
"53348029","20240508","보통이다","시간이 부족함","F","30대","없음/모름/무응답","서울"
"53348066","20240508","보통이다","운동과 독서활동을 꾸준히 했다","F","50대","300~500만원 미만","인천"
"53348125","20240508","만족하는 편이다","코로나 완화로 인해 외출기회가 많이생김","F","40대","500~700만원 미만","서울"
"53348155","20240508","보통이다","평소생활패턴","M","60대","300만원 미만","경기"
"53348422","20240508","만족하는 편이다","내 건강 정도에 맞게 여가를 즐기므로","F","60대","300만원 미만","경기"
"53348765","20240508","만족하는 편이다","그정도라도 만족해서","F","40대","300만원 미만","경기"
"53348771","20240508","만족하는 편이다","정신적인 여유를 찾음","M","60대","700만원 이상","충남"
"53348828","20240508","만족하는 편이다","자주 해서","F","19~29세","300만원 미만","경기"
"53348838","20240508","매우 만족한다","하고싶은 운동과 시간적여유노움","F","50대","500~700만원 미만","경기"
"53349605","20240508","불만족하는 편이다","근무 피로도가 높아 쉬고싶어진다.","M","50대","없음/모름/무응답","강원"
"53349672","20240508","보통이다","그냥","F","30대","300만원 미만","경북"
"53349858","20240508","보통이다","여유자금이없다","M","40대","300~500만원 미만","경기"
"53349936","20240508","보통이다","그냥","M","19~29세","700만원 이상","충남"
"53350151","20240508","만족하는 편이다","적당한 일과 여가활동 가능하기에","F","50대","없음/모름/무응답","경남"
"53350180","20240508","보통이다","저조","M","50대","500~700만원 미만","전남"
"53350284","20240508","만족하는 편이다","시간적 여유가 살짝 생김","F","19~29세","없음/모름/무응답","전북"
"53350297","20240508","보통이다","일상적 매월 비슷한 패턴이라 생각이든다","M","40대","없음/모름/무응답","전북"
"53350319","20240508","보통이다","언제든지 할수있어서","F","40대","300~500만원 미만","전남"
"53350351","20240508","보통이다","더하지도 덜하지도 않은 보통의 일상을 보내고 있다","F","40대","500~700만원 미만","경남"
"53350418","20240508","보통이다","이직준비","M","30대","없음/모름/무응답","전남"
"53350554","20240508","만족하는 편이다","편리한 시설","M","50대","300~500만원 미만","강원"
"53350633","20240508","만족하는 편이다","화분가꾸기가 ?나고 정리된화분을 보고 있으면 나스스로 대견하다","F","60대","300~500만원 미만","대전"
"53350747","20240508","보통이다","테니스를 좋아하는데 코트시설이 충분하지 않고 일반인 이용이 폐쇄적인 편이다","F","50대","500~700만원 미만","부산"
"53350754","20240508","만족하는 편이다","여유","M","40대","500~700만원 미만","광주"
"53350797","20240508","불만족하는 편이다","경제적인 이유와 자식의 뒷바라지와 노후의 걱정으로 전반적인 여유가 없다","M","40대","500~700만원 미만","울산"
"53350869","20240508","보통이다","몸을 다쳐서 움직이기 어려워서","M","60대","500~700만원 미만","전북"
"53350961","20240508","보통이다","생각보다 시간은 많지만 경제적으로 여유롭지 못해서 잘 못 즐겼다.","F","19~29세","700만원 이상","대전"
"53350986","20240508","만족하는 편이다","좋아하는 것들을 하니까","F","30대","500~700만원 미만","경남"
"53351106","20240508","보통이다","예전과 여가활둥이 비스싸여서","M","60대","700만원 이상","인천"
"53351133","20240508","만족하는 편이다","그냥","F","30대","없음/모름/무응답","서울"
"53351178","20240508","보통이다","경제적인이유와물가가 너무올라서","F","50대","300~500만원 미만","충남"
"53351291","20240508","만족하는 편이다","음악회 크리스마스 공연 등 관람하고 아이 학교 행사에도 참여하며 즐거웠음","F","40대","없음/모름/무응답","경기"
"53351384","20240508","보통이다","금전적인 이유","M","60대","300~500만원 미만","인천"
"53351409","20240508","불만족하는 편이다","작년에 비해 업무 관계로 여가 시간의 여유가 감소함.","M","50대","700만원 이상","경기"
"53351428","20240508","보통이다","특별한 변화가 없어서","M","60대","300~500만원 미만","경기"
"53351614","20240508","만족하는 편이다","시간적 여유 증가","M","19~29세","없음/모름/무응답","서울"
"53351891","20240508","보통이다","시간이 여유롭지는 않았지만 하고 싶은 활동은 적당히 했음","M","19~29세","500~700만원 미만","전북"
"53351899","20240508","만족하는 편이다","시간적 여유가 많음","F","30대","500~700만원 미만","경북"
"53351919","20240508","만족하는 편이다","시간적인 여유가 생겼다","F","60대","700만원 이상","서울"
"53352003","20240508","보통이다","시간적인 여유가 부족한듯 해서","F","50대","300만원 미만","경기"
"53352278","20240508","만족하는 편이다","시간. 건강.금진적으로 여유로와서","M","60대","700만원 이상","대전"
"53352280","20240508","불만족하는 편이다","경제적인 부담","F","19~29세","300~500만원 미만","경남"
"53352339","20240508","보통이다","변화가 없어서","F","60대","500~700만원 미만","경기"
"53352407","20240508","보통이다","소득이 특별히 늘어나지않음","M","50대","300~500만원 미만","광주"
"53352512","20240508","보통이다","지금은 일을하고 있지않아서","M","40대","300만원 미만","서울"
"53352515","20240508","만족하는 편이다","시간이 충부내서","F","30대","300~500만원 미만","전남"
"53352730","20240508","보통이다","달라진것이없다","M","50대","700만원 이상","경북"
"53352804","20240508","매우 불만족한다","경제적으로나 시간적으로 여유가 없다","M","50대","500~700만원 미만","광주"
"53352848","20240508","만족하는 편이다","시간이 많지않지만 잘 지내고 있으므로.","F","60대","500~700만원 미만","대전"
"53352870","20240508","불만족하는 편이다","주말 공후일 쉴수가 없어서","M","60대","없음/모름/무응답","경기"
"53352898","20240508","만족하는 편이다","특별하게 여가 생활이 필요하지 않기 때문에 욕심이 없다","M","30대","300만원 미만","서울"
"53352977","20240508","보통이다","여가시간이 짧아서 장거리여해을 가지못함","F","50대","500~700만원 미만","세종"
"53353268","20240508","만족하는 편이다","여유롭게 활동","M","60대","300~500만원 미만","경북"
"53353325","20240508","만족하는 편이다","퇴직후 나만의 시간 증가","M","60대","300~500만원 미만","전남"
"53353385","20240508","만족하는 편이다","자전거타고 볼일보고 운동해요","F","60대","300만원 미만","대구"
"53353417","20240508","만족하는 편이다","경제적으로 부담없고 시간에 방해받지 않고 할수있음","F","60대","700만원 이상","광주"
"53353452","20240508","보통이다","평소와 비슷하기 때문이다.","F","50대","700만원 이상","부산"
"53353544","20240508","만족하는 편이다","제가 원하는 시간에 원하는 만큼 즐길수 있어서 입니다","M","40대","500~700만원 미만","경남"
"53353611","20240508","보통이다","하고싶은활동이 있는데 시간과 돈이 부족해서 못하고 있다","F","50대","500~700만원 미만","충남"
"53353799","20240508","만족하는 편이다","하고싶은것은 대체로하는편","F","60대","500~700만원 미만","인천"
"53353855","20240508","만족하는 편이다","날씨가 좋아져서 돌아다니기 수월","F","40대","700만원 이상","서울"
"53354135","20240508","보통이다","적절한 여유시간","M","40대","없음/모름/무응답","전북"
"53354185","20240508","만족하는 편이다","즐거워서","F","50대","300~500만원 미만","경남"
"53354389","20240508","매우 불만족한다","경제적여유가없다","F","50대","300만원 미만","서울"
"53354450","20240508","만족하는 편이다","노후를 준비하면 배우자와 취미및운동을 같이 하고 ?기때문에 서로가 많이 돈독해진것 같아서...","F","50대","300만원 미만","인천"
"53354519","20240508","불만족하는 편이다","출산","F","30대","700만원 이상","서울"
"53354715","20240508","만족하는 편이다","집에서 편히 휴식을 누리니까","F","50대","300~500만원 미만","경기"
"53354726","20240508","보통이다","경제활동을 하는것으로인해 시간적제약과. 경제능력 미비로 인해서","F","60대","500~700만원 미만","대구"
"53354914","20240508","보통이다","인프라부족","F","30대","700만원 이상","제주"
"53354940","20240508","보통이다","돈이 부족함","F","40대","300~500만원 미만","충남"
"53355231","20240508","만족하는 편이다","기분전환이 됐으니까","F","30대","300만원 미만","경남"
"53355250","20240508","불만족하는 편이다","직장생활의 여유가 없어 휴무활용을 재대로하지 못하고 있음","F","50대","300~500만원 미만","전북"
"53355356","20240508","만족하는 편이다","인프라가 잘 되있다","M","50대","700만원 이상","서울"
"53355403","20240508","보통이다","경제적 시간적여유","F","50대","700만원 이상","경기"
"53355631","20240508","만족하는 편이다","내가할수있는선에서 하고있기때문","F","60대","300~500만원 미만","서울"
"53355821","20240508","보통이다","집에 있는 시간이 많아서","F","50대","700만원 이상","충남"
"53355960","20240508","만족하는 편이다","전체적인 인프라 나 정보들이 충분하여 합리적이게 이용했음","M","30대","300만원 미만","경기"
"53356065","20240508","보통이다","없다","F","60대","500~700만원 미만","광주"
"53356083","20240508","보통이다","경제적 시간적으로 적당하다","M","60대","300~500만원 미만","인천"
"53356200","20240508","매우 만족한다","없음","M","19~29세","300만원 미만","울산"
"53356333","20240508","보통이다","평소와 특별히 변화가 없으므로","M","60대","300만원 미만","서울"
"53356440","20240508","만족하는 편이다","시간적 여유가 있어서","M","30대","300~500만원 미만","인천"
"53356577","20240508","보통이다","비용 시간이 비슷함","M","50대","500~700만원 미만","서울"
"53356631","20240508","만족하는 편이다","생활근거리에서원하는운동과여가생활쇼핑을 부담없이즐길수있어서","M","60대","500~700만원 미만","서울"
"53356863","20240508","불만족하는 편이다","경제적여유가부독해서","M","60대","300만원 미만","부산"
"53356870","20240508","보통이다","영화관이 없음","F","40대","300~500만원 미만","충남"
"53356903","20240508","보통이다","특이사항없음","M","40대","700만원 이상","인천"
"53357430","20240508","만족하는 편이다","최근 해외여행을 다녀와서..!","F","30대","300~500만원 미만","인천"
"53357536","20240508","보통이다","보통","M","30대","700만원 이상","충남"
"53357559","20240508","만족하는 편이다","지인들과 틋을 같이해 양평,남양주,고성을 다녀오고 더욱 더 의기투합하게 되었다","M","50대","500~700만원 미만","강원"
"53357596","20240508","만족하는 편이다","비용이 많이 안들고접근성이 좋아서입니다","F","50대","300~500만원 미만","충남"
"53357607","20240508","보통이다","현재 상황에 맞춰 즐기는 편이다","M","40대","700만원 이상","서울"
"53357904","20240508","만족하는 편이다","재밌게 보고 있어서","M","19~29세","300만원 미만","서울"
"53358066","20240508","매우 불만족한다","바쁜일상","M","30대","300만원 미만","경남"
"53358243","20240508","보통이다","작년하고 비숫하기 때문","M","50대","300~500만원 미만","경기"
"53358430","20240508","보통이다","작년과 크게 변화가 없다","F","50대","300~500만원 미만","경기"
"53358493","20240508","만족하는 편이다","만족할만한 컨텐츠들이 많아서","M","19~29세","없음/모름/무응답","경기"
"53358555","20240508","만족하는 편이다","여가활동에 큰 의미를 부여하지 않기 때문에","F","60대","500~700만원 미만","전북"
"53358667","20240508","보통이다","신변 치료중","M","60대","500~700만원 미만","충남"
"53358841","20240508","보통이다","일하느라 체력이 감소해서","F","19~29세","300만원 미만","경기"
"53358849","20240508","보통이다","평균적이어서","M","40대","500~700만원 미만","서울"
"53358915","20240508","보통이다","일상생활이 항상 규칙적으로 되있어 여가생활의 제한도 크지않음으로","F","60대","700만원 이상","경기"
"53359141","20240508","불만족하는 편이다","시간 및 경제적 이유","M","30대","300~500만원 미만","서울"
"53359181","20240508","보통이다","시간적인 여유도 부족하고 건강도 허락하지 않아서","F","50대","500~700만원 미만","경북"
"53359238","20240508","만족하는 편이다","시간이 여유있고 시설이 다양해서 관람할곳도 많고 좋다.","F","50대","300~500만원 미만","강원"
"53359352","20240508","만족하는 편이다","잘 즐기는편","F","19~29세","없음/모름/무응답","경남"
"53359486","20240508","보통이다","별로 변한것이 없음","M","30대","500~700만원 미만","대구"
"53359535","20240508","만족하는 편이다","적은비용으로 스트레스해소 체력단련 많이할수있어서 만족합니다","M","50대","700만원 이상","서울"
"53359625","20240508","만족하는 편이다","원하는시간에 원하는것을 할수 있어서 만족합니다","F","60대","300~500만원 미만","서울"
"53359768","20240508","보통이다","시간여유없음","F","60대","없음/모름/무응답","세종"
"53359774","20240508","만족하는 편이다","즐거워","F","40대","700만원 이상","서울"
"53359966","20240508","만족하는 편이다","여가활동을 하며 스트레스 해소도 하고 예전에 비해 정신적 육체적으로 발전하고 있다는 느낌이 든다","F","30대","700만원 이상","경기"
"53359977","20240508","만족하는 편이다","경제적으로는 약간 힘들지만 굳이 돈을 많이 지출안하고 알뜰히여건에 맞게쓰면 되기때문에 만족한다","M","50대","500~700만원 미만","경기"
"53359997","20240508","보통이다","과거와 크게 변한게 없음","M","40대","700만원 이상","서울"
"53360056","20240508","보통이다","물가상승으로 외부활동이 없었다","F","30대","없음/모름/무응답","부산"
"53360119","20240508","불만족하는 편이다","경제적여건","F","40대","없음/모름/무응답","광주"
"53360156","20240508","불만족하는 편이다","솔직히 요새 문화생활 전반적으로 가격거품이 너무 심하게 낌 뭐 하나 배워볼까 해볼까 하면 하루에 십만원은 우습고 눈깜짝하면 수십만원임 꾸준히 하긴 부담스럽고 결국 일회성에 그치게되는데 그게 무슨의미가있나 싶음 무언가 체험하고 새로이 배우는데 돈아끼는거 아니라지만 그돈이면 1박2일 놀러도 다녀올 수 있는데... 고급취미라 그런거아니냐! 라기엔 차라리 고급취미만 좋아해서 수십깨지는거면 좋겠음 무언가 배우고 새로이 체험하는데 돈 아끼는거 아니라지만 너무비쌈","F","19~29세","없음/모름/무응답","서울"
"53360624","20240508","보통이다","새로운 것을 경험할 정보가 부족하고, 경제적으로도 부담","F","60대","700만원 이상","강원"
"53360764","20240508","만족하는 편이다","편안하게 즐겁게 생활 그리고 건강하게","M","40대","300만원 미만","강원"
"53361035","20240508","불만족하는 편이다","일을하고 있어서 시간이 부족함","F","60대","300만원 미만","대구"
"53361304","20240508","불만족하는 편이다","비용 증가","M","50대","700만원 이상","서울"
"53361646","20240508","보통이다","여가생활을 즐기는 데에 있어 좋지도 나쁘지도 않은 상황이기 때문에","M","19~29세","300~500만원 미만","부산"
"53361738","20240508","보통이다","특이사항없음","M","50대","없음/모름/무응답","강원"
"53361810","20240508","보통이다","딱히 큰 변화가 없는거 같아서","M","19~29세","700만원 이상","서울"
"53361846","20240508","보통이다","평범하게 사는거 같아서","M","40대","300~500만원 미만","충북"
"53361858","20240508","만족하는 편이다","스트레스 해소, 건강을 위해서 시간을 늘리고 있어 만족도가 높아진것 같다","M","50대","500~700만원 미만","경기"
"53361865","20240508","불만족하는 편이다","시간여유가 없어서","F","60대","300만원 미만","서울"
"53362304","20240508","만족하는 편이다","저녁시간 후 여유있게 생활","M","60대","700만원 이상","강원"
"53362327","20240508","보통이다","여가시간이 부족해 아쉼지만 알차게 사용","M","19~29세","700만원 이상","경기"
"53362369","20240508","만족하는 편이다","스트레스 해소","M","30대","없음/모름/무응답","서울"
"53362599","20240508","보통이다","크게 변화가 없다.","F","30대","300~500만원 미만","광주"
"53362600","20240508","만족하는 편이다","퇴사","M","30대","없음/모름/무응답","경북"
"53362614","20240508","만족하는 편이다","가족과 함께 영화관람이나 가고 싶은곳을 자주가서 좋았다","M","50대","500~700만원 미만","전북"
"53362729","20240508","만족하는 편이다","지인들과 여행","F","60대","700만원 이상","강원"
"53362902","20240508","보통이다","평범한게 생활함 경제적으로 여유가 충분치 않아서 불편하지 않은범위로 하고있음","F","60대","300~500만원 미만","서울"
"53362908","20240508","보통이다","ㅇ아르바이트도 해야하고 싱간적 여유가 없음","F","60대","300만원 미만","대구"
"53362938","20240508","보통이다","더 나아지지 않음","F","19~29세","없음/모름/무응답","충남"
"53362958","20240508","만족하는 편이다","월차 내고 잘 다녀옴","F","19~29세","없음/모름/무응답","서울"
"53363011","20240508","만족하는 편이다","소액의 비용과 여유로운 시간으로 할수 있는 여가가 만족스럽다","M","30대","300만원 미만","충북"
"53363139","20240508","만족하는 편이다","여유로운 시간울 즐기고 있다","F","30대","없음/모름/무응답","서울"
"53363154","20240508","보통이다","숙박비가 너무 비싸서","F","19~29세","300~500만원 미만","서울"
"53363239","20240508","만족하는 편이다","경제적인부분과 시간적인 부분에대해 만족합니다","F","60대","300~500만원 미만","서울"
"53363343","20240508","만족하는 편이다","내가 원하는 시간대에 원하는 여가활동을 하는것만으로 만족하는 편이다","F","40대","700만원 이상","경기"
"53363431","20240508","만족하는 편이다","여가생활하면서 스트레스가 해소되었음","F","30대","300만원 미만","충남"
"53363689","20240508","만족하는 편이다","여행을 다녀올수 있어서 만족스럽습니다","M","40대","700만원 이상","강원"
"53363768","20240508","매우 만족한다","퇴사를 해서 시간이 많아졌다","F","30대","500~700만원 미만","세종"
"53363818","20240508","만족하는 편이다","없음","M","30대","300만원 미만","경북"
"53363910","20240508","매우 불만족한다","디ㅡ느","M","19~29세","300만원 미만","경기"
"53364043","20240508","보통이다","작년이랑 비슷해서","M","19~29세","700만원 이상","대구"
"53364103","20240508","만족하는 편이다","불만 없음","M","30대","700만원 이상","서울"
"53364411","20240508","만족하는 편이다","하고 싶은 여가활동을 크게 구애받지 않고 할 수 있어서","F","50대","500~700만원 미만","강원"
"53364544","20240508","불만족하는 편이다","우선 경제적인 이유도 있고 자녀가 공무원시험에서 자꾸 떨어지니 여행가기도 힘들고 그렇습니다.","F","50대","300만원 미만","충남"
"53364672","20240508","보통이다","체력의 저하","F","60대","300만원 미만","경기"
"53365347","20240508","불만족하는 편이다","여가활동을할시간이충분하지않다","F","40대","500~700만원 미만","경기"
"53365585","20240508","만족하는 편이다","저렴하게 이용할수 있는 시설이 많이있다","M","60대","300~500만원 미만","제주"
"53365590","20240508","만족하는 편이다","내아 좋아 하는걸 하는편임","F","40대","없음/모름/무응답","부산"
"53365713","20240508","보통이다","항상 생활패턴이 비슷하다","F","50대","300만원 미만","제주"
"53365759","20240508","보통이다","별차이가없어서","M","60대","없음/모름/무응답","서울"
"53365939","20240508","보통이다","경제적 사정으로","F","50대","500~700만원 미만","인천"
"53365980","20240508","만족하는 편이다","주변에 여가 생활을 즐길수있는 여권이 잘 갖추어져 있고 언제던지 짬짬이 이용할수 있어서~~","F","60대","300~500만원 미만","부산"
"53366146","20240508","만족하는 편이다","시간과 장소가 잘맞아 만족함","M","50대","500~700만원 미만","인천"
"53366170","20240508","보통이다","기본적인 여가활동 정도라 생각","M","40대","500~700만원 미만","경기"
"53366216","20240508","만족하는 편이다","시간 활용에 자유가 있다.","M","40대","300만원 미만","경기"
"53366259","20240508","만족하는 편이다","여가생활을 누리는데 불편함이 없음","M","30대","300~500만원 미만","서울"
"53366398","20240508","만족하는 편이다","여가시간 충분","M","40대","500~700만원 미만","광주"
"53366422","20240508","보통이다","경제적으로 여유가 없어서","F","50대","300~500만원 미만","충북"
"53367177","20240508","만족하는 편이다","하고 싶다고 생각했던 것은 다 했던 거 같아서","F","19~29세","300~500만원 미만","경남"
"53367382","20240508","만족하는 편이다","여가 시간을 보낼 수 있는 시간이 늘어나서","M","50대","300만원 미만","경기"
"53367692","20240508","불만족하는 편이다","시간과 돈이 충분하지 않음","F","30대","700만원 이상","인천"
"53367813","20240508","보통이다","거기서거기","F","50대","300~500만원 미만","경기"
"53367926","20240508","보통이다","큰 차이가 없음","F","19~29세","없음/모름/무응답","강원"
"53367953","20240508","보통이다","할게 없어서","M","30대","500~700만원 미만","서울"
"53368306","20240508","보통이다","시간과 비용측면에서 별로 달라진게 없어서","M","50대","700만원 이상","경기"
"53368401","20240508","만족하는 편이다","어떻게든 만족하며 살아야하니까","M","19~29세","300~500만원 미만","경북"
"53368677","20240508","보통이다","육아로 인해 여가생활이 충분히 만족스럽지않다","F","40대","500~700만원 미만","강원"
"53368745","20240508","만족하는 편이다","시강이 여유롭다","M","19~29세","300~500만원 미만","전남"
"53369024","20240508","보통이다","그냥 마음의 여유가 없어서","F","30대","500~700만원 미만","대전"
"53369171","20240508","보통이다","일반적인 시간활동","M","60대","700만원 이상","경기"
"53369531","20240508","보통이다","보통이다","F","40대","500~700만원 미만","강원"
"53369774","20240508","보통이다","마음만 있을 뿐 실행에 옮기는 것이 쉽지 않은 듯~ 그냥 아무것도 안하고 쉬고 싶다는 마음이 큼","M","50대","700만원 이상","강원"
"53369864","20240508","만족하는 편이다","여자친구와 시간","M","40대","700만원 이상","경남"
"53369980","20240508","보통이다","시간이 여유가있어서","F","60대","300만원 미만","서울"
"53370071","20240508","보통이다","특별한 이유 없음","M","50대","500~700만원 미만","서울"
"53370100","20240508","만족하는 편이다","적당한 시간에 ?당히 즐길수있었음","M","19~29세","300만원 미만","경기"
"53370309","20240508","만족하는 편이다","시간적 여유","F","30대","없음/모름/무응답","전남"
"53370333","20240508","보통이다","현재 거주하고 있는 청주시 내에 여가 및 취미활동을 즐길만한 인프라가 충분히 구축되어 있지 않음. 주로 타지역 (서울이나 수도권) 방문으로 여가 활동을 즐기고 있음.","F","30대","없음/모름/무응답","충북"
"53370360","20240508","보통이다","크게 부족하다고 느끼지는 않음","M","40대","300~500만원 미만","서울"
"53370432","20240508","매우 불만족한다","시간부족","M","30대","300만원 미만","경기"
"53370552","20240508","보통이다","시간.금전적여유가 부족해서","M","50대","300만원 미만","대구"
"53370972","20240508","보통이다","좋지도 나쁘지도 않고 그저그래서","M","30대","700만원 이상","서울"
"53371112","20240508","보통이다","그냥","F","50대","300~500만원 미만","전남"
"53371490","20240508","보통이다","보통임","M","19~29세","없음/모름/무응답","경북"
"53371547","20240508","보통이다","별다르게 달라진것이 없어서","M","50대","500~700만원 미만","강원"
"53371730","20240508","보통이다","특별하게 사용하는기구나 비용없는 여가생활","F","60대","300만원 미만","전북"
"53371820","20240508","만족하는 편이다","가족과 함께 시간을 보낼 수 있었기 때문에","M","50대","700만원 이상","강원"
"53371936","20240508","만족하는 편이다","하고자하는 시간에 여유있게 할수있어서 만족함","M","60대","없음/모름/무응답","광주"
"53372173","20240508","보통이다","특별하게 변한게 없음","M","60대","700만원 이상","대전"
"53372179","20240508","만족하는 편이다","시간장소와 경제적으로도 부담이 적어서","M","50대","700만원 이상","부산"
"53372426","20240508","보통이다","시간은여유로우나 경제적. 인프라가 부족함","F","30대","없음/모름/무응답","서울"
"53372562","20240508","보통이다","시간","M","40대","500~700만원 미만","인천"
"53372564","20240508","보통이다","생활의 변화가 없어서","F","50대","300~500만원 미만","경기"
"53372574","20240508","보통이다","시간이 부족해 불만족이지만 크게 개의치않음","M","19~29세","300만원 미만","대구"
"53373020","20240508","보통이다","휴식이필요해서","F","60대","없음/모름/무응답","서울"
"53373096","20240508","보통이다","할 수 있는 만큼 하고싶으나 더 하고싶다","F","30대","없음/모름/무응답","강원"
"53373514","20240508","보통이다","시간적으.로 경제적 으로 보통적으로 기능하기 때문에","M","60대","700만원 이상","강원"
"53373551","20240508","만족하는 편이다","하고싶은걸 하고있으니까","F","40대","700만원 이상","경기"
"53373857","20240508","만족하는 편이다","만족감","M","50대","300만원 미만","경기"
"53373908","20240508","만족하는 편이다","적당한 것 같다","F","19~29세","300~500만원 미만","경기"
"53374004","20240508","보통이다","그럭저럭 큰 기분을 느끼지 않고 평범 하였기 때문이다.","M","19~29세","없음/모름/무응답","경기"
"53374331","20240508","만족하는 편이다","코로나도 없어지고 시간적 여유가 충분했어서","F","30대","300만원 미만","인천"
"53374508","20240508","불만족하는 편이다","금전적여유","M","50대","300만원 미만","인천"
"53374916","20240508","만족하는 편이다","휴학한 대학생이 즐길 수 있는 여가생활은 대부분 한 것 같아서 만족하는 편이다.","F","19~29세","300~500만원 미만","경남"
"53375038","20240508","만족하는 편이다","근교에서아용갇ㄴㅇ","M","40대","300~500만원 미만","부산"
"53375048","20240508","만족하는 편이다","내 상황에서 할 수있는 범위를 했기 때문","F","60대","700만원 이상","인천"
"53375063","20240508","보통이다","시간이나 경제적인 상황문제로 하고싶은걸 못할때가 있어서","M","50대","500~700만원 미만","서울"
"53375163","20240508","보통이다","딱히 달라지지 않았다","M","19~29세","700만원 이상","세종"
"53375416","20240508","만족하는 편이다","내가 하고싶은 것을 할 수 있어서 좋다","F","30대","300만원 미만","충남"
"53375607","20240508","매우 불만족한다","시간이없고경제적인여유도없다","M","50대","300~500만원 미만","서울"
"53375716","20240508","보통이다","변화가 크게없다","M","40대","700만원 이상","경기"
"53375770","20240508","불만족하는 편이다","일하느라 여가시간이 부족 하고 정보가없어서 새로운것을 못함","M","40대","300~500만원 미만","충남"
"53375786","20240508","보통이다","시간이 없지만 불만족은 아님","F","60대","700만원 이상","경남"
"53375790","20240508","보통이다","시간이 부족한 편이라서","F","40대","300만원 미만","부산"
"53376036","20240508","보통이다","경제적으로 어려운 상황에서 만족할수 있는 상황은 아니지만 나름 대로 참여해서","F","50대","300~500만원 미만","전북"
"53376217","20240508","만족하는 편이다","어려움이 없음","M","30대","없음/모름/무응답","대구"
"53376218","20240508","불만족하는 편이다","중,고학생을 둔 부모로 자녀 스케쥴에 많이 맞춤","F","40대","300~500만원 미만","세종"
"53376451","20240508","보통이다","시간이 부족함","M","50대","700만원 이상","부산"
"53376505","20240508","만족하는 편이다","주변에 관련시설들이 충족되어있기 때문이다","M","60대","700만원 이상","경기"
"53376529","20240508","만족하는 편이다","작년 이맘때에 비해 여가시간이 크게 증가했기 때문.","F","19~29세","500~700만원 미만","광주"
"53376579","20240508","만족하는 편이다","주변 인프라","F","40대","없음/모름/무응답","강원"
"53376643","20240508","만족하는 편이다","자신의 형편에 맞는 삶과 시간관리","F","60대","300~500만원 미만","충북"
"53376735","20240508","보통이다","충주는 마땅히 여가를 즐길수있는곳이 없어서","F","50대","300~500만원 미만","충북"
"53377053","20240508","만족하는 편이다","여가를 즐기기 좋은 날씨와 환경","M","30대","500~700만원 미만","경기"
"53377116","20240508","만족하는 편이다","시간과 비용 구애받지 않아서","F","50대","300~500만원 미만","서울"
"53377363","20240508","보통이다","그냥 그럭저럭 쉬는느낌","M","40대","500~700만원 미만","서울"
"41927","20240515","보통이다","경제적 불확실성","M","19~29세","700만원 이상","제주"
"183519","20240515","보통이다","여유롭게 즐길 수 있는 시간이 적지만 일단은 하고 있으니까...","F","30대","없음/모름/무응답","서울"
"220015","20240515","불만족하는 편이다","시간부족 장소부족","M","60대","없음/모름/무응답","충북"
"260479","20240515","보통이다","시간 부족","F","60대","300만원 미만","서울"
"275115","20240515","보통이다","늘거나줄지도 않앗다","M","30대","300~500만원 미만","대전"
"323309","20240515","보통이다","작년과 별차이가 없어서","M","60대","300~500만원 미만","울산"
"360223","20240515","보통이다","그냥","M","50대","없음/모름/무응답","인천"
"381520","20240515","만족하는 편이다","마음의 여유가 생겨서","F","50대","300~500만원 미만","경북"
"382130","20240515","불만족하는 편이다","몸상태 좋지 않았음","M","50대","700만원 이상","경기"
"382152","20240515","만족하는 편이다","건강향상","M","60대","300~500만원 미만","울산"
"402134","20240515","만족하는 편이다","여해을 다녀와서","M","40대","500~700만원 미만","인천"
"402170","20240515","보통이다","하고 싶지만 할수 없는 환경이라 만족하지는 못하고 있어요","F","30대","500~700만원 미만","경남"
"421251","20240515","보통이다","그저하루하루가무미건조하다.","M","60대","300만원 미만","전북"
"422235","20240515","보통이다","물가오름, 대신 한번갈때 질적으로 괜찮게가려함","F","19~29세","없음/모름/무응답","강원"
"422816","20240515","보통이다","전년도와같이 취미생활 변화가 적어서","M","60대","300~500만원 미만","경기"
"425726","20240515","보통이다","직장생활을하면서 여가생활을 더많이 즐길수없다.","F","40대","없음/모름/무응답","제주"
"426198","20240515","만족하는 편이다","주변에 여가활동 할 수있는 시설이 있다","F","50대","300만원 미만","경기"
"429086","20240515","보통이다","집에 아이가 아직어려서 성인처럼 활동적으로 여가를 즐길수 있는게 아니다~","M","40대","500~700만원 미만","경기"
"429502","20240515","보통이다","모름","F","40대","없음/모름/무응답","서울"
"434561","20240515","보통이다","그냥 평범하다","F","50대","없음/모름/무응답","광주"
"446475","20240515","불만족하는 편이다","경재적으로 여유가 없어서","F","60대","없음/모름/무응답","강원"
"449293","20240515","만족하는 편이다","큰 욕심이 없다","M","50대","700만원 이상","서울"
"449641","20240515","보통이다","특별하게 변화가 없음","F","40대","없음/모름/무응답","전남"
"451630","20240515","보통이다","고물가로 경제사정이 좋지않다","M","60대","없음/모름/무응답","서울"
"454896","20240515","보통이다","똑같음","F","40대","없음/모름/무응답","제주"
"457091","20240515","불만족하는 편이다","자영업이라 시간이없음","M","50대","700만원 이상","대전"
"457956","20240515","만족하는 편이다","여가시간에 대비해서 질적인 부분에서 만족하기 때문이다","F","50대","700만원 이상","경기"
"458289","20240515","보통이다","비교적 금전적 부담이 없는 TV시청 위주로 했고 지인들과의 만남은 금전적 시간적 거리적으로 제한된 활동을 함","M","40대","300~500만원 미만","경기"
"458516","20240515","보통이다","그냥","M","60대","300~500만원 미만","서울"
"459614","20240515","불만족하는 편이다","경제적 여유","F","40대","500~700만원 미만","전북"
"466040","20240515","만족하는 편이다","스트레스가없어서","M","60대","300~500만원 미만","충북"
"467839","20240515","보통이다","직장에서 8시간 이상 출퇴근 2시간 이상. 시간적 여유가 부족합니다.","F","19~29세","300~500만원 미만","서울"
"468532","20240515","만족하는 편이다","나의형편으로는 만족한다","F","50대","700만원 이상","제주"
"469754","20240515","보통이다","시간이 없고 피곤해서","F","30대","500~700만원 미만","서울"
"470313","20240515","보통이다","피곤하다","F","40대","700만원 이상","서울"
"471994","20240515","매우 불만족한다","인프라부족","M","40대","300만원 미만","충남"
"53322489","20240515","보통이다","여건.시설이 없어서","M","40대","없음/모름/무응답","인천"
"53322595","20240515","만족하는 편이다","만족합니다","M","50대","700만원 이상","충남"
"53322673","20240515","만족하는 편이다","그런데로 여가생활을 누리고 있음","F","60대","700만원 이상","경남"
"53322733","20240515","보통이다","시간이 다소 부족해 여가시간을 내기가 좀 힘들었슴","F","50대","300~500만원 미만","대전"
"53322894","20240515","보통이다","여유가 있으면 더 쉬고 싶다","M","40대","없음/모름/무응답","부산"
"53322920","20240515","만족하는 편이다","힐링 및 건강유지","M","60대","500~700만원 미만","경북"
"53322930","20240515","보통이다","특별하고 재미나는여가가 없어서","F","60대","700만원 이상","서울"
"53322966","20240515","보통이다","시간이나 경비등이 제사정에 정절하기때문에","F","60대","300~500만원 미만","강원"
"53323081","20240515","만족하는 편이다","시간","M","30대","300만원 미만","경북"
"53323152","20240515","만족하는 편이다","내가 원하는 여가 생활을 하고 싶은 만큼 했기 때문이다","M","19~29세","500~700만원 미만","경북"
"53323535","20240515","불만족하는 편이다","업무시간 외에 여가시간에 쏟을 수 있는 시간이 너무나 부족함","M","30대","300~500만원 미만","대구"
"53323604","20240515","보통이다","비용 문제","M","50대","700만원 이상","경북"
"53323641","20240515","불만족하는 편이다","불편하게 느꼈습니다","M","19~29세","300~500만원 미만","광주"
"53323738","20240515","만족하는 편이다","편하고 좋은 기억이 많기 때문에","F","40대","300~500만원 미만","세종"
"53323783","20240515","보통이다","대전 근교에 뭐가 없어요","M","40대","300만원 미만","대전"
"53323904","20240515","만족하는 편이다","경제적이나 시간의여유","M","60대","500~700만원 미만","서울"
"53324087","20240515","보통이다","일상에 변화가 없었습니다.","F","50대","300~500만원 미만","광주"
"53324111","20240515","만족하는 편이다","여가시간이 많은 편은 아니었지만 시간이 날때마다 내가 하고싶은 활동을 하며 지냈기때문에 만족스러웠다","F","40대","700만원 이상","경북"
"53324145","20240515","매우 불만족한다","개인적인 일들로 충분한 휴식을 취하지 못해서.","F","30대","500~700만원 미만","경기"
"53324837","20240515","만족하는 편이다","경제적인 측면이 나아졌음","M","40대","700만원 이상","경기"
"53324872","20240515","보통이다","늘상 하던 루틴이다보니 크게 만족감이 들진 않고 무덤덤한 느낌이 듬","M","40대","700만원 이상","전북"
"53324902","20240515","만족하는 편이다","원하는 여가생활을 최소 1개 이상 즐기고 이ㅛ기 때문","M","19~29세","300만원 미만","서울"
"53324905","20240515","만족하는 편이다","ㅎ","F","19~29세","300~500만원 미만","경기"
"53324965","20240515","보통이다","보통","M","40대","300~500만원 미만","서울"
"53325049","20240515","불만족하는 편이다","시간적여유가없다","F","40대","300~500만원 미만","경북"
"53325147","20240515","만족하는 편이다","나름 만족합니다","F","50대","500~700만원 미만","대전"
"53325352","20240515","만족하는 편이다","내가 원하는 시간, 장소 접근의 용이성 때문","F","60대","700만원 이상","강원"
"53325373","20240515","보통이다","시간이 여유 있어서","M","60대","없음/모름/무응답","강원"
"53325851","20240515","보통이다","별타른이유없음","M","40대","500~700만원 미만","서울"
"53326008","20240515","매우 불만족한다","주변에 시설이 없다","M","60대","없음/모름/무응답","충남"
"53326146","20240515","만족하는 편이다","가족들과 함께 하는 여가생활","M","60대","700만원 이상","부산"
"53326184","20240515","만족하는 편이다","경제적 시간적으로 구애받지 않는다","F","50대","700만원 이상","충북"
"53326244","20240515","보통이다","직장생활을 하고 있으면서 시간적인여유가 없으므로또한 나이도 있으니 많이할수없기때문이다","F","60대","700만원 이상","경북"
"53326313","20240515","불만족하는 편이다","금전적으로","M","50대","300~500만원 미만","울산"
"53326358","20240515","보통이다","그냥 해오던 것이다","M","60대","500~700만원 미만","서울"
"53326522","20240515","보통이다","시간적으로 여유있게 즐기지 못해서","F","60대","700만원 이상","경기"
"53326600","20240515","보통이다","일하는시간이길어져서여가활동시간이적어졌다","F","40대","700만원 이상","인천"
"53326742","20240515","불만족하는 편이다","물가가 오르고 여유가 없다","F","40대","300만원 미만","경기"
"53326942","20240515","보통이다","항상 똑같은 생활이라","M","60대","300만원 미만","광주"
"53327001","20240515","보통이다","마음의 여유가 없다.","F","40대","300~500만원 미만","세종"
"53327291","20240515","보통이다","경제적 여유가 있으나와 시간이 부족하여 여가활동 하기에 어려움이 있다","M","40대","300~500만원 미만","경기"
"53327670","20240515","만족하는 편이다","좋음","F","19~29세","없음/모름/무응답","경기"
"53327863","20240515","만족하는 편이다","선택 옵션이 많아서","M","19~29세","500~700만원 미만","서울"
"53327869","20240515","보통이다","여유있게 여가생활이 잘 안되서~","F","60대","없음/모름/무응답","서울"
"53327925","20240515","보통이다","그냥 평소랑 같았는데..","M","19~29세","300만원 미만","충남"
"53328166","20240515","만족하는 편이다","여행을 많이 가고 시간적 여유가 있다고 느껴서","F","19~29세","없음/모름/무응답","서울"
"53328259","20240515","보통이다","경제적이유","F","60대","300만원 미만","강원"
"53328533","20240515","보통이다","건강이 만족하기에 좀 부족했다.","F","60대","300만원 미만","경기"
"53328692","20240515","보통이다","나에맞는 여가활동장소를 ?기가 쉽지않다 그런데로 지금?은곳이 최선이라 적응하며 운동하고있다","F","60대","없음/모름/무응답","서울"
"53328811","20240515","만족하는 편이다","하고 싶을때 제한받지 않고 할 수 있었다","M","50대","300~500만원 미만","경남"
"53328841","20240515","만족하는 편이다","시간이 여유가 있어서 자유롭게 여가생활을 할수 있어서","M","50대","300~500만원 미만","경남"
"53328867","20240515","보통이다","과거와 비슷해서","M","40대","500~700만원 미만","경기"
"53328909","20240515","보통이다","시간.경제적 어려움이 있어서","M","50대","300~500만원 미만","충북"
"53328914","20240515","만족하는 편이다","배우고자 하는 강의나 재료등을 쉽게 구할 수있고 큰 지출없이 이용할수 있어요","F","50대","300만원 미만","대구"
"53329137","20240515","보통이다","시간적인 여유도 경제적인 여유도 만족하지 못하고 있어요","F","60대","300~500만원 미만","경기"
"53329300","20240515","보통이다","없습니다","M","19~29세","없음/모름/무응답","서울"
"53329438","20240515","만족하는 편이다","여건","F","60대","500~700만원 미만","경기"
"53329595","20240515","만족하는 편이다","하고싶을때 할 수 있음","F","19~29세","300만원 미만","광주"
"53329669","20240515","만족하는 편이다","개인 시간이 여유롭다","M","19~29세","700만원 이상","서울"
"53329762","20240515","만족하는 편이다","체력이 유지되고 있으며 정신적 만족감을 느끼고 있기에","M","60대","700만원 이상","경기"
"53329809","20240515","보통이다","모든것이 비슷한 상황이다","F","30대","700만원 이상","경기"
"53329973","20240515","보통이다","매일매일 반복적인생활임","M","60대","700만원 이상","경기"
"53329985","20240515","만족하는 편이다","즐거우니까","F","19~29세","300만원 미만","인천"
"53330057","20240515","만족하는 편이다","직접하기 때문에 크게 구애받지 않아서라고 봅니다","F","60대","300만원 미만","경기"
"53330162","20240515","불만족하는 편이다","물가 많이 올라 비용 부담","F","40대","500~700만원 미만","경남"
"53330200","20240515","보통이다","주변 여건이 잘 갖추어지지 않았다.","M","30대","300~500만원 미만","강원"
"53330244","20240515","보통이다","경제적으로 나아진것이 없어서...","M","50대","300만원 미만","서울"
"53330618","20240515","보통이다","별다름게 없었음","F","30대","300~500만원 미만","경기"
"53330667","20240515","보통이다","변화없는 상황","M","40대","없음/모름/무응답","전남"
"53330901","20240515","보통이다","별이유없음","M","40대","없음/모름/무응답","서울"
"53331045","20240515","불만족하는 편이다","금전적 부족","M","30대","500~700만원 미만","서울"
"53331073","20240515","보통이다","평소와 다를것없다","M","30대","500~700만원 미만","서울"
"53331146","20240515","보통이다","시간적 시설적 경제적으로 충분하지 못해서","F","50대","700만원 이상","제주"
"53331338","20240515","보통이다","특별하다고 느낀것이 없음","M","50대","700만원 이상","제주"
"53331395","20240515","만족하는 편이다","원하는 종목과 접근성이 용이하여 여가생활이 쉽다","F","60대","500~700만원 미만","경남"
"53331420","20240515","보통이다","그냥 보통이다.","M","19~29세","없음/모름/무응답","경기"
"53331501","20240515","보통이다","변화가 별로 없음","M","40대","300~500만원 미만","경남"
"53331549","20240515","보통이다","시간이부족한편이라 보통이다.","M","40대","500~700만원 미만","인천"
"53331761","20240515","매우 만족한다","여행 등 계획한대로 진행되어","M","50대","500~700만원 미만","경북"
"53332100","20240515","보통이다","소득감소","M","60대","300만원 미만","서울"
"53332179","20240515","보통이다","농구","M","40대","없음/모름/무응답","제주"
"53332197","20240515","보통이다","여가생활에도 돈이 많이 든다","F","40대","300~500만원 미만","경기"
"53332232","20240515","만족하는 편이다","TV시청하고 운동 하고 혼자만의 시간을 자주가지고있으니 만족하는편이다","F","40대","700만원 이상","경기"
"53332261","20240515","만족하는 편이다","전반적인 생활이 여유있어 원하는걸할 수 있음","F","40대","500~700만원 미만","강원"
"53332296","20240515","불만족하는 편이다","자금적으로 힘들어요","F","19~29세","없음/모름/무응답","전북"
"53332324","20240515","만족하는 편이다","충분한 횟수","F","60대","300~500만원 미만","세종"
"53332389","20240515","보통이다","경제적 여유가 부족","M","60대","300~500만원 미만","서울"
"53332419","20240515","만족하는 편이다","여러가지 환경이 괜찮다","M","50대","700만원 이상","강원"
"53332590","20240515","불만족하는 편이다","자금의 여력이 없어서","M","50대","300~500만원 미만","경남"
"53332638","20240515","보통이다","작년대비 항상 비슷하다","F","40대","700만원 이상","경기"
"53332669","20240515","보통이다","시간이 별로 없어서","M","50대","500~700만원 미만","대전"
"53332779","20240515","보통이다","여유가 ?다","M","50대","700만원 이상","울산"
"53332832","20240515","보통이다","변화한점이 없음","M","40대","700만원 이상","대전"
"53332862","20240515","만족하는 편이다","스트레스 해소에 도윰","F","40대","500~700만원 미만","서울"
"53332934","20240515","보통이다","더 많은 시간을 할애하지 못해서","M","19~29세","없음/모름/무응답","경남"
"53332971","20240515","보통이다","시간적 여유가 많지 않음에도 틈틈히 하려고 노력","F","40대","700만원 이상","전북"
"53333059","20240515","보통이다","평상시와 비슷","M","50대","500~700만원 미만","서울"
"53333110","20240515","보통이다","더많은 시간을 할애하기 어렵다","M","30대","300만원 미만","서울"
"53333150","20240515","보통이다","시간적 여유가 없어 여가 시간이 없는편이였다","M","40대","300~500만원 미만","전남"
"53333386","20240515","보통이다","시설이 별로이다","F","60대","500~700만원 미만","전남"
"53333480","20240515","보통이다","스트레스 없는 정도로만 한다","F","40대","500~700만원 미만","강원"
"53333689","20240515","보통이다","삶의 시간 순","M","40대","없음/모름/무응답","강원"
"53333943","20240515","보통이다","그냥","M","19~29세","없음/모름/무응답","경남"
"53334042","20240515","보통이다","걷기 산책시 편의시설 부족","F","60대","없음/모름/무응답","충남"
"53334470","20240515","보통이다","비용이 비싸다","F","40대","300만원 미만","경남"
"53334484","20240515","만족하는 편이다","나름자주했다","F","19~29세","없음/모름/무응답","대구"
"53334516","20240515","만족하는 편이다","동호회 멤버들와 잘 어울리고 함께 식사와 유흥을 같이할수 있어서","M","60대","500~700만원 미만","인천"
"53334524","20240515","만족하는 편이다","주변에 할수 있는 여가활동이 다양해졌다","M","40대","500~700만원 미만","울산"
"53334614","20240515","만족하는 편이다","여가생활을 할수 있는 장소 시설이 잘 되어 있음","F","30대","500~700만원 미만","경북"
"53334788","20240515","보통이다","삶의질이비슷함","F","30대","300~500만원 미만","대전"
"53334823","20240515","만족하는 편이다","집 근처에서 할수있어요","M","60대","300~500만원 미만","경남"
"53335369","20240515","매우 불만족한다","프로젝트로 바쁨","F","19~29세","없음/모름/무응답","경남"
"53335389","20240515","만족하는 편이다","현재에 만족","M","60대","700만원 이상","서울"
"53335467","20240515","매우 불만족한다","즐길수 있는 컨텐츠가 주변에 없음","F","30대","300~500만원 미만","전북"
"53335878","20240515","보통이다","별달리 달라진게없어서","F","50대","700만원 이상","강원"
"53335891","20240515","만족하는 편이다","서비스가 많이좋아졌다","M","60대","500~700만원 미만","경북"
"53335928","20240515","보통이다","''특이 한것이없음","M","60대","300만원 미만","경북"
"53335946","20240515","보통이다","보통입니다","M","40대","300~500만원 미만","서울"
"53336012","20240515","불만족하는 편이다","경제적 울리적 여유 부족","F","50대","700만원 이상","서울"
"53336395","20240515","만족하는 편이다","시간도 충분했고 쉬는날마다 여가즐김","F","60대","300~500만원 미만","전북"
"53336448","20240515","보통이다","특별히 많은시간을 할당하지않음","M","60대","500~700만원 미만","부산"
"53336479","20240515","만족하는 편이다","하고 싶은 활동을 마음대로 할 수 있다.","F","60대","300~500만원 미만","대전"
"53336497","20240515","불만족하는 편이다","시간부족","M","40대","300~500만원 미만","서울"
"53336575","20240515","불만족하는 편이다","시간ㆍ경제적 여유ㆍ마음에 안정이 없다","F","60대","500~700만원 미만","인천"
"53336728","20240515","보통이다","딱히 생각이없었다","M","40대","300~500만원 미만","서울"
"53336815","20240515","보통이다","비슷하니까","M","50대","700만원 이상","인천"
"53336827","20240515","보통이다","돈","M","50대","500~700만원 미만","경기"
"53336954","20240515","만족하는 편이다","여가시간에 즐겁다","F","40대","300만원 미만","부산"
"53337018","20240515","만족하는 편이다","환경에 맞춰 최적의 활동","M","50대","300~500만원 미만","경기"
"53337063","20240515","만족하는 편이다","집에서 쉬고 있으면서 시간도 충분하고 하고싶은 취미활동도 어느정도 하고 있어서 만족한다","F","40대","300~500만원 미만","경북"
"53337243","20240515","만족하는 편이다","나쁘지않음","M","30대","300만원 미만","경기"
"53337320","20240515","보통이다","지금하고있는 여가활동에 만족하고있다","M","60대","500~700만원 미만","세종"
"53337328","20240515","보통이다","흥미가 줄어듬","M","50대","500~700만원 미만","광주"
"53337423","20240515","만족하는 편이다","이 정도 여유시간 갖는것만으로도 충분히 만족한다고 생각","F","30대","700만원 이상","인천"
"53337587","20240515","보통이다","별로 변동사항이 없기 때문","M","60대","700만원 이상","서울"
"53337615","20240515","만족하는 편이다","하고싶은것을 할수있어서~~~","F","60대","300~500만원 미만","서울"
"53337750","20240515","만족하는 편이다","별다른 제제없이 원하는 것은 다 할 수 있다.","F","60대","300만원 미만","경기"
"53337804","20240515","불만족하는 편이다","정보도 부족하고 경제적 여력부족","M","30대","500~700만원 미만","인천"
"53337917","20240515","보통이다","과거에 비해 나은것도 부족한 점도 없는거 같아서","M","50대","300~500만원 미만","경기"
"53338008","20240515","만족하는 편이다","좋은사람들과 함께 어울리며 좋은 경치와 맛있는 음식을 먹는것이 즐겁다","F","50대","700만원 이상","서울"
"53338009","20240515","보통이다","크게 변동사항없음","M","50대","없음/모름/무응답","서울"
"53338015","20240515","보통이다","사간이 부족해서","M","50대","없음/모름/무응답","전북"
"53338020","20240515","만족하는 편이다","부족함없이 즐겼다","F","50대","700만원 이상","경기"
"53338023","20240515","보통이다","평범하다","F","50대","500~700만원 미만","부산"
"53338224","20240515","보통이다","이동거리가 쉽지않은곳이 많아요","F","60대","500~700만원 미만","서울"
"53338274","20240515","보통이다","더 놀러가고 싶은데 돈과 시간이 없어서 그렇지 못함","F","19~29세","500~700만원 미만","강원"
"53338293","20240515","만족하는 편이다","내가 하고싶은것을 하고있다","F","60대","300~500만원 미만","경기"
"53338650","20240515","만족하는 편이다","지방 여행이 잦아서 체험 기회가 많았음","M","50대","없음/모름/무응답","서울"
"53338704","20240515","만족하는 편이다","별다를 불편함이 없어서","F","40대","300만원 미만","경남"
"53338736","20240515","매우 만족한다","시간도 돈도 충분히 여유롭다 생각돼서 즐겼음","M","30대","300~500만원 미만","인천"
"53338996","20240515","보통이다","시간적 여유가 없어서","M","60대","700만원 이상","경기"
"53339223","20240515","만족하는 편이다","시간적여유가 충분해서","F","19~29세","없음/모름/무응답","서울"
"53339253","20240515","보통이다","시간과 금전적 여유가 부족함","F","30대","500~700만원 미만","경기"
"53339265","20240515","보통이다","주변 환경이 만족도에 영향을 미칠 수 있습니다. 가족 친구 장소 등이 여가생활 만족도에 영향을 미칠 수 있습니다.","M","19~29세","300만원 미만","대구"
"53339411","20240515","보통이다","여가를 즐길 시간이 충분하지 않음","F","50대","700만원 이상","경기"
"53339481","20240515","보통이다","돈이 많이 든다","M","19~29세","300~500만원 미만","인천"
"53339547","20240515","보통이다","할수있는만큼 하기때문","F","60대","300만원 미만","경기"
"53339683","20240515","보통이다","물가가 너무 비싸졌음.","M","30대","700만원 이상","전남"
"53339687","20240515","보통이다","장마기간으로 활동 제약","M","40대","700만원 이상","서울"
"53339721","20240515","만족하는 편이다","불편한점이 없음","F","30대","700만원 이상","세종"
"53339869","20240515","매우 만족한다","충분한시간과 좋은 몸상태및 경제적여유","M","40대","500~700만원 미만","광주"
"53340187","20240515","매우 만족한다","다양한 활동","F","50대","700만원 이상","서울"
"53340657","20240515","만족하는 편이다","경제적 부담 없는 활동과 타인에 구애받지 않고 자유롭다","F","60대","300~500만원 미만","서울"
"53340755","20240515","보통이다","평소와 다를게 없음.","M","50대","300~500만원 미만","경기"
"53340763","20240515","불만족하는 편이다","경제적인요소와 시간적인 여유가 많지 않다","F","40대","300만원 미만","충남"
"53340765","20240515","매우 불만족한다","시간적 여유가 없고 돈이 없어요ㅜㅜ","F","40대","500~700만원 미만","충남"
"53340780","20240515","보통이다","평상시와 별차이가 없어서","M","30대","500~700만원 미만","서울"
"53340895","20240515","만족하는 편이다","부서 이동으로 시간여유가 많아졌다","M","40대","300~500만원 미만","부산"
"53341022","20240515","보통이다","작년과 비교해서 달라진 점이 거의 없다","M","30대","300만원 미만","부산"
"53341097","20240515","만족하는 편이다","특별히 불만족 하는 부분이 없기 때문","M","50대","500~700만원 미만","경북"
"53341168","20240515","보통이다","시간이 부족했음","F","19~29세","700만원 이상","서울"
"53341440","20240515","보통이다","특별할것이 없는 일상이 반복된다","F","50대","700만원 이상","충남"
"53341461","20240515","만족하는 편이다","작년보다 증가해서","F","30대","500~700만원 미만","세종"
"53341483","20240515","만족하는 편이다","독일","M","19~29세","700만원 이상","인천"
"53341520","20240515","보통이다","만족도 불만족도 없이 평범한 생활","M","60대","700만원 이상","서울"
"53341628","20240515","보통이다","뭘해도 재미가 없는거 같다.","F","30대","없음/모름/무응답","대구"
"53341677","20240515","만족하는 편이다","주변에 즐길 컨텐츠가 있고 충분히 그것을 즐길 시간이 되서","F","30대","300만원 미만","강원"
"53341726","20240515","보통이다","경제적 시간적 여유 없음","M","50대","없음/모름/무응답","인천"
"53341770","20240515","보통이다","거리가 멀어서","M","60대","300만원 미만","충북"
"53341804","20240515","보통이다","속초 여행 따뜻한 물에서의 수영 그러나 시어머니 시누이가 몸이 안좋아서 남편과의 여가활동이 줄었다","F","50대","300만원 미만","인천"
"53341861","20240515","매우 불만족한다","여가생활 할 시간이없다","M","30대","700만원 이상","충북"
"53342027","20240515","보통이다","다른 특이사항이 없어서.","M","60대","300~500만원 미만","서울"
"53342165","20240515","보통이다","경비 부족으로 인함","M","60대","300만원 미만","경남"
"53342511","20240515","만족하는 편이다","시간적 여유 증가","M","60대","300만원 미만","경기"
"53342580","20240515","보통이다","시간도 없고 돈도 없고 건강도 안좋고","M","19~29세","300~500만원 미만","광주"
"53342698","20240515","보통이다","특별한 사항이 없음","M","30대","300~500만원 미만","전남"
"53342773","20240515","보통이다","달라진게 없어서","M","30대","300~500만원 미만","서울"
"53343176","20240515","보통이다","공간이충분하지않음","F","60대","700만원 이상","경기"
"53343226","20240515","만족하는 편이다","만족 하니까","M","60대","300만원 미만","경북"
"53343242","20240515","만족하는 편이다","적당한 인프라","M","40대","700만원 이상","경남"
"53343258","20240515","보통이다","일상생활의 활동에서 최대한 이용하려고 하기때문","F","60대","300~500만원 미만","경북"
"53343440","20240515","보통이다","특별한 여가 활동이 없어서","M","60대","300만원 미만","전남"
"53343475","20240515","만족하는 편이다","시간적 여유와 경제적 부담이 적음","M","60대","500~700만원 미만","강원"
"53343807","20240515","만족하는 편이다","일도 하면서 쉴수도 있고 배우고싶은것도 배우면서 지낼수 있어 전반적으로 만족한다.","F","40대","300만원 미만","경북"
"53344078","20240515","만족하는 편이다","스트레스 해소에 도움","M","30대","300만원 미만","대구"
"53344144","20240515","보통이다","동일해서","M","60대","300만원 미만","부산"
"53344203","20240515","만족하는 편이다","회사를 그만두고 시간적인 여유가 있어서 그동안 못했던 여행도 다녀오고 가족이나 친구들도 만날수있었기에..","F","40대","300~500만원 미만","경기"
"53344230","20240515","매우 만족한다","남편과 여행다니면서 맛집 탐방하는게 너무 힐링된다","F","50대","300~500만원 미만","울산"
"53344236","20240515","보통이다","ㅅ","F","40대","500~700만원 미만","전남"
"53344245","20240515","보통이다","만족할 만한 경제적 여유가 없어서","M","60대","없음/모름/무응답","광주"
"53344307","20240515","매우 불만족한다","물가가 올라서 전반적으로 횟수가 감소했다","F","40대","500~700만원 미만","충남"
"53344409","20240515","만족하는 편이다","시간 날때 편하게 할 수 있음","M","50대","700만원 이상","서울"
"53344440","20240515","보통이다","주변에 시설과 환경이 좀ㅇ시흡합니다","F","60대","300~500만원 미만","경기"
"53344474","20240515","불만족하는 편이다","외부활동을 못해서 불만족스럽다","F","40대","300~500만원 미만","경기"
"53344547","20240515","보통이다","시간이부족","F","60대","500~700만원 미만","광주"
"53344769","20240515","만족하는 편이다","장애인이라할인혜택을받고있어서 저렴한비용으로누릴수있기때문에","F","30대","300~500만원 미만","경기"
"53344822","20240515","보통이다","일상변화가없음","F","60대","300만원 미만","경북"
"53345383","20240515","보통이다","실제로 보통이다","M","19~29세","없음/모름/무응답","서울"
"53345395","20240515","만족하는 편이다","내가 해보고싶은 것을 다 할 수 있었다","F","40대","300만원 미만","경남"
"53345579","20240515","만족하는 편이다","경제적 시간적 충분해서","M","60대","300~500만원 미만","경기"
"53345647","20240515","만족하는 편이다","코로나로 인해 외출이며 모든활동이 막혀있다가 지금은 너무 자유롭고 소중하게 하고픈걸하고있어 너무행복해요","F","50대","700만원 이상","서울"
"53345752","20240515","보통이다","달라진게없음","M","19~29세","없음/모름/무응답","서울"
"53345827","20240515","만족하는 편이다","친구를 만나서 안부도 묻고 웃고 떠들다보면 스트레스도 풀고 운동하면서 체력도 단련하고","F","50대","300~500만원 미만","부산"
"53346093","20240515","보통이다","즉흥적으로 가서","M","40대","500~700만원 미만","제주"
"53346181","20240515","보통이다","피곤함","F","40대","없음/모름/무응답","부산"
"53346245","20240515","보통이다","특별한거 없는 평소와 같아서","M","50대","700만원 이상","서울"
"53346279","20240515","보통이다","시간부족","F","50대","700만원 이상","경북"
"53346477","20240515","보통이다","항상 같은시간 같은하루라 보통이다라고 체크","F","40대","300~500만원 미만","경남"
"53346643","20240515","불만족하는 편이다","경제적으로 부족해서..","F","40대","없음/모름/무응답","전남"
"53346646","20240515","보통이다","비슷해서 그렇습니다","M","40대","500~700만원 미만","대구"
"53346724","20240515","보통이다","변동사항이 없어서","M","40대","300~500만원 미만","부산"
"53346768","20240515","보통이다","가족들과 외식 서울여행","F","60대","500~700만원 미만","경기"
"53346886","20240515","만족하는 편이다","친구들만나 맛집가고 차마시고 수다떨면 행복해집니다","F","60대","500~700만원 미만","울산"
"53346951","20240515","보통이다","딱히 좋지도 나쁘지도 않다","M","30대","700만원 이상","서울"
"53346960","20240515","만족하는 편이다","환경과 시간과 여건이 크게 제약받지 않으므로","F","60대","300~500만원 미만","인천"
"53347067","20240515","만족하는 편이다","같이 하는 사람들이 마음이 서로 통하기 때문","F","60대","500~700만원 미만","전북"
"53347085","20240515","만족하는 편이다","주위에 공원과 산책로가 잘 형성되어 있고 이동에 편리하게 교통도 잘 이뤄져있음","M","60대","700만원 이상","울산"
"53347234","20240515","만족하는 편이다","네","M","30대","500~700만원 미만","경기"
"53347325","20240515","만족하는 편이다","스포츠 경기 관람 만족","F","19~29세","700만원 이상","경북"
"53347428","20240515","만족하는 편이다","더운 여름을 보내고, 온화한 날씨속에 즐거운 캠핑을 다녀올 수 있었다. 부족하지 않은 경제력과 건강과 시간이 주어짐에 만족스러운 여행이었다.","F","60대","300~500만원 미만","경북"
"53347464","20240515","만족하는 편이다","하고 싶은 걸 충분히 함.","F","50대","700만원 이상","서울"
"53347517","20240515","불만족하는 편이다","여가를 보낼 시간이 부족하다","F","30대","500~700만원 미만","서울"
"53347540","20240515","매우 불만족한다","집에서 보내는 시간이 많아짐","F","50대","없음/모름/무응답","서울"
"53347664","20240515","만족하는 편이다","시간과 여유가 생겨서","M","60대","700만원 이상","부산"
"53347665","20240515","만족하는 편이다","여가생활 가능한 시설의 접근성 교통성 비용등이 비교적 괜찮은 편임","M","40대","300만원 미만","서울"
"53347760","20240515","보통이다","여가를 보낼수 있는 시간이 없다","F","50대","300~500만원 미만","경남"
"53347880","20240515","보통이다","그냥","F","19~29세","없음/모름/무응답","경남"
"53348108","20240515","보통이다","물가대비 만족도는 그대로이기 때문에","M","40대","700만원 이상","울산"
"53348153","20240515","만족하는 편이다","시간적여유(1인가구)가있고 그런대로 건강하고 부지런히만 챙기면 많은여가활동을할있는 현실이기때문","F","60대","300만원 미만","부산"
"53348197","20240515","만족하는 편이다","은퇴후 시간적인 여유로 다양한 여가생활 가능","M","50대","300만원 미만","서울"
"53348508","20240515","만족하는 편이다","주위에 활동반경이 가까이 에 있어서~~","F","60대","300~500만원 미만","인천"
"53348557","20240515","보통이다","아쉬운 점도 적지만 만족스러운 점도 적다.","M","19~29세","300만원 미만","인천"
"53348730","20240515","만족하는 편이다","스스로 만족합니다","F","60대","700만원 이상","충남"
"53348919","20240515","보통이다","시간제한 등으로 원하는 것을 못하는 정도","M","60대","700만원 이상","서울"
"53348946","20240515","불만족하는 편이다","시간 및 비용 부족","M","40대","500~700만원 미만","경기"
"53349348","20240515","보통이다","여가를 가졌으므로","F","50대","700만원 이상","서울"
"53349464","20240515","만족하는 편이다","편해서","M","40대","300~500만원 미만","경기"
"53349478","20240515","보통이다","시간과 비용면에서 내가 운용할수 시간이 적절해서","M","60대","500~700만원 미만","서울"
"53349582","20240515","보통이다","전 년도와비슷함","M","60대","300~500만원 미만","경기"
"53349660","20240515","만족하는 편이다","시간과 여유가 있음","F","40대","700만원 이상","경기"
"53349668","20240515","보통이다","늘 하던대로 하니까","M","60대","없음/모름/무응답","서울"
"53349768","20240515","불만족하는 편이다","여가활동을 할수있는 시간적인 여유가부족해서","M","30대","없음/모름/무응답","경기"
"53349819","20240515","보통이다","국내 정치 물가 등등","M","40대","300~500만원 미만","경기"
"53350311","20240515","보통이다","노인일자리 그만두고 집에있는 시간이많다보니 딱히 여가라 말하기 그럽습니다","F","60대","300~500만원 미만","인천"
"53350425","20240515","보통이다","시간 때우기 용이어서","F","19~29세","300~500만원 미만","경기"
"53350580","20240515","보통이다","전과 동일함","F","30대","500~700만원 미만","서울"
"53350645","20240515","보통이다","특별히 불만이 없어서","F","50대","700만원 이상","강원"
"53351412","20240515","불만족하는 편이다","경제적인 여유가 없어서","F","50대","300~500만원 미만","경기"
"53351537","20240515","만족하는 편이다","경제적변에서 만족","M","60대","500~700만원 미만","경북"
"53351550","20240515","보통이다","시간부족으로 제대로 수강하지 못해서","F","60대","300~500만원 미만","서울"
"53351698","20240515","보통이다","이전과 큰 차이가 없어서","F","60대","500~700만원 미만","경기"
"53351893","20240515","보통이다","그냥 평균적","M","40대","700만원 이상","울산"
"53351939","20240515","만족하는 편이다","가족과 함께해서","F","40대","없음/모름/무응답","경기"
"53351957","20240515","보통이다","항상 해오던 수준에서 하고 있어서","M","50대","500~700만원 미만","충남"
"53352084","20240515","보통이다","항시똑같은 패턴이니까","M","60대","300만원 미만","전남"
"53352129","20240515","매우 불만족한다","시간이없어서..","M","30대","300만원 미만","대전"
"53352324","20240515","만족하는 편이다","가까운 거리위주로 다녀서 큰돈들이지 않고 다님","F","50대","500~700만원 미만","전북"
"53352517","20240515","만족하는 편이다","딱 적당하게 이용중","M","30대","300만원 미만","대전"
"53352629","20240515","불만족하는 편이다","시간부족","M","30대","500~700만원 미만","경기"
"53352655","20240515","만족하는 편이다","계획했던 대로 했기에","M","50대","300~500만원 미만","강원"
"53352658","20240515","보통이다","항상 늘 똑같다..","M","50대","없음/모름/무응답","서울"
"53352806","20240515","보통이다","여유롭지가 못하다","M","30대","없음/모름/무응답","울산"
"53352866","20240515","만족하는 편이다","쉬는날이 별로 없었어서 만족하는편임","F","30대","300만원 미만","전남"
"53353058","20240515","보통이다","tv 시청외에 특별히 할일도 없고 의욕도 없음","M","50대","500~700만원 미만","전북"
"53353102","20240515","불만족하는 편이다","출산","M","40대","500~700만원 미만","경기"
"53353164","20240515","보통이다","만족감이 보통이어서","M","40대","없음/모름/무응답","경북"
"53353531","20240515","만족하는 편이다","이정도면 나쁘지않게 즐기고있는것같다.","F","19~29세","없음/모름/무응답","서울"
"53353592","20240515","만족하는 편이다","하고 싶은걸 충분히 하고 있어서","F","30대","300~500만원 미만","경기"
"53353792","20240515","불만족하는 편이다","여가생활 부족","M","40대","300~500만원 미만","대전"
"53353821","20240515","보통이다","평상시랑 똑같아서","F","50대","700만원 이상","전북"
"53353865","20240515","만족하는 편이다","시간이 여유로워 만족합니다","F","50대","300~500만원 미만","부산"
"53353867","20240515","보통이다","시간적 금전적 마음의 여유가 없어서","M","50대","없음/모름/무응답","광주"
"53353951","20240515","불만족하는 편이다","금전적으로힘들다","M","40대","없음/모름/무응답","전북"
"53353986","20240515","만족하는 편이다","여가를 줄기기 위한 시간적 경제적 공간적 여유가 가능하다","F","50대","700만원 이상","서울"
"53354024","20240515","보통이다","딱히...","F","19~29세","없음/모름/무응답","제주"
"53354104","20240515","보통이다","하고 싶은 것은 많으나 비용이 너무 많이 들어 하지 못하는 활동이 너무 많다.","M","30대","300~500만원 미만","경북"
"53354107","20240515","불만족하는 편이다","시간 금전 부족","M","30대","300만원 미만","서울"
"53354179","20240515","보통이다","시간을 마음대로 정할수 없다","M","60대","500~700만원 미만","제주"
"53354213","20240515","보통이다","지난년도와 비슷해서","M","50대","700만원 이상","서울"
"53354238","20240515","만족하는 편이다","여유롭게 하고싶은걸할수있어서","F","40대","500~700만원 미만","경기"
"53354298","20240515","보통이다","일하고 싶지만 일자리가없음 쉬면서도 불편함","F","40대","500~700만원 미만","서울"
"53354355","20240515","보통이다","투잡으로 인해 시간적여유가 부족하다","F","50대","700만원 이상","경기"
"53354365","20240515","만족하는 편이다","여유있었다","F","50대","700만원 이상","강원"
"53354451","20240515","보통이다","병균적으로 같아서","M","50대","300~500만원 미만","울산"
"53354540","20240515","보통이다","경제활동을 하는중이라 피곤하고 시간이 넉넉치않아서...","F","60대","500~700만원 미만","부산"
"53354566","20240515","보통이다","큰 변화가 없었으므로","F","19~29세","없음/모름/무응답","광주"
"53354719","20240515","보통이다","여유시간이 많이 없음","M","40대","300~500만원 미만","울산"
"53354753","20240515","보통이다","주위 볼거리 부족","M","50대","300~500만원 미만","경남"
"53354776","20240515","보통이다","평상시와 별차이가 없다","M","40대","300~500만원 미만","경기"
"53355004","20240515","만족하는 편이다","생활의 활력소","M","30대","500~700만원 미만","충남"
"53355009","20240515","만족하는 편이다","주로하는 여가활동이 게임이고 근처에 피시방이 있어서 쉽게 접할수 있음 그리고 자기개발은 유튜브나 인터넷검색 정부지원등으로 인해 쉽고 빠르게 알아볼수 있어서 좋고 자전거같은경우는 자전거를 구입했으며 근처에 한강이 있어서 타기쉬움","M","19~29세","300만원 미만","서울"
"53355215","20240515","보통이다","많은 인파 등","M","50대","500~700만원 미만","서울"
"53355275","20240515","만족하는 편이다","내가 원하는 시간대로 운동할수 잇어서 조아요","F","50대","300~500만원 미만","인천"
"53355353","20240515","만족하는 편이다","휴가가 길었다","F","50대","없음/모름/무응답","경북"
"53355422","20240515","만족하는 편이다","원하는 활동 충분히 하고 있어서","F","60대","500~700만원 미만","인천"
"53355469","20240515","보통이다","시간과 체력이 부족함","F","40대","500~700만원 미만","서울"
"53355696","20240515","만족하는 편이다","평소랑 비슷하게 만족함","F","19~29세","없음/모름/무응답","경남"
"53355707","20240515","만족하는 편이다","스트레스 해소","M","30대","없음/모름/무응답","전북"
"53355750","20240515","보통이다","변화된게없어서","M","30대","없음/모름/무응답","서울"
"53355813","20240515","보통이다","평소 습관처럼해서 좋고 나쁨이 없다","M","40대","500~700만원 미만","충남"
"53355834","20240515","보통이다","생활에 변화가 없으므로","F","50대","없음/모름/무응답","경기"
"53355880","20240515","만족하는 편이다","가보고싶은곳방문","F","60대","300~500만원 미만","인천"
"53356064","20240515","만족하는 편이다","가고싶을때언제든떠날수있는편","M","30대","300~500만원 미만","충북"
"53356563","20240515","보통이다","예년과 비숫하게 근무하기에","M","60대","500~700만원 미만","광주"
"53356570","20240515","보통이다","즐길 시간이 없어요","F","40대","700만원 이상","서울"
"53356776","20240515","보통이다","특별한것이 없어서","M","40대","300~500만원 미만","충남"
"53356838","20240515","만족하는 편이다","부족함 없이 생활함","M","30대","500~700만원 미만","충남"
"53356913","20240515","보통이다","여름휴가때는 사람많은곳을가면숙박시설이비싸기도하고차도많이막히고해서...","F","50대","300만원 미만","경기"
"53356949","20240515","보통이다","크게 시간이 부족하지 않음","M","30대","300~500만원 미만","전북"
"53356963","20240515","보통이다","긴 시간을 활용할 수 없었다","M","50대","500~700만원 미만","경기"
"53357041","20240515","만족하는 편이다","시간적 여유와 계획 속에서 충분히 실천하고 있다","M","60대","700만원 이상","경기"
"53357636","20240515","보통이다","삶이","M","40대","300만원 미만","경기"
"53357793","20240515","보통이다","없음","M","19~29세","300만원 미만","충남"
"53357817","20240515","보통이다","계획과 실행이 일치되지 않고 있기 때문에","F","60대","300만원 미만","서울"
"53357902","20240515","만족하는 편이다","아무래도 다양한 활동을 할수 있다는것이 매우 마음에 듭니다","M","19~29세","300~500만원 미만","서울"
"53358175","20240515","만족하는 편이다","딱히 불편함이 없었기 때문","M","19~29세","700만원 이상","광주"
"53358356","20240515","만족하는 편이다","적은 비용으로 힐링할수 있는 기회여서","F","50대","없음/모름/무응답","서울"
"53358402","20240515","보통이다","건강상 이유","F","50대","700만원 이상","서울"
"53358436","20240515","보통이다","평범한 국내여행을 다녀와서","M","40대","300~500만원 미만","경기"
"53358726","20240515","만족하는 편이다","시간과 여가활동을 여유있게 할 수있다","F","60대","700만원 이상","경남"
"53358761","20240515","보통이다","비용이 많이 부족해서","M","19~29세","300만원 미만","충북"
"53358828","20240515","불만족하는 편이다","경제적 여건이 안 좋아서","M","30대","300만원 미만","경북"
"53359032","20240515","보통이다","여가를 즐기고는잇으나 시간이없어서 많이즐기지못해서","M","19~29세","300만원 미만","충북"
"53359075","20240515","보통이다","경제적인 부담이 있다","F","60대","300만원 미만","강원"
"53359133","20240515","만족하는 편이다","가고 싶을 때 가고 먹고 싶을 때 먹을 수 있어서","F","19~29세","없음/모름/무응답","경남"
"53359198","20240515","만족하는 편이다","출퇴근시간에 보는 ott만족스럽고 주말에 보내는 여가시간이 만족스럽다","F","19~29세","700만원 이상","강원"
"53359290","20240515","보통이다","경제적인 이유(물가상승외)로 여가활동이 어렵다. 주변 인프라도 부족하다","F","40대","300~500만원 미만","경기"
"53359322","20240515","만족하는 편이다","충분히 원하는 시간에 필요한만큼 여가를보낸다","M","50대","500~700만원 미만","울산"
"53359350","20240515","불만족하는 편이다","일하면서육아하는거에지쳐서","F","30대","700만원 이상","충북"
"53359369","20240515","만족하는 편이다","시간을 나누어 하고자 하는 일을 할 수 있어서","F","60대","700만원 이상","서울"
"53359409","20240515","만족하는 편이다","순탄하게 여가생활을 즐길 수 있어서","F","19~29세","300~500만원 미만","서울"
"53359507","20240515","매우 만족한다","즐거운 여행 다녀와서","F","40대","300~500만원 미만","울산"
"53359509","20240515","보통이다","마음의 여유가없음","M","40대","500~700만원 미만","충남"
"53359544","20240515","보통이다","특별히 여가생활. 활동을 하지 않아서","M","50대","300~500만원 미만","서울"
"53359683","20240515","만족하는 편이다","여유","F","19~29세","없음/모름/무응답","서울"
"53359757","20240515","매우 만족한다","시간적 여유가 많았기 때문에 많은 여가활동을 할 수 있었기에 매우 만족스럽다.","F","19~29세","700만원 이상","경기"
